INFO:__main__:###############################################
INFO:__main__:STARTING TRAINING
INFO:__main__:###############################################
INFO:__main__:Training set shape: torch.Size([50000, 3, 32, 32])
INFO:__main__:------ ITERATION 0 ------
INFO:__main__:Layers generated: [('32', '3', '1'), ('32', '1', '0')]
INFO:__main__:ChildCNNModel(
  (model): Sequential(
    (0): Conv2d(3, 128, kernel_size=(3, 3), stride=(1, 1), padding=(1, 1))
    (1): ReLU()
    (2): MaxPool2d(kernel_size=2, stride=2, padding=0, dilation=1, ceil_mode=False)
    (3): Conv2d(128, 32, kernel_size=(3, 3), stride=(1, 1), padding=(1, 1))
    (4): ReLU()
    (5): MaxPool2d(kernel_size=2, stride=2, padding=0, dilation=1, ceil_mode=False)
    (6): Conv2d(32, 32, kernel_size=(1, 1), stride=(1, 1))
    (7): ReLU()
    (8): MaxPool2d(kernel_size=2, stride=2, padding=0, dilation=1, ceil_mode=False)
    (9): Flatten(start_dim=1, end_dim=-1)
    (10): Linear(in_features=512, out_features=512, bias=True)
    (11): ReLU()
    (12): Linear(in_features=512, out_features=256, bias=True)
    (13): ReLU()
    (14): Linear(in_features=256, out_features=10, bias=True)
  )
)
INFO:__main__:###############################################
INFO:__main__:STARTING TRAINING
INFO:__main__:###############################################
INFO:__main__:Training set shape: torch.Size([50000, 3, 32, 32])
INFO:__main__:------ ITERATION 0 ------
INFO:__main__:Layers generated: [('256', '3', '1'), ('32', '1', '2')]
INFO:__main__:ChildCNNModel(
  (model): Sequential(
    (0): Conv2d(3, 128, kernel_size=(3, 3), stride=(1, 1), padding=(1, 1))
    (1): ReLU()
    (2): MaxPool2d(kernel_size=2, stride=2, padding=0, dilation=1, ceil_mode=False)
    (3): Conv2d(128, 256, kernel_size=(3, 3), stride=(1, 1), padding=(1, 1))
    (4): ReLU()
    (5): MaxPool2d(kernel_size=2, stride=2, padding=0, dilation=1, ceil_mode=False)
    (6): Conv2d(256, 32, kernel_size=(1, 1), stride=(1, 1), padding=(2, 2))
    (7): ReLU()
    (8): MaxPool2d(kernel_size=2, stride=2, padding=0, dilation=1, ceil_mode=False)
    (9): Flatten(start_dim=1, end_dim=-1)
    (10): Linear(in_features=1152, out_features=512, bias=True)
    (11): ReLU()
    (12): Linear(in_features=512, out_features=256, bias=True)
    (13): ReLU()
    (14): Linear(in_features=256, out_features=10, bias=True)
  )
)
INFO:__main__:###############################################
INFO:__main__:STARTING TRAINING
INFO:__main__:###############################################
INFO:__main__:Training set shape: torch.Size([50000, 3, 32, 32])
INFO:__main__:------ ITERATION 0 ------
INFO:__main__:Layers generated: [('64', '1', '0'), ('256', '5', '0')]
INFO:__main__:ChildCNNModel(
  (model): Sequential(
    (0): Conv2d(3, 128, kernel_size=(3, 3), stride=(1, 1), padding=(1, 1))
    (1): ReLU()
    (2): MaxPool2d(kernel_size=2, stride=2, padding=0, dilation=1, ceil_mode=False)
    (3): Conv2d(128, 64, kernel_size=(1, 1), stride=(1, 1))
    (4): ReLU()
    (5): MaxPool2d(kernel_size=2, stride=2, padding=0, dilation=1, ceil_mode=False)
    (6): Conv2d(64, 256, kernel_size=(5, 5), stride=(1, 1))
    (7): ReLU()
    (8): MaxPool2d(kernel_size=2, stride=2, padding=0, dilation=1, ceil_mode=False)
    (9): Flatten(start_dim=1, end_dim=-1)
    (10): Linear(in_features=1024, out_features=512, bias=True)
    (11): ReLU()
    (12): Linear(in_features=512, out_features=256, bias=True)
    (13): ReLU()
    (14): Linear(in_features=256, out_features=10, bias=True)
  )
)
INFO:__main__:CHILD MODEL LOSS: 0.6073701379299163 with train time 66.15438437461853
INFO:__main__:CHILD MODEL ACCURACY: 0.7887
INFO:__main__:Policy gradient: 6.163823127746582
INFO:__main__:
INFO:__main__:------ ITERATION 1 ------
INFO:__main__:Layers generated: [('64', '1', '2'), ('64', '5', '0')]
INFO:__main__:ChildCNNModel(
  (model): Sequential(
    (0): Conv2d(3, 128, kernel_size=(3, 3), stride=(1, 1), padding=(1, 1))
    (1): ReLU()
    (2): MaxPool2d(kernel_size=2, stride=2, padding=0, dilation=1, ceil_mode=False)
    (3): Conv2d(128, 64, kernel_size=(1, 1), stride=(1, 1), padding=(2, 2))
    (4): ReLU()
    (5): MaxPool2d(kernel_size=2, stride=2, padding=0, dilation=1, ceil_mode=False)
    (6): Conv2d(64, 64, kernel_size=(5, 5), stride=(1, 1))
    (7): ReLU()
    (8): MaxPool2d(kernel_size=2, stride=2, padding=0, dilation=1, ceil_mode=False)
    (9): Flatten(start_dim=1, end_dim=-1)
    (10): Linear(in_features=576, out_features=512, bias=True)
    (11): ReLU()
    (12): Linear(in_features=512, out_features=256, bias=True)
    (13): ReLU()
    (14): Linear(in_features=256, out_features=10, bias=True)
  )
)
INFO:__main__:CHILD MODEL LOSS: 0.6976982841491699 with train time 66.01446795463562
INFO:__main__:CHILD MODEL ACCURACY: 0.7732
INFO:__main__:Policy gradient: 4.71989107131958
INFO:__main__:
INFO:__main__:------ ITERATION 2 ------
INFO:__main__:Layers generated: [('32', '1', '1'), ('64', '1', '1')]
INFO:__main__:ChildCNNModel(
  (model): Sequential(
    (0): Conv2d(3, 128, kernel_size=(3, 3), stride=(1, 1), padding=(1, 1))
    (1): ReLU()
    (2): MaxPool2d(kernel_size=2, stride=2, padding=0, dilation=1, ceil_mode=False)
    (3): Conv2d(128, 32, kernel_size=(1, 1), stride=(1, 1), padding=(1, 1))
    (4): ReLU()
    (5): MaxPool2d(kernel_size=2, stride=2, padding=0, dilation=1, ceil_mode=False)
    (6): Conv2d(32, 64, kernel_size=(1, 1), stride=(1, 1), padding=(1, 1))
    (7): ReLU()
    (8): MaxPool2d(kernel_size=2, stride=2, padding=0, dilation=1, ceil_mode=False)
    (9): Flatten(start_dim=1, end_dim=-1)
    (10): Linear(in_features=1600, out_features=512, bias=True)
    (11): ReLU()
    (12): Linear(in_features=512, out_features=256, bias=True)
    (13): ReLU()
    (14): Linear(in_features=256, out_features=10, bias=True)
  )
)
INFO:__main__:CHILD MODEL LOSS: 0.8285246870517731 with train time 64.89960432052612
INFO:__main__:CHILD MODEL ACCURACY: 0.6997
INFO:__main__:Policy gradient: 4.607297897338867
INFO:__main__:
INFO:__main__:------ ITERATION 3 ------
INFO:__main__:Layers generated: [('256', '1', '2'), ('32', '5', '0')]
INFO:__main__:ChildCNNModel(
  (model): Sequential(
    (0): Conv2d(3, 128, kernel_size=(3, 3), stride=(1, 1), padding=(1, 1))
    (1): ReLU()
    (2): MaxPool2d(kernel_size=2, stride=2, padding=0, dilation=1, ceil_mode=False)
    (3): Conv2d(128, 256, kernel_size=(1, 1), stride=(1, 1), padding=(2, 2))
    (4): ReLU()
    (5): MaxPool2d(kernel_size=2, stride=2, padding=0, dilation=1, ceil_mode=False)
    (6): Conv2d(256, 32, kernel_size=(5, 5), stride=(1, 1))
    (7): ReLU()
    (8): MaxPool2d(kernel_size=2, stride=2, padding=0, dilation=1, ceil_mode=False)
    (9): Flatten(start_dim=1, end_dim=-1)
    (10): Linear(in_features=288, out_features=512, bias=True)
    (11): ReLU()
    (12): Linear(in_features=512, out_features=256, bias=True)
    (13): ReLU()
    (14): Linear(in_features=256, out_features=10, bias=True)
  )
)
INFO:__main__:CHILD MODEL LOSS: 0.7536425070762635 with train time 73.74911594390869
INFO:__main__:CHILD MODEL ACCURACY: 0.7496
INFO:__main__:Policy gradient: 3.746563673019409
INFO:__main__:
INFO:__main__:------ ITERATION 4 ------
INFO:__main__:Layers generated: [('128', '1', '2'), ('16', '1', '2')]
INFO:__main__:ChildCNNModel(
  (model): Sequential(
    (0): Conv2d(3, 128, kernel_size=(3, 3), stride=(1, 1), padding=(1, 1))
    (1): ReLU()
    (2): MaxPool2d(kernel_size=2, stride=2, padding=0, dilation=1, ceil_mode=False)
    (3): Conv2d(128, 128, kernel_size=(1, 1), stride=(1, 1), padding=(2, 2))
    (4): ReLU()
    (5): MaxPool2d(kernel_size=2, stride=2, padding=0, dilation=1, ceil_mode=False)
    (6): Conv2d(128, 16, kernel_size=(1, 1), stride=(1, 1), padding=(2, 2))
    (7): ReLU()
    (8): MaxPool2d(kernel_size=2, stride=2, padding=0, dilation=1, ceil_mode=False)
    (9): Flatten(start_dim=1, end_dim=-1)
    (10): Linear(in_features=784, out_features=512, bias=True)
    (11): ReLU()
    (12): Linear(in_features=512, out_features=256, bias=True)
    (13): ReLU()
    (14): Linear(in_features=256, out_features=10, bias=True)
  )
)
INFO:__main__:CHILD MODEL LOSS: 0.859745130777359 with train time 67.16543769836426
INFO:__main__:CHILD MODEL ACCURACY: 0.7223
INFO:__main__:Policy gradient: 3.286578416824341
INFO:__main__:
INFO:__main__:------ ITERATION 5 ------
INFO:__main__:Layers generated: [('256', '1', '1'), ('256', '3', '2')]
INFO:__main__:ChildCNNModel(
  (model): Sequential(
    (0): Conv2d(3, 128, kernel_size=(3, 3), stride=(1, 1), padding=(1, 1))
    (1): ReLU()
    (2): MaxPool2d(kernel_size=2, stride=2, padding=0, dilation=1, ceil_mode=False)
    (3): Conv2d(128, 256, kernel_size=(1, 1), stride=(1, 1), padding=(1, 1))
    (4): ReLU()
    (5): MaxPool2d(kernel_size=2, stride=2, padding=0, dilation=1, ceil_mode=False)
    (6): Conv2d(256, 256, kernel_size=(3, 3), stride=(1, 1), padding=(2, 2))
    (7): ReLU()
    (8): MaxPool2d(kernel_size=2, stride=2, padding=0, dilation=1, ceil_mode=False)
    (9): Flatten(start_dim=1, end_dim=-1)
    (10): Linear(in_features=6400, out_features=512, bias=True)
    (11): ReLU()
    (12): Linear(in_features=512, out_features=256, bias=True)
    (13): ReLU()
    (14): Linear(in_features=256, out_features=10, bias=True)
  )
)
INFO:__main__:CHILD MODEL LOSS: 0.5650786185264587 with train time 75.9340283870697
INFO:__main__:CHILD MODEL ACCURACY: 0.8022
INFO:__main__:Policy gradient: 3.6057698726654053
INFO:__main__:
INFO:__main__:------ ITERATION 6 ------
INFO:__main__:Layers generated: [('256', '5', '0'), ('64', '5', '0')]
INFO:__main__:ChildCNNModel(
  (model): Sequential(
    (0): Conv2d(3, 128, kernel_size=(3, 3), stride=(1, 1), padding=(1, 1))
    (1): ReLU()
    (2): MaxPool2d(kernel_size=2, stride=2, padding=0, dilation=1, ceil_mode=False)
    (3): Conv2d(128, 256, kernel_size=(5, 5), stride=(1, 1))
    (4): ReLU()
    (5): MaxPool2d(kernel_size=2, stride=2, padding=0, dilation=1, ceil_mode=False)
    (6): Conv2d(256, 64, kernel_size=(5, 5), stride=(1, 1))
    (7): ReLU()
    (8): MaxPool2d(kernel_size=2, stride=2, padding=0, dilation=1, ceil_mode=False)
    (9): Flatten(start_dim=1, end_dim=-1)
    (10): Linear(in_features=64, out_features=512, bias=True)
    (11): ReLU()
    (12): Linear(in_features=512, out_features=256, bias=True)
    (13): ReLU()
    (14): Linear(in_features=256, out_features=10, bias=True)
  )
)
INFO:__main__:CHILD MODEL LOSS: 0.6723163659572602 with train time 73.65868663787842
INFO:__main__:CHILD MODEL ACCURACY: 0.7684
INFO:__main__:Policy gradient: 2.9542438983917236
INFO:__main__:
INFO:__main__:------ ITERATION 7 ------
INFO:__main__:Layers generated: [('32', '1', '2'), ('16', '5', '0')]
INFO:__main__:ChildCNNModel(
  (model): Sequential(
    (0): Conv2d(3, 128, kernel_size=(3, 3), stride=(1, 1), padding=(1, 1))
    (1): ReLU()
    (2): MaxPool2d(kernel_size=2, stride=2, padding=0, dilation=1, ceil_mode=False)
    (3): Conv2d(128, 32, kernel_size=(1, 1), stride=(1, 1), padding=(2, 2))
    (4): ReLU()
    (5): MaxPool2d(kernel_size=2, stride=2, padding=0, dilation=1, ceil_mode=False)
    (6): Conv2d(32, 16, kernel_size=(5, 5), stride=(1, 1))
    (7): ReLU()
    (8): MaxPool2d(kernel_size=2, stride=2, padding=0, dilation=1, ceil_mode=False)
    (9): Flatten(start_dim=1, end_dim=-1)
    (10): Linear(in_features=144, out_features=512, bias=True)
    (11): ReLU()
    (12): Linear(in_features=512, out_features=256, bias=True)
    (13): ReLU()
    (14): Linear(in_features=256, out_features=10, bias=True)
  )
)
INFO:__main__:CHILD MODEL LOSS: 0.9070176672935486 with train time 64.55846667289734
INFO:__main__:CHILD MODEL ACCURACY: 0.6998
INFO:__main__:Policy gradient: 2.217221975326538
INFO:__main__:
INFO:__main__:------ ITERATION 8 ------
INFO:__main__:Layers generated: [('64', '1', '0'), ('256', '1', '0')]
INFO:__main__:ChildCNNModel(
  (model): Sequential(
    (0): Conv2d(3, 128, kernel_size=(3, 3), stride=(1, 1), padding=(1, 1))
    (1): ReLU()
    (2): MaxPool2d(kernel_size=2, stride=2, padding=0, dilation=1, ceil_mode=False)
    (3): Conv2d(128, 64, kernel_size=(1, 1), stride=(1, 1))
    (4): ReLU()
    (5): MaxPool2d(kernel_size=2, stride=2, padding=0, dilation=1, ceil_mode=False)
    (6): Conv2d(64, 256, kernel_size=(1, 1), stride=(1, 1))
    (7): ReLU()
    (8): MaxPool2d(kernel_size=2, stride=2, padding=0, dilation=1, ceil_mode=False)
    (9): Flatten(start_dim=1, end_dim=-1)
    (10): Linear(in_features=4096, out_features=512, bias=True)
    (11): ReLU()
    (12): Linear(in_features=512, out_features=256, bias=True)
    (13): ReLU()
    (14): Linear(in_features=256, out_features=10, bias=True)
  )
)
INFO:__main__:CHILD MODEL LOSS: 0.7080768530368805 with train time 64.0589542388916
INFO:__main__:CHILD MODEL ACCURACY: 0.769
INFO:__main__:Policy gradient: 2.329575538635254
INFO:__main__:
INFO:__main__:------ ITERATION 9 ------
INFO:__main__:Layers generated: [('256', '1', '2'), ('256', '3', '2')]
INFO:__main__:ChildCNNModel(
  (model): Sequential(
    (0): Conv2d(3, 128, kernel_size=(3, 3), stride=(1, 1), padding=(1, 1))
    (1): ReLU()
    (2): MaxPool2d(kernel_size=2, stride=2, padding=0, dilation=1, ceil_mode=False)
    (3): Conv2d(128, 256, kernel_size=(1, 1), stride=(1, 1), padding=(2, 2))
    (4): ReLU()
    (5): MaxPool2d(kernel_size=2, stride=2, padding=0, dilation=1, ceil_mode=False)
    (6): Conv2d(256, 256, kernel_size=(3, 3), stride=(1, 1), padding=(2, 2))
    (7): ReLU()
    (8): MaxPool2d(kernel_size=2, stride=2, padding=0, dilation=1, ceil_mode=False)
    (9): Flatten(start_dim=1, end_dim=-1)
    (10): Linear(in_features=9216, out_features=512, bias=True)
    (11): ReLU()
    (12): Linear(in_features=512, out_features=256, bias=True)
    (13): ReLU()
    (14): Linear(in_features=256, out_features=10, bias=True)
  )
)
INFO:__main__:CHILD MODEL LOSS: 0.5611173368692398 with train time 76.20557761192322
INFO:__main__:CHILD MODEL ACCURACY: 0.7955
INFO:__main__:Policy gradient: 2.182893991470337
INFO:__main__:
INFO:__main__:------ ITERATION 10 ------
INFO:__main__:Layers generated: [('256', '1', '2'), ('64', '3', '0')]
INFO:__main__:ChildCNNModel(
  (model): Sequential(
    (0): Conv2d(3, 128, kernel_size=(3, 3), stride=(1, 1), padding=(1, 1))
    (1): ReLU()
    (2): MaxPool2d(kernel_size=2, stride=2, padding=0, dilation=1, ceil_mode=False)
    (3): Conv2d(128, 256, kernel_size=(1, 1), stride=(1, 1), padding=(2, 2))
    (4): ReLU()
    (5): MaxPool2d(kernel_size=2, stride=2, padding=0, dilation=1, ceil_mode=False)
    (6): Conv2d(256, 64, kernel_size=(3, 3), stride=(1, 1))
    (7): ReLU()
    (8): MaxPool2d(kernel_size=2, stride=2, padding=0, dilation=1, ceil_mode=False)
    (9): Flatten(start_dim=1, end_dim=-1)
    (10): Linear(in_features=1024, out_features=512, bias=True)
    (11): ReLU()
    (12): Linear(in_features=512, out_features=256, bias=True)
    (13): ReLU()
    (14): Linear(in_features=256, out_features=10, bias=True)
  )
)
INFO:__main__:CHILD MODEL LOSS: 0.6547635900974274 with train time 72.90788149833679
INFO:__main__:CHILD MODEL ACCURACY: 0.773
INFO:__main__:Policy gradient: 1.7747687101364136
INFO:__main__:
INFO:__main__:------ ITERATION 11 ------
INFO:__main__:Layers generated: [('128', '5', '0'), ('128', '5', '2')]
INFO:__main__:ChildCNNModel(
  (model): Sequential(
    (0): Conv2d(3, 128, kernel_size=(3, 3), stride=(1, 1), padding=(1, 1))
    (1): ReLU()
    (2): MaxPool2d(kernel_size=2, stride=2, padding=0, dilation=1, ceil_mode=False)
    (3): Conv2d(128, 128, kernel_size=(5, 5), stride=(1, 1))
    (4): ReLU()
    (5): MaxPool2d(kernel_size=2, stride=2, padding=0, dilation=1, ceil_mode=False)
    (6): Conv2d(128, 128, kernel_size=(5, 5), stride=(1, 1), padding=(2, 2))
    (7): ReLU()
    (8): MaxPool2d(kernel_size=2, stride=2, padding=0, dilation=1, ceil_mode=False)
    (9): Flatten(start_dim=1, end_dim=-1)
    (10): Linear(in_features=1152, out_features=512, bias=True)
    (11): ReLU()
    (12): Linear(in_features=512, out_features=256, bias=True)
    (13): ReLU()
    (14): Linear(in_features=256, out_features=10, bias=True)
  )
)
INFO:__main__:CHILD MODEL LOSS: 0.6197470668554306 with train time 71.95764684677124
INFO:__main__:CHILD MODEL ACCURACY: 0.7904
INFO:__main__:Policy gradient: 2.124371290206909
INFO:__main__:
INFO:__main__:------ ITERATION 12 ------
INFO:__main__:Layers generated: [('128', '5', '1'), ('32', '5', '1')]
INFO:__main__:ChildCNNModel(
  (model): Sequential(
    (0): Conv2d(3, 128, kernel_size=(3, 3), stride=(1, 1), padding=(1, 1))
    (1): ReLU()
    (2): MaxPool2d(kernel_size=2, stride=2, padding=0, dilation=1, ceil_mode=False)
    (3): Conv2d(128, 128, kernel_size=(5, 5), stride=(1, 1), padding=(1, 1))
    (4): ReLU()
    (5): MaxPool2d(kernel_size=2, stride=2, padding=0, dilation=1, ceil_mode=False)
    (6): Conv2d(128, 32, kernel_size=(5, 5), stride=(1, 1), padding=(1, 1))
    (7): ReLU()
    (8): MaxPool2d(kernel_size=2, stride=2, padding=0, dilation=1, ceil_mode=False)
    (9): Flatten(start_dim=1, end_dim=-1)
    (10): Linear(in_features=128, out_features=512, bias=True)
    (11): ReLU()
    (12): Linear(in_features=512, out_features=256, bias=True)
    (13): ReLU()
    (14): Linear(in_features=256, out_features=10, bias=True)
  )
)
INFO:__main__:CHILD MODEL LOSS: 0.7111790344715119 with train time 100.6887149810791
INFO:__main__:CHILD MODEL ACCURACY: 0.7708
INFO:__main__:Policy gradient: 1.8800380229949951
INFO:__main__:
INFO:__main__:------ ITERATION 13 ------
INFO:__main__:Layers generated: [('32', '3', '2'), ('16', '5', '0')]
INFO:__main__:ChildCNNModel(
  (model): Sequential(
    (0): Conv2d(3, 128, kernel_size=(3, 3), stride=(1, 1), padding=(1, 1))
    (1): ReLU()
    (2): MaxPool2d(kernel_size=2, stride=2, padding=0, dilation=1, ceil_mode=False)
    (3): Conv2d(128, 32, kernel_size=(3, 3), stride=(1, 1), padding=(2, 2))
    (4): ReLU()
    (5): MaxPool2d(kernel_size=2, stride=2, padding=0, dilation=1, ceil_mode=False)
    (6): Conv2d(32, 16, kernel_size=(5, 5), stride=(1, 1))
    (7): ReLU()
    (8): MaxPool2d(kernel_size=2, stride=2, padding=0, dilation=1, ceil_mode=False)
    (9): Flatten(start_dim=1, end_dim=-1)
    (10): Linear(in_features=64, out_features=512, bias=True)
    (11): ReLU()
    (12): Linear(in_features=512, out_features=256, bias=True)
    (13): ReLU()
    (14): Linear(in_features=256, out_features=10, bias=True)
  )
)
INFO:__main__:CHILD MODEL LOSS: 0.8503558254241943 with train time 107.85265707969666
INFO:__main__:CHILD MODEL ACCURACY: 0.7155
INFO:__main__:Policy gradient: 1.1720746755599976
INFO:__main__:
INFO:__main__:------ ITERATION 14 ------
INFO:__main__:Layers generated: [('32', '1', '0'), ('128', '5', '0')]
INFO:__main__:ChildCNNModel(
  (model): Sequential(
    (0): Conv2d(3, 128, kernel_size=(3, 3), stride=(1, 1), padding=(1, 1))
    (1): ReLU()
    (2): MaxPool2d(kernel_size=2, stride=2, padding=0, dilation=1, ceil_mode=False)
    (3): Conv2d(128, 32, kernel_size=(1, 1), stride=(1, 1))
    (4): ReLU()
    (5): MaxPool2d(kernel_size=2, stride=2, padding=0, dilation=1, ceil_mode=False)
    (6): Conv2d(32, 128, kernel_size=(5, 5), stride=(1, 1))
    (7): ReLU()
    (8): MaxPool2d(kernel_size=2, stride=2, padding=0, dilation=1, ceil_mode=False)
    (9): Flatten(start_dim=1, end_dim=-1)
    (10): Linear(in_features=512, out_features=512, bias=True)
    (11): ReLU()
    (12): Linear(in_features=512, out_features=256, bias=True)
    (13): ReLU()
    (14): Linear(in_features=256, out_features=10, bias=True)
  )
)
INFO:__main__:CHILD MODEL LOSS: 0.7155878403186798 with train time 106.17577695846558
INFO:__main__:CHILD MODEL ACCURACY: 0.7633
INFO:__main__:Policy gradient: 1.3155245780944824
INFO:__main__:
INFO:__main__:------ ITERATION 15 ------
INFO:__main__:Layers generated: [('256', '5', '2'), ('128', '5', '1')]
INFO:__main__:ChildCNNModel(
  (model): Sequential(
    (0): Conv2d(3, 128, kernel_size=(3, 3), stride=(1, 1), padding=(1, 1))
    (1): ReLU()
    (2): MaxPool2d(kernel_size=2, stride=2, padding=0, dilation=1, ceil_mode=False)
    (3): Conv2d(128, 256, kernel_size=(5, 5), stride=(1, 1), padding=(2, 2))
    (4): ReLU()
    (5): MaxPool2d(kernel_size=2, stride=2, padding=0, dilation=1, ceil_mode=False)
    (6): Conv2d(256, 128, kernel_size=(5, 5), stride=(1, 1), padding=(1, 1))
    (7): ReLU()
    (8): MaxPool2d(kernel_size=2, stride=2, padding=0, dilation=1, ceil_mode=False)
    (9): Flatten(start_dim=1, end_dim=-1)
    (10): Linear(in_features=1152, out_features=512, bias=True)
    (11): ReLU()
    (12): Linear(in_features=512, out_features=256, bias=True)
    (13): ReLU()
    (14): Linear(in_features=256, out_features=10, bias=True)
  )
)
INFO:__main__:CHILD MODEL LOSS: 0.628044349193573 with train time 111.93962788581848
INFO:__main__:CHILD MODEL ACCURACY: 0.7843
INFO:__main__:Policy gradient: 1.3055917024612427
INFO:__main__:
INFO:__main__:------ ITERATION 16 ------
INFO:__main__:Layers generated: [('32', '5', '2'), ('128', '5', '1')]
INFO:__main__:ChildCNNModel(
  (model): Sequential(
    (0): Conv2d(3, 128, kernel_size=(3, 3), stride=(1, 1), padding=(1, 1))
    (1): ReLU()
    (2): MaxPool2d(kernel_size=2, stride=2, padding=0, dilation=1, ceil_mode=False)
    (3): Conv2d(128, 32, kernel_size=(5, 5), stride=(1, 1), padding=(2, 2))
    (4): ReLU()
    (5): MaxPool2d(kernel_size=2, stride=2, padding=0, dilation=1, ceil_mode=False)
    (6): Conv2d(32, 128, kernel_size=(5, 5), stride=(1, 1), padding=(1, 1))
    (7): ReLU()
    (8): MaxPool2d(kernel_size=2, stride=2, padding=0, dilation=1, ceil_mode=False)
    (9): Flatten(start_dim=1, end_dim=-1)
    (10): Linear(in_features=1152, out_features=512, bias=True)
    (11): ReLU()
    (12): Linear(in_features=512, out_features=256, bias=True)
    (13): ReLU()
    (14): Linear(in_features=256, out_features=10, bias=True)
  )
)
INFO:__main__:CHILD MODEL LOSS: 0.6769905686378479 with train time 98.80074310302734
INFO:__main__:CHILD MODEL ACCURACY: 0.7652
INFO:__main__:Policy gradient: 1.1402939558029175
INFO:__main__:
INFO:__main__:------ ITERATION 17 ------
INFO:__main__:Layers generated: [('64', '3', '2'), ('64', '3', '0')]
INFO:__main__:ChildCNNModel(
  (model): Sequential(
    (0): Conv2d(3, 128, kernel_size=(3, 3), stride=(1, 1), padding=(1, 1))
    (1): ReLU()
    (2): MaxPool2d(kernel_size=2, stride=2, padding=0, dilation=1, ceil_mode=False)
    (3): Conv2d(128, 64, kernel_size=(3, 3), stride=(1, 1), padding=(2, 2))
    (4): ReLU()
    (5): MaxPool2d(kernel_size=2, stride=2, padding=0, dilation=1, ceil_mode=False)
    (6): Conv2d(64, 64, kernel_size=(3, 3), stride=(1, 1))
    (7): ReLU()
    (8): MaxPool2d(kernel_size=2, stride=2, padding=0, dilation=1, ceil_mode=False)
    (9): Flatten(start_dim=1, end_dim=-1)
    (10): Linear(in_features=576, out_features=512, bias=True)
    (11): ReLU()
    (12): Linear(in_features=512, out_features=256, bias=True)
    (13): ReLU()
    (14): Linear(in_features=256, out_features=10, bias=True)
  )
)
INFO:__main__:CHILD MODEL LOSS: 0.7011081972122193 with train time 103.97667217254639
INFO:__main__:CHILD MODEL ACCURACY: 0.7671
INFO:__main__:Policy gradient: 1.0137507915496826
INFO:__main__:
INFO:__main__:------ ITERATION 18 ------
INFO:__main__:Layers generated: [('32', '5', '2'), ('32', '3', '0')]
INFO:__main__:ChildCNNModel(
  (model): Sequential(
    (0): Conv2d(3, 128, kernel_size=(3, 3), stride=(1, 1), padding=(1, 1))
    (1): ReLU()
    (2): MaxPool2d(kernel_size=2, stride=2, padding=0, dilation=1, ceil_mode=False)
    (3): Conv2d(128, 32, kernel_size=(5, 5), stride=(1, 1), padding=(2, 2))
    (4): ReLU()
    (5): MaxPool2d(kernel_size=2, stride=2, padding=0, dilation=1, ceil_mode=False)
    (6): Conv2d(32, 32, kernel_size=(3, 3), stride=(1, 1))
    (7): ReLU()
    (8): MaxPool2d(kernel_size=2, stride=2, padding=0, dilation=1, ceil_mode=False)
    (9): Flatten(start_dim=1, end_dim=-1)
    (10): Linear(in_features=288, out_features=512, bias=True)
    (11): ReLU()
    (12): Linear(in_features=512, out_features=256, bias=True)
    (13): ReLU()
    (14): Linear(in_features=256, out_features=10, bias=True)
  )
)
INFO:__main__:CHILD MODEL LOSS: 0.7468610961437225 with train time 105.75328087806702
INFO:__main__:CHILD MODEL ACCURACY: 0.7488
INFO:__main__:Policy gradient: 0.8243950605392456
INFO:__main__:
INFO:__main__:------ ITERATION 19 ------
INFO:__main__:Layers generated: [('16', '5', '2'), ('256', '1', '0')]
INFO:__main__:ChildCNNModel(
  (model): Sequential(
    (0): Conv2d(3, 128, kernel_size=(3, 3), stride=(1, 1), padding=(1, 1))
    (1): ReLU()
    (2): MaxPool2d(kernel_size=2, stride=2, padding=0, dilation=1, ceil_mode=False)
    (3): Conv2d(128, 16, kernel_size=(5, 5), stride=(1, 1), padding=(2, 2))
    (4): ReLU()
    (5): MaxPool2d(kernel_size=2, stride=2, padding=0, dilation=1, ceil_mode=False)
    (6): Conv2d(16, 256, kernel_size=(1, 1), stride=(1, 1))
    (7): ReLU()
    (8): MaxPool2d(kernel_size=2, stride=2, padding=0, dilation=1, ceil_mode=False)
    (9): Flatten(start_dim=1, end_dim=-1)
    (10): Linear(in_features=4096, out_features=512, bias=True)
    (11): ReLU()
    (12): Linear(in_features=512, out_features=256, bias=True)
    (13): ReLU()
    (14): Linear(in_features=256, out_features=10, bias=True)
  )
)
INFO:__main__:CHILD MODEL LOSS: 0.8621835634708405 with train time 102.50683999061584
INFO:__main__:CHILD MODEL ACCURACY: 0.7132
INFO:__main__:Policy gradient: 0.42299124598503113
INFO:__main__:
INFO:__main__:------ ITERATION 20 ------
INFO:__main__:Layers generated: [('128', '5', '2'), ('64', '1', '0')]
INFO:__main__:ChildCNNModel(
  (model): Sequential(
    (0): Conv2d(3, 128, kernel_size=(3, 3), stride=(1, 1), padding=(1, 1))
    (1): ReLU()
    (2): MaxPool2d(kernel_size=2, stride=2, padding=0, dilation=1, ceil_mode=False)
    (3): Conv2d(128, 128, kernel_size=(5, 5), stride=(1, 1), padding=(2, 2))
    (4): ReLU()
    (5): MaxPool2d(kernel_size=2, stride=2, padding=0, dilation=1, ceil_mode=False)
    (6): Conv2d(128, 64, kernel_size=(1, 1), stride=(1, 1))
    (7): ReLU()
    (8): MaxPool2d(kernel_size=2, stride=2, padding=0, dilation=1, ceil_mode=False)
    (9): Flatten(start_dim=1, end_dim=-1)
    (10): Linear(in_features=1024, out_features=512, bias=True)
    (11): ReLU()
    (12): Linear(in_features=512, out_features=256, bias=True)
    (13): ReLU()
    (14): Linear(in_features=256, out_features=10, bias=True)
  )
)
INFO:__main__:CHILD MODEL LOSS: 0.6686582601070404 with train time 110.96427750587463
INFO:__main__:CHILD MODEL ACCURACY: 0.7745
INFO:__main__:Policy gradient: 0.8024457693099976
INFO:__main__:
INFO:__main__:------ ITERATION 21 ------
INFO:__main__:Layers generated: [('16', '5', '2'), ('128', '5', '1')]
INFO:__main__:ChildCNNModel(
  (model): Sequential(
    (0): Conv2d(3, 128, kernel_size=(3, 3), stride=(1, 1), padding=(1, 1))
    (1): ReLU()
    (2): MaxPool2d(kernel_size=2, stride=2, padding=0, dilation=1, ceil_mode=False)
    (3): Conv2d(128, 16, kernel_size=(5, 5), stride=(1, 1), padding=(2, 2))
    (4): ReLU()
    (5): MaxPool2d(kernel_size=2, stride=2, padding=0, dilation=1, ceil_mode=False)
    (6): Conv2d(16, 128, kernel_size=(5, 5), stride=(1, 1), padding=(1, 1))
    (7): ReLU()
    (8): MaxPool2d(kernel_size=2, stride=2, padding=0, dilation=1, ceil_mode=False)
    (9): Flatten(start_dim=1, end_dim=-1)
    (10): Linear(in_features=1152, out_features=512, bias=True)
    (11): ReLU()
    (12): Linear(in_features=512, out_features=256, bias=True)
    (13): ReLU()
    (14): Linear(in_features=256, out_features=10, bias=True)
  )
)
INFO:__main__:CHILD MODEL LOSS: 0.7344560887813568 with train time 108.15436887741089
INFO:__main__:CHILD MODEL ACCURACY: 0.7498
INFO:__main__:Policy gradient: 0.6067972779273987
INFO:__main__:
INFO:__main__:------ ITERATION 22 ------
INFO:__main__:Layers generated: [('16', '1', '0'), ('32', '1', '0')]
INFO:__main__:ChildCNNModel(
  (model): Sequential(
    (0): Conv2d(3, 128, kernel_size=(3, 3), stride=(1, 1), padding=(1, 1))
    (1): ReLU()
    (2): MaxPool2d(kernel_size=2, stride=2, padding=0, dilation=1, ceil_mode=False)
    (3): Conv2d(128, 16, kernel_size=(1, 1), stride=(1, 1))
    (4): ReLU()
    (5): MaxPool2d(kernel_size=2, stride=2, padding=0, dilation=1, ceil_mode=False)
    (6): Conv2d(16, 32, kernel_size=(1, 1), stride=(1, 1))
    (7): ReLU()
    (8): MaxPool2d(kernel_size=2, stride=2, padding=0, dilation=1, ceil_mode=False)
    (9): Flatten(start_dim=1, end_dim=-1)
    (10): Linear(in_features=512, out_features=512, bias=True)
    (11): ReLU()
    (12): Linear(in_features=512, out_features=256, bias=True)
    (13): ReLU()
    (14): Linear(in_features=256, out_features=10, bias=True)
  )
)
INFO:__main__:CHILD MODEL LOSS: 0.9443726921081543 with train time 100.35287618637085
INFO:__main__:CHILD MODEL ACCURACY: 0.6825
INFO:__main__:Policy gradient: -0.0016713201766833663
INFO:__main__:
INFO:__main__:------ ITERATION 23 ------
INFO:__main__:Layers generated: [('16', '1', '0'), ('64', '5', '0')]
INFO:__main__:ChildCNNModel(
  (model): Sequential(
    (0): Conv2d(3, 128, kernel_size=(3, 3), stride=(1, 1), padding=(1, 1))
    (1): ReLU()
    (2): MaxPool2d(kernel_size=2, stride=2, padding=0, dilation=1, ceil_mode=False)
    (3): Conv2d(128, 16, kernel_size=(1, 1), stride=(1, 1))
    (4): ReLU()
    (5): MaxPool2d(kernel_size=2, stride=2, padding=0, dilation=1, ceil_mode=False)
    (6): Conv2d(16, 64, kernel_size=(5, 5), stride=(1, 1))
    (7): ReLU()
    (8): MaxPool2d(kernel_size=2, stride=2, padding=0, dilation=1, ceil_mode=False)
    (9): Flatten(start_dim=1, end_dim=-1)
    (10): Linear(in_features=256, out_features=512, bias=True)
    (11): ReLU()
    (12): Linear(in_features=512, out_features=256, bias=True)
    (13): ReLU()
    (14): Linear(in_features=256, out_features=10, bias=True)
  )
)
INFO:__main__:CHILD MODEL LOSS: 0.8332803664207459 with train time 103.5536048412323
INFO:__main__:CHILD MODEL ACCURACY: 0.7276
INFO:__main__:Policy gradient: 0.319184273481369
INFO:__main__:
INFO:__main__:------ ITERATION 24 ------
INFO:__main__:Layers generated: [('256', '5', '2'), ('32', '1', '2')]
INFO:__main__:ChildCNNModel(
  (model): Sequential(
    (0): Conv2d(3, 128, kernel_size=(3, 3), stride=(1, 1), padding=(1, 1))
    (1): ReLU()
    (2): MaxPool2d(kernel_size=2, stride=2, padding=0, dilation=1, ceil_mode=False)
    (3): Conv2d(128, 256, kernel_size=(5, 5), stride=(1, 1), padding=(2, 2))
    (4): ReLU()
    (5): MaxPool2d(kernel_size=2, stride=2, padding=0, dilation=1, ceil_mode=False)
    (6): Conv2d(256, 32, kernel_size=(1, 1), stride=(1, 1), padding=(2, 2))
    (7): ReLU()
    (8): MaxPool2d(kernel_size=2, stride=2, padding=0, dilation=1, ceil_mode=False)
    (9): Flatten(start_dim=1, end_dim=-1)
    (10): Linear(in_features=1152, out_features=512, bias=True)
    (11): ReLU()
    (12): Linear(in_features=512, out_features=256, bias=True)
    (13): ReLU()
    (14): Linear(in_features=256, out_features=10, bias=True)
  )
)
INFO:__main__:CHILD MODEL LOSS: 0.70238876080513 with train time 110.66945457458496
INFO:__main__:CHILD MODEL ACCURACY: 0.7625
INFO:__main__:Policy gradient: 0.5369226932525635
INFO:__main__:
INFO:__main__:------ ITERATION 25 ------
INFO:__main__:Layers generated: [('32', '1', '2'), ('64', '5', '1')]
INFO:__main__:ChildCNNModel(
  (model): Sequential(
    (0): Conv2d(3, 128, kernel_size=(3, 3), stride=(1, 1), padding=(1, 1))
    (1): ReLU()
    (2): MaxPool2d(kernel_size=2, stride=2, padding=0, dilation=1, ceil_mode=False)
    (3): Conv2d(128, 32, kernel_size=(1, 1), stride=(1, 1), padding=(2, 2))
    (4): ReLU()
    (5): MaxPool2d(kernel_size=2, stride=2, padding=0, dilation=1, ceil_mode=False)
    (6): Conv2d(32, 64, kernel_size=(5, 5), stride=(1, 1), padding=(1, 1))
    (7): ReLU()
    (8): MaxPool2d(kernel_size=2, stride=2, padding=0, dilation=1, ceil_mode=False)
    (9): Flatten(start_dim=1, end_dim=-1)
    (10): Linear(in_features=1024, out_features=512, bias=True)
    (11): ReLU()
    (12): Linear(in_features=512, out_features=256, bias=True)
    (13): ReLU()
    (14): Linear(in_features=256, out_features=10, bias=True)
  )
)
INFO:__main__:CHILD MODEL LOSS: 0.6810051683187485 with train time 102.05914497375488
INFO:__main__:CHILD MODEL ACCURACY: 0.7798
INFO:__main__:Policy gradient: 0.572057843208313
INFO:__main__:
INFO:__main__:------ ITERATION 26 ------
INFO:__main__:Layers generated: [('128', '1', '1'), ('256', '5', '2')]
INFO:__main__:ChildCNNModel(
  (model): Sequential(
    (0): Conv2d(3, 128, kernel_size=(3, 3), stride=(1, 1), padding=(1, 1))
    (1): ReLU()
    (2): MaxPool2d(kernel_size=2, stride=2, padding=0, dilation=1, ceil_mode=False)
    (3): Conv2d(128, 128, kernel_size=(1, 1), stride=(1, 1), padding=(1, 1))
    (4): ReLU()
    (5): MaxPool2d(kernel_size=2, stride=2, padding=0, dilation=1, ceil_mode=False)
    (6): Conv2d(128, 256, kernel_size=(5, 5), stride=(1, 1), padding=(2, 2))
    (7): ReLU()
    (8): MaxPool2d(kernel_size=2, stride=2, padding=0, dilation=1, ceil_mode=False)
    (9): Flatten(start_dim=1, end_dim=-1)
    (10): Linear(in_features=4096, out_features=512, bias=True)
    (11): ReLU()
    (12): Linear(in_features=512, out_features=256, bias=True)
    (13): ReLU()
    (14): Linear(in_features=256, out_features=10, bias=True)
  )
)
INFO:__main__:CHILD MODEL LOSS: 0.542256599187851 with train time 102.90207242965698
INFO:__main__:CHILD MODEL ACCURACY: 0.8026
INFO:__main__:Policy gradient: 0.7182427644729614
INFO:__main__:
INFO:__main__:------ ITERATION 27 ------
INFO:__main__:Layers generated: [('128', '1', '2'), ('32', '5', '0')]
INFO:__main__:ChildCNNModel(
  (model): Sequential(
    (0): Conv2d(3, 128, kernel_size=(3, 3), stride=(1, 1), padding=(1, 1))
    (1): ReLU()
    (2): MaxPool2d(kernel_size=2, stride=2, padding=0, dilation=1, ceil_mode=False)
    (3): Conv2d(128, 128, kernel_size=(1, 1), stride=(1, 1), padding=(2, 2))
    (4): ReLU()
    (5): MaxPool2d(kernel_size=2, stride=2, padding=0, dilation=1, ceil_mode=False)
    (6): Conv2d(128, 32, kernel_size=(5, 5), stride=(1, 1))
    (7): ReLU()
    (8): MaxPool2d(kernel_size=2, stride=2, padding=0, dilation=1, ceil_mode=False)
    (9): Flatten(start_dim=1, end_dim=-1)
    (10): Linear(in_features=288, out_features=512, bias=True)
    (11): ReLU()
    (12): Linear(in_features=512, out_features=256, bias=True)
    (13): ReLU()
    (14): Linear(in_features=256, out_features=10, bias=True)
  )
)
INFO:__main__:CHILD MODEL LOSS: 0.7374960312843323 with train time 467.44839668273926
INFO:__main__:CHILD MODEL ACCURACY: 0.7507
INFO:__main__:Policy gradient: 0.25699925422668457
INFO:__main__:
INFO:__main__:------ ITERATION 28 ------
INFO:__main__:Layers generated: [('128', '5', '1'), ('16', '5', '0')]
INFO:__main__:ChildCNNModel(
  (model): Sequential(
    (0): Conv2d(3, 128, kernel_size=(3, 3), stride=(1, 1), padding=(1, 1))
    (1): ReLU()
    (2): MaxPool2d(kernel_size=2, stride=2, padding=0, dilation=1, ceil_mode=False)
    (3): Conv2d(128, 128, kernel_size=(5, 5), stride=(1, 1), padding=(1, 1))
    (4): ReLU()
    (5): MaxPool2d(kernel_size=2, stride=2, padding=0, dilation=1, ceil_mode=False)
    (6): Conv2d(128, 16, kernel_size=(5, 5), stride=(1, 1))
    (7): ReLU()
    (8): MaxPool2d(kernel_size=2, stride=2, padding=0, dilation=1, ceil_mode=False)
    (9): Flatten(start_dim=1, end_dim=-1)
    (10): Linear(in_features=16, out_features=512, bias=True)
    (11): ReLU()
    (12): Linear(in_features=512, out_features=256, bias=True)
    (13): ReLU()
    (14): Linear(in_features=256, out_features=10, bias=True)
  )
)
INFO:__main__:CHILD MODEL LOSS: 0.800676510810852 with train time 104.11212611198425
INFO:__main__:CHILD MODEL ACCURACY: 0.7282
INFO:__main__:Policy gradient: 0.09303920716047287
INFO:__main__:
INFO:__main__:------ ITERATION 29 ------
INFO:__main__:Layers generated: [('64', '1', '2'), ('16', '1', '1')]
INFO:__main__:ChildCNNModel(
  (model): Sequential(
    (0): Conv2d(3, 128, kernel_size=(3, 3), stride=(1, 1), padding=(1, 1))
    (1): ReLU()
    (2): MaxPool2d(kernel_size=2, stride=2, padding=0, dilation=1, ceil_mode=False)
    (3): Conv2d(128, 64, kernel_size=(1, 1), stride=(1, 1), padding=(2, 2))
    (4): ReLU()
    (5): MaxPool2d(kernel_size=2, stride=2, padding=0, dilation=1, ceil_mode=False)
    (6): Conv2d(64, 16, kernel_size=(1, 1), stride=(1, 1), padding=(1, 1))
    (7): ReLU()
    (8): MaxPool2d(kernel_size=2, stride=2, padding=0, dilation=1, ceil_mode=False)
    (9): Flatten(start_dim=1, end_dim=-1)
    (10): Linear(in_features=576, out_features=512, bias=True)
    (11): ReLU()
    (12): Linear(in_features=512, out_features=256, bias=True)
    (13): ReLU()
    (14): Linear(in_features=256, out_features=10, bias=True)
  )
)
INFO:__main__:CHILD MODEL LOSS: 0.926535413980484 with train time 100.2248477935791
INFO:__main__:CHILD MODEL ACCURACY: 0.6835
INFO:__main__:Policy gradient: -0.24331477284431458
INFO:__main__:
INFO:__main__:------ ITERATION 30 ------
INFO:__main__:Layers generated: [('32', '1', '0'), ('16', '1', '1')]
INFO:__main__:ChildCNNModel(
  (model): Sequential(
    (0): Conv2d(3, 128, kernel_size=(3, 3), stride=(1, 1), padding=(1, 1))
    (1): ReLU()
    (2): MaxPool2d(kernel_size=2, stride=2, padding=0, dilation=1, ceil_mode=False)
    (3): Conv2d(128, 32, kernel_size=(1, 1), stride=(1, 1))
    (4): ReLU()
    (5): MaxPool2d(kernel_size=2, stride=2, padding=0, dilation=1, ceil_mode=False)
    (6): Conv2d(32, 16, kernel_size=(1, 1), stride=(1, 1), padding=(1, 1))
    (7): ReLU()
    (8): MaxPool2d(kernel_size=2, stride=2, padding=0, dilation=1, ceil_mode=False)
    (9): Flatten(start_dim=1, end_dim=-1)
    (10): Linear(in_features=400, out_features=512, bias=True)
    (11): ReLU()
    (12): Linear(in_features=512, out_features=256, bias=True)
    (13): ReLU()
    (14): Linear(in_features=256, out_features=10, bias=True)
  )
)
INFO:__main__:CHILD MODEL LOSS: 0.9721809558868408 with train time 106.02027893066406
INFO:__main__:CHILD MODEL ACCURACY: 0.6709
INFO:__main__:Policy gradient: -0.34640756249427795
INFO:__main__:
INFO:__main__:------ ITERATION 31 ------
INFO:__main__:Layers generated: [('256', '1', '2'), ('32', '5', '1')]
INFO:__main__:ChildCNNModel(
  (model): Sequential(
    (0): Conv2d(3, 128, kernel_size=(3, 3), stride=(1, 1), padding=(1, 1))
    (1): ReLU()
    (2): MaxPool2d(kernel_size=2, stride=2, padding=0, dilation=1, ceil_mode=False)
    (3): Conv2d(128, 256, kernel_size=(1, 1), stride=(1, 1), padding=(2, 2))
    (4): ReLU()
    (5): MaxPool2d(kernel_size=2, stride=2, padding=0, dilation=1, ceil_mode=False)
    (6): Conv2d(256, 32, kernel_size=(5, 5), stride=(1, 1), padding=(1, 1))
    (7): ReLU()
    (8): MaxPool2d(kernel_size=2, stride=2, padding=0, dilation=1, ceil_mode=False)
    (9): Flatten(start_dim=1, end_dim=-1)
    (10): Linear(in_features=512, out_features=512, bias=True)
    (11): ReLU()
    (12): Linear(in_features=512, out_features=256, bias=True)
    (13): ReLU()
    (14): Linear(in_features=256, out_features=10, bias=True)
  )
)
INFO:__main__:CHILD MODEL LOSS: 0.6749103922843933 with train time 109.36984300613403
INFO:__main__:CHILD MODEL ACCURACY: 0.7638
INFO:__main__:Policy gradient: 0.3418988883495331
INFO:__main__:
INFO:__main__:------ ITERATION 32 ------
INFO:__main__:Layers generated: [('64', '3', '1'), ('32', '3', '2')]
INFO:__main__:ChildCNNModel(
  (model): Sequential(
    (0): Conv2d(3, 128, kernel_size=(3, 3), stride=(1, 1), padding=(1, 1))
    (1): ReLU()
    (2): MaxPool2d(kernel_size=2, stride=2, padding=0, dilation=1, ceil_mode=False)
    (3): Conv2d(128, 64, kernel_size=(3, 3), stride=(1, 1), padding=(1, 1))
    (4): ReLU()
    (5): MaxPool2d(kernel_size=2, stride=2, padding=0, dilation=1, ceil_mode=False)
    (6): Conv2d(64, 32, kernel_size=(3, 3), stride=(1, 1), padding=(2, 2))
    (7): ReLU()
    (8): MaxPool2d(kernel_size=2, stride=2, padding=0, dilation=1, ceil_mode=False)
    (9): Flatten(start_dim=1, end_dim=-1)
    (10): Linear(in_features=800, out_features=512, bias=True)
    (11): ReLU()
    (12): Linear(in_features=512, out_features=256, bias=True)
    (13): ReLU()
    (14): Linear(in_features=256, out_features=10, bias=True)
  )
)
INFO:__main__:CHILD MODEL LOSS: 0.655584859251976 with train time 104.20483660697937
INFO:__main__:CHILD MODEL ACCURACY: 0.7641
INFO:__main__:Policy gradient: 0.44411700963974
INFO:__main__:
INFO:__main__:------ ITERATION 33 ------
INFO:__main__:Layers generated: [('256', '1', '2'), ('128', '3', '0')]
INFO:__main__:ChildCNNModel(
  (model): Sequential(
    (0): Conv2d(3, 128, kernel_size=(3, 3), stride=(1, 1), padding=(1, 1))
    (1): ReLU()
    (2): MaxPool2d(kernel_size=2, stride=2, padding=0, dilation=1, ceil_mode=False)
    (3): Conv2d(128, 256, kernel_size=(1, 1), stride=(1, 1), padding=(2, 2))
    (4): ReLU()
    (5): MaxPool2d(kernel_size=2, stride=2, padding=0, dilation=1, ceil_mode=False)
    (6): Conv2d(256, 128, kernel_size=(3, 3), stride=(1, 1))
    (7): ReLU()
    (8): MaxPool2d(kernel_size=2, stride=2, padding=0, dilation=1, ceil_mode=False)
    (9): Flatten(start_dim=1, end_dim=-1)
    (10): Linear(in_features=2048, out_features=512, bias=True)
    (11): ReLU()
    (12): Linear(in_features=512, out_features=256, bias=True)
    (13): ReLU()
    (14): Linear(in_features=256, out_features=10, bias=True)
  )
)
INFO:__main__:CHILD MODEL LOSS: 0.5906739846467972 with train time 103.744873046875
INFO:__main__:CHILD MODEL ACCURACY: 0.8031
INFO:__main__:Policy gradient: 0.5611520409584045
INFO:__main__:
INFO:__main__:------ ITERATION 34 ------
INFO:__main__:Layers generated: [('256', '1', '0'), ('256', '5', '1')]
INFO:__main__:ChildCNNModel(
  (model): Sequential(
    (0): Conv2d(3, 128, kernel_size=(3, 3), stride=(1, 1), padding=(1, 1))
    (1): ReLU()
    (2): MaxPool2d(kernel_size=2, stride=2, padding=0, dilation=1, ceil_mode=False)
    (3): Conv2d(128, 256, kernel_size=(1, 1), stride=(1, 1))
    (4): ReLU()
    (5): MaxPool2d(kernel_size=2, stride=2, padding=0, dilation=1, ceil_mode=False)
    (6): Conv2d(256, 256, kernel_size=(5, 5), stride=(1, 1), padding=(1, 1))
    (7): ReLU()
    (8): MaxPool2d(kernel_size=2, stride=2, padding=0, dilation=1, ceil_mode=False)
    (9): Flatten(start_dim=1, end_dim=-1)
    (10): Linear(in_features=2304, out_features=512, bias=True)
    (11): ReLU()
    (12): Linear(in_features=512, out_features=256, bias=True)
    (13): ReLU()
    (14): Linear(in_features=256, out_features=10, bias=True)
  )
)
INFO:__main__:CHILD MODEL LOSS: 0.5503238533735275 with train time 106.52761054039001
INFO:__main__:CHILD MODEL ACCURACY: 0.8044
INFO:__main__:Policy gradient: 0.4883168339729309
INFO:__main__:
INFO:__main__:------ ITERATION 35 ------
INFO:__main__:Layers generated: [('256', '1', '1'), ('32', '1', '2')]
INFO:__main__:ChildCNNModel(
  (model): Sequential(
    (0): Conv2d(3, 128, kernel_size=(3, 3), stride=(1, 1), padding=(1, 1))
    (1): ReLU()
    (2): MaxPool2d(kernel_size=2, stride=2, padding=0, dilation=1, ceil_mode=False)
    (3): Conv2d(128, 256, kernel_size=(1, 1), stride=(1, 1), padding=(1, 1))
    (4): ReLU()
    (5): MaxPool2d(kernel_size=2, stride=2, padding=0, dilation=1, ceil_mode=False)
    (6): Conv2d(256, 32, kernel_size=(1, 1), stride=(1, 1), padding=(2, 2))
    (7): ReLU()
    (8): MaxPool2d(kernel_size=2, stride=2, padding=0, dilation=1, ceil_mode=False)
    (9): Flatten(start_dim=1, end_dim=-1)
    (10): Linear(in_features=1152, out_features=512, bias=True)
    (11): ReLU()
    (12): Linear(in_features=512, out_features=256, bias=True)
    (13): ReLU()
    (14): Linear(in_features=256, out_features=10, bias=True)
  )
)
INFO:__main__:CHILD MODEL LOSS: 0.7907950179576874 with train time 107.23927736282349
INFO:__main__:CHILD MODEL ACCURACY: 0.7246
INFO:__main__:Policy gradient: -0.08463253825902939
INFO:__main__:
INFO:__main__:------ ITERATION 36 ------
INFO:__main__:Layers generated: [('256', '3', '2'), ('64', '5', '2')]
INFO:__main__:ChildCNNModel(
  (model): Sequential(
    (0): Conv2d(3, 128, kernel_size=(3, 3), stride=(1, 1), padding=(1, 1))
    (1): ReLU()
    (2): MaxPool2d(kernel_size=2, stride=2, padding=0, dilation=1, ceil_mode=False)
    (3): Conv2d(128, 256, kernel_size=(3, 3), stride=(1, 1), padding=(2, 2))
    (4): ReLU()
    (5): MaxPool2d(kernel_size=2, stride=2, padding=0, dilation=1, ceil_mode=False)
    (6): Conv2d(256, 64, kernel_size=(5, 5), stride=(1, 1), padding=(2, 2))
    (7): ReLU()
    (8): MaxPool2d(kernel_size=2, stride=2, padding=0, dilation=1, ceil_mode=False)
    (9): Flatten(start_dim=1, end_dim=-1)
    (10): Linear(in_features=1024, out_features=512, bias=True)
    (11): ReLU()
    (12): Linear(in_features=512, out_features=256, bias=True)
    (13): ReLU()
    (14): Linear(in_features=256, out_features=10, bias=True)
  )
)
INFO:__main__:CHILD MODEL LOSS: 0.578349074959755 with train time 110.71925950050354
INFO:__main__:CHILD MODEL ACCURACY: 0.8073
INFO:__main__:Policy gradient: 0.4905204474925995
INFO:__main__:
INFO:__main__:------ ITERATION 37 ------
INFO:__main__:Layers generated: [('128', '5', '0'), ('256', '3', '0')]
INFO:__main__:ChildCNNModel(
  (model): Sequential(
    (0): Conv2d(3, 128, kernel_size=(3, 3), stride=(1, 1), padding=(1, 1))
    (1): ReLU()
    (2): MaxPool2d(kernel_size=2, stride=2, padding=0, dilation=1, ceil_mode=False)
    (3): Conv2d(128, 128, kernel_size=(5, 5), stride=(1, 1))
    (4): ReLU()
    (5): MaxPool2d(kernel_size=2, stride=2, padding=0, dilation=1, ceil_mode=False)
    (6): Conv2d(128, 256, kernel_size=(3, 3), stride=(1, 1))
    (7): ReLU()
    (8): MaxPool2d(kernel_size=2, stride=2, padding=0, dilation=1, ceil_mode=False)
    (9): Flatten(start_dim=1, end_dim=-1)
    (10): Linear(in_features=1024, out_features=512, bias=True)
    (11): ReLU()
    (12): Linear(in_features=512, out_features=256, bias=True)
    (13): ReLU()
    (14): Linear(in_features=256, out_features=10, bias=True)
  )
)
INFO:__main__:CHILD MODEL LOSS: 0.6559180725812912 with train time 107.26397109031677
INFO:__main__:CHILD MODEL ACCURACY: 0.7827
INFO:__main__:Policy gradient: 0.3294271230697632
INFO:__main__:
INFO:__main__:------ ITERATION 38 ------
INFO:__main__:Layers generated: [('128', '1', '2'), ('128', '3', '0')]
INFO:__main__:ChildCNNModel(
  (model): Sequential(
    (0): Conv2d(3, 128, kernel_size=(3, 3), stride=(1, 1), padding=(1, 1))
    (1): ReLU()
    (2): MaxPool2d(kernel_size=2, stride=2, padding=0, dilation=1, ceil_mode=False)
    (3): Conv2d(128, 128, kernel_size=(1, 1), stride=(1, 1), padding=(2, 2))
    (4): ReLU()
    (5): MaxPool2d(kernel_size=2, stride=2, padding=0, dilation=1, ceil_mode=False)
    (6): Conv2d(128, 128, kernel_size=(3, 3), stride=(1, 1))
    (7): ReLU()
    (8): MaxPool2d(kernel_size=2, stride=2, padding=0, dilation=1, ceil_mode=False)
    (9): Flatten(start_dim=1, end_dim=-1)
    (10): Linear(in_features=2048, out_features=512, bias=True)
    (11): ReLU()
    (12): Linear(in_features=512, out_features=256, bias=True)
    (13): ReLU()
    (14): Linear(in_features=256, out_features=10, bias=True)
  )
)
INFO:__main__:CHILD MODEL LOSS: 0.6077656310796737 with train time 103.37586331367493
INFO:__main__:CHILD MODEL ACCURACY: 0.7892
INFO:__main__:Policy gradient: 0.31645676493644714
INFO:__main__:
INFO:__main__:------ ITERATION 39 ------
INFO:__main__:Layers generated: [('256', '1', '2'), ('64', '5', '0')]
INFO:__main__:ChildCNNModel(
  (model): Sequential(
    (0): Conv2d(3, 128, kernel_size=(3, 3), stride=(1, 1), padding=(1, 1))
    (1): ReLU()
    (2): MaxPool2d(kernel_size=2, stride=2, padding=0, dilation=1, ceil_mode=False)
    (3): Conv2d(128, 256, kernel_size=(1, 1), stride=(1, 1), padding=(2, 2))
    (4): ReLU()
    (5): MaxPool2d(kernel_size=2, stride=2, padding=0, dilation=1, ceil_mode=False)
    (6): Conv2d(256, 64, kernel_size=(5, 5), stride=(1, 1))
    (7): ReLU()
    (8): MaxPool2d(kernel_size=2, stride=2, padding=0, dilation=1, ceil_mode=False)
    (9): Flatten(start_dim=1, end_dim=-1)
    (10): Linear(in_features=576, out_features=512, bias=True)
    (11): ReLU()
    (12): Linear(in_features=512, out_features=256, bias=True)
    (13): ReLU()
    (14): Linear(in_features=256, out_features=10, bias=True)
  )
)
INFO:__main__:CHILD MODEL LOSS: 0.6455258300304413 with train time 105.77150368690491
INFO:__main__:CHILD MODEL ACCURACY: 0.7772
INFO:__main__:Policy gradient: 0.144341841340065
INFO:__main__:
INFO:__main__:------ ITERATION 40 ------
INFO:__main__:Layers generated: [('64', '1', '0'), ('256', '1', '1')]
INFO:__main__:ChildCNNModel(
  (model): Sequential(
    (0): Conv2d(3, 128, kernel_size=(3, 3), stride=(1, 1), padding=(1, 1))
    (1): ReLU()
    (2): MaxPool2d(kernel_size=2, stride=2, padding=0, dilation=1, ceil_mode=False)
    (3): Conv2d(128, 64, kernel_size=(1, 1), stride=(1, 1))
    (4): ReLU()
    (5): MaxPool2d(kernel_size=2, stride=2, padding=0, dilation=1, ceil_mode=False)
    (6): Conv2d(64, 256, kernel_size=(1, 1), stride=(1, 1), padding=(1, 1))
    (7): ReLU()
    (8): MaxPool2d(kernel_size=2, stride=2, padding=0, dilation=1, ceil_mode=False)
    (9): Flatten(start_dim=1, end_dim=-1)
    (10): Linear(in_features=6400, out_features=512, bias=True)
    (11): ReLU()
    (12): Linear(in_features=512, out_features=256, bias=True)
    (13): ReLU()
    (14): Linear(in_features=256, out_features=10, bias=True)
  )
)
INFO:__main__:CHILD MODEL LOSS: 0.701077422618866 with train time 103.97826981544495
INFO:__main__:CHILD MODEL ACCURACY: 0.7596
INFO:__main__:Policy gradient: 0.04517890140414238
INFO:__main__:
INFO:__main__:------ ITERATION 41 ------
INFO:__main__:Layers generated: [('64', '1', '2'), ('128', '5', '0')]
INFO:__main__:ChildCNNModel(
  (model): Sequential(
    (0): Conv2d(3, 128, kernel_size=(3, 3), stride=(1, 1), padding=(1, 1))
    (1): ReLU()
    (2): MaxPool2d(kernel_size=2, stride=2, padding=0, dilation=1, ceil_mode=False)
    (3): Conv2d(128, 64, kernel_size=(1, 1), stride=(1, 1), padding=(2, 2))
    (4): ReLU()
    (5): MaxPool2d(kernel_size=2, stride=2, padding=0, dilation=1, ceil_mode=False)
    (6): Conv2d(64, 128, kernel_size=(5, 5), stride=(1, 1))
    (7): ReLU()
    (8): MaxPool2d(kernel_size=2, stride=2, padding=0, dilation=1, ceil_mode=False)
    (9): Flatten(start_dim=1, end_dim=-1)
    (10): Linear(in_features=1152, out_features=512, bias=True)
    (11): ReLU()
    (12): Linear(in_features=512, out_features=256, bias=True)
    (13): ReLU()
    (14): Linear(in_features=256, out_features=10, bias=True)
  )
)
INFO:__main__:CHILD MODEL LOSS: 0.638447415113449 with train time 101.24126672744751
INFO:__main__:CHILD MODEL ACCURACY: 0.7786
INFO:__main__:Policy gradient: 0.15294688940048218
INFO:__main__:
INFO:__main__:------ ITERATION 42 ------
INFO:__main__:Layers generated: [('32', '1', '0'), ('64', '3', '0')]
INFO:__main__:ChildCNNModel(
  (model): Sequential(
    (0): Conv2d(3, 128, kernel_size=(3, 3), stride=(1, 1), padding=(1, 1))
    (1): ReLU()
    (2): MaxPool2d(kernel_size=2, stride=2, padding=0, dilation=1, ceil_mode=False)
    (3): Conv2d(128, 32, kernel_size=(1, 1), stride=(1, 1))
    (4): ReLU()
    (5): MaxPool2d(kernel_size=2, stride=2, padding=0, dilation=1, ceil_mode=False)
    (6): Conv2d(32, 64, kernel_size=(3, 3), stride=(1, 1))
    (7): ReLU()
    (8): MaxPool2d(kernel_size=2, stride=2, padding=0, dilation=1, ceil_mode=False)
    (9): Flatten(start_dim=1, end_dim=-1)
    (10): Linear(in_features=576, out_features=512, bias=True)
    (11): ReLU()
    (12): Linear(in_features=512, out_features=256, bias=True)
    (13): ReLU()
    (14): Linear(in_features=256, out_features=10, bias=True)
  )
)
INFO:__main__:CHILD MODEL LOSS: 0.7358456952571869 with train time 102.19018959999084
INFO:__main__:CHILD MODEL ACCURACY: 0.7659
INFO:__main__:Policy gradient: 0.07007241994142532
INFO:__main__:
INFO:__main__:------ ITERATION 43 ------
INFO:__main__:Layers generated: [('32', '5', '0'), ('64', '1', '1')]
INFO:__main__:ChildCNNModel(
  (model): Sequential(
    (0): Conv2d(3, 128, kernel_size=(3, 3), stride=(1, 1), padding=(1, 1))
    (1): ReLU()
    (2): MaxPool2d(kernel_size=2, stride=2, padding=0, dilation=1, ceil_mode=False)
    (3): Conv2d(128, 32, kernel_size=(5, 5), stride=(1, 1))
    (4): ReLU()
    (5): MaxPool2d(kernel_size=2, stride=2, padding=0, dilation=1, ceil_mode=False)
    (6): Conv2d(32, 64, kernel_size=(1, 1), stride=(1, 1), padding=(1, 1))
    (7): ReLU()
    (8): MaxPool2d(kernel_size=2, stride=2, padding=0, dilation=1, ceil_mode=False)
    (9): Flatten(start_dim=1, end_dim=-1)
    (10): Linear(in_features=1024, out_features=512, bias=True)
    (11): ReLU()
    (12): Linear(in_features=512, out_features=256, bias=True)
    (13): ReLU()
    (14): Linear(in_features=256, out_features=10, bias=True)
  )
)
INFO:__main__:CHILD MODEL LOSS: 0.7332256202697753 with train time 102.8713071346283
INFO:__main__:CHILD MODEL ACCURACY: 0.7558
INFO:__main__:Policy gradient: -0.012480850331485271
INFO:__main__:
INFO:__main__:------ ITERATION 44 ------
INFO:__main__:Layers generated: [('16', '1', '2'), ('64', '5', '0')]
INFO:__main__:ChildCNNModel(
  (model): Sequential(
    (0): Conv2d(3, 128, kernel_size=(3, 3), stride=(1, 1), padding=(1, 1))
    (1): ReLU()
    (2): MaxPool2d(kernel_size=2, stride=2, padding=0, dilation=1, ceil_mode=False)
    (3): Conv2d(128, 16, kernel_size=(1, 1), stride=(1, 1), padding=(2, 2))
    (4): ReLU()
    (5): MaxPool2d(kernel_size=2, stride=2, padding=0, dilation=1, ceil_mode=False)
    (6): Conv2d(16, 64, kernel_size=(5, 5), stride=(1, 1))
    (7): ReLU()
    (8): MaxPool2d(kernel_size=2, stride=2, padding=0, dilation=1, ceil_mode=False)
    (9): Flatten(start_dim=1, end_dim=-1)
    (10): Linear(in_features=576, out_features=512, bias=True)
    (11): ReLU()
    (12): Linear(in_features=512, out_features=256, bias=True)
    (13): ReLU()
    (14): Linear(in_features=256, out_features=10, bias=True)
  )
)
INFO:__main__:CHILD MODEL LOSS: 0.8249127461910247 with train time 105.32182812690735
INFO:__main__:CHILD MODEL ACCURACY: 0.7296
INFO:__main__:Policy gradient: -0.18316498398780823
INFO:__main__:
INFO:__main__:------ ITERATION 45 ------
INFO:__main__:Layers generated: [('256', '5', '1'), ('256', '5', '0')]
INFO:__main__:ChildCNNModel(
  (model): Sequential(
    (0): Conv2d(3, 128, kernel_size=(3, 3), stride=(1, 1), padding=(1, 1))
    (1): ReLU()
    (2): MaxPool2d(kernel_size=2, stride=2, padding=0, dilation=1, ceil_mode=False)
    (3): Conv2d(128, 256, kernel_size=(5, 5), stride=(1, 1), padding=(1, 1))
    (4): ReLU()
    (5): MaxPool2d(kernel_size=2, stride=2, padding=0, dilation=1, ceil_mode=False)
    (6): Conv2d(256, 256, kernel_size=(5, 5), stride=(1, 1))
    (7): ReLU()
    (8): MaxPool2d(kernel_size=2, stride=2, padding=0, dilation=1, ceil_mode=False)
    (9): Flatten(start_dim=1, end_dim=-1)
    (10): Linear(in_features=256, out_features=512, bias=True)
    (11): ReLU()
    (12): Linear(in_features=512, out_features=256, bias=True)
    (13): ReLU()
    (14): Linear(in_features=256, out_features=10, bias=True)
  )
)
INFO:__main__:CHILD MODEL LOSS: 0.6450863165855407 with train time 108.58061361312866
INFO:__main__:CHILD MODEL ACCURACY: 0.7874
INFO:__main__:Policy gradient: 0.22897882759571075
INFO:__main__:
INFO:__main__:------ ITERATION 46 ------
INFO:__main__:Layers generated: [('128', '1', '2'), ('256', '1', '1')]
INFO:__main__:ChildCNNModel(
  (model): Sequential(
    (0): Conv2d(3, 128, kernel_size=(3, 3), stride=(1, 1), padding=(1, 1))
    (1): ReLU()
    (2): MaxPool2d(kernel_size=2, stride=2, padding=0, dilation=1, ceil_mode=False)
    (3): Conv2d(128, 128, kernel_size=(1, 1), stride=(1, 1), padding=(2, 2))
    (4): ReLU()
    (5): MaxPool2d(kernel_size=2, stride=2, padding=0, dilation=1, ceil_mode=False)
    (6): Conv2d(128, 256, kernel_size=(1, 1), stride=(1, 1), padding=(1, 1))
    (7): ReLU()
    (8): MaxPool2d(kernel_size=2, stride=2, padding=0, dilation=1, ceil_mode=False)
    (9): Flatten(start_dim=1, end_dim=-1)
    (10): Linear(in_features=9216, out_features=512, bias=True)
    (11): ReLU()
    (12): Linear(in_features=512, out_features=256, bias=True)
    (13): ReLU()
    (14): Linear(in_features=256, out_features=10, bias=True)
  )
)
INFO:__main__:CHILD MODEL LOSS: 0.6882976095676422 with train time 101.5567696094513
INFO:__main__:CHILD MODEL ACCURACY: 0.7714
INFO:__main__:Policy gradient: 0.09700820595026016
INFO:__main__:
INFO:__main__:------ ITERATION 47 ------
INFO:__main__:Layers generated: [('256', '5', '1'), ('64', '3', '0')]
INFO:__main__:ChildCNNModel(
  (model): Sequential(
    (0): Conv2d(3, 128, kernel_size=(3, 3), stride=(1, 1), padding=(1, 1))
    (1): ReLU()
    (2): MaxPool2d(kernel_size=2, stride=2, padding=0, dilation=1, ceil_mode=False)
    (3): Conv2d(128, 256, kernel_size=(5, 5), stride=(1, 1), padding=(1, 1))
    (4): ReLU()
    (5): MaxPool2d(kernel_size=2, stride=2, padding=0, dilation=1, ceil_mode=False)
    (6): Conv2d(256, 64, kernel_size=(3, 3), stride=(1, 1))
    (7): ReLU()
    (8): MaxPool2d(kernel_size=2, stride=2, padding=0, dilation=1, ceil_mode=False)
    (9): Flatten(start_dim=1, end_dim=-1)
    (10): Linear(in_features=256, out_features=512, bias=True)
    (11): ReLU()
    (12): Linear(in_features=512, out_features=256, bias=True)
    (13): ReLU()
    (14): Linear(in_features=256, out_features=10, bias=True)
  )
)
INFO:__main__:CHILD MODEL LOSS: 0.71184108543396 with train time 106.50928139686584
INFO:__main__:CHILD MODEL ACCURACY: 0.7596
INFO:__main__:Policy gradient: 0.003869948908686638
INFO:__main__:
INFO:__main__:------ ITERATION 48 ------
INFO:__main__:Layers generated: [('128', '5', '1'), ('64', '5', '0')]
INFO:__main__:ChildCNNModel(
  (model): Sequential(
    (0): Conv2d(3, 128, kernel_size=(3, 3), stride=(1, 1), padding=(1, 1))
    (1): ReLU()
    (2): MaxPool2d(kernel_size=2, stride=2, padding=0, dilation=1, ceil_mode=False)
    (3): Conv2d(128, 128, kernel_size=(5, 5), stride=(1, 1), padding=(1, 1))
    (4): ReLU()
    (5): MaxPool2d(kernel_size=2, stride=2, padding=0, dilation=1, ceil_mode=False)
    (6): Conv2d(128, 64, kernel_size=(5, 5), stride=(1, 1))
    (7): ReLU()
    (8): MaxPool2d(kernel_size=2, stride=2, padding=0, dilation=1, ceil_mode=False)
    (9): Flatten(start_dim=1, end_dim=-1)
    (10): Linear(in_features=64, out_features=512, bias=True)
    (11): ReLU()
    (12): Linear(in_features=512, out_features=256, bias=True)
    (13): ReLU()
    (14): Linear(in_features=256, out_features=10, bias=True)
  )
)
INFO:__main__:CHILD MODEL LOSS: 0.7647217321395874 with train time 107.54227328300476
INFO:__main__:CHILD MODEL ACCURACY: 0.745
INFO:__main__:Policy gradient: -0.10595586895942688
INFO:__main__:
INFO:__main__:------ ITERATION 49 ------
INFO:__main__:Layers generated: [('64', '1', '2'), ('128', '3', '2')]
INFO:__main__:ChildCNNModel(
  (model): Sequential(
    (0): Conv2d(3, 128, kernel_size=(3, 3), stride=(1, 1), padding=(1, 1))
    (1): ReLU()
    (2): MaxPool2d(kernel_size=2, stride=2, padding=0, dilation=1, ceil_mode=False)
    (3): Conv2d(128, 64, kernel_size=(1, 1), stride=(1, 1), padding=(2, 2))
    (4): ReLU()
    (5): MaxPool2d(kernel_size=2, stride=2, padding=0, dilation=1, ceil_mode=False)
    (6): Conv2d(64, 128, kernel_size=(3, 3), stride=(1, 1), padding=(2, 2))
    (7): ReLU()
    (8): MaxPool2d(kernel_size=2, stride=2, padding=0, dilation=1, ceil_mode=False)
    (9): Flatten(start_dim=1, end_dim=-1)
    (10): Linear(in_features=4608, out_features=512, bias=True)
    (11): ReLU()
    (12): Linear(in_features=512, out_features=256, bias=True)
    (13): ReLU()
    (14): Linear(in_features=256, out_features=10, bias=True)
  )
)
INFO:__main__:CHILD MODEL LOSS: 0.6009010784626007 with train time 98.12687277793884
INFO:__main__:CHILD MODEL ACCURACY: 0.7973
INFO:__main__:Policy gradient: 0.283102422952652
INFO:__main__:
INFO:__main__:------ ITERATION 50 ------
INFO:__main__:Layers generated: [('64', '1', '0'), ('256', '1', '1')]
INFO:__main__:ChildCNNModel(
  (model): Sequential(
    (0): Conv2d(3, 128, kernel_size=(3, 3), stride=(1, 1), padding=(1, 1))
    (1): ReLU()
    (2): MaxPool2d(kernel_size=2, stride=2, padding=0, dilation=1, ceil_mode=False)
    (3): Conv2d(128, 64, kernel_size=(1, 1), stride=(1, 1))
    (4): ReLU()
    (5): MaxPool2d(kernel_size=2, stride=2, padding=0, dilation=1, ceil_mode=False)
    (6): Conv2d(64, 256, kernel_size=(1, 1), stride=(1, 1), padding=(1, 1))
    (7): ReLU()
    (8): MaxPool2d(kernel_size=2, stride=2, padding=0, dilation=1, ceil_mode=False)
    (9): Flatten(start_dim=1, end_dim=-1)
    (10): Linear(in_features=6400, out_features=512, bias=True)
    (11): ReLU()
    (12): Linear(in_features=512, out_features=256, bias=True)
    (13): ReLU()
    (14): Linear(in_features=256, out_features=10, bias=True)
  )
)
INFO:__main__:CHILD MODEL LOSS: 0.7040706624984742 with train time 102.67274045944214
INFO:__main__:CHILD MODEL ACCURACY: 0.7533
INFO:__main__:Policy gradient: -0.0605752170085907
INFO:__main__:
INFO:__main__:------ ITERATION 51 ------
INFO:__main__:Layers generated: [('32', '1', '0'), ('256', '5', '0')]
INFO:__main__:ChildCNNModel(
  (model): Sequential(
    (0): Conv2d(3, 128, kernel_size=(3, 3), stride=(1, 1), padding=(1, 1))
    (1): ReLU()
    (2): MaxPool2d(kernel_size=2, stride=2, padding=0, dilation=1, ceil_mode=False)
    (3): Conv2d(128, 32, kernel_size=(1, 1), stride=(1, 1))
    (4): ReLU()
    (5): MaxPool2d(kernel_size=2, stride=2, padding=0, dilation=1, ceil_mode=False)
    (6): Conv2d(32, 256, kernel_size=(5, 5), stride=(1, 1))
    (7): ReLU()
    (8): MaxPool2d(kernel_size=2, stride=2, padding=0, dilation=1, ceil_mode=False)
    (9): Flatten(start_dim=1, end_dim=-1)
    (10): Linear(in_features=1024, out_features=512, bias=True)
    (11): ReLU()
    (12): Linear(in_features=512, out_features=256, bias=True)
    (13): ReLU()
    (14): Linear(in_features=256, out_features=10, bias=True)
  )
)
INFO:__main__:CHILD MODEL LOSS: 0.6689537301063537 with train time 100.96904516220093
INFO:__main__:CHILD MODEL ACCURACY: 0.7705
INFO:__main__:Policy gradient: 0.06497383862733841
INFO:__main__:
INFO:__main__:------ ITERATION 52 ------
INFO:__main__:Layers generated: [('16', '3', '2'), ('32', '5', '1')]
INFO:__main__:ChildCNNModel(
  (model): Sequential(
    (0): Conv2d(3, 128, kernel_size=(3, 3), stride=(1, 1), padding=(1, 1))
    (1): ReLU()
    (2): MaxPool2d(kernel_size=2, stride=2, padding=0, dilation=1, ceil_mode=False)
    (3): Conv2d(128, 16, kernel_size=(3, 3), stride=(1, 1), padding=(2, 2))
    (4): ReLU()
    (5): MaxPool2d(kernel_size=2, stride=2, padding=0, dilation=1, ceil_mode=False)
    (6): Conv2d(16, 32, kernel_size=(5, 5), stride=(1, 1), padding=(1, 1))
    (7): ReLU()
    (8): MaxPool2d(kernel_size=2, stride=2, padding=0, dilation=1, ceil_mode=False)
    (9): Flatten(start_dim=1, end_dim=-1)
    (10): Linear(in_features=288, out_features=512, bias=True)
    (11): ReLU()
    (12): Linear(in_features=512, out_features=256, bias=True)
    (13): ReLU()
    (14): Linear(in_features=256, out_features=10, bias=True)
  )
)
INFO:__main__:CHILD MODEL LOSS: 0.7915707099437713 with train time 101.60277581214905
INFO:__main__:CHILD MODEL ACCURACY: 0.7427
INFO:__main__:Policy gradient: -0.1644997000694275
INFO:__main__:
INFO:__main__:------ ITERATION 53 ------
INFO:__main__:Layers generated: [('64', '5', '0'), ('16', '3', '0')]
INFO:__main__:ChildCNNModel(
  (model): Sequential(
    (0): Conv2d(3, 128, kernel_size=(3, 3), stride=(1, 1), padding=(1, 1))
    (1): ReLU()
    (2): MaxPool2d(kernel_size=2, stride=2, padding=0, dilation=1, ceil_mode=False)
    (3): Conv2d(128, 64, kernel_size=(5, 5), stride=(1, 1))
    (4): ReLU()
    (5): MaxPool2d(kernel_size=2, stride=2, padding=0, dilation=1, ceil_mode=False)
    (6): Conv2d(64, 16, kernel_size=(3, 3), stride=(1, 1))
    (7): ReLU()
    (8): MaxPool2d(kernel_size=2, stride=2, padding=0, dilation=1, ceil_mode=False)
    (9): Flatten(start_dim=1, end_dim=-1)
    (10): Linear(in_features=64, out_features=512, bias=True)
    (11): ReLU()
    (12): Linear(in_features=512, out_features=256, bias=True)
    (13): ReLU()
    (14): Linear(in_features=256, out_features=10, bias=True)
  )
)
INFO:__main__:CHILD MODEL LOSS: 0.8722366774082184 with train time 103.20240759849548
INFO:__main__:CHILD MODEL ACCURACY: 0.7096
INFO:__main__:Policy gradient: -0.4148750305175781
INFO:__main__:
INFO:__main__:------ ITERATION 54 ------
INFO:__main__:Layers generated: [('64', '1', '1'), ('32', '5', '0')]
INFO:__main__:ChildCNNModel(
  (model): Sequential(
    (0): Conv2d(3, 128, kernel_size=(3, 3), stride=(1, 1), padding=(1, 1))
    (1): ReLU()
    (2): MaxPool2d(kernel_size=2, stride=2, padding=0, dilation=1, ceil_mode=False)
    (3): Conv2d(128, 64, kernel_size=(1, 1), stride=(1, 1), padding=(1, 1))
    (4): ReLU()
    (5): MaxPool2d(kernel_size=2, stride=2, padding=0, dilation=1, ceil_mode=False)
    (6): Conv2d(64, 32, kernel_size=(5, 5), stride=(1, 1))
    (7): ReLU()
    (8): MaxPool2d(kernel_size=2, stride=2, padding=0, dilation=1, ceil_mode=False)
    (9): Flatten(start_dim=1, end_dim=-1)
    (10): Linear(in_features=128, out_features=512, bias=True)
    (11): ReLU()
    (12): Linear(in_features=512, out_features=256, bias=True)
    (13): ReLU()
    (14): Linear(in_features=256, out_features=10, bias=True)
  )
)
INFO:__main__:CHILD MODEL LOSS: 0.8813990986347199 with train time 104.0854012966156
INFO:__main__:CHILD MODEL ACCURACY: 0.7111
INFO:__main__:Policy gradient: -0.3097480833530426
INFO:__main__:
INFO:__main__:------ ITERATION 55 ------
INFO:__main__:Layers generated: [('64', '5', '1'), ('32', '5', '2')]
INFO:__main__:ChildCNNModel(
  (model): Sequential(
    (0): Conv2d(3, 128, kernel_size=(3, 3), stride=(1, 1), padding=(1, 1))
    (1): ReLU()
    (2): MaxPool2d(kernel_size=2, stride=2, padding=0, dilation=1, ceil_mode=False)
    (3): Conv2d(128, 64, kernel_size=(5, 5), stride=(1, 1), padding=(1, 1))
    (4): ReLU()
    (5): MaxPool2d(kernel_size=2, stride=2, padding=0, dilation=1, ceil_mode=False)
    (6): Conv2d(64, 32, kernel_size=(5, 5), stride=(1, 1), padding=(2, 2))
    (7): ReLU()
    (8): MaxPool2d(kernel_size=2, stride=2, padding=0, dilation=1, ceil_mode=False)
    (9): Flatten(start_dim=1, end_dim=-1)
    (10): Linear(in_features=288, out_features=512, bias=True)
    (11): ReLU()
    (12): Linear(in_features=512, out_features=256, bias=True)
    (13): ReLU()
    (14): Linear(in_features=256, out_features=10, bias=True)
  )
)
INFO:__main__:CHILD MODEL LOSS: 0.7002965915203094 with train time 104.33564281463623
INFO:__main__:CHILD MODEL ACCURACY: 0.7676
INFO:__main__:Policy gradient: 0.131526917219162
INFO:__main__:
INFO:__main__:------ ITERATION 56 ------
INFO:__main__:Layers generated: [('256', '1', '0'), ('128', '1', '0')]
INFO:__main__:ChildCNNModel(
  (model): Sequential(
    (0): Conv2d(3, 128, kernel_size=(3, 3), stride=(1, 1), padding=(1, 1))
    (1): ReLU()
    (2): MaxPool2d(kernel_size=2, stride=2, padding=0, dilation=1, ceil_mode=False)
    (3): Conv2d(128, 256, kernel_size=(1, 1), stride=(1, 1))
    (4): ReLU()
    (5): MaxPool2d(kernel_size=2, stride=2, padding=0, dilation=1, ceil_mode=False)
    (6): Conv2d(256, 128, kernel_size=(1, 1), stride=(1, 1))
    (7): ReLU()
    (8): MaxPool2d(kernel_size=2, stride=2, padding=0, dilation=1, ceil_mode=False)
    (9): Flatten(start_dim=1, end_dim=-1)
    (10): Linear(in_features=2048, out_features=512, bias=True)
    (11): ReLU()
    (12): Linear(in_features=512, out_features=256, bias=True)
    (13): ReLU()
    (14): Linear(in_features=256, out_features=10, bias=True)
  )
)
INFO:__main__:CHILD MODEL LOSS: 0.6976121878623962 with train time 102.87649512290955
INFO:__main__:CHILD MODEL ACCURACY: 0.7677
INFO:__main__:Policy gradient: 0.10502950102090836
INFO:__main__:
INFO:__main__:------ ITERATION 57 ------
INFO:__main__:Layers generated: [('256', '5', '2'), ('128', '1', '2')]
INFO:__main__:ChildCNNModel(
  (model): Sequential(
    (0): Conv2d(3, 128, kernel_size=(3, 3), stride=(1, 1), padding=(1, 1))
    (1): ReLU()
    (2): MaxPool2d(kernel_size=2, stride=2, padding=0, dilation=1, ceil_mode=False)
    (3): Conv2d(128, 256, kernel_size=(5, 5), stride=(1, 1), padding=(2, 2))
    (4): ReLU()
    (5): MaxPool2d(kernel_size=2, stride=2, padding=0, dilation=1, ceil_mode=False)
    (6): Conv2d(256, 128, kernel_size=(1, 1), stride=(1, 1), padding=(2, 2))
    (7): ReLU()
    (8): MaxPool2d(kernel_size=2, stride=2, padding=0, dilation=1, ceil_mode=False)
    (9): Flatten(start_dim=1, end_dim=-1)
    (10): Linear(in_features=4608, out_features=512, bias=True)
    (11): ReLU()
    (12): Linear(in_features=512, out_features=256, bias=True)
    (13): ReLU()
    (14): Linear(in_features=256, out_features=10, bias=True)
  )
)
INFO:__main__:CHILD MODEL LOSS: 0.6254355864524841 with train time 108.48440504074097
INFO:__main__:CHILD MODEL ACCURACY: 0.7837
INFO:__main__:Policy gradient: 0.20845791697502136
INFO:__main__:
INFO:__main__:------ ITERATION 58 ------
INFO:__main__:Layers generated: [('64', '1', '1'), ('64', '1', '2')]
INFO:__main__:ChildCNNModel(
  (model): Sequential(
    (0): Conv2d(3, 128, kernel_size=(3, 3), stride=(1, 1), padding=(1, 1))
    (1): ReLU()
    (2): MaxPool2d(kernel_size=2, stride=2, padding=0, dilation=1, ceil_mode=False)
    (3): Conv2d(128, 64, kernel_size=(1, 1), stride=(1, 1), padding=(1, 1))
    (4): ReLU()
    (5): MaxPool2d(kernel_size=2, stride=2, padding=0, dilation=1, ceil_mode=False)
    (6): Conv2d(64, 64, kernel_size=(1, 1), stride=(1, 1), padding=(2, 2))
    (7): ReLU()
    (8): MaxPool2d(kernel_size=2, stride=2, padding=0, dilation=1, ceil_mode=False)
    (9): Flatten(start_dim=1, end_dim=-1)
    (10): Linear(in_features=2304, out_features=512, bias=True)
    (11): ReLU()
    (12): Linear(in_features=512, out_features=256, bias=True)
    (13): ReLU()
    (14): Linear(in_features=256, out_features=10, bias=True)
  )
)
INFO:__main__:CHILD MODEL LOSS: 0.7710674560070038 with train time 103.99692869186401
INFO:__main__:CHILD MODEL ACCURACY: 0.7416
INFO:__main__:Policy gradient: -0.10796228796243668
INFO:__main__:
INFO:__main__:------ ITERATION 59 ------
INFO:__main__:Layers generated: [('128', '1', '2'), ('128', '3', '0')]
INFO:__main__:ChildCNNModel(
  (model): Sequential(
    (0): Conv2d(3, 128, kernel_size=(3, 3), stride=(1, 1), padding=(1, 1))
    (1): ReLU()
    (2): MaxPool2d(kernel_size=2, stride=2, padding=0, dilation=1, ceil_mode=False)
    (3): Conv2d(128, 128, kernel_size=(1, 1), stride=(1, 1), padding=(2, 2))
    (4): ReLU()
    (5): MaxPool2d(kernel_size=2, stride=2, padding=0, dilation=1, ceil_mode=False)
    (6): Conv2d(128, 128, kernel_size=(3, 3), stride=(1, 1))
    (7): ReLU()
    (8): MaxPool2d(kernel_size=2, stride=2, padding=0, dilation=1, ceil_mode=False)
    (9): Flatten(start_dim=1, end_dim=-1)
    (10): Linear(in_features=2048, out_features=512, bias=True)
    (11): ReLU()
    (12): Linear(in_features=512, out_features=256, bias=True)
    (13): ReLU()
    (14): Linear(in_features=256, out_features=10, bias=True)
  )
)
INFO:__main__:CHILD MODEL LOSS: 0.6037249625921249 with train time 103.1513044834137
INFO:__main__:CHILD MODEL ACCURACY: 0.7867
INFO:__main__:Policy gradient: 0.22900910675525665
INFO:__main__:
INFO:__main__:------ ITERATION 60 ------
INFO:__main__:Layers generated: [('128', '1', '1'), ('16', '1', '0')]
INFO:__main__:ChildCNNModel(
  (model): Sequential(
    (0): Conv2d(3, 128, kernel_size=(3, 3), stride=(1, 1), padding=(1, 1))
    (1): ReLU()
    (2): MaxPool2d(kernel_size=2, stride=2, padding=0, dilation=1, ceil_mode=False)
    (3): Conv2d(128, 128, kernel_size=(1, 1), stride=(1, 1), padding=(1, 1))
    (4): ReLU()
    (5): MaxPool2d(kernel_size=2, stride=2, padding=0, dilation=1, ceil_mode=False)
    (6): Conv2d(128, 16, kernel_size=(1, 1), stride=(1, 1))
    (7): ReLU()
    (8): MaxPool2d(kernel_size=2, stride=2, padding=0, dilation=1, ceil_mode=False)
    (9): Flatten(start_dim=1, end_dim=-1)
    (10): Linear(in_features=256, out_features=512, bias=True)
    (11): ReLU()
    (12): Linear(in_features=512, out_features=256, bias=True)
    (13): ReLU()
    (14): Linear(in_features=256, out_features=10, bias=True)
  )
)
INFO:__main__:CHILD MODEL LOSS: 0.8749222192764282 with train time 101.8071608543396
INFO:__main__:CHILD MODEL ACCURACY: 0.7156
INFO:__main__:Policy gradient: -0.343975692987442
INFO:__main__:
INFO:__main__:------ ITERATION 61 ------
INFO:__main__:Layers generated: [('128', '5', '1'), ('128', '5', '1')]
INFO:__main__:ChildCNNModel(
  (model): Sequential(
    (0): Conv2d(3, 128, kernel_size=(3, 3), stride=(1, 1), padding=(1, 1))
    (1): ReLU()
    (2): MaxPool2d(kernel_size=2, stride=2, padding=0, dilation=1, ceil_mode=False)
    (3): Conv2d(128, 128, kernel_size=(5, 5), stride=(1, 1), padding=(1, 1))
    (4): ReLU()
    (5): MaxPool2d(kernel_size=2, stride=2, padding=0, dilation=1, ceil_mode=False)
    (6): Conv2d(128, 128, kernel_size=(5, 5), stride=(1, 1), padding=(1, 1))
    (7): ReLU()
    (8): MaxPool2d(kernel_size=2, stride=2, padding=0, dilation=1, ceil_mode=False)
    (9): Flatten(start_dim=1, end_dim=-1)
    (10): Linear(in_features=512, out_features=512, bias=True)
    (11): ReLU()
    (12): Linear(in_features=512, out_features=256, bias=True)
    (13): ReLU()
    (14): Linear(in_features=256, out_features=10, bias=True)
  )
)
INFO:__main__:CHILD MODEL LOSS: 0.7291137676239013 with train time 103.22739934921265
INFO:__main__:CHILD MODEL ACCURACY: 0.7687
INFO:__main__:Policy gradient: 0.12036331743001938
INFO:__main__:
INFO:__main__:------ ITERATION 62 ------
INFO:__main__:Layers generated: [('128', '1', '0'), ('64', '5', '0')]
INFO:__main__:ChildCNNModel(
  (model): Sequential(
    (0): Conv2d(3, 128, kernel_size=(3, 3), stride=(1, 1), padding=(1, 1))
    (1): ReLU()
    (2): MaxPool2d(kernel_size=2, stride=2, padding=0, dilation=1, ceil_mode=False)
    (3): Conv2d(128, 128, kernel_size=(1, 1), stride=(1, 1))
    (4): ReLU()
    (5): MaxPool2d(kernel_size=2, stride=2, padding=0, dilation=1, ceil_mode=False)
    (6): Conv2d(128, 64, kernel_size=(5, 5), stride=(1, 1))
    (7): ReLU()
    (8): MaxPool2d(kernel_size=2, stride=2, padding=0, dilation=1, ceil_mode=False)
    (9): Flatten(start_dim=1, end_dim=-1)
    (10): Linear(in_features=256, out_features=512, bias=True)
    (11): ReLU()
    (12): Linear(in_features=512, out_features=256, bias=True)
    (13): ReLU()
    (14): Linear(in_features=256, out_features=10, bias=True)
  )
)
INFO:__main__:CHILD MODEL LOSS: 0.7100205483436585 with train time 105.61403512954712
INFO:__main__:CHILD MODEL ACCURACY: 0.7661
INFO:__main__:Policy gradient: 0.06977920234203339
INFO:__main__:
INFO:__main__:------ ITERATION 63 ------
INFO:__main__:Layers generated: [('256', '3', '1'), ('256', '1', '0')]
INFO:__main__:ChildCNNModel(
  (model): Sequential(
    (0): Conv2d(3, 128, kernel_size=(3, 3), stride=(1, 1), padding=(1, 1))
    (1): ReLU()
    (2): MaxPool2d(kernel_size=2, stride=2, padding=0, dilation=1, ceil_mode=False)
    (3): Conv2d(128, 256, kernel_size=(3, 3), stride=(1, 1), padding=(1, 1))
    (4): ReLU()
    (5): MaxPool2d(kernel_size=2, stride=2, padding=0, dilation=1, ceil_mode=False)
    (6): Conv2d(256, 256, kernel_size=(1, 1), stride=(1, 1))
    (7): ReLU()
    (8): MaxPool2d(kernel_size=2, stride=2, padding=0, dilation=1, ceil_mode=False)
    (9): Flatten(start_dim=1, end_dim=-1)
    (10): Linear(in_features=4096, out_features=512, bias=True)
    (11): ReLU()
    (12): Linear(in_features=512, out_features=256, bias=True)
    (13): ReLU()
    (14): Linear(in_features=256, out_features=10, bias=True)
  )
)
INFO:__main__:CHILD MODEL LOSS: 0.576690687417984 with train time 102.79091358184814
INFO:__main__:CHILD MODEL ACCURACY: 0.8024
INFO:__main__:Policy gradient: 0.3721562325954437
INFO:__main__:
INFO:__main__:------ ITERATION 64 ------
INFO:__main__:Layers generated: [('64', '1', '1'), ('64', '3', '0')]
INFO:__main__:ChildCNNModel(
  (model): Sequential(
    (0): Conv2d(3, 128, kernel_size=(3, 3), stride=(1, 1), padding=(1, 1))
    (1): ReLU()
    (2): MaxPool2d(kernel_size=2, stride=2, padding=0, dilation=1, ceil_mode=False)
    (3): Conv2d(128, 64, kernel_size=(1, 1), stride=(1, 1), padding=(1, 1))
    (4): ReLU()
    (5): MaxPool2d(kernel_size=2, stride=2, padding=0, dilation=1, ceil_mode=False)
    (6): Conv2d(64, 64, kernel_size=(3, 3), stride=(1, 1))
    (7): ReLU()
    (8): MaxPool2d(kernel_size=2, stride=2, padding=0, dilation=1, ceil_mode=False)
    (9): Flatten(start_dim=1, end_dim=-1)
    (10): Linear(in_features=576, out_features=512, bias=True)
    (11): ReLU()
    (12): Linear(in_features=512, out_features=256, bias=True)
    (13): ReLU()
    (14): Linear(in_features=256, out_features=10, bias=True)
  )
)
INFO:__main__:CHILD MODEL LOSS: 0.7380550086498261 with train time 103.53885579109192
INFO:__main__:CHILD MODEL ACCURACY: 0.7596
INFO:__main__:Policy gradient: -0.01172661129385233
INFO:__main__:
INFO:__main__:------ ITERATION 65 ------
INFO:__main__:Layers generated: [('32', '1', '2'), ('64', '5', '1')]
INFO:__main__:ChildCNNModel(
  (model): Sequential(
    (0): Conv2d(3, 128, kernel_size=(3, 3), stride=(1, 1), padding=(1, 1))
    (1): ReLU()
    (2): MaxPool2d(kernel_size=2, stride=2, padding=0, dilation=1, ceil_mode=False)
    (3): Conv2d(128, 32, kernel_size=(1, 1), stride=(1, 1), padding=(2, 2))
    (4): ReLU()
    (5): MaxPool2d(kernel_size=2, stride=2, padding=0, dilation=1, ceil_mode=False)
    (6): Conv2d(32, 64, kernel_size=(5, 5), stride=(1, 1), padding=(1, 1))
    (7): ReLU()
    (8): MaxPool2d(kernel_size=2, stride=2, padding=0, dilation=1, ceil_mode=False)
    (9): Flatten(start_dim=1, end_dim=-1)
    (10): Linear(in_features=1024, out_features=512, bias=True)
    (11): ReLU()
    (12): Linear(in_features=512, out_features=256, bias=True)
    (13): ReLU()
    (14): Linear(in_features=256, out_features=10, bias=True)
  )
)
INFO:__main__:CHILD MODEL LOSS: 0.6744612665176392 with train time 102.0040009021759
INFO:__main__:CHILD MODEL ACCURACY: 0.7698
INFO:__main__:Policy gradient: 0.05792877823114395
INFO:__main__:
INFO:__main__:------ ITERATION 66 ------
INFO:__main__:Layers generated: [('16', '5', '2'), ('32', '1', '0')]
INFO:__main__:ChildCNNModel(
  (model): Sequential(
    (0): Conv2d(3, 128, kernel_size=(3, 3), stride=(1, 1), padding=(1, 1))
    (1): ReLU()
    (2): MaxPool2d(kernel_size=2, stride=2, padding=0, dilation=1, ceil_mode=False)
    (3): Conv2d(128, 16, kernel_size=(5, 5), stride=(1, 1), padding=(2, 2))
    (4): ReLU()
    (5): MaxPool2d(kernel_size=2, stride=2, padding=0, dilation=1, ceil_mode=False)
    (6): Conv2d(16, 32, kernel_size=(1, 1), stride=(1, 1))
    (7): ReLU()
    (8): MaxPool2d(kernel_size=2, stride=2, padding=0, dilation=1, ceil_mode=False)
    (9): Flatten(start_dim=1, end_dim=-1)
    (10): Linear(in_features=512, out_features=512, bias=True)
    (11): ReLU()
    (12): Linear(in_features=512, out_features=256, bias=True)
    (13): ReLU()
    (14): Linear(in_features=256, out_features=10, bias=True)
  )
)
INFO:__main__:CHILD MODEL LOSS: 0.8323439519405365 with train time 102.4700837135315
INFO:__main__:CHILD MODEL ACCURACY: 0.7087
INFO:__main__:Policy gradient: -0.4484880864620209
INFO:__main__:
INFO:__main__:------ ITERATION 67 ------
INFO:__main__:Layers generated: [('128', '1', '2'), ('32', '5', '2')]
INFO:__main__:ChildCNNModel(
  (model): Sequential(
    (0): Conv2d(3, 128, kernel_size=(3, 3), stride=(1, 1), padding=(1, 1))
    (1): ReLU()
    (2): MaxPool2d(kernel_size=2, stride=2, padding=0, dilation=1, ceil_mode=False)
    (3): Conv2d(128, 128, kernel_size=(1, 1), stride=(1, 1), padding=(2, 2))
    (4): ReLU()
    (5): MaxPool2d(kernel_size=2, stride=2, padding=0, dilation=1, ceil_mode=False)
    (6): Conv2d(128, 32, kernel_size=(5, 5), stride=(1, 1), padding=(2, 2))
    (7): ReLU()
    (8): MaxPool2d(kernel_size=2, stride=2, padding=0, dilation=1, ceil_mode=False)
    (9): Flatten(start_dim=1, end_dim=-1)
    (10): Linear(in_features=800, out_features=512, bias=True)
    (11): ReLU()
    (12): Linear(in_features=512, out_features=256, bias=True)
    (13): ReLU()
    (14): Linear(in_features=256, out_features=10, bias=True)
  )
)
INFO:__main__:CHILD MODEL LOSS: 0.6574988672733307 with train time 105.40939092636108
INFO:__main__:CHILD MODEL ACCURACY: 0.7712
INFO:__main__:Policy gradient: 0.10005660355091095
INFO:__main__:
INFO:__main__:------ ITERATION 68 ------
INFO:__main__:Layers generated: [('256', '1', '2'), ('64', '3', '1')]
INFO:__main__:ChildCNNModel(
  (model): Sequential(
    (0): Conv2d(3, 128, kernel_size=(3, 3), stride=(1, 1), padding=(1, 1))
    (1): ReLU()
    (2): MaxPool2d(kernel_size=2, stride=2, padding=0, dilation=1, ceil_mode=False)
    (3): Conv2d(128, 256, kernel_size=(1, 1), stride=(1, 1), padding=(2, 2))
    (4): ReLU()
    (5): MaxPool2d(kernel_size=2, stride=2, padding=0, dilation=1, ceil_mode=False)
    (6): Conv2d(256, 64, kernel_size=(3, 3), stride=(1, 1), padding=(1, 1))
    (7): ReLU()
    (8): MaxPool2d(kernel_size=2, stride=2, padding=0, dilation=1, ceil_mode=False)
    (9): Flatten(start_dim=1, end_dim=-1)
    (10): Linear(in_features=1600, out_features=512, bias=True)
    (11): ReLU()
    (12): Linear(in_features=512, out_features=256, bias=True)
    (13): ReLU()
    (14): Linear(in_features=256, out_features=10, bias=True)
  )
)
INFO:__main__:CHILD MODEL LOSS: 0.6134717030525207 with train time 109.35483050346375
INFO:__main__:CHILD MODEL ACCURACY: 0.7914
INFO:__main__:Policy gradient: 0.21688009798526764
INFO:__main__:
INFO:__main__:------ ITERATION 69 ------
INFO:__main__:Layers generated: [('128', '1', '1'), ('64', '5', '2')]
INFO:__main__:ChildCNNModel(
  (model): Sequential(
    (0): Conv2d(3, 128, kernel_size=(3, 3), stride=(1, 1), padding=(1, 1))
    (1): ReLU()
    (2): MaxPool2d(kernel_size=2, stride=2, padding=0, dilation=1, ceil_mode=False)
    (3): Conv2d(128, 128, kernel_size=(1, 1), stride=(1, 1), padding=(1, 1))
    (4): ReLU()
    (5): MaxPool2d(kernel_size=2, stride=2, padding=0, dilation=1, ceil_mode=False)
    (6): Conv2d(128, 64, kernel_size=(5, 5), stride=(1, 1), padding=(2, 2))
    (7): ReLU()
    (8): MaxPool2d(kernel_size=2, stride=2, padding=0, dilation=1, ceil_mode=False)
    (9): Flatten(start_dim=1, end_dim=-1)
    (10): Linear(in_features=1024, out_features=512, bias=True)
    (11): ReLU()
    (12): Linear(in_features=512, out_features=256, bias=True)
    (13): ReLU()
    (14): Linear(in_features=256, out_features=10, bias=True)
  )
)
INFO:__main__:CHILD MODEL LOSS: 0.6257070187330246 with train time 107.50471878051758
INFO:__main__:CHILD MODEL ACCURACY: 0.7825
INFO:__main__:Policy gradient: 0.14875604212284088
INFO:__main__:
INFO:__main__:------ ITERATION 70 ------
INFO:__main__:Layers generated: [('16', '5', '0'), ('16', '5', '2')]
INFO:__main__:ChildCNNModel(
  (model): Sequential(
    (0): Conv2d(3, 128, kernel_size=(3, 3), stride=(1, 1), padding=(1, 1))
    (1): ReLU()
    (2): MaxPool2d(kernel_size=2, stride=2, padding=0, dilation=1, ceil_mode=False)
    (3): Conv2d(128, 16, kernel_size=(5, 5), stride=(1, 1))
    (4): ReLU()
    (5): MaxPool2d(kernel_size=2, stride=2, padding=0, dilation=1, ceil_mode=False)
    (6): Conv2d(16, 16, kernel_size=(5, 5), stride=(1, 1), padding=(2, 2))
    (7): ReLU()
    (8): MaxPool2d(kernel_size=2, stride=2, padding=0, dilation=1, ceil_mode=False)
    (9): Flatten(start_dim=1, end_dim=-1)
    (10): Linear(in_features=144, out_features=512, bias=True)
    (11): ReLU()
    (12): Linear(in_features=512, out_features=256, bias=True)
    (13): ReLU()
    (14): Linear(in_features=256, out_features=10, bias=True)
  )
)
INFO:__main__:CHILD MODEL LOSS: 0.920891951084137 with train time 101.96094250679016
INFO:__main__:CHILD MODEL ACCURACY: 0.7004
INFO:__main__:Policy gradient: -0.5439252853393555
INFO:__main__:
INFO:__main__:------ ITERATION 71 ------
INFO:__main__:Layers generated: [('64', '1', '2'), ('128', '3', '1')]
INFO:__main__:ChildCNNModel(
  (model): Sequential(
    (0): Conv2d(3, 128, kernel_size=(3, 3), stride=(1, 1), padding=(1, 1))
    (1): ReLU()
    (2): MaxPool2d(kernel_size=2, stride=2, padding=0, dilation=1, ceil_mode=False)
    (3): Conv2d(128, 64, kernel_size=(1, 1), stride=(1, 1), padding=(2, 2))
    (4): ReLU()
    (5): MaxPool2d(kernel_size=2, stride=2, padding=0, dilation=1, ceil_mode=False)
    (6): Conv2d(64, 128, kernel_size=(3, 3), stride=(1, 1), padding=(1, 1))
    (7): ReLU()
    (8): MaxPool2d(kernel_size=2, stride=2, padding=0, dilation=1, ceil_mode=False)
    (9): Flatten(start_dim=1, end_dim=-1)
    (10): Linear(in_features=3200, out_features=512, bias=True)
    (11): ReLU()
    (12): Linear(in_features=512, out_features=256, bias=True)
    (13): ReLU()
    (14): Linear(in_features=256, out_features=10, bias=True)
  )
)
INFO:__main__:CHILD MODEL LOSS: 0.617188399195671 with train time 101.44769811630249
INFO:__main__:CHILD MODEL ACCURACY: 0.7758
INFO:__main__:Policy gradient: 0.1347576081752777
INFO:__main__:
INFO:__main__:------ ITERATION 72 ------
INFO:__main__:Layers generated: [('32', '1', '2'), ('64', '5', '0')]
INFO:__main__:ChildCNNModel(
  (model): Sequential(
    (0): Conv2d(3, 128, kernel_size=(3, 3), stride=(1, 1), padding=(1, 1))
    (1): ReLU()
    (2): MaxPool2d(kernel_size=2, stride=2, padding=0, dilation=1, ceil_mode=False)
    (3): Conv2d(128, 32, kernel_size=(1, 1), stride=(1, 1), padding=(2, 2))
    (4): ReLU()
    (5): MaxPool2d(kernel_size=2, stride=2, padding=0, dilation=1, ceil_mode=False)
    (6): Conv2d(32, 64, kernel_size=(5, 5), stride=(1, 1))
    (7): ReLU()
    (8): MaxPool2d(kernel_size=2, stride=2, padding=0, dilation=1, ceil_mode=False)
    (9): Flatten(start_dim=1, end_dim=-1)
    (10): Linear(in_features=576, out_features=512, bias=True)
    (11): ReLU()
    (12): Linear(in_features=512, out_features=256, bias=True)
    (13): ReLU()
    (14): Linear(in_features=256, out_features=10, bias=True)
  )
)
INFO:__main__:CHILD MODEL LOSS: 0.7264604299068451 with train time 104.65420246124268
INFO:__main__:CHILD MODEL ACCURACY: 0.7534
INFO:__main__:Policy gradient: -0.034570980817079544
INFO:__main__:
INFO:__main__:------ ITERATION 73 ------
INFO:__main__:Layers generated: [('256', '1', '1'), ('256', '3', '0')]
INFO:__main__:ChildCNNModel(
  (model): Sequential(
    (0): Conv2d(3, 128, kernel_size=(3, 3), stride=(1, 1), padding=(1, 1))
    (1): ReLU()
    (2): MaxPool2d(kernel_size=2, stride=2, padding=0, dilation=1, ceil_mode=False)
    (3): Conv2d(128, 256, kernel_size=(1, 1), stride=(1, 1), padding=(1, 1))
    (4): ReLU()
    (5): MaxPool2d(kernel_size=2, stride=2, padding=0, dilation=1, ceil_mode=False)
    (6): Conv2d(256, 256, kernel_size=(3, 3), stride=(1, 1))
    (7): ReLU()
    (8): MaxPool2d(kernel_size=2, stride=2, padding=0, dilation=1, ceil_mode=False)
    (9): Flatten(start_dim=1, end_dim=-1)
    (10): Linear(in_features=2304, out_features=512, bias=True)
    (11): ReLU()
    (12): Linear(in_features=512, out_features=256, bias=True)
    (13): ReLU()
    (14): Linear(in_features=256, out_features=10, bias=True)
  )
)
INFO:__main__:CHILD MODEL LOSS: 0.5742009718418122 with train time 104.89749050140381
INFO:__main__:CHILD MODEL ACCURACY: 0.8106
INFO:__main__:Policy gradient: 0.3707582950592041
INFO:__main__:
INFO:__main__:------ ITERATION 74 ------
INFO:__main__:Layers generated: [('32', '5', '2'), ('64', '5', '2')]
INFO:__main__:ChildCNNModel(
  (model): Sequential(
    (0): Conv2d(3, 128, kernel_size=(3, 3), stride=(1, 1), padding=(1, 1))
    (1): ReLU()
    (2): MaxPool2d(kernel_size=2, stride=2, padding=0, dilation=1, ceil_mode=False)
    (3): Conv2d(128, 32, kernel_size=(5, 5), stride=(1, 1), padding=(2, 2))
    (4): ReLU()
    (5): MaxPool2d(kernel_size=2, stride=2, padding=0, dilation=1, ceil_mode=False)
    (6): Conv2d(32, 64, kernel_size=(5, 5), stride=(1, 1), padding=(2, 2))
    (7): ReLU()
    (8): MaxPool2d(kernel_size=2, stride=2, padding=0, dilation=1, ceil_mode=False)
    (9): Flatten(start_dim=1, end_dim=-1)
    (10): Linear(in_features=1024, out_features=512, bias=True)
    (11): ReLU()
    (12): Linear(in_features=512, out_features=256, bias=True)
    (13): ReLU()
    (14): Linear(in_features=256, out_features=10, bias=True)
  )
)
INFO:__main__:CHILD MODEL LOSS: 0.6732831724882126 with train time 106.65159392356873
INFO:__main__:CHILD MODEL ACCURACY: 0.7739
INFO:__main__:Policy gradient: 0.06991878896951675
INFO:__main__:
INFO:__main__:------ ITERATION 75 ------
INFO:__main__:Layers generated: [('256', '1', '1'), ('256', '5', '2')]
INFO:__main__:ChildCNNModel(
  (model): Sequential(
    (0): Conv2d(3, 128, kernel_size=(3, 3), stride=(1, 1), padding=(1, 1))
    (1): ReLU()
    (2): MaxPool2d(kernel_size=2, stride=2, padding=0, dilation=1, ceil_mode=False)
    (3): Conv2d(128, 256, kernel_size=(1, 1), stride=(1, 1), padding=(1, 1))
    (4): ReLU()
    (5): MaxPool2d(kernel_size=2, stride=2, padding=0, dilation=1, ceil_mode=False)
    (6): Conv2d(256, 256, kernel_size=(5, 5), stride=(1, 1), padding=(2, 2))
    (7): ReLU()
    (8): MaxPool2d(kernel_size=2, stride=2, padding=0, dilation=1, ceil_mode=False)
    (9): Flatten(start_dim=1, end_dim=-1)
    (10): Linear(in_features=4096, out_features=512, bias=True)
    (11): ReLU()
    (12): Linear(in_features=512, out_features=256, bias=True)
    (13): ReLU()
    (14): Linear(in_features=256, out_features=10, bias=True)
  )
)
INFO:__main__:CHILD MODEL LOSS: 0.576936376452446 with train time 111.060213804245
INFO:__main__:CHILD MODEL ACCURACY: 0.7843
INFO:__main__:Policy gradient: 0.12544496357440948
INFO:__main__:
INFO:__main__:------ ITERATION 76 ------
INFO:__main__:Layers generated: [('256', '1', '0'), ('256', '3', '1')]
INFO:__main__:ChildCNNModel(
  (model): Sequential(
    (0): Conv2d(3, 128, kernel_size=(3, 3), stride=(1, 1), padding=(1, 1))
    (1): ReLU()
    (2): MaxPool2d(kernel_size=2, stride=2, padding=0, dilation=1, ceil_mode=False)
    (3): Conv2d(128, 256, kernel_size=(1, 1), stride=(1, 1))
    (4): ReLU()
    (5): MaxPool2d(kernel_size=2, stride=2, padding=0, dilation=1, ceil_mode=False)
    (6): Conv2d(256, 256, kernel_size=(3, 3), stride=(1, 1), padding=(1, 1))
    (7): ReLU()
    (8): MaxPool2d(kernel_size=2, stride=2, padding=0, dilation=1, ceil_mode=False)
    (9): Flatten(start_dim=1, end_dim=-1)
    (10): Linear(in_features=4096, out_features=512, bias=True)
    (11): ReLU()
    (12): Linear(in_features=512, out_features=256, bias=True)
    (13): ReLU()
    (14): Linear(in_features=256, out_features=10, bias=True)
  )
)
INFO:__main__:CHILD MODEL LOSS: 0.5430951328277588 with train time 109.10437035560608
INFO:__main__:CHILD MODEL ACCURACY: 0.8096
INFO:__main__:Policy gradient: 0.3046274185180664
INFO:__main__:
INFO:__main__:------ ITERATION 77 ------
INFO:__main__:Layers generated: [('64', '3', '0'), ('64', '3', '1')]
INFO:__main__:ChildCNNModel(
  (model): Sequential(
    (0): Conv2d(3, 128, kernel_size=(3, 3), stride=(1, 1), padding=(1, 1))
    (1): ReLU()
    (2): MaxPool2d(kernel_size=2, stride=2, padding=0, dilation=1, ceil_mode=False)
    (3): Conv2d(128, 64, kernel_size=(3, 3), stride=(1, 1))
    (4): ReLU()
    (5): MaxPool2d(kernel_size=2, stride=2, padding=0, dilation=1, ceil_mode=False)
    (6): Conv2d(64, 64, kernel_size=(3, 3), stride=(1, 1), padding=(1, 1))
    (7): ReLU()
    (8): MaxPool2d(kernel_size=2, stride=2, padding=0, dilation=1, ceil_mode=False)
    (9): Flatten(start_dim=1, end_dim=-1)
    (10): Linear(in_features=576, out_features=512, bias=True)
    (11): ReLU()
    (12): Linear(in_features=512, out_features=256, bias=True)
    (13): ReLU()
    (14): Linear(in_features=256, out_features=10, bias=True)
  )
)
INFO:__main__:CHILD MODEL LOSS: 0.6692656290531158 with train time 97.85688734054565
INFO:__main__:CHILD MODEL ACCURACY: 0.7828
INFO:__main__:Policy gradient: 0.09665725380182266
INFO:__main__:
INFO:__main__:------ ITERATION 78 ------
INFO:__main__:Layers generated: [('32', '1', '2'), ('128', '1', '2')]
INFO:__main__:ChildCNNModel(
  (model): Sequential(
    (0): Conv2d(3, 128, kernel_size=(3, 3), stride=(1, 1), padding=(1, 1))
    (1): ReLU()
    (2): MaxPool2d(kernel_size=2, stride=2, padding=0, dilation=1, ceil_mode=False)
    (3): Conv2d(128, 32, kernel_size=(1, 1), stride=(1, 1), padding=(2, 2))
    (4): ReLU()
    (5): MaxPool2d(kernel_size=2, stride=2, padding=0, dilation=1, ceil_mode=False)
    (6): Conv2d(32, 128, kernel_size=(1, 1), stride=(1, 1), padding=(2, 2))
    (7): ReLU()
    (8): MaxPool2d(kernel_size=2, stride=2, padding=0, dilation=1, ceil_mode=False)
    (9): Flatten(start_dim=1, end_dim=-1)
    (10): Linear(in_features=6272, out_features=512, bias=True)
    (11): ReLU()
    (12): Linear(in_features=512, out_features=256, bias=True)
    (13): ReLU()
    (14): Linear(in_features=256, out_features=10, bias=True)
  )
)
INFO:__main__:CHILD MODEL LOSS: 0.793777713060379 with train time 104.23988199234009
INFO:__main__:CHILD MODEL ACCURACY: 0.735
INFO:__main__:Policy gradient: -0.2625139355659485
INFO:__main__:
INFO:__main__:------ ITERATION 79 ------
INFO:__main__:Layers generated: [('32', '1', '1'), ('256', '5', '0')]
INFO:__main__:ChildCNNModel(
  (model): Sequential(
    (0): Conv2d(3, 128, kernel_size=(3, 3), stride=(1, 1), padding=(1, 1))
    (1): ReLU()
    (2): MaxPool2d(kernel_size=2, stride=2, padding=0, dilation=1, ceil_mode=False)
    (3): Conv2d(128, 32, kernel_size=(1, 1), stride=(1, 1), padding=(1, 1))
    (4): ReLU()
    (5): MaxPool2d(kernel_size=2, stride=2, padding=0, dilation=1, ceil_mode=False)
    (6): Conv2d(32, 256, kernel_size=(5, 5), stride=(1, 1))
    (7): ReLU()
    (8): MaxPool2d(kernel_size=2, stride=2, padding=0, dilation=1, ceil_mode=False)
    (9): Flatten(start_dim=1, end_dim=-1)
    (10): Linear(in_features=1024, out_features=512, bias=True)
    (11): ReLU()
    (12): Linear(in_features=512, out_features=256, bias=True)
    (13): ReLU()
    (14): Linear(in_features=256, out_features=10, bias=True)
  )
)
INFO:__main__:CHILD MODEL LOSS: 0.678291277885437 with train time 101.43858575820923
INFO:__main__:CHILD MODEL ACCURACY: 0.7752
INFO:__main__:Policy gradient: 0.04781382530927658
INFO:__main__:
INFO:__main__:------ ITERATION 80 ------
INFO:__main__:Layers generated: [('256', '1', '2'), ('64', '5', '1')]
INFO:__main__:ChildCNNModel(
  (model): Sequential(
    (0): Conv2d(3, 128, kernel_size=(3, 3), stride=(1, 1), padding=(1, 1))
    (1): ReLU()
    (2): MaxPool2d(kernel_size=2, stride=2, padding=0, dilation=1, ceil_mode=False)
    (3): Conv2d(128, 256, kernel_size=(1, 1), stride=(1, 1), padding=(2, 2))
    (4): ReLU()
    (5): MaxPool2d(kernel_size=2, stride=2, padding=0, dilation=1, ceil_mode=False)
    (6): Conv2d(256, 64, kernel_size=(5, 5), stride=(1, 1), padding=(1, 1))
    (7): ReLU()
    (8): MaxPool2d(kernel_size=2, stride=2, padding=0, dilation=1, ceil_mode=False)
    (9): Flatten(start_dim=1, end_dim=-1)
    (10): Linear(in_features=1024, out_features=512, bias=True)
    (11): ReLU()
    (12): Linear(in_features=512, out_features=256, bias=True)
    (13): ReLU()
    (14): Linear(in_features=256, out_features=10, bias=True)
  )
)
INFO:__main__:CHILD MODEL LOSS: 0.6039268118143082 with train time 103.81630659103394
INFO:__main__:CHILD MODEL ACCURACY: 0.7817
INFO:__main__:Policy gradient: 0.06959599256515503
INFO:__main__:
INFO:__main__:------ ITERATION 81 ------
INFO:__main__:Layers generated: [('64', '5', '2'), ('32', '1', '2')]
INFO:__main__:ChildCNNModel(
  (model): Sequential(
    (0): Conv2d(3, 128, kernel_size=(3, 3), stride=(1, 1), padding=(1, 1))
    (1): ReLU()
    (2): MaxPool2d(kernel_size=2, stride=2, padding=0, dilation=1, ceil_mode=False)
    (3): Conv2d(128, 64, kernel_size=(5, 5), stride=(1, 1), padding=(2, 2))
    (4): ReLU()
    (5): MaxPool2d(kernel_size=2, stride=2, padding=0, dilation=1, ceil_mode=False)
    (6): Conv2d(64, 32, kernel_size=(1, 1), stride=(1, 1), padding=(2, 2))
    (7): ReLU()
    (8): MaxPool2d(kernel_size=2, stride=2, padding=0, dilation=1, ceil_mode=False)
    (9): Flatten(start_dim=1, end_dim=-1)
    (10): Linear(in_features=1152, out_features=512, bias=True)
    (11): ReLU()
    (12): Linear(in_features=512, out_features=256, bias=True)
    (13): ReLU()
    (14): Linear(in_features=256, out_features=10, bias=True)
  )
)
INFO:__main__:CHILD MODEL LOSS: 0.7427503316402435 with train time 103.19780278205872
INFO:__main__:CHILD MODEL ACCURACY: 0.7504
INFO:__main__:Policy gradient: -0.151845321059227
INFO:__main__:
INFO:__main__:------ ITERATION 82 ------
INFO:__main__:Layers generated: [('128', '3', '1'), ('256', '5', '2')]
INFO:__main__:ChildCNNModel(
  (model): Sequential(
    (0): Conv2d(3, 128, kernel_size=(3, 3), stride=(1, 1), padding=(1, 1))
    (1): ReLU()
    (2): MaxPool2d(kernel_size=2, stride=2, padding=0, dilation=1, ceil_mode=False)
    (3): Conv2d(128, 128, kernel_size=(3, 3), stride=(1, 1), padding=(1, 1))
    (4): ReLU()
    (5): MaxPool2d(kernel_size=2, stride=2, padding=0, dilation=1, ceil_mode=False)
    (6): Conv2d(128, 256, kernel_size=(5, 5), stride=(1, 1), padding=(2, 2))
    (7): ReLU()
    (8): MaxPool2d(kernel_size=2, stride=2, padding=0, dilation=1, ceil_mode=False)
    (9): Flatten(start_dim=1, end_dim=-1)
    (10): Linear(in_features=4096, out_features=512, bias=True)
    (11): ReLU()
    (12): Linear(in_features=512, out_features=256, bias=True)
    (13): ReLU()
    (14): Linear(in_features=256, out_features=10, bias=True)
  )
)
INFO:__main__:CHILD MODEL LOSS: 0.5239742052555084 with train time 107.78050398826599
INFO:__main__:CHILD MODEL ACCURACY: 0.8028
INFO:__main__:Policy gradient: 0.2813912332057953
INFO:__main__:
INFO:__main__:------ ITERATION 83 ------
INFO:__main__:Layers generated: [('128', '5', '1'), ('256', '1', '1')]
INFO:__main__:ChildCNNModel(
  (model): Sequential(
    (0): Conv2d(3, 128, kernel_size=(3, 3), stride=(1, 1), padding=(1, 1))
    (1): ReLU()
    (2): MaxPool2d(kernel_size=2, stride=2, padding=0, dilation=1, ceil_mode=False)
    (3): Conv2d(128, 128, kernel_size=(5, 5), stride=(1, 1), padding=(1, 1))
    (4): ReLU()
    (5): MaxPool2d(kernel_size=2, stride=2, padding=0, dilation=1, ceil_mode=False)
    (6): Conv2d(128, 256, kernel_size=(1, 1), stride=(1, 1), padding=(1, 1))
    (7): ReLU()
    (8): MaxPool2d(kernel_size=2, stride=2, padding=0, dilation=1, ceil_mode=False)
    (9): Flatten(start_dim=1, end_dim=-1)
    (10): Linear(in_features=4096, out_features=512, bias=True)
    (11): ReLU()
    (12): Linear(in_features=512, out_features=256, bias=True)
    (13): ReLU()
    (14): Linear(in_features=256, out_features=10, bias=True)
  )
)
INFO:__main__:CHILD MODEL LOSS: 0.5831214165687562 with train time 104.02561140060425
INFO:__main__:CHILD MODEL ACCURACY: 0.8044
INFO:__main__:Policy gradient: 0.27701616287231445
INFO:__main__:
INFO:__main__:------ ITERATION 84 ------
INFO:__main__:Layers generated: [('256', '1', '2'), ('64', '5', '0')]
INFO:__main__:ChildCNNModel(
  (model): Sequential(
    (0): Conv2d(3, 128, kernel_size=(3, 3), stride=(1, 1), padding=(1, 1))
    (1): ReLU()
    (2): MaxPool2d(kernel_size=2, stride=2, padding=0, dilation=1, ceil_mode=False)
    (3): Conv2d(128, 256, kernel_size=(1, 1), stride=(1, 1), padding=(2, 2))
    (4): ReLU()
    (5): MaxPool2d(kernel_size=2, stride=2, padding=0, dilation=1, ceil_mode=False)
    (6): Conv2d(256, 64, kernel_size=(5, 5), stride=(1, 1))
    (7): ReLU()
    (8): MaxPool2d(kernel_size=2, stride=2, padding=0, dilation=1, ceil_mode=False)
    (9): Flatten(start_dim=1, end_dim=-1)
    (10): Linear(in_features=576, out_features=512, bias=True)
    (11): ReLU()
    (12): Linear(in_features=512, out_features=256, bias=True)
    (13): ReLU()
    (14): Linear(in_features=256, out_features=10, bias=True)
  )
)
INFO:__main__:CHILD MODEL LOSS: 0.64066921043396 with train time 102.92830610275269
INFO:__main__:CHILD MODEL ACCURACY: 0.7759
INFO:__main__:Policy gradient: 0.004443604964762926
INFO:__main__:
INFO:__main__:------ ITERATION 85 ------
INFO:__main__:Layers generated: [('256', '1', '1'), ('256', '3', '1')]
INFO:__main__:ChildCNNModel(
  (model): Sequential(
    (0): Conv2d(3, 128, kernel_size=(3, 3), stride=(1, 1), padding=(1, 1))
    (1): ReLU()
    (2): MaxPool2d(kernel_size=2, stride=2, padding=0, dilation=1, ceil_mode=False)
    (3): Conv2d(128, 256, kernel_size=(1, 1), stride=(1, 1), padding=(1, 1))
    (4): ReLU()
    (5): MaxPool2d(kernel_size=2, stride=2, padding=0, dilation=1, ceil_mode=False)
    (6): Conv2d(256, 256, kernel_size=(3, 3), stride=(1, 1), padding=(1, 1))
    (7): ReLU()
    (8): MaxPool2d(kernel_size=2, stride=2, padding=0, dilation=1, ceil_mode=False)
    (9): Flatten(start_dim=1, end_dim=-1)
    (10): Linear(in_features=4096, out_features=512, bias=True)
    (11): ReLU()
    (12): Linear(in_features=512, out_features=256, bias=True)
    (13): ReLU()
    (14): Linear(in_features=256, out_features=10, bias=True)
  )
)
INFO:__main__:CHILD MODEL LOSS: 0.5588331862688064 with train time 109.31117582321167
INFO:__main__:CHILD MODEL ACCURACY: 0.8128
INFO:__main__:Policy gradient: 0.26597467064857483
INFO:__main__:
INFO:__main__:------ ITERATION 86 ------
INFO:__main__:Layers generated: [('64', '5', '0'), ('64', '5', '2')]
INFO:__main__:ChildCNNModel(
  (model): Sequential(
    (0): Conv2d(3, 128, kernel_size=(3, 3), stride=(1, 1), padding=(1, 1))
    (1): ReLU()
    (2): MaxPool2d(kernel_size=2, stride=2, padding=0, dilation=1, ceil_mode=False)
    (3): Conv2d(128, 64, kernel_size=(5, 5), stride=(1, 1))
    (4): ReLU()
    (5): MaxPool2d(kernel_size=2, stride=2, padding=0, dilation=1, ceil_mode=False)
    (6): Conv2d(64, 64, kernel_size=(5, 5), stride=(1, 1), padding=(2, 2))
    (7): ReLU()
    (8): MaxPool2d(kernel_size=2, stride=2, padding=0, dilation=1, ceil_mode=False)
    (9): Flatten(start_dim=1, end_dim=-1)
    (10): Linear(in_features=576, out_features=512, bias=True)
    (11): ReLU()
    (12): Linear(in_features=512, out_features=256, bias=True)
    (13): ReLU()
    (14): Linear(in_features=256, out_features=10, bias=True)
  )
)
INFO:__main__:CHILD MODEL LOSS: 0.6793491741418839 with train time 103.1440839767456
INFO:__main__:CHILD MODEL ACCURACY: 0.7676
INFO:__main__:Policy gradient: -0.07899675518274307
INFO:__main__:
INFO:__main__:------ ITERATION 87 ------
INFO:__main__:Layers generated: [('256', '3', '2'), ('64', '1', '2')]
INFO:__main__:ChildCNNModel(
  (model): Sequential(
    (0): Conv2d(3, 128, kernel_size=(3, 3), stride=(1, 1), padding=(1, 1))
    (1): ReLU()
    (2): MaxPool2d(kernel_size=2, stride=2, padding=0, dilation=1, ceil_mode=False)
    (3): Conv2d(128, 256, kernel_size=(3, 3), stride=(1, 1), padding=(2, 2))
    (4): ReLU()
    (5): MaxPool2d(kernel_size=2, stride=2, padding=0, dilation=1, ceil_mode=False)
    (6): Conv2d(256, 64, kernel_size=(1, 1), stride=(1, 1), padding=(2, 2))
    (7): ReLU()
    (8): MaxPool2d(kernel_size=2, stride=2, padding=0, dilation=1, ceil_mode=False)
    (9): Flatten(start_dim=1, end_dim=-1)
    (10): Linear(in_features=2304, out_features=512, bias=True)
    (11): ReLU()
    (12): Linear(in_features=512, out_features=256, bias=True)
    (13): ReLU()
    (14): Linear(in_features=256, out_features=10, bias=True)
  )
)
INFO:__main__:CHILD MODEL LOSS: 0.6446234128475189 with train time 105.01666498184204
INFO:__main__:CHILD MODEL ACCURACY: 0.7779
INFO:__main__:Policy gradient: 0.0007801216561347246
INFO:__main__:
INFO:__main__:------ ITERATION 88 ------
INFO:__main__:Layers generated: [('256', '1', '0'), ('16', '5', '0')]
INFO:__main__:ChildCNNModel(
  (model): Sequential(
    (0): Conv2d(3, 128, kernel_size=(3, 3), stride=(1, 1), padding=(1, 1))
    (1): ReLU()
    (2): MaxPool2d(kernel_size=2, stride=2, padding=0, dilation=1, ceil_mode=False)
    (3): Conv2d(128, 256, kernel_size=(1, 1), stride=(1, 1))
    (4): ReLU()
    (5): MaxPool2d(kernel_size=2, stride=2, padding=0, dilation=1, ceil_mode=False)
    (6): Conv2d(256, 16, kernel_size=(5, 5), stride=(1, 1))
    (7): ReLU()
    (8): MaxPool2d(kernel_size=2, stride=2, padding=0, dilation=1, ceil_mode=False)
    (9): Flatten(start_dim=1, end_dim=-1)
    (10): Linear(in_features=64, out_features=512, bias=True)
    (11): ReLU()
    (12): Linear(in_features=512, out_features=256, bias=True)
    (13): ReLU()
    (14): Linear(in_features=256, out_features=10, bias=True)
  )
)
INFO:__main__:CHILD MODEL LOSS: 0.8626303389072418 with train time 98.9030978679657
INFO:__main__:CHILD MODEL ACCURACY: 0.7087
INFO:__main__:Policy gradient: -0.4795197546482086
INFO:__main__:
INFO:__main__:------ ITERATION 89 ------
INFO:__main__:Layers generated: [('64', '3', '0'), ('128', '1', '2')]
INFO:__main__:ChildCNNModel(
  (model): Sequential(
    (0): Conv2d(3, 128, kernel_size=(3, 3), stride=(1, 1), padding=(1, 1))
    (1): ReLU()
    (2): MaxPool2d(kernel_size=2, stride=2, padding=0, dilation=1, ceil_mode=False)
    (3): Conv2d(128, 64, kernel_size=(3, 3), stride=(1, 1))
    (4): ReLU()
    (5): MaxPool2d(kernel_size=2, stride=2, padding=0, dilation=1, ceil_mode=False)
    (6): Conv2d(64, 128, kernel_size=(1, 1), stride=(1, 1), padding=(2, 2))
    (7): ReLU()
    (8): MaxPool2d(kernel_size=2, stride=2, padding=0, dilation=1, ceil_mode=False)
    (9): Flatten(start_dim=1, end_dim=-1)
    (10): Linear(in_features=3200, out_features=512, bias=True)
    (11): ReLU()
    (12): Linear(in_features=512, out_features=256, bias=True)
    (13): ReLU()
    (14): Linear(in_features=256, out_features=10, bias=True)
  )
)
INFO:__main__:CHILD MODEL LOSS: 0.6892917473316192 with train time 102.57966423034668
INFO:__main__:CHILD MODEL ACCURACY: 0.7625
INFO:__main__:Policy gradient: -0.07110685110092163
INFO:__main__:
INFO:__main__:------ ITERATION 90 ------
INFO:__main__:Layers generated: [('256', '3', '0'), ('64', '5', '0')]
INFO:__main__:ChildCNNModel(
  (model): Sequential(
    (0): Conv2d(3, 128, kernel_size=(3, 3), stride=(1, 1), padding=(1, 1))
    (1): ReLU()
    (2): MaxPool2d(kernel_size=2, stride=2, padding=0, dilation=1, ceil_mode=False)
    (3): Conv2d(128, 256, kernel_size=(3, 3), stride=(1, 1))
    (4): ReLU()
    (5): MaxPool2d(kernel_size=2, stride=2, padding=0, dilation=1, ceil_mode=False)
    (6): Conv2d(256, 64, kernel_size=(5, 5), stride=(1, 1))
    (7): ReLU()
    (8): MaxPool2d(kernel_size=2, stride=2, padding=0, dilation=1, ceil_mode=False)
    (9): Flatten(start_dim=1, end_dim=-1)
    (10): Linear(in_features=64, out_features=512, bias=True)
    (11): ReLU()
    (12): Linear(in_features=512, out_features=256, bias=True)
    (13): ReLU()
    (14): Linear(in_features=256, out_features=10, bias=True)
  )
)
INFO:__main__:CHILD MODEL LOSS: 0.6907485864162445 with train time 105.01595163345337
INFO:__main__:CHILD MODEL ACCURACY: 0.7776
INFO:__main__:Policy gradient: 0.05398505926132202
INFO:__main__:
INFO:__main__:------ ITERATION 91 ------
INFO:__main__:Layers generated: [('128', '5', '2'), ('128', '1', '2')]
INFO:__main__:ChildCNNModel(
  (model): Sequential(
    (0): Conv2d(3, 128, kernel_size=(3, 3), stride=(1, 1), padding=(1, 1))
    (1): ReLU()
    (2): MaxPool2d(kernel_size=2, stride=2, padding=0, dilation=1, ceil_mode=False)
    (3): Conv2d(128, 128, kernel_size=(5, 5), stride=(1, 1), padding=(2, 2))
    (4): ReLU()
    (5): MaxPool2d(kernel_size=2, stride=2, padding=0, dilation=1, ceil_mode=False)
    (6): Conv2d(128, 128, kernel_size=(1, 1), stride=(1, 1), padding=(2, 2))
    (7): ReLU()
    (8): MaxPool2d(kernel_size=2, stride=2, padding=0, dilation=1, ceil_mode=False)
    (9): Flatten(start_dim=1, end_dim=-1)
    (10): Linear(in_features=4608, out_features=512, bias=True)
    (11): ReLU()
    (12): Linear(in_features=512, out_features=256, bias=True)
    (13): ReLU()
    (14): Linear(in_features=256, out_features=10, bias=True)
  )
)
INFO:__main__:CHILD MODEL LOSS: 0.6302098995447158 with train time 100.55384969711304
INFO:__main__:CHILD MODEL ACCURACY: 0.7868
INFO:__main__:Policy gradient: 0.12629209458827972
INFO:__main__:
INFO:__main__:------ ITERATION 92 ------
INFO:__main__:Layers generated: [('16', '1', '2'), ('32', '3', '2')]
INFO:__main__:ChildCNNModel(
  (model): Sequential(
    (0): Conv2d(3, 128, kernel_size=(3, 3), stride=(1, 1), padding=(1, 1))
    (1): ReLU()
    (2): MaxPool2d(kernel_size=2, stride=2, padding=0, dilation=1, ceil_mode=False)
    (3): Conv2d(128, 16, kernel_size=(1, 1), stride=(1, 1), padding=(2, 2))
    (4): ReLU()
    (5): MaxPool2d(kernel_size=2, stride=2, padding=0, dilation=1, ceil_mode=False)
    (6): Conv2d(16, 32, kernel_size=(3, 3), stride=(1, 1), padding=(2, 2))
    (7): ReLU()
    (8): MaxPool2d(kernel_size=2, stride=2, padding=0, dilation=1, ceil_mode=False)
    (9): Flatten(start_dim=1, end_dim=-1)
    (10): Linear(in_features=1152, out_features=512, bias=True)
    (11): ReLU()
    (12): Linear(in_features=512, out_features=256, bias=True)
    (13): ReLU()
    (14): Linear(in_features=256, out_features=10, bias=True)
  )
)
INFO:__main__:CHILD MODEL LOSS: 0.8103683292865753 with train time 105.64376330375671
INFO:__main__:CHILD MODEL ACCURACY: 0.7358
INFO:__main__:Policy gradient: -0.29523277282714844
INFO:__main__:
INFO:__main__:------ ITERATION 93 ------
INFO:__main__:Layers generated: [('64', '1', '2'), ('256', '5', '1')]
INFO:__main__:ChildCNNModel(
  (model): Sequential(
    (0): Conv2d(3, 128, kernel_size=(3, 3), stride=(1, 1), padding=(1, 1))
    (1): ReLU()
    (2): MaxPool2d(kernel_size=2, stride=2, padding=0, dilation=1, ceil_mode=False)
    (3): Conv2d(128, 64, kernel_size=(1, 1), stride=(1, 1), padding=(2, 2))
    (4): ReLU()
    (5): MaxPool2d(kernel_size=2, stride=2, padding=0, dilation=1, ceil_mode=False)
    (6): Conv2d(64, 256, kernel_size=(5, 5), stride=(1, 1), padding=(1, 1))
    (7): ReLU()
    (8): MaxPool2d(kernel_size=2, stride=2, padding=0, dilation=1, ceil_mode=False)
    (9): Flatten(start_dim=1, end_dim=-1)
    (10): Linear(in_features=4096, out_features=512, bias=True)
    (11): ReLU()
    (12): Linear(in_features=512, out_features=256, bias=True)
    (13): ReLU()
    (14): Linear(in_features=256, out_features=10, bias=True)
  )
)
INFO:__main__:CHILD MODEL LOSS: 0.5585981155633927 with train time 107.45800805091858
INFO:__main__:CHILD MODEL ACCURACY: 0.7983
INFO:__main__:Policy gradient: 0.1759348064661026
INFO:__main__:
INFO:__main__:------ ITERATION 94 ------
INFO:__main__:Layers generated: [('64', '5', '0'), ('32', '5', '2')]
INFO:__main__:ChildCNNModel(
  (model): Sequential(
    (0): Conv2d(3, 128, kernel_size=(3, 3), stride=(1, 1), padding=(1, 1))
    (1): ReLU()
    (2): MaxPool2d(kernel_size=2, stride=2, padding=0, dilation=1, ceil_mode=False)
    (3): Conv2d(128, 64, kernel_size=(5, 5), stride=(1, 1))
    (4): ReLU()
    (5): MaxPool2d(kernel_size=2, stride=2, padding=0, dilation=1, ceil_mode=False)
    (6): Conv2d(64, 32, kernel_size=(5, 5), stride=(1, 1), padding=(2, 2))
    (7): ReLU()
    (8): MaxPool2d(kernel_size=2, stride=2, padding=0, dilation=1, ceil_mode=False)
    (9): Flatten(start_dim=1, end_dim=-1)
    (10): Linear(in_features=288, out_features=512, bias=True)
    (11): ReLU()
    (12): Linear(in_features=512, out_features=256, bias=True)
    (13): ReLU()
    (14): Linear(in_features=256, out_features=10, bias=True)
  )
)
INFO:__main__:CHILD MODEL LOSS: 0.7137144360542297 with train time 99.97445726394653
INFO:__main__:CHILD MODEL ACCURACY: 0.7614
INFO:__main__:Policy gradient: -0.07954017072916031
INFO:__main__:
INFO:__main__:------ ITERATION 95 ------
INFO:__main__:Layers generated: [('16', '1', '2'), ('64', '1', '0')]
INFO:__main__:ChildCNNModel(
  (model): Sequential(
    (0): Conv2d(3, 128, kernel_size=(3, 3), stride=(1, 1), padding=(1, 1))
    (1): ReLU()
    (2): MaxPool2d(kernel_size=2, stride=2, padding=0, dilation=1, ceil_mode=False)
    (3): Conv2d(128, 16, kernel_size=(1, 1), stride=(1, 1), padding=(2, 2))
    (4): ReLU()
    (5): MaxPool2d(kernel_size=2, stride=2, padding=0, dilation=1, ceil_mode=False)
    (6): Conv2d(16, 64, kernel_size=(1, 1), stride=(1, 1))
    (7): ReLU()
    (8): MaxPool2d(kernel_size=2, stride=2, padding=0, dilation=1, ceil_mode=False)
    (9): Flatten(start_dim=1, end_dim=-1)
    (10): Linear(in_features=1600, out_features=512, bias=True)
    (11): ReLU()
    (12): Linear(in_features=512, out_features=256, bias=True)
    (13): ReLU()
    (14): Linear(in_features=256, out_features=10, bias=True)
  )
)
INFO:__main__:CHILD MODEL LOSS: 0.9235240557193756 with train time 101.78270697593689
INFO:__main__:CHILD MODEL ACCURACY: 0.6937
INFO:__main__:Policy gradient: -0.5677642226219177
INFO:__main__:
INFO:__main__:------ ITERATION 96 ------
INFO:__main__:Layers generated: [('32', '5', '2'), ('64', '3', '2')]
INFO:__main__:ChildCNNModel(
  (model): Sequential(
    (0): Conv2d(3, 128, kernel_size=(3, 3), stride=(1, 1), padding=(1, 1))
    (1): ReLU()
    (2): MaxPool2d(kernel_size=2, stride=2, padding=0, dilation=1, ceil_mode=False)
    (3): Conv2d(128, 32, kernel_size=(5, 5), stride=(1, 1), padding=(2, 2))
    (4): ReLU()
    (5): MaxPool2d(kernel_size=2, stride=2, padding=0, dilation=1, ceil_mode=False)
    (6): Conv2d(32, 64, kernel_size=(3, 3), stride=(1, 1), padding=(2, 2))
    (7): ReLU()
    (8): MaxPool2d(kernel_size=2, stride=2, padding=0, dilation=1, ceil_mode=False)
    (9): Flatten(start_dim=1, end_dim=-1)
    (10): Linear(in_features=1600, out_features=512, bias=True)
    (11): ReLU()
    (12): Linear(in_features=512, out_features=256, bias=True)
    (13): ReLU()
    (14): Linear(in_features=256, out_features=10, bias=True)
  )
)
INFO:__main__:CHILD MODEL LOSS: 0.6756568648815156 with train time 106.30801773071289
INFO:__main__:CHILD MODEL ACCURACY: 0.7783
INFO:__main__:Policy gradient: 0.11354668438434601
INFO:__main__:
INFO:__main__:------ ITERATION 97 ------
INFO:__main__:Layers generated: [('256', '1', '1'), ('16', '1', '2')]
INFO:__main__:ChildCNNModel(
  (model): Sequential(
    (0): Conv2d(3, 128, kernel_size=(3, 3), stride=(1, 1), padding=(1, 1))
    (1): ReLU()
    (2): MaxPool2d(kernel_size=2, stride=2, padding=0, dilation=1, ceil_mode=False)
    (3): Conv2d(128, 256, kernel_size=(1, 1), stride=(1, 1), padding=(1, 1))
    (4): ReLU()
    (5): MaxPool2d(kernel_size=2, stride=2, padding=0, dilation=1, ceil_mode=False)
    (6): Conv2d(256, 16, kernel_size=(1, 1), stride=(1, 1), padding=(2, 2))
    (7): ReLU()
    (8): MaxPool2d(kernel_size=2, stride=2, padding=0, dilation=1, ceil_mode=False)
    (9): Flatten(start_dim=1, end_dim=-1)
    (10): Linear(in_features=576, out_features=512, bias=True)
    (11): ReLU()
    (12): Linear(in_features=512, out_features=256, bias=True)
    (13): ReLU()
    (14): Linear(in_features=256, out_features=10, bias=True)
  )
)
INFO:__main__:CHILD MODEL LOSS: 0.8241650910377503 with train time 103.95070576667786
INFO:__main__:CHILD MODEL ACCURACY: 0.7282
INFO:__main__:Policy gradient: -0.2798783481121063
INFO:__main__:
INFO:__main__:------ ITERATION 98 ------
INFO:__main__:Layers generated: [('64', '1', '2'), ('128', '3', '1')]
INFO:__main__:ChildCNNModel(
  (model): Sequential(
    (0): Conv2d(3, 128, kernel_size=(3, 3), stride=(1, 1), padding=(1, 1))
    (1): ReLU()
    (2): MaxPool2d(kernel_size=2, stride=2, padding=0, dilation=1, ceil_mode=False)
    (3): Conv2d(128, 64, kernel_size=(1, 1), stride=(1, 1), padding=(2, 2))
    (4): ReLU()
    (5): MaxPool2d(kernel_size=2, stride=2, padding=0, dilation=1, ceil_mode=False)
    (6): Conv2d(64, 128, kernel_size=(3, 3), stride=(1, 1), padding=(1, 1))
    (7): ReLU()
    (8): MaxPool2d(kernel_size=2, stride=2, padding=0, dilation=1, ceil_mode=False)
    (9): Flatten(start_dim=1, end_dim=-1)
    (10): Linear(in_features=3200, out_features=512, bias=True)
    (11): ReLU()
    (12): Linear(in_features=512, out_features=256, bias=True)
    (13): ReLU()
    (14): Linear(in_features=256, out_features=10, bias=True)
  )
)
INFO:__main__:CHILD MODEL LOSS: 0.599778707742691 with train time 98.14211106300354
INFO:__main__:CHILD MODEL ACCURACY: 0.7899
INFO:__main__:Policy gradient: 0.2004355490207672
INFO:__main__:
INFO:__main__:------ ITERATION 99 ------
INFO:__main__:Layers generated: [('128', '3', '2'), ('64', '5', '0')]
INFO:__main__:ChildCNNModel(
  (model): Sequential(
    (0): Conv2d(3, 128, kernel_size=(3, 3), stride=(1, 1), padding=(1, 1))
    (1): ReLU()
    (2): MaxPool2d(kernel_size=2, stride=2, padding=0, dilation=1, ceil_mode=False)
    (3): Conv2d(128, 128, kernel_size=(3, 3), stride=(1, 1), padding=(2, 2))
    (4): ReLU()
    (5): MaxPool2d(kernel_size=2, stride=2, padding=0, dilation=1, ceil_mode=False)
    (6): Conv2d(128, 64, kernel_size=(5, 5), stride=(1, 1))
    (7): ReLU()
    (8): MaxPool2d(kernel_size=2, stride=2, padding=0, dilation=1, ceil_mode=False)
    (9): Flatten(start_dim=1, end_dim=-1)
    (10): Linear(in_features=256, out_features=512, bias=True)
    (11): ReLU()
    (12): Linear(in_features=512, out_features=256, bias=True)
    (13): ReLU()
    (14): Linear(in_features=256, out_features=10, bias=True)
  )
)
INFO:__main__:CHILD MODEL LOSS: 0.636320313334465 with train time 108.80065107345581
INFO:__main__:CHILD MODEL ACCURACY: 0.7855
INFO:__main__:Policy gradient: 0.15689586102962494
INFO:__main__:
INFO:__main__:------ ITERATION 100 ------
INFO:__main__:Layers generated: [('64', '3', '2'), ('64', '5', '1')]
INFO:__main__:ChildCNNModel(
  (model): Sequential(
    (0): Conv2d(3, 128, kernel_size=(3, 3), stride=(1, 1), padding=(1, 1))
    (1): ReLU()
    (2): MaxPool2d(kernel_size=2, stride=2, padding=0, dilation=1, ceil_mode=False)
    (3): Conv2d(128, 64, kernel_size=(3, 3), stride=(1, 1), padding=(2, 2))
    (4): ReLU()
    (5): MaxPool2d(kernel_size=2, stride=2, padding=0, dilation=1, ceil_mode=False)
    (6): Conv2d(64, 64, kernel_size=(5, 5), stride=(1, 1), padding=(1, 1))
    (7): ReLU()
    (8): MaxPool2d(kernel_size=2, stride=2, padding=0, dilation=1, ceil_mode=False)
    (9): Flatten(start_dim=1, end_dim=-1)
    (10): Linear(in_features=576, out_features=512, bias=True)
    (11): ReLU()
    (12): Linear(in_features=512, out_features=256, bias=True)
    (13): ReLU()
    (14): Linear(in_features=256, out_features=10, bias=True)
  )
)
INFO:__main__:CHILD MODEL LOSS: 0.6193172186613083 with train time 102.18966341018677
INFO:__main__:CHILD MODEL ACCURACY: 0.7903
INFO:__main__:Policy gradient: 0.16698291897773743
INFO:__main__:
INFO:__main__:------ ITERATION 101 ------
INFO:__main__:Layers generated: [('32', '3', '1'), ('256', '1', '0')]
INFO:__main__:ChildCNNModel(
  (model): Sequential(
    (0): Conv2d(3, 128, kernel_size=(3, 3), stride=(1, 1), padding=(1, 1))
    (1): ReLU()
    (2): MaxPool2d(kernel_size=2, stride=2, padding=0, dilation=1, ceil_mode=False)
    (3): Conv2d(128, 32, kernel_size=(3, 3), stride=(1, 1), padding=(1, 1))
    (4): ReLU()
    (5): MaxPool2d(kernel_size=2, stride=2, padding=0, dilation=1, ceil_mode=False)
    (6): Conv2d(32, 256, kernel_size=(1, 1), stride=(1, 1))
    (7): ReLU()
    (8): MaxPool2d(kernel_size=2, stride=2, padding=0, dilation=1, ceil_mode=False)
    (9): Flatten(start_dim=1, end_dim=-1)
    (10): Linear(in_features=4096, out_features=512, bias=True)
    (11): ReLU()
    (12): Linear(in_features=512, out_features=256, bias=True)
    (13): ReLU()
    (14): Linear(in_features=256, out_features=10, bias=True)
  )
)
INFO:__main__:CHILD MODEL LOSS: 0.6347477370500565 with train time 104.00888085365295
INFO:__main__:CHILD MODEL ACCURACY: 0.7829
INFO:__main__:Policy gradient: 0.12525656819343567
INFO:__main__:
INFO:__main__:------ ITERATION 102 ------
INFO:__main__:Layers generated: [('64', '1', '2'), ('64', '5', '2')]
INFO:__main__:ChildCNNModel(
  (model): Sequential(
    (0): Conv2d(3, 128, kernel_size=(3, 3), stride=(1, 1), padding=(1, 1))
    (1): ReLU()
    (2): MaxPool2d(kernel_size=2, stride=2, padding=0, dilation=1, ceil_mode=False)
    (3): Conv2d(128, 64, kernel_size=(1, 1), stride=(1, 1), padding=(2, 2))
    (4): ReLU()
    (5): MaxPool2d(kernel_size=2, stride=2, padding=0, dilation=1, ceil_mode=False)
    (6): Conv2d(64, 64, kernel_size=(5, 5), stride=(1, 1), padding=(2, 2))
    (7): ReLU()
    (8): MaxPool2d(kernel_size=2, stride=2, padding=0, dilation=1, ceil_mode=False)
    (9): Flatten(start_dim=1, end_dim=-1)
    (10): Linear(in_features=1600, out_features=512, bias=True)
    (11): ReLU()
    (12): Linear(in_features=512, out_features=256, bias=True)
    (13): ReLU()
    (14): Linear(in_features=256, out_features=10, bias=True)
  )
)
INFO:__main__:CHILD MODEL LOSS: 0.6336609885692597 with train time 101.87932753562927
INFO:__main__:CHILD MODEL ACCURACY: 0.7826
INFO:__main__:Policy gradient: 0.07367686927318573
INFO:__main__:
INFO:__main__:------ ITERATION 103 ------
INFO:__main__:Layers generated: [('128', '3', '2'), ('32', '3', '0')]
INFO:__main__:ChildCNNModel(
  (model): Sequential(
    (0): Conv2d(3, 128, kernel_size=(3, 3), stride=(1, 1), padding=(1, 1))
    (1): ReLU()
    (2): MaxPool2d(kernel_size=2, stride=2, padding=0, dilation=1, ceil_mode=False)
    (3): Conv2d(128, 128, kernel_size=(3, 3), stride=(1, 1), padding=(2, 2))
    (4): ReLU()
    (5): MaxPool2d(kernel_size=2, stride=2, padding=0, dilation=1, ceil_mode=False)
    (6): Conv2d(128, 32, kernel_size=(3, 3), stride=(1, 1))
    (7): ReLU()
    (8): MaxPool2d(kernel_size=2, stride=2, padding=0, dilation=1, ceil_mode=False)
    (9): Flatten(start_dim=1, end_dim=-1)
    (10): Linear(in_features=288, out_features=512, bias=True)
    (11): ReLU()
    (12): Linear(in_features=512, out_features=256, bias=True)
    (13): ReLU()
    (14): Linear(in_features=256, out_features=10, bias=True)
  )
)
INFO:__main__:CHILD MODEL LOSS: 0.7032480690479278 with train time 109.16422629356384
INFO:__main__:CHILD MODEL ACCURACY: 0.7752
INFO:__main__:Policy gradient: 0.03490986302495003
INFO:__main__:
INFO:__main__:------ ITERATION 104 ------
INFO:__main__:Layers generated: [('32', '3', '2'), ('64', '5', '0')]
INFO:__main__:ChildCNNModel(
  (model): Sequential(
    (0): Conv2d(3, 128, kernel_size=(3, 3), stride=(1, 1), padding=(1, 1))
    (1): ReLU()
    (2): MaxPool2d(kernel_size=2, stride=2, padding=0, dilation=1, ceil_mode=False)
    (3): Conv2d(128, 32, kernel_size=(3, 3), stride=(1, 1), padding=(2, 2))
    (4): ReLU()
    (5): MaxPool2d(kernel_size=2, stride=2, padding=0, dilation=1, ceil_mode=False)
    (6): Conv2d(32, 64, kernel_size=(5, 5), stride=(1, 1))
    (7): ReLU()
    (8): MaxPool2d(kernel_size=2, stride=2, padding=0, dilation=1, ceil_mode=False)
    (9): Flatten(start_dim=1, end_dim=-1)
    (10): Linear(in_features=256, out_features=512, bias=True)
    (11): ReLU()
    (12): Linear(in_features=512, out_features=256, bias=True)
    (13): ReLU()
    (14): Linear(in_features=256, out_features=10, bias=True)
  )
)
INFO:__main__:CHILD MODEL LOSS: 0.7612632141113281 with train time 103.48416566848755
INFO:__main__:CHILD MODEL ACCURACY: 0.7458
INFO:__main__:Policy gradient: -0.18679744005203247
INFO:__main__:
INFO:__main__:------ ITERATION 105 ------
INFO:__main__:Layers generated: [('16', '5', '1'), ('16', '5', '0')]
INFO:__main__:ChildCNNModel(
  (model): Sequential(
    (0): Conv2d(3, 128, kernel_size=(3, 3), stride=(1, 1), padding=(1, 1))
    (1): ReLU()
    (2): MaxPool2d(kernel_size=2, stride=2, padding=0, dilation=1, ceil_mode=False)
    (3): Conv2d(128, 16, kernel_size=(5, 5), stride=(1, 1), padding=(1, 1))
    (4): ReLU()
    (5): MaxPool2d(kernel_size=2, stride=2, padding=0, dilation=1, ceil_mode=False)
    (6): Conv2d(16, 16, kernel_size=(5, 5), stride=(1, 1))
    (7): ReLU()
    (8): MaxPool2d(kernel_size=2, stride=2, padding=0, dilation=1, ceil_mode=False)
    (9): Flatten(start_dim=1, end_dim=-1)
    (10): Linear(in_features=16, out_features=512, bias=True)
    (11): ReLU()
    (12): Linear(in_features=512, out_features=256, bias=True)
    (13): ReLU()
    (14): Linear(in_features=256, out_features=10, bias=True)
  )
)
INFO:__main__:CHILD MODEL LOSS: 1.0068183183670043 with train time 98.03351140022278
INFO:__main__:CHILD MODEL ACCURACY: 0.6559
INFO:__main__:Policy gradient: -1.048858642578125
INFO:__main__:
INFO:__main__:------ ITERATION 106 ------
INFO:__main__:Layers generated: [('256', '5', '2'), ('64', '5', '1')]
INFO:__main__:ChildCNNModel(
  (model): Sequential(
    (0): Conv2d(3, 128, kernel_size=(3, 3), stride=(1, 1), padding=(1, 1))
    (1): ReLU()
    (2): MaxPool2d(kernel_size=2, stride=2, padding=0, dilation=1, ceil_mode=False)
    (3): Conv2d(128, 256, kernel_size=(5, 5), stride=(1, 1), padding=(2, 2))
    (4): ReLU()
    (5): MaxPool2d(kernel_size=2, stride=2, padding=0, dilation=1, ceil_mode=False)
    (6): Conv2d(256, 64, kernel_size=(5, 5), stride=(1, 1), padding=(1, 1))
    (7): ReLU()
    (8): MaxPool2d(kernel_size=2, stride=2, padding=0, dilation=1, ceil_mode=False)
    (9): Flatten(start_dim=1, end_dim=-1)
    (10): Linear(in_features=576, out_features=512, bias=True)
    (11): ReLU()
    (12): Linear(in_features=512, out_features=256, bias=True)
    (13): ReLU()
    (14): Linear(in_features=256, out_features=10, bias=True)
  )
)
INFO:__main__:CHILD MODEL LOSS: 0.6675566942691803 with train time 114.8036150932312
INFO:__main__:CHILD MODEL ACCURACY: 0.776
INFO:__main__:Policy gradient: 0.11278293281793594
INFO:__main__:
INFO:__main__:------ ITERATION 107 ------
INFO:__main__:Layers generated: [('128', '5', '0'), ('256', '1', '1')]
INFO:__main__:ChildCNNModel(
  (model): Sequential(
    (0): Conv2d(3, 128, kernel_size=(3, 3), stride=(1, 1), padding=(1, 1))
    (1): ReLU()
    (2): MaxPool2d(kernel_size=2, stride=2, padding=0, dilation=1, ceil_mode=False)
    (3): Conv2d(128, 128, kernel_size=(5, 5), stride=(1, 1))
    (4): ReLU()
    (5): MaxPool2d(kernel_size=2, stride=2, padding=0, dilation=1, ceil_mode=False)
    (6): Conv2d(128, 256, kernel_size=(1, 1), stride=(1, 1), padding=(1, 1))
    (7): ReLU()
    (8): MaxPool2d(kernel_size=2, stride=2, padding=0, dilation=1, ceil_mode=False)
    (9): Flatten(start_dim=1, end_dim=-1)
    (10): Linear(in_features=4096, out_features=512, bias=True)
    (11): ReLU()
    (12): Linear(in_features=512, out_features=256, bias=True)
    (13): ReLU()
    (14): Linear(in_features=256, out_features=10, bias=True)
  )
)
INFO:__main__:CHILD MODEL LOSS: 0.628477513551712 with train time 102.74659132957458
INFO:__main__:CHILD MODEL ACCURACY: 0.7922
INFO:__main__:Policy gradient: 0.26773735880851746
INFO:__main__:
INFO:__main__:------ ITERATION 108 ------
INFO:__main__:Layers generated: [('256', '5', '2'), ('256', '3', '1')]
INFO:__main__:ChildCNNModel(
  (model): Sequential(
    (0): Conv2d(3, 128, kernel_size=(3, 3), stride=(1, 1), padding=(1, 1))
    (1): ReLU()
    (2): MaxPool2d(kernel_size=2, stride=2, padding=0, dilation=1, ceil_mode=False)
    (3): Conv2d(128, 256, kernel_size=(5, 5), stride=(1, 1), padding=(2, 2))
    (4): ReLU()
    (5): MaxPool2d(kernel_size=2, stride=2, padding=0, dilation=1, ceil_mode=False)
    (6): Conv2d(256, 256, kernel_size=(3, 3), stride=(1, 1), padding=(1, 1))
    (7): ReLU()
    (8): MaxPool2d(kernel_size=2, stride=2, padding=0, dilation=1, ceil_mode=False)
    (9): Flatten(start_dim=1, end_dim=-1)
    (10): Linear(in_features=4096, out_features=512, bias=True)
    (11): ReLU()
    (12): Linear(in_features=512, out_features=256, bias=True)
    (13): ReLU()
    (14): Linear(in_features=256, out_features=10, bias=True)
  )
)
INFO:__main__:CHILD MODEL LOSS: 0.5851040285825729 with train time 112.46725463867188
INFO:__main__:CHILD MODEL ACCURACY: 0.7991
INFO:__main__:Policy gradient: 0.24992261826992035
INFO:__main__:
INFO:__main__:------ ITERATION 109 ------
INFO:__main__:Layers generated: [('256', '3', '0'), ('16', '5', '2')]
INFO:__main__:ChildCNNModel(
  (model): Sequential(
    (0): Conv2d(3, 128, kernel_size=(3, 3), stride=(1, 1), padding=(1, 1))
    (1): ReLU()
    (2): MaxPool2d(kernel_size=2, stride=2, padding=0, dilation=1, ceil_mode=False)
    (3): Conv2d(128, 256, kernel_size=(3, 3), stride=(1, 1))
    (4): ReLU()
    (5): MaxPool2d(kernel_size=2, stride=2, padding=0, dilation=1, ceil_mode=False)
    (6): Conv2d(256, 16, kernel_size=(5, 5), stride=(1, 1), padding=(2, 2))
    (7): ReLU()
    (8): MaxPool2d(kernel_size=2, stride=2, padding=0, dilation=1, ceil_mode=False)
    (9): Flatten(start_dim=1, end_dim=-1)
    (10): Linear(in_features=144, out_features=512, bias=True)
    (11): ReLU()
    (12): Linear(in_features=512, out_features=256, bias=True)
    (13): ReLU()
    (14): Linear(in_features=256, out_features=10, bias=True)
  )
)
INFO:__main__:CHILD MODEL LOSS: 0.6953999456167221 with train time 106.88876605033875
INFO:__main__:CHILD MODEL ACCURACY: 0.7661
INFO:__main__:Policy gradient: -0.0023365758825093508
INFO:__main__:
INFO:__main__:------ ITERATION 110 ------
INFO:__main__:Layers generated: [('256', '5', '2'), ('256', '1', '0')]
INFO:__main__:ChildCNNModel(
  (model): Sequential(
    (0): Conv2d(3, 128, kernel_size=(3, 3), stride=(1, 1), padding=(1, 1))
    (1): ReLU()
    (2): MaxPool2d(kernel_size=2, stride=2, padding=0, dilation=1, ceil_mode=False)
    (3): Conv2d(128, 256, kernel_size=(5, 5), stride=(1, 1), padding=(2, 2))
    (4): ReLU()
    (5): MaxPool2d(kernel_size=2, stride=2, padding=0, dilation=1, ceil_mode=False)
    (6): Conv2d(256, 256, kernel_size=(1, 1), stride=(1, 1))
    (7): ReLU()
    (8): MaxPool2d(kernel_size=2, stride=2, padding=0, dilation=1, ceil_mode=False)
    (9): Flatten(start_dim=1, end_dim=-1)
    (10): Linear(in_features=4096, out_features=512, bias=True)
    (11): ReLU()
    (12): Linear(in_features=512, out_features=256, bias=True)
    (13): ReLU()
    (14): Linear(in_features=256, out_features=10, bias=True)
  )
)
INFO:__main__:CHILD MODEL LOSS: 0.5602132468223572 with train time 116.95708465576172
INFO:__main__:CHILD MODEL ACCURACY: 0.8037
INFO:__main__:Policy gradient: 0.2595331370830536
INFO:__main__:
INFO:__main__:------ ITERATION 111 ------
INFO:__main__:Layers generated: [('64', '3', '2'), ('256', '3', '2')]
INFO:__main__:ChildCNNModel(
  (model): Sequential(
    (0): Conv2d(3, 128, kernel_size=(3, 3), stride=(1, 1), padding=(1, 1))
    (1): ReLU()
    (2): MaxPool2d(kernel_size=2, stride=2, padding=0, dilation=1, ceil_mode=False)
    (3): Conv2d(128, 64, kernel_size=(3, 3), stride=(1, 1), padding=(2, 2))
    (4): ReLU()
    (5): MaxPool2d(kernel_size=2, stride=2, padding=0, dilation=1, ceil_mode=False)
    (6): Conv2d(64, 256, kernel_size=(3, 3), stride=(1, 1), padding=(2, 2))
    (7): ReLU()
    (8): MaxPool2d(kernel_size=2, stride=2, padding=0, dilation=1, ceil_mode=False)
    (9): Flatten(start_dim=1, end_dim=-1)
    (10): Linear(in_features=6400, out_features=512, bias=True)
    (11): ReLU()
    (12): Linear(in_features=512, out_features=256, bias=True)
    (13): ReLU()
    (14): Linear(in_features=256, out_features=10, bias=True)
  )
)
INFO:__main__:CHILD MODEL LOSS: 0.5050688489675522 with train time 99.62798166275024
INFO:__main__:CHILD MODEL ACCURACY: 0.8145
INFO:__main__:Policy gradient: 0.32961803674697876
INFO:__main__:
INFO:__main__:------ ITERATION 112 ------
INFO:__main__:Layers generated: [('256', '1', '0'), ('256', '1', '2')]
INFO:__main__:ChildCNNModel(
  (model): Sequential(
    (0): Conv2d(3, 128, kernel_size=(3, 3), stride=(1, 1), padding=(1, 1))
    (1): ReLU()
    (2): MaxPool2d(kernel_size=2, stride=2, padding=0, dilation=1, ceil_mode=False)
    (3): Conv2d(128, 256, kernel_size=(1, 1), stride=(1, 1))
    (4): ReLU()
    (5): MaxPool2d(kernel_size=2, stride=2, padding=0, dilation=1, ceil_mode=False)
    (6): Conv2d(256, 256, kernel_size=(1, 1), stride=(1, 1), padding=(2, 2))
    (7): ReLU()
    (8): MaxPool2d(kernel_size=2, stride=2, padding=0, dilation=1, ceil_mode=False)
    (9): Flatten(start_dim=1, end_dim=-1)
    (10): Linear(in_features=9216, out_features=512, bias=True)
    (11): ReLU()
    (12): Linear(in_features=512, out_features=256, bias=True)
    (13): ReLU()
    (14): Linear(in_features=256, out_features=10, bias=True)
  )
)
INFO:__main__:CHILD MODEL LOSS: 0.6562661355733872 with train time 101.36574816703796
INFO:__main__:CHILD MODEL ACCURACY: 0.7754
INFO:__main__:Policy gradient: 0.005866287741810083
INFO:__main__:
INFO:__main__:------ ITERATION 113 ------
INFO:__main__:Layers generated: [('256', '5', '2'), ('64', '1', '1')]
INFO:__main__:ChildCNNModel(
  (model): Sequential(
    (0): Conv2d(3, 128, kernel_size=(3, 3), stride=(1, 1), padding=(1, 1))
    (1): ReLU()
    (2): MaxPool2d(kernel_size=2, stride=2, padding=0, dilation=1, ceil_mode=False)
    (3): Conv2d(128, 256, kernel_size=(5, 5), stride=(1, 1), padding=(2, 2))
    (4): ReLU()
    (5): MaxPool2d(kernel_size=2, stride=2, padding=0, dilation=1, ceil_mode=False)
    (6): Conv2d(256, 64, kernel_size=(1, 1), stride=(1, 1), padding=(1, 1))
    (7): ReLU()
    (8): MaxPool2d(kernel_size=2, stride=2, padding=0, dilation=1, ceil_mode=False)
    (9): Flatten(start_dim=1, end_dim=-1)
    (10): Linear(in_features=1600, out_features=512, bias=True)
    (11): ReLU()
    (12): Linear(in_features=512, out_features=256, bias=True)
    (13): ReLU()
    (14): Linear(in_features=256, out_features=10, bias=True)
  )
)
INFO:__main__:CHILD MODEL LOSS: 0.6149954220056534 with train time 110.00111055374146
INFO:__main__:CHILD MODEL ACCURACY: 0.7893
INFO:__main__:Policy gradient: 0.09880656003952026
INFO:__main__:
INFO:__main__:------ ITERATION 114 ------
INFO:__main__:Layers generated: [('256', '1', '1'), ('256', '5', '1')]
INFO:__main__:ChildCNNModel(
  (model): Sequential(
    (0): Conv2d(3, 128, kernel_size=(3, 3), stride=(1, 1), padding=(1, 1))
    (1): ReLU()
    (2): MaxPool2d(kernel_size=2, stride=2, padding=0, dilation=1, ceil_mode=False)
    (3): Conv2d(128, 256, kernel_size=(1, 1), stride=(1, 1), padding=(1, 1))
    (4): ReLU()
    (5): MaxPool2d(kernel_size=2, stride=2, padding=0, dilation=1, ceil_mode=False)
    (6): Conv2d(256, 256, kernel_size=(5, 5), stride=(1, 1), padding=(1, 1))
    (7): ReLU()
    (8): MaxPool2d(kernel_size=2, stride=2, padding=0, dilation=1, ceil_mode=False)
    (9): Flatten(start_dim=1, end_dim=-1)
    (10): Linear(in_features=2304, out_features=512, bias=True)
    (11): ReLU()
    (12): Linear(in_features=512, out_features=256, bias=True)
    (13): ReLU()
    (14): Linear(in_features=256, out_features=10, bias=True)
  )
)
INFO:__main__:CHILD MODEL LOSS: 0.5787975610494613 with train time 108.07742166519165
INFO:__main__:CHILD MODEL ACCURACY: 0.7857
INFO:__main__:Policy gradient: 0.06101028993725777
INFO:__main__:
INFO:__main__:------ ITERATION 115 ------
INFO:__main__:Layers generated: [('64', '1', '2'), ('64', '3', '0')]
INFO:__main__:ChildCNNModel(
  (model): Sequential(
    (0): Conv2d(3, 128, kernel_size=(3, 3), stride=(1, 1), padding=(1, 1))
    (1): ReLU()
    (2): MaxPool2d(kernel_size=2, stride=2, padding=0, dilation=1, ceil_mode=False)
    (3): Conv2d(128, 64, kernel_size=(1, 1), stride=(1, 1), padding=(2, 2))
    (4): ReLU()
    (5): MaxPool2d(kernel_size=2, stride=2, padding=0, dilation=1, ceil_mode=False)
    (6): Conv2d(64, 64, kernel_size=(3, 3), stride=(1, 1))
    (7): ReLU()
    (8): MaxPool2d(kernel_size=2, stride=2, padding=0, dilation=1, ceil_mode=False)
    (9): Flatten(start_dim=1, end_dim=-1)
    (10): Linear(in_features=1024, out_features=512, bias=True)
    (11): ReLU()
    (12): Linear(in_features=512, out_features=256, bias=True)
    (13): ReLU()
    (14): Linear(in_features=256, out_features=10, bias=True)
  )
)
INFO:__main__:CHILD MODEL LOSS: 0.6692630211114884 with train time 100.97527956962585
INFO:__main__:CHILD MODEL ACCURACY: 0.7786
INFO:__main__:Policy gradient: 0.009775196202099323
INFO:__main__:
INFO:__main__:------ ITERATION 116 ------
INFO:__main__:Layers generated: [('64', '1', '0'), ('128', '5', '0')]
INFO:__main__:ChildCNNModel(
  (model): Sequential(
    (0): Conv2d(3, 128, kernel_size=(3, 3), stride=(1, 1), padding=(1, 1))
    (1): ReLU()
    (2): MaxPool2d(kernel_size=2, stride=2, padding=0, dilation=1, ceil_mode=False)
    (3): Conv2d(128, 64, kernel_size=(1, 1), stride=(1, 1))
    (4): ReLU()
    (5): MaxPool2d(kernel_size=2, stride=2, padding=0, dilation=1, ceil_mode=False)
    (6): Conv2d(64, 128, kernel_size=(5, 5), stride=(1, 1))
    (7): ReLU()
    (8): MaxPool2d(kernel_size=2, stride=2, padding=0, dilation=1, ceil_mode=False)
    (9): Flatten(start_dim=1, end_dim=-1)
    (10): Linear(in_features=512, out_features=512, bias=True)
    (11): ReLU()
    (12): Linear(in_features=512, out_features=256, bias=True)
    (13): ReLU()
    (14): Linear(in_features=256, out_features=10, bias=True)
  )
)
INFO:__main__:CHILD MODEL LOSS: 0.6588859351873397 with train time 96.55971312522888
INFO:__main__:CHILD MODEL ACCURACY: 0.7842
INFO:__main__:Policy gradient: 0.04778578504920006
INFO:__main__:
INFO:__main__:------ ITERATION 117 ------
INFO:__main__:Layers generated: [('256', '5', '1'), ('64', '5', '2')]
INFO:__main__:ChildCNNModel(
  (model): Sequential(
    (0): Conv2d(3, 128, kernel_size=(3, 3), stride=(1, 1), padding=(1, 1))
    (1): ReLU()
    (2): MaxPool2d(kernel_size=2, stride=2, padding=0, dilation=1, ceil_mode=False)
    (3): Conv2d(128, 256, kernel_size=(5, 5), stride=(1, 1), padding=(1, 1))
    (4): ReLU()
    (5): MaxPool2d(kernel_size=2, stride=2, padding=0, dilation=1, ceil_mode=False)
    (6): Conv2d(256, 64, kernel_size=(5, 5), stride=(1, 1), padding=(2, 2))
    (7): ReLU()
    (8): MaxPool2d(kernel_size=2, stride=2, padding=0, dilation=1, ceil_mode=False)
    (9): Flatten(start_dim=1, end_dim=-1)
    (10): Linear(in_features=576, out_features=512, bias=True)
    (11): ReLU()
    (12): Linear(in_features=512, out_features=256, bias=True)
    (13): ReLU()
    (14): Linear(in_features=256, out_features=10, bias=True)
  )
)
INFO:__main__:CHILD MODEL LOSS: 0.6152391129732132 with train time 109.64623856544495
INFO:__main__:CHILD MODEL ACCURACY: 0.7791
INFO:__main__:Policy gradient: 0.008257567882537842
INFO:__main__:
INFO:__main__:------ ITERATION 118 ------
INFO:__main__:Layers generated: [('128', '3', '2'), ('16', '3', '1')]
INFO:__main__:ChildCNNModel(
  (model): Sequential(
    (0): Conv2d(3, 128, kernel_size=(3, 3), stride=(1, 1), padding=(1, 1))
    (1): ReLU()
    (2): MaxPool2d(kernel_size=2, stride=2, padding=0, dilation=1, ceil_mode=False)
    (3): Conv2d(128, 128, kernel_size=(3, 3), stride=(1, 1), padding=(2, 2))
    (4): ReLU()
    (5): MaxPool2d(kernel_size=2, stride=2, padding=0, dilation=1, ceil_mode=False)
    (6): Conv2d(128, 16, kernel_size=(3, 3), stride=(1, 1), padding=(1, 1))
    (7): ReLU()
    (8): MaxPool2d(kernel_size=2, stride=2, padding=0, dilation=1, ceil_mode=False)
    (9): Flatten(start_dim=1, end_dim=-1)
    (10): Linear(in_features=256, out_features=512, bias=True)
    (11): ReLU()
    (12): Linear(in_features=512, out_features=256, bias=True)
    (13): ReLU()
    (14): Linear(in_features=256, out_features=10, bias=True)
  )
)
INFO:__main__:CHILD MODEL LOSS: 0.7492908227443695 with train time 98.53932523727417
INFO:__main__:CHILD MODEL ACCURACY: 0.7435
INFO:__main__:Policy gradient: -0.30204060673713684
INFO:__main__:
INFO:__main__:------ ITERATION 119 ------
INFO:__main__:Layers generated: [('256', '1', '1'), ('32', '1', '2')]
INFO:__main__:ChildCNNModel(
  (model): Sequential(
    (0): Conv2d(3, 128, kernel_size=(3, 3), stride=(1, 1), padding=(1, 1))
    (1): ReLU()
    (2): MaxPool2d(kernel_size=2, stride=2, padding=0, dilation=1, ceil_mode=False)
    (3): Conv2d(128, 256, kernel_size=(1, 1), stride=(1, 1), padding=(1, 1))
    (4): ReLU()
    (5): MaxPool2d(kernel_size=2, stride=2, padding=0, dilation=1, ceil_mode=False)
    (6): Conv2d(256, 32, kernel_size=(1, 1), stride=(1, 1), padding=(2, 2))
    (7): ReLU()
    (8): MaxPool2d(kernel_size=2, stride=2, padding=0, dilation=1, ceil_mode=False)
    (9): Flatten(start_dim=1, end_dim=-1)
    (10): Linear(in_features=1152, out_features=512, bias=True)
    (11): ReLU()
    (12): Linear(in_features=512, out_features=256, bias=True)
    (13): ReLU()
    (14): Linear(in_features=256, out_features=10, bias=True)
  )
)
INFO:__main__:CHILD MODEL LOSS: 0.7986816873550415 with train time 102.36532330513
INFO:__main__:CHILD MODEL ACCURACY: 0.7287
INFO:__main__:Policy gradient: -0.34570181369781494
INFO:__main__:
INFO:__main__:------ ITERATION 120 ------
INFO:__main__:Layers generated: [('256', '3', '1'), ('64', '1', '1')]
INFO:__main__:ChildCNNModel(
  (model): Sequential(
    (0): Conv2d(3, 128, kernel_size=(3, 3), stride=(1, 1), padding=(1, 1))
    (1): ReLU()
    (2): MaxPool2d(kernel_size=2, stride=2, padding=0, dilation=1, ceil_mode=False)
    (3): Conv2d(128, 256, kernel_size=(3, 3), stride=(1, 1), padding=(1, 1))
    (4): ReLU()
    (5): MaxPool2d(kernel_size=2, stride=2, padding=0, dilation=1, ceil_mode=False)
    (6): Conv2d(256, 64, kernel_size=(1, 1), stride=(1, 1), padding=(1, 1))
    (7): ReLU()
    (8): MaxPool2d(kernel_size=2, stride=2, padding=0, dilation=1, ceil_mode=False)
    (9): Flatten(start_dim=1, end_dim=-1)
    (10): Linear(in_features=1600, out_features=512, bias=True)
    (11): ReLU()
    (12): Linear(in_features=512, out_features=256, bias=True)
    (13): ReLU()
    (14): Linear(in_features=256, out_features=10, bias=True)
  )
)
INFO:__main__:CHILD MODEL LOSS: 0.6586601325273513 with train time 105.28312683105469
INFO:__main__:CHILD MODEL ACCURACY: 0.7735
INFO:__main__:Policy gradient: 0.02726728655397892
INFO:__main__:
INFO:__main__:------ ITERATION 121 ------
INFO:__main__:Layers generated: [('128', '5', '0'), ('256', '5', '1')]
INFO:__main__:ChildCNNModel(
  (model): Sequential(
    (0): Conv2d(3, 128, kernel_size=(3, 3), stride=(1, 1), padding=(1, 1))
    (1): ReLU()
    (2): MaxPool2d(kernel_size=2, stride=2, padding=0, dilation=1, ceil_mode=False)
    (3): Conv2d(128, 128, kernel_size=(5, 5), stride=(1, 1))
    (4): ReLU()
    (5): MaxPool2d(kernel_size=2, stride=2, padding=0, dilation=1, ceil_mode=False)
    (6): Conv2d(128, 256, kernel_size=(5, 5), stride=(1, 1), padding=(1, 1))
    (7): ReLU()
    (8): MaxPool2d(kernel_size=2, stride=2, padding=0, dilation=1, ceil_mode=False)
    (9): Flatten(start_dim=1, end_dim=-1)
    (10): Linear(in_features=1024, out_features=512, bias=True)
    (11): ReLU()
    (12): Linear(in_features=512, out_features=256, bias=True)
    (13): ReLU()
    (14): Linear(in_features=256, out_features=10, bias=True)
  )
)
INFO:__main__:CHILD MODEL LOSS: 0.767841778755188 with train time 102.43185257911682
INFO:__main__:CHILD MODEL ACCURACY: 0.7472
INFO:__main__:Policy gradient: -0.17539769411087036
INFO:__main__:
INFO:__main__:------ ITERATION 122 ------
INFO:__main__:Layers generated: [('32', '3', '0'), ('256', '3', '0')]
INFO:__main__:ChildCNNModel(
  (model): Sequential(
    (0): Conv2d(3, 128, kernel_size=(3, 3), stride=(1, 1), padding=(1, 1))
    (1): ReLU()
    (2): MaxPool2d(kernel_size=2, stride=2, padding=0, dilation=1, ceil_mode=False)
    (3): Conv2d(128, 32, kernel_size=(3, 3), stride=(1, 1))
    (4): ReLU()
    (5): MaxPool2d(kernel_size=2, stride=2, padding=0, dilation=1, ceil_mode=False)
    (6): Conv2d(32, 256, kernel_size=(3, 3), stride=(1, 1))
    (7): ReLU()
    (8): MaxPool2d(kernel_size=2, stride=2, padding=0, dilation=1, ceil_mode=False)
    (9): Flatten(start_dim=1, end_dim=-1)
    (10): Linear(in_features=1024, out_features=512, bias=True)
    (11): ReLU()
    (12): Linear(in_features=512, out_features=256, bias=True)
    (13): ReLU()
    (14): Linear(in_features=256, out_features=10, bias=True)
  )
)
INFO:__main__:CHILD MODEL LOSS: 0.7103676643371583 with train time 95.72868847846985
INFO:__main__:CHILD MODEL ACCURACY: 0.7657
INFO:__main__:Policy gradient: -0.019908569753170013
INFO:__main__:
INFO:__main__:------ ITERATION 123 ------
INFO:__main__:Layers generated: [('256', '1', '2'), ('256', '5', '0')]
INFO:__main__:ChildCNNModel(
  (model): Sequential(
    (0): Conv2d(3, 128, kernel_size=(3, 3), stride=(1, 1), padding=(1, 1))
    (1): ReLU()
    (2): MaxPool2d(kernel_size=2, stride=2, padding=0, dilation=1, ceil_mode=False)
    (3): Conv2d(128, 256, kernel_size=(1, 1), stride=(1, 1), padding=(2, 2))
    (4): ReLU()
    (5): MaxPool2d(kernel_size=2, stride=2, padding=0, dilation=1, ceil_mode=False)
    (6): Conv2d(256, 256, kernel_size=(5, 5), stride=(1, 1))
    (7): ReLU()
    (8): MaxPool2d(kernel_size=2, stride=2, padding=0, dilation=1, ceil_mode=False)
    (9): Flatten(start_dim=1, end_dim=-1)
    (10): Linear(in_features=2304, out_features=512, bias=True)
    (11): ReLU()
    (12): Linear(in_features=512, out_features=256, bias=True)
    (13): ReLU()
    (14): Linear(in_features=256, out_features=10, bias=True)
  )
)
INFO:__main__:CHILD MODEL LOSS: 0.5745396211147308 with train time 105.57030534744263
INFO:__main__:CHILD MODEL ACCURACY: 0.802
INFO:__main__:Policy gradient: 0.1919867843389511
INFO:__main__:
INFO:__main__:------ ITERATION 124 ------
INFO:__main__:Layers generated: [('256', '3', '2'), ('256', '5', '2')]
INFO:__main__:ChildCNNModel(
  (model): Sequential(
    (0): Conv2d(3, 128, kernel_size=(3, 3), stride=(1, 1), padding=(1, 1))
    (1): ReLU()
    (2): MaxPool2d(kernel_size=2, stride=2, padding=0, dilation=1, ceil_mode=False)
    (3): Conv2d(128, 256, kernel_size=(3, 3), stride=(1, 1), padding=(2, 2))
    (4): ReLU()
    (5): MaxPool2d(kernel_size=2, stride=2, padding=0, dilation=1, ceil_mode=False)
    (6): Conv2d(256, 256, kernel_size=(5, 5), stride=(1, 1), padding=(2, 2))
    (7): ReLU()
    (8): MaxPool2d(kernel_size=2, stride=2, padding=0, dilation=1, ceil_mode=False)
    (9): Flatten(start_dim=1, end_dim=-1)
    (10): Linear(in_features=4096, out_features=512, bias=True)
    (11): ReLU()
    (12): Linear(in_features=512, out_features=256, bias=True)
    (13): ReLU()
    (14): Linear(in_features=256, out_features=10, bias=True)
  )
)
INFO:__main__:CHILD MODEL LOSS: 0.5136593999862671 with train time 111.02127265930176
INFO:__main__:CHILD MODEL ACCURACY: 0.8124
INFO:__main__:Policy gradient: 0.26925042271614075
INFO:__main__:
INFO:__main__:------ ITERATION 125 ------
INFO:__main__:Layers generated: [('16', '3', '2'), ('64', '1', '1')]
INFO:__main__:ChildCNNModel(
  (model): Sequential(
    (0): Conv2d(3, 128, kernel_size=(3, 3), stride=(1, 1), padding=(1, 1))
    (1): ReLU()
    (2): MaxPool2d(kernel_size=2, stride=2, padding=0, dilation=1, ceil_mode=False)
    (3): Conv2d(128, 16, kernel_size=(3, 3), stride=(1, 1), padding=(2, 2))
    (4): ReLU()
    (5): MaxPool2d(kernel_size=2, stride=2, padding=0, dilation=1, ceil_mode=False)
    (6): Conv2d(16, 64, kernel_size=(1, 1), stride=(1, 1), padding=(1, 1))
    (7): ReLU()
    (8): MaxPool2d(kernel_size=2, stride=2, padding=0, dilation=1, ceil_mode=False)
    (9): Flatten(start_dim=1, end_dim=-1)
    (10): Linear(in_features=1600, out_features=512, bias=True)
    (11): ReLU()
    (12): Linear(in_features=512, out_features=256, bias=True)
    (13): ReLU()
    (14): Linear(in_features=256, out_features=10, bias=True)
  )
)
INFO:__main__:CHILD MODEL LOSS: 0.7890887417793274 with train time 100.57688093185425
INFO:__main__:CHILD MODEL ACCURACY: 0.737
INFO:__main__:Policy gradient: -0.32716476917266846
INFO:__main__:
INFO:__main__:------ ITERATION 126 ------
INFO:__main__:Layers generated: [('128', '3', '2'), ('16', '5', '1')]
INFO:__main__:ChildCNNModel(
  (model): Sequential(
    (0): Conv2d(3, 128, kernel_size=(3, 3), stride=(1, 1), padding=(1, 1))
    (1): ReLU()
    (2): MaxPool2d(kernel_size=2, stride=2, padding=0, dilation=1, ceil_mode=False)
    (3): Conv2d(128, 128, kernel_size=(3, 3), stride=(1, 1), padding=(2, 2))
    (4): ReLU()
    (5): MaxPool2d(kernel_size=2, stride=2, padding=0, dilation=1, ceil_mode=False)
    (6): Conv2d(128, 16, kernel_size=(5, 5), stride=(1, 1), padding=(1, 1))
    (7): ReLU()
    (8): MaxPool2d(kernel_size=2, stride=2, padding=0, dilation=1, ceil_mode=False)
    (9): Flatten(start_dim=1, end_dim=-1)
    (10): Linear(in_features=144, out_features=512, bias=True)
    (11): ReLU()
    (12): Linear(in_features=512, out_features=256, bias=True)
    (13): ReLU()
    (14): Linear(in_features=256, out_features=10, bias=True)
  )
)
INFO:__main__:CHILD MODEL LOSS: 0.7395270180702209 with train time 103.29873967170715
INFO:__main__:CHILD MODEL ACCURACY: 0.7555
INFO:__main__:Policy gradient: -0.1323813647031784
INFO:__main__:
INFO:__main__:------ ITERATION 127 ------
INFO:__main__:Layers generated: [('256', '1', '1'), ('256', '5', '2')]
INFO:__main__:ChildCNNModel(
  (model): Sequential(
    (0): Conv2d(3, 128, kernel_size=(3, 3), stride=(1, 1), padding=(1, 1))
    (1): ReLU()
    (2): MaxPool2d(kernel_size=2, stride=2, padding=0, dilation=1, ceil_mode=False)
    (3): Conv2d(128, 256, kernel_size=(1, 1), stride=(1, 1), padding=(1, 1))
    (4): ReLU()
    (5): MaxPool2d(kernel_size=2, stride=2, padding=0, dilation=1, ceil_mode=False)
    (6): Conv2d(256, 256, kernel_size=(5, 5), stride=(1, 1), padding=(2, 2))
    (7): ReLU()
    (8): MaxPool2d(kernel_size=2, stride=2, padding=0, dilation=1, ceil_mode=False)
    (9): Flatten(start_dim=1, end_dim=-1)
    (10): Linear(in_features=4096, out_features=512, bias=True)
    (11): ReLU()
    (12): Linear(in_features=512, out_features=256, bias=True)
    (13): ReLU()
    (14): Linear(in_features=256, out_features=10, bias=True)
  )
)
INFO:__main__:CHILD MODEL LOSS: 0.5472692992687226 with train time 110.16167712211609
INFO:__main__:CHILD MODEL ACCURACY: 0.8077
INFO:__main__:Policy gradient: 0.23758356273174286
INFO:__main__:
INFO:__main__:------ ITERATION 128 ------
INFO:__main__:Layers generated: [('256', '3', '0'), ('64', '5', '2')]
INFO:__main__:ChildCNNModel(
  (model): Sequential(
    (0): Conv2d(3, 128, kernel_size=(3, 3), stride=(1, 1), padding=(1, 1))
    (1): ReLU()
    (2): MaxPool2d(kernel_size=2, stride=2, padding=0, dilation=1, ceil_mode=False)
    (3): Conv2d(128, 256, kernel_size=(3, 3), stride=(1, 1))
    (4): ReLU()
    (5): MaxPool2d(kernel_size=2, stride=2, padding=0, dilation=1, ceil_mode=False)
    (6): Conv2d(256, 64, kernel_size=(5, 5), stride=(1, 1), padding=(2, 2))
    (7): ReLU()
    (8): MaxPool2d(kernel_size=2, stride=2, padding=0, dilation=1, ceil_mode=False)
    (9): Flatten(start_dim=1, end_dim=-1)
    (10): Linear(in_features=576, out_features=512, bias=True)
    (11): ReLU()
    (12): Linear(in_features=512, out_features=256, bias=True)
    (13): ReLU()
    (14): Linear(in_features=256, out_features=10, bias=True)
  )
)
INFO:__main__:CHILD MODEL LOSS: 0.5897926020622254 with train time 104.92601990699768
INFO:__main__:CHILD MODEL ACCURACY: 0.794
INFO:__main__:Policy gradient: 0.14394494891166687
INFO:__main__:
INFO:__main__:------ ITERATION 129 ------
INFO:__main__:Layers generated: [('256', '1', '2'), ('64', '5', '2')]
INFO:__main__:ChildCNNModel(
  (model): Sequential(
    (0): Conv2d(3, 128, kernel_size=(3, 3), stride=(1, 1), padding=(1, 1))
    (1): ReLU()
    (2): MaxPool2d(kernel_size=2, stride=2, padding=0, dilation=1, ceil_mode=False)
    (3): Conv2d(128, 256, kernel_size=(1, 1), stride=(1, 1), padding=(2, 2))
    (4): ReLU()
    (5): MaxPool2d(kernel_size=2, stride=2, padding=0, dilation=1, ceil_mode=False)
    (6): Conv2d(256, 64, kernel_size=(5, 5), stride=(1, 1), padding=(2, 2))
    (7): ReLU()
    (8): MaxPool2d(kernel_size=2, stride=2, padding=0, dilation=1, ceil_mode=False)
    (9): Flatten(start_dim=1, end_dim=-1)
    (10): Linear(in_features=1600, out_features=512, bias=True)
    (11): ReLU()
    (12): Linear(in_features=512, out_features=256, bias=True)
    (13): ReLU()
    (14): Linear(in_features=256, out_features=10, bias=True)
  )
)
INFO:__main__:CHILD MODEL LOSS: 0.5692517836093902 with train time 110.03803563117981
INFO:__main__:CHILD MODEL ACCURACY: 0.7995
INFO:__main__:Policy gradient: 0.12544779479503632
INFO:__main__:
INFO:__main__:------ ITERATION 130 ------
INFO:__main__:Layers generated: [('128', '3', '2'), ('16', '5', '0')]
INFO:__main__:ChildCNNModel(
  (model): Sequential(
    (0): Conv2d(3, 128, kernel_size=(3, 3), stride=(1, 1), padding=(1, 1))
    (1): ReLU()
    (2): MaxPool2d(kernel_size=2, stride=2, padding=0, dilation=1, ceil_mode=False)
    (3): Conv2d(128, 128, kernel_size=(3, 3), stride=(1, 1), padding=(2, 2))
    (4): ReLU()
    (5): MaxPool2d(kernel_size=2, stride=2, padding=0, dilation=1, ceil_mode=False)
    (6): Conv2d(128, 16, kernel_size=(5, 5), stride=(1, 1))
    (7): ReLU()
    (8): MaxPool2d(kernel_size=2, stride=2, padding=0, dilation=1, ceil_mode=False)
    (9): Flatten(start_dim=1, end_dim=-1)
    (10): Linear(in_features=64, out_features=512, bias=True)
    (11): ReLU()
    (12): Linear(in_features=512, out_features=256, bias=True)
    (13): ReLU()
    (14): Linear(in_features=256, out_features=10, bias=True)
  )
)
INFO:__main__:CHILD MODEL LOSS: 0.7623229477405548 with train time 103.02544021606445
INFO:__main__:CHILD MODEL ACCURACY: 0.7466
INFO:__main__:Policy gradient: -0.26206690073013306
INFO:__main__:
INFO:__main__:------ ITERATION 131 ------
INFO:__main__:Layers generated: [('256', '3', '2'), ('128', '5', '0')]
INFO:__main__:ChildCNNModel(
  (model): Sequential(
    (0): Conv2d(3, 128, kernel_size=(3, 3), stride=(1, 1), padding=(1, 1))
    (1): ReLU()
    (2): MaxPool2d(kernel_size=2, stride=2, padding=0, dilation=1, ceil_mode=False)
    (3): Conv2d(128, 256, kernel_size=(3, 3), stride=(1, 1), padding=(2, 2))
    (4): ReLU()
    (5): MaxPool2d(kernel_size=2, stride=2, padding=0, dilation=1, ceil_mode=False)
    (6): Conv2d(256, 128, kernel_size=(5, 5), stride=(1, 1))
    (7): ReLU()
    (8): MaxPool2d(kernel_size=2, stride=2, padding=0, dilation=1, ceil_mode=False)
    (9): Flatten(start_dim=1, end_dim=-1)
    (10): Linear(in_features=512, out_features=512, bias=True)
    (11): ReLU()
    (12): Linear(in_features=512, out_features=256, bias=True)
    (13): ReLU()
    (14): Linear(in_features=256, out_features=10, bias=True)
  )
)
INFO:__main__:CHILD MODEL LOSS: 0.6101742458343505 with train time 108.48382830619812
INFO:__main__:CHILD MODEL ACCURACY: 0.787
INFO:__main__:Policy gradient: 0.08463957160711288
INFO:__main__:
INFO:__main__:------ ITERATION 132 ------
INFO:__main__:Layers generated: [('256', '5', '2'), ('128', '5', '0')]
INFO:__main__:ChildCNNModel(
  (model): Sequential(
    (0): Conv2d(3, 128, kernel_size=(3, 3), stride=(1, 1), padding=(1, 1))
    (1): ReLU()
    (2): MaxPool2d(kernel_size=2, stride=2, padding=0, dilation=1, ceil_mode=False)
    (3): Conv2d(128, 256, kernel_size=(5, 5), stride=(1, 1), padding=(2, 2))
    (4): ReLU()
    (5): MaxPool2d(kernel_size=2, stride=2, padding=0, dilation=1, ceil_mode=False)
    (6): Conv2d(256, 128, kernel_size=(5, 5), stride=(1, 1))
    (7): ReLU()
    (8): MaxPool2d(kernel_size=2, stride=2, padding=0, dilation=1, ceil_mode=False)
    (9): Flatten(start_dim=1, end_dim=-1)
    (10): Linear(in_features=512, out_features=512, bias=True)
    (11): ReLU()
    (12): Linear(in_features=512, out_features=256, bias=True)
    (13): ReLU()
    (14): Linear(in_features=256, out_features=10, bias=True)
  )
)
INFO:__main__:CHILD MODEL LOSS: 0.5985324527025223 with train time 108.49099922180176
INFO:__main__:CHILD MODEL ACCURACY: 0.8004
INFO:__main__:Policy gradient: 0.15978123247623444
INFO:__main__:
INFO:__main__:------ ITERATION 133 ------
INFO:__main__:Layers generated: [('256', '5', '1'), ('32', '5', '0')]
INFO:__main__:ChildCNNModel(
  (model): Sequential(
    (0): Conv2d(3, 128, kernel_size=(3, 3), stride=(1, 1), padding=(1, 1))
    (1): ReLU()
    (2): MaxPool2d(kernel_size=2, stride=2, padding=0, dilation=1, ceil_mode=False)
    (3): Conv2d(128, 256, kernel_size=(5, 5), stride=(1, 1), padding=(1, 1))
    (4): ReLU()
    (5): MaxPool2d(kernel_size=2, stride=2, padding=0, dilation=1, ceil_mode=False)
    (6): Conv2d(256, 32, kernel_size=(5, 5), stride=(1, 1))
    (7): ReLU()
    (8): MaxPool2d(kernel_size=2, stride=2, padding=0, dilation=1, ceil_mode=False)
    (9): Flatten(start_dim=1, end_dim=-1)
    (10): Linear(in_features=32, out_features=512, bias=True)
    (11): ReLU()
    (12): Linear(in_features=512, out_features=256, bias=True)
    (13): ReLU()
    (14): Linear(in_features=256, out_features=10, bias=True)
  )
)
INFO:__main__:CHILD MODEL LOSS: 0.7472756025791168 with train time 108.96067476272583
INFO:__main__:CHILD MODEL ACCURACY: 0.7539
INFO:__main__:Policy gradient: -0.18706943094730377
INFO:__main__:
INFO:__main__:------ ITERATION 134 ------
INFO:__main__:Layers generated: [('64', '3', '1'), ('64', '5', '2')]
INFO:__main__:ChildCNNModel(
  (model): Sequential(
    (0): Conv2d(3, 128, kernel_size=(3, 3), stride=(1, 1), padding=(1, 1))
    (1): ReLU()
    (2): MaxPool2d(kernel_size=2, stride=2, padding=0, dilation=1, ceil_mode=False)
    (3): Conv2d(128, 64, kernel_size=(3, 3), stride=(1, 1), padding=(1, 1))
    (4): ReLU()
    (5): MaxPool2d(kernel_size=2, stride=2, padding=0, dilation=1, ceil_mode=False)
    (6): Conv2d(64, 64, kernel_size=(5, 5), stride=(1, 1), padding=(2, 2))
    (7): ReLU()
    (8): MaxPool2d(kernel_size=2, stride=2, padding=0, dilation=1, ceil_mode=False)
    (9): Flatten(start_dim=1, end_dim=-1)
    (10): Linear(in_features=1024, out_features=512, bias=True)
    (11): ReLU()
    (12): Linear(in_features=512, out_features=256, bias=True)
    (13): ReLU()
    (14): Linear(in_features=256, out_features=10, bias=True)
  )
)
INFO:__main__:CHILD MODEL LOSS: 0.5961821588277817 with train time 102.51911735534668
INFO:__main__:CHILD MODEL ACCURACY: 0.794
INFO:__main__:Policy gradient: 0.13397163152694702
INFO:__main__:
INFO:__main__:------ ITERATION 135 ------
INFO:__main__:Layers generated: [('256', '5', '2'), ('256', '5', '1')]
INFO:__main__:ChildCNNModel(
  (model): Sequential(
    (0): Conv2d(3, 128, kernel_size=(3, 3), stride=(1, 1), padding=(1, 1))
    (1): ReLU()
    (2): MaxPool2d(kernel_size=2, stride=2, padding=0, dilation=1, ceil_mode=False)
    (3): Conv2d(128, 256, kernel_size=(5, 5), stride=(1, 1), padding=(2, 2))
    (4): ReLU()
    (5): MaxPool2d(kernel_size=2, stride=2, padding=0, dilation=1, ceil_mode=False)
    (6): Conv2d(256, 256, kernel_size=(5, 5), stride=(1, 1), padding=(1, 1))
    (7): ReLU()
    (8): MaxPool2d(kernel_size=2, stride=2, padding=0, dilation=1, ceil_mode=False)
    (9): Flatten(start_dim=1, end_dim=-1)
    (10): Linear(in_features=2304, out_features=512, bias=True)
    (11): ReLU()
    (12): Linear(in_features=512, out_features=256, bias=True)
    (13): ReLU()
    (14): Linear(in_features=256, out_features=10, bias=True)
  )
)
INFO:__main__:CHILD MODEL LOSS: 0.6294580949544907 with train time 113.73747539520264
INFO:__main__:CHILD MODEL ACCURACY: 0.7733
INFO:__main__:Policy gradient: -0.028405122458934784
INFO:__main__:
INFO:__main__:------ ITERATION 136 ------
INFO:__main__:Layers generated: [('128', '1', '1'), ('256', '1', '2')]
INFO:__main__:ChildCNNModel(
  (model): Sequential(
    (0): Conv2d(3, 128, kernel_size=(3, 3), stride=(1, 1), padding=(1, 1))
    (1): ReLU()
    (2): MaxPool2d(kernel_size=2, stride=2, padding=0, dilation=1, ceil_mode=False)
    (3): Conv2d(128, 128, kernel_size=(1, 1), stride=(1, 1), padding=(1, 1))
    (4): ReLU()
    (5): MaxPool2d(kernel_size=2, stride=2, padding=0, dilation=1, ceil_mode=False)
    (6): Conv2d(128, 256, kernel_size=(1, 1), stride=(1, 1), padding=(2, 2))
    (7): ReLU()
    (8): MaxPool2d(kernel_size=2, stride=2, padding=0, dilation=1, ceil_mode=False)
    (9): Flatten(start_dim=1, end_dim=-1)
    (10): Linear(in_features=9216, out_features=512, bias=True)
    (11): ReLU()
    (12): Linear(in_features=512, out_features=256, bias=True)
    (13): ReLU()
    (14): Linear(in_features=256, out_features=10, bias=True)
  )
)
INFO:__main__:CHILD MODEL LOSS: 0.6721712588071823 with train time 103.47260642051697
INFO:__main__:CHILD MODEL ACCURACY: 0.7706
INFO:__main__:Policy gradient: -0.051795829087495804
INFO:__main__:
INFO:__main__:------ ITERATION 137 ------
INFO:__main__:Layers generated: [('128', '1', '0'), ('64', '1', '1')]
INFO:__main__:ChildCNNModel(
  (model): Sequential(
    (0): Conv2d(3, 128, kernel_size=(3, 3), stride=(1, 1), padding=(1, 1))
    (1): ReLU()
    (2): MaxPool2d(kernel_size=2, stride=2, padding=0, dilation=1, ceil_mode=False)
    (3): Conv2d(128, 128, kernel_size=(1, 1), stride=(1, 1))
    (4): ReLU()
    (5): MaxPool2d(kernel_size=2, stride=2, padding=0, dilation=1, ceil_mode=False)
    (6): Conv2d(128, 64, kernel_size=(1, 1), stride=(1, 1), padding=(1, 1))
    (7): ReLU()
    (8): MaxPool2d(kernel_size=2, stride=2, padding=0, dilation=1, ceil_mode=False)
    (9): Flatten(start_dim=1, end_dim=-1)
    (10): Linear(in_features=1600, out_features=512, bias=True)
    (11): ReLU()
    (12): Linear(in_features=512, out_features=256, bias=True)
    (13): ReLU()
    (14): Linear(in_features=256, out_features=10, bias=True)
  )
)
INFO:__main__:CHILD MODEL LOSS: 0.7355548942089081 with train time 103.11967396736145
INFO:__main__:CHILD MODEL ACCURACY: 0.7443
INFO:__main__:Policy gradient: -0.24462658166885376
INFO:__main__:
INFO:__main__:------ ITERATION 138 ------
INFO:__main__:Layers generated: [('256', '3', '1'), ('16', '5', '1')]
INFO:__main__:ChildCNNModel(
  (model): Sequential(
    (0): Conv2d(3, 128, kernel_size=(3, 3), stride=(1, 1), padding=(1, 1))
    (1): ReLU()
    (2): MaxPool2d(kernel_size=2, stride=2, padding=0, dilation=1, ceil_mode=False)
    (3): Conv2d(128, 256, kernel_size=(3, 3), stride=(1, 1), padding=(1, 1))
    (4): ReLU()
    (5): MaxPool2d(kernel_size=2, stride=2, padding=0, dilation=1, ceil_mode=False)
    (6): Conv2d(256, 16, kernel_size=(5, 5), stride=(1, 1), padding=(1, 1))
    (7): ReLU()
    (8): MaxPool2d(kernel_size=2, stride=2, padding=0, dilation=1, ceil_mode=False)
    (9): Flatten(start_dim=1, end_dim=-1)
    (10): Linear(in_features=144, out_features=512, bias=True)
    (11): ReLU()
    (12): Linear(in_features=512, out_features=256, bias=True)
    (13): ReLU()
    (14): Linear(in_features=256, out_features=10, bias=True)
  )
)
INFO:__main__:CHILD MODEL LOSS: 0.7825504336357116 with train time 104.74414443969727
INFO:__main__:CHILD MODEL ACCURACY: 0.7269
INFO:__main__:Policy gradient: -0.3936014473438263
INFO:__main__:
INFO:__main__:------ ITERATION 139 ------
INFO:__main__:Layers generated: [('64', '5', '1'), ('256', '3', '1')]
INFO:__main__:ChildCNNModel(
  (model): Sequential(
    (0): Conv2d(3, 128, kernel_size=(3, 3), stride=(1, 1), padding=(1, 1))
    (1): ReLU()
    (2): MaxPool2d(kernel_size=2, stride=2, padding=0, dilation=1, ceil_mode=False)
    (3): Conv2d(128, 64, kernel_size=(5, 5), stride=(1, 1), padding=(1, 1))
    (4): ReLU()
    (5): MaxPool2d(kernel_size=2, stride=2, padding=0, dilation=1, ceil_mode=False)
    (6): Conv2d(64, 256, kernel_size=(3, 3), stride=(1, 1), padding=(1, 1))
    (7): ReLU()
    (8): MaxPool2d(kernel_size=2, stride=2, padding=0, dilation=1, ceil_mode=False)
    (9): Flatten(start_dim=1, end_dim=-1)
    (10): Linear(in_features=2304, out_features=512, bias=True)
    (11): ReLU()
    (12): Linear(in_features=512, out_features=256, bias=True)
    (13): ReLU()
    (14): Linear(in_features=256, out_features=10, bias=True)
  )
)
INFO:__main__:CHILD MODEL LOSS: 0.6067330577373504 with train time 99.6772665977478
INFO:__main__:CHILD MODEL ACCURACY: 0.7847
INFO:__main__:Policy gradient: 0.12476704269647598
INFO:__main__:
INFO:__main__:------ ITERATION 140 ------
INFO:__main__:Layers generated: [('64', '1', '2'), ('64', '5', '1')]
INFO:__main__:ChildCNNModel(
  (model): Sequential(
    (0): Conv2d(3, 128, kernel_size=(3, 3), stride=(1, 1), padding=(1, 1))
    (1): ReLU()
    (2): MaxPool2d(kernel_size=2, stride=2, padding=0, dilation=1, ceil_mode=False)
    (3): Conv2d(128, 64, kernel_size=(1, 1), stride=(1, 1), padding=(2, 2))
    (4): ReLU()
    (5): MaxPool2d(kernel_size=2, stride=2, padding=0, dilation=1, ceil_mode=False)
    (6): Conv2d(64, 64, kernel_size=(5, 5), stride=(1, 1), padding=(1, 1))
    (7): ReLU()
    (8): MaxPool2d(kernel_size=2, stride=2, padding=0, dilation=1, ceil_mode=False)
    (9): Flatten(start_dim=1, end_dim=-1)
    (10): Linear(in_features=1024, out_features=512, bias=True)
    (11): ReLU()
    (12): Linear(in_features=512, out_features=256, bias=True)
    (13): ReLU()
    (14): Linear(in_features=256, out_features=10, bias=True)
  )
)
INFO:__main__:CHILD MODEL LOSS: 0.6541107977628708 with train time 103.92080760002136
INFO:__main__:CHILD MODEL ACCURACY: 0.7841
INFO:__main__:Policy gradient: 0.07829418033361435
INFO:__main__:
INFO:__main__:------ ITERATION 141 ------
INFO:__main__:Layers generated: [('128', '1', '1'), ('64', '1', '0')]
INFO:__main__:ChildCNNModel(
  (model): Sequential(
    (0): Conv2d(3, 128, kernel_size=(3, 3), stride=(1, 1), padding=(1, 1))
    (1): ReLU()
    (2): MaxPool2d(kernel_size=2, stride=2, padding=0, dilation=1, ceil_mode=False)
    (3): Conv2d(128, 128, kernel_size=(1, 1), stride=(1, 1), padding=(1, 1))
    (4): ReLU()
    (5): MaxPool2d(kernel_size=2, stride=2, padding=0, dilation=1, ceil_mode=False)
    (6): Conv2d(128, 64, kernel_size=(1, 1), stride=(1, 1))
    (7): ReLU()
    (8): MaxPool2d(kernel_size=2, stride=2, padding=0, dilation=1, ceil_mode=False)
    (9): Flatten(start_dim=1, end_dim=-1)
    (10): Linear(in_features=1024, out_features=512, bias=True)
    (11): ReLU()
    (12): Linear(in_features=512, out_features=256, bias=True)
    (13): ReLU()
    (14): Linear(in_features=256, out_features=10, bias=True)
  )
)
INFO:__main__:CHILD MODEL LOSS: 0.7553397395610809 with train time 98.13471722602844
INFO:__main__:CHILD MODEL ACCURACY: 0.7391
INFO:__main__:Policy gradient: -0.2485525757074356
INFO:__main__:
INFO:__main__:------ ITERATION 142 ------
INFO:__main__:Layers generated: [('128', '3', '0'), ('128', '5', '1')]
INFO:__main__:ChildCNNModel(
  (model): Sequential(
    (0): Conv2d(3, 128, kernel_size=(3, 3), stride=(1, 1), padding=(1, 1))
    (1): ReLU()
    (2): MaxPool2d(kernel_size=2, stride=2, padding=0, dilation=1, ceil_mode=False)
    (3): Conv2d(128, 128, kernel_size=(3, 3), stride=(1, 1))
    (4): ReLU()
    (5): MaxPool2d(kernel_size=2, stride=2, padding=0, dilation=1, ceil_mode=False)
    (6): Conv2d(128, 128, kernel_size=(5, 5), stride=(1, 1), padding=(1, 1))
    (7): ReLU()
    (8): MaxPool2d(kernel_size=2, stride=2, padding=0, dilation=1, ceil_mode=False)
    (9): Flatten(start_dim=1, end_dim=-1)
    (10): Linear(in_features=512, out_features=512, bias=True)
    (11): ReLU()
    (12): Linear(in_features=512, out_features=256, bias=True)
    (13): ReLU()
    (14): Linear(in_features=256, out_features=10, bias=True)
  )
)
INFO:__main__:CHILD MODEL LOSS: 0.5843391122817994 with train time 105.68610692024231
INFO:__main__:CHILD MODEL ACCURACY: 0.7991
INFO:__main__:Policy gradient: 0.2520940899848938
INFO:__main__:
INFO:__main__:------ ITERATION 143 ------
INFO:__main__:Layers generated: [('32', '5', '2'), ('64', '5', '1')]
INFO:__main__:ChildCNNModel(
  (model): Sequential(
    (0): Conv2d(3, 128, kernel_size=(3, 3), stride=(1, 1), padding=(1, 1))
    (1): ReLU()
    (2): MaxPool2d(kernel_size=2, stride=2, padding=0, dilation=1, ceil_mode=False)
    (3): Conv2d(128, 32, kernel_size=(5, 5), stride=(1, 1), padding=(2, 2))
    (4): ReLU()
    (5): MaxPool2d(kernel_size=2, stride=2, padding=0, dilation=1, ceil_mode=False)
    (6): Conv2d(32, 64, kernel_size=(5, 5), stride=(1, 1), padding=(1, 1))
    (7): ReLU()
    (8): MaxPool2d(kernel_size=2, stride=2, padding=0, dilation=1, ceil_mode=False)
    (9): Flatten(start_dim=1, end_dim=-1)
    (10): Linear(in_features=576, out_features=512, bias=True)
    (11): ReLU()
    (12): Linear(in_features=512, out_features=256, bias=True)
    (13): ReLU()
    (14): Linear(in_features=256, out_features=10, bias=True)
  )
)
INFO:__main__:CHILD MODEL LOSS: 0.6984599579572678 with train time 102.1170666217804
INFO:__main__:CHILD MODEL ACCURACY: 0.7759
INFO:__main__:Policy gradient: 0.029625557363033295
INFO:__main__:
INFO:__main__:------ ITERATION 144 ------
INFO:__main__:Layers generated: [('64', '1', '1'), ('256', '5', '2')]
INFO:__main__:ChildCNNModel(
  (model): Sequential(
    (0): Conv2d(3, 128, kernel_size=(3, 3), stride=(1, 1), padding=(1, 1))
    (1): ReLU()
    (2): MaxPool2d(kernel_size=2, stride=2, padding=0, dilation=1, ceil_mode=False)
    (3): Conv2d(128, 64, kernel_size=(1, 1), stride=(1, 1), padding=(1, 1))
    (4): ReLU()
    (5): MaxPool2d(kernel_size=2, stride=2, padding=0, dilation=1, ceil_mode=False)
    (6): Conv2d(64, 256, kernel_size=(5, 5), stride=(1, 1), padding=(2, 2))
    (7): ReLU()
    (8): MaxPool2d(kernel_size=2, stride=2, padding=0, dilation=1, ceil_mode=False)
    (9): Flatten(start_dim=1, end_dim=-1)
    (10): Linear(in_features=4096, out_features=512, bias=True)
    (11): ReLU()
    (12): Linear(in_features=512, out_features=256, bias=True)
    (13): ReLU()
    (14): Linear(in_features=256, out_features=10, bias=True)
  )
)
INFO:__main__:CHILD MODEL LOSS: 0.5497245754003525 with train time 100.17546772956848
INFO:__main__:CHILD MODEL ACCURACY: 0.7911
INFO:__main__:Policy gradient: 0.12330996245145798
INFO:__main__:
INFO:__main__:------ ITERATION 145 ------
INFO:__main__:Layers generated: [('16', '5', '2'), ('256', '3', '2')]
INFO:__main__:ChildCNNModel(
  (model): Sequential(
    (0): Conv2d(3, 128, kernel_size=(3, 3), stride=(1, 1), padding=(1, 1))
    (1): ReLU()
    (2): MaxPool2d(kernel_size=2, stride=2, padding=0, dilation=1, ceil_mode=False)
    (3): Conv2d(128, 16, kernel_size=(5, 5), stride=(1, 1), padding=(2, 2))
    (4): ReLU()
    (5): MaxPool2d(kernel_size=2, stride=2, padding=0, dilation=1, ceil_mode=False)
    (6): Conv2d(16, 256, kernel_size=(3, 3), stride=(1, 1), padding=(2, 2))
    (7): ReLU()
    (8): MaxPool2d(kernel_size=2, stride=2, padding=0, dilation=1, ceil_mode=False)
    (9): Flatten(start_dim=1, end_dim=-1)
    (10): Linear(in_features=6400, out_features=512, bias=True)
    (11): ReLU()
    (12): Linear(in_features=512, out_features=256, bias=True)
    (13): ReLU()
    (14): Linear(in_features=256, out_features=10, bias=True)
  )
)
INFO:__main__:CHILD MODEL LOSS: 0.7840076897144318 with train time 101.58902215957642
INFO:__main__:CHILD MODEL ACCURACY: 0.7499
INFO:__main__:Policy gradient: -0.195205420255661
INFO:__main__:
INFO:__main__:------ ITERATION 146 ------
INFO:__main__:Layers generated: [('64', '3', '2'), ('256', '1', '0')]
INFO:__main__:ChildCNNModel(
  (model): Sequential(
    (0): Conv2d(3, 128, kernel_size=(3, 3), stride=(1, 1), padding=(1, 1))
    (1): ReLU()
    (2): MaxPool2d(kernel_size=2, stride=2, padding=0, dilation=1, ceil_mode=False)
    (3): Conv2d(128, 64, kernel_size=(3, 3), stride=(1, 1), padding=(2, 2))
    (4): ReLU()
    (5): MaxPool2d(kernel_size=2, stride=2, padding=0, dilation=1, ceil_mode=False)
    (6): Conv2d(64, 256, kernel_size=(1, 1), stride=(1, 1))
    (7): ReLU()
    (8): MaxPool2d(kernel_size=2, stride=2, padding=0, dilation=1, ceil_mode=False)
    (9): Flatten(start_dim=1, end_dim=-1)
    (10): Linear(in_features=4096, out_features=512, bias=True)
    (11): ReLU()
    (12): Linear(in_features=512, out_features=256, bias=True)
    (13): ReLU()
    (14): Linear(in_features=256, out_features=10, bias=True)
  )
)
INFO:__main__:CHILD MODEL LOSS: 0.6272431865930558 with train time 99.92613768577576
INFO:__main__:CHILD MODEL ACCURACY: 0.7707
INFO:__main__:Policy gradient: -0.0061407689936459064
INFO:__main__:
INFO:__main__:------ ITERATION 147 ------
INFO:__main__:Layers generated: [('64', '5', '2'), ('128', '5', '1')]
INFO:__main__:ChildCNNModel(
  (model): Sequential(
    (0): Conv2d(3, 128, kernel_size=(3, 3), stride=(1, 1), padding=(1, 1))
    (1): ReLU()
    (2): MaxPool2d(kernel_size=2, stride=2, padding=0, dilation=1, ceil_mode=False)
    (3): Conv2d(128, 64, kernel_size=(5, 5), stride=(1, 1), padding=(2, 2))
    (4): ReLU()
    (5): MaxPool2d(kernel_size=2, stride=2, padding=0, dilation=1, ceil_mode=False)
    (6): Conv2d(64, 128, kernel_size=(5, 5), stride=(1, 1), padding=(1, 1))
    (7): ReLU()
    (8): MaxPool2d(kernel_size=2, stride=2, padding=0, dilation=1, ceil_mode=False)
    (9): Flatten(start_dim=1, end_dim=-1)
    (10): Linear(in_features=1152, out_features=512, bias=True)
    (11): ReLU()
    (12): Linear(in_features=512, out_features=256, bias=True)
    (13): ReLU()
    (14): Linear(in_features=256, out_features=10, bias=True)
  )
)
INFO:__main__:CHILD MODEL LOSS: 0.6191896767616272 with train time 107.49887490272522
INFO:__main__:CHILD MODEL ACCURACY: 0.7884
INFO:__main__:Policy gradient: 0.11625828593969345
INFO:__main__:
INFO:__main__:------ ITERATION 148 ------
INFO:__main__:Layers generated: [('256', '3', '2'), ('16', '1', '1')]
INFO:__main__:ChildCNNModel(
  (model): Sequential(
    (0): Conv2d(3, 128, kernel_size=(3, 3), stride=(1, 1), padding=(1, 1))
    (1): ReLU()
    (2): MaxPool2d(kernel_size=2, stride=2, padding=0, dilation=1, ceil_mode=False)
    (3): Conv2d(128, 256, kernel_size=(3, 3), stride=(1, 1), padding=(2, 2))
    (4): ReLU()
    (5): MaxPool2d(kernel_size=2, stride=2, padding=0, dilation=1, ceil_mode=False)
    (6): Conv2d(256, 16, kernel_size=(1, 1), stride=(1, 1), padding=(1, 1))
    (7): ReLU()
    (8): MaxPool2d(kernel_size=2, stride=2, padding=0, dilation=1, ceil_mode=False)
    (9): Flatten(start_dim=1, end_dim=-1)
    (10): Linear(in_features=400, out_features=512, bias=True)
    (11): ReLU()
    (12): Linear(in_features=512, out_features=256, bias=True)
    (13): ReLU()
    (14): Linear(in_features=256, out_features=10, bias=True)
  )
)
INFO:__main__:CHILD MODEL LOSS: 0.743856529712677 with train time 106.33073616027832
INFO:__main__:CHILD MODEL ACCURACY: 0.755
INFO:__main__:Policy gradient: -0.1501227170228958
INFO:__main__:
INFO:__main__:------ ITERATION 149 ------
INFO:__main__:Layers generated: [('32', '1', '2'), ('128', '1', '2')]
INFO:__main__:ChildCNNModel(
  (model): Sequential(
    (0): Conv2d(3, 128, kernel_size=(3, 3), stride=(1, 1), padding=(1, 1))
    (1): ReLU()
    (2): MaxPool2d(kernel_size=2, stride=2, padding=0, dilation=1, ceil_mode=False)
    (3): Conv2d(128, 32, kernel_size=(1, 1), stride=(1, 1), padding=(2, 2))
    (4): ReLU()
    (5): MaxPool2d(kernel_size=2, stride=2, padding=0, dilation=1, ceil_mode=False)
    (6): Conv2d(32, 128, kernel_size=(1, 1), stride=(1, 1), padding=(2, 2))
    (7): ReLU()
    (8): MaxPool2d(kernel_size=2, stride=2, padding=0, dilation=1, ceil_mode=False)
    (9): Flatten(start_dim=1, end_dim=-1)
    (10): Linear(in_features=6272, out_features=512, bias=True)
    (11): ReLU()
    (12): Linear(in_features=512, out_features=256, bias=True)
    (13): ReLU()
    (14): Linear(in_features=256, out_features=10, bias=True)
  )
)
INFO:__main__:CHILD MODEL LOSS: 0.779000218629837 with train time 99.98285794258118
INFO:__main__:CHILD MODEL ACCURACY: 0.7337
INFO:__main__:Policy gradient: -0.27096402645111084
INFO:__main__:
INFO:__main__:------ ITERATION 150 ------
INFO:__main__:Layers generated: [('32', '1', '0'), ('64', '3', '2')]
INFO:__main__:ChildCNNModel(
  (model): Sequential(
    (0): Conv2d(3, 128, kernel_size=(3, 3), stride=(1, 1), padding=(1, 1))
    (1): ReLU()
    (2): MaxPool2d(kernel_size=2, stride=2, padding=0, dilation=1, ceil_mode=False)
    (3): Conv2d(128, 32, kernel_size=(1, 1), stride=(1, 1))
    (4): ReLU()
    (5): MaxPool2d(kernel_size=2, stride=2, padding=0, dilation=1, ceil_mode=False)
    (6): Conv2d(32, 64, kernel_size=(3, 3), stride=(1, 1), padding=(2, 2))
    (7): ReLU()
    (8): MaxPool2d(kernel_size=2, stride=2, padding=0, dilation=1, ceil_mode=False)
    (9): Flatten(start_dim=1, end_dim=-1)
    (10): Linear(in_features=1600, out_features=512, bias=True)
    (11): ReLU()
    (12): Linear(in_features=512, out_features=256, bias=True)
    (13): ReLU()
    (14): Linear(in_features=256, out_features=10, bias=True)
  )
)
INFO:__main__:CHILD MODEL LOSS: 0.7056075797080994 with train time 102.4935052394867
INFO:__main__:CHILD MODEL ACCURACY: 0.7643
INFO:__main__:Policy gradient: -0.02378147281706333
INFO:__main__:
INFO:__main__:------ ITERATION 151 ------
INFO:__main__:Layers generated: [('16', '1', '0'), ('256', '1', '2')]
INFO:__main__:ChildCNNModel(
  (model): Sequential(
    (0): Conv2d(3, 128, kernel_size=(3, 3), stride=(1, 1), padding=(1, 1))
    (1): ReLU()
    (2): MaxPool2d(kernel_size=2, stride=2, padding=0, dilation=1, ceil_mode=False)
    (3): Conv2d(128, 16, kernel_size=(1, 1), stride=(1, 1))
    (4): ReLU()
    (5): MaxPool2d(kernel_size=2, stride=2, padding=0, dilation=1, ceil_mode=False)
    (6): Conv2d(16, 256, kernel_size=(1, 1), stride=(1, 1), padding=(2, 2))
    (7): ReLU()
    (8): MaxPool2d(kernel_size=2, stride=2, padding=0, dilation=1, ceil_mode=False)
    (9): Flatten(start_dim=1, end_dim=-1)
    (10): Linear(in_features=9216, out_features=512, bias=True)
    (11): ReLU()
    (12): Linear(in_features=512, out_features=256, bias=True)
    (13): ReLU()
    (14): Linear(in_features=256, out_features=10, bias=True)
  )
)
INFO:__main__:CHILD MODEL LOSS: 0.8414287738800049 with train time 99.2715048789978
INFO:__main__:CHILD MODEL ACCURACY: 0.7161
INFO:__main__:Policy gradient: -0.420622855424881
INFO:__main__:
INFO:__main__:------ ITERATION 152 ------
INFO:__main__:Layers generated: [('128', '5', '0'), ('256', '1', '0')]
INFO:__main__:ChildCNNModel(
  (model): Sequential(
    (0): Conv2d(3, 128, kernel_size=(3, 3), stride=(1, 1), padding=(1, 1))
    (1): ReLU()
    (2): MaxPool2d(kernel_size=2, stride=2, padding=0, dilation=1, ceil_mode=False)
    (3): Conv2d(128, 128, kernel_size=(5, 5), stride=(1, 1))
    (4): ReLU()
    (5): MaxPool2d(kernel_size=2, stride=2, padding=0, dilation=1, ceil_mode=False)
    (6): Conv2d(128, 256, kernel_size=(1, 1), stride=(1, 1))
    (7): ReLU()
    (8): MaxPool2d(kernel_size=2, stride=2, padding=0, dilation=1, ceil_mode=False)
    (9): Flatten(start_dim=1, end_dim=-1)
    (10): Linear(in_features=2304, out_features=512, bias=True)
    (11): ReLU()
    (12): Linear(in_features=512, out_features=256, bias=True)
    (13): ReLU()
    (14): Linear(in_features=256, out_features=10, bias=True)
  )
)
INFO:__main__:CHILD MODEL LOSS: 0.6255587524175644 with train time 104.66666960716248
INFO:__main__:CHILD MODEL ACCURACY: 0.7823
INFO:__main__:Policy gradient: 0.16626209020614624
INFO:__main__:
INFO:__main__:------ ITERATION 153 ------
INFO:__main__:Layers generated: [('256', '3', '2'), ('256', '5', '2')]
INFO:__main__:ChildCNNModel(
  (model): Sequential(
    (0): Conv2d(3, 128, kernel_size=(3, 3), stride=(1, 1), padding=(1, 1))
    (1): ReLU()
    (2): MaxPool2d(kernel_size=2, stride=2, padding=0, dilation=1, ceil_mode=False)
    (3): Conv2d(128, 256, kernel_size=(3, 3), stride=(1, 1), padding=(2, 2))
    (4): ReLU()
    (5): MaxPool2d(kernel_size=2, stride=2, padding=0, dilation=1, ceil_mode=False)
    (6): Conv2d(256, 256, kernel_size=(5, 5), stride=(1, 1), padding=(2, 2))
    (7): ReLU()
    (8): MaxPool2d(kernel_size=2, stride=2, padding=0, dilation=1, ceil_mode=False)
    (9): Flatten(start_dim=1, end_dim=-1)
    (10): Linear(in_features=4096, out_features=512, bias=True)
    (11): ReLU()
    (12): Linear(in_features=512, out_features=256, bias=True)
    (13): ReLU()
    (14): Linear(in_features=256, out_features=10, bias=True)
  )
)
INFO:__main__:CHILD MODEL LOSS: 0.5359956977367402 with train time 108.89854526519775
INFO:__main__:CHILD MODEL ACCURACY: 0.808
INFO:__main__:Policy gradient: 0.2808270752429962
INFO:__main__:
INFO:__main__:------ ITERATION 154 ------
INFO:__main__:Layers generated: [('64', '1', '2'), ('64', '3', '2')]
INFO:__main__:ChildCNNModel(
  (model): Sequential(
    (0): Conv2d(3, 128, kernel_size=(3, 3), stride=(1, 1), padding=(1, 1))
    (1): ReLU()
    (2): MaxPool2d(kernel_size=2, stride=2, padding=0, dilation=1, ceil_mode=False)
    (3): Conv2d(128, 64, kernel_size=(1, 1), stride=(1, 1), padding=(2, 2))
    (4): ReLU()
    (5): MaxPool2d(kernel_size=2, stride=2, padding=0, dilation=1, ceil_mode=False)
    (6): Conv2d(64, 64, kernel_size=(3, 3), stride=(1, 1), padding=(2, 2))
    (7): ReLU()
    (8): MaxPool2d(kernel_size=2, stride=2, padding=0, dilation=1, ceil_mode=False)
    (9): Flatten(start_dim=1, end_dim=-1)
    (10): Linear(in_features=2304, out_features=512, bias=True)
    (11): ReLU()
    (12): Linear(in_features=512, out_features=256, bias=True)
    (13): ReLU()
    (14): Linear(in_features=256, out_features=10, bias=True)
  )
)
INFO:__main__:CHILD MODEL LOSS: 0.6660155900716782 with train time 103.82733845710754
INFO:__main__:CHILD MODEL ACCURACY: 0.7667
INFO:__main__:Policy gradient: -0.011309136636555195
INFO:__main__:
INFO:__main__:------ ITERATION 155 ------
INFO:__main__:Layers generated: [('128', '3', '0'), ('128', '5', '1')]
INFO:__main__:ChildCNNModel(
  (model): Sequential(
    (0): Conv2d(3, 128, kernel_size=(3, 3), stride=(1, 1), padding=(1, 1))
    (1): ReLU()
    (2): MaxPool2d(kernel_size=2, stride=2, padding=0, dilation=1, ceil_mode=False)
    (3): Conv2d(128, 128, kernel_size=(3, 3), stride=(1, 1))
    (4): ReLU()
    (5): MaxPool2d(kernel_size=2, stride=2, padding=0, dilation=1, ceil_mode=False)
    (6): Conv2d(128, 128, kernel_size=(5, 5), stride=(1, 1), padding=(1, 1))
    (7): ReLU()
    (8): MaxPool2d(kernel_size=2, stride=2, padding=0, dilation=1, ceil_mode=False)
    (9): Flatten(start_dim=1, end_dim=-1)
    (10): Linear(in_features=512, out_features=512, bias=True)
    (11): ReLU()
    (12): Linear(in_features=512, out_features=256, bias=True)
    (13): ReLU()
    (14): Linear(in_features=256, out_features=10, bias=True)
  )
)
INFO:__main__:CHILD MODEL LOSS: 0.6079985485076904 with train time 98.94359731674194
INFO:__main__:CHILD MODEL ACCURACY: 0.7967
INFO:__main__:Policy gradient: 0.23263293504714966
INFO:__main__:
INFO:__main__:------ ITERATION 156 ------
INFO:__main__:Layers generated: [('64', '3', '2'), ('256', '1', '2')]
INFO:__main__:ChildCNNModel(
  (model): Sequential(
    (0): Conv2d(3, 128, kernel_size=(3, 3), stride=(1, 1), padding=(1, 1))
    (1): ReLU()
    (2): MaxPool2d(kernel_size=2, stride=2, padding=0, dilation=1, ceil_mode=False)
    (3): Conv2d(128, 64, kernel_size=(3, 3), stride=(1, 1), padding=(2, 2))
    (4): ReLU()
    (5): MaxPool2d(kernel_size=2, stride=2, padding=0, dilation=1, ceil_mode=False)
    (6): Conv2d(64, 256, kernel_size=(1, 1), stride=(1, 1), padding=(2, 2))
    (7): ReLU()
    (8): MaxPool2d(kernel_size=2, stride=2, padding=0, dilation=1, ceil_mode=False)
    (9): Flatten(start_dim=1, end_dim=-1)
    (10): Linear(in_features=9216, out_features=512, bias=True)
    (11): ReLU()
    (12): Linear(in_features=512, out_features=256, bias=True)
    (13): ReLU()
    (14): Linear(in_features=256, out_features=10, bias=True)
  )
)
INFO:__main__:CHILD MODEL LOSS: 0.6355950461626053 with train time 103.94039392471313
INFO:__main__:CHILD MODEL ACCURACY: 0.7789
INFO:__main__:Policy gradient: 0.05645013600587845
INFO:__main__:
INFO:__main__:------ ITERATION 157 ------
INFO:__main__:Layers generated: [('32', '1', '2'), ('128', '1', '1')]
INFO:__main__:ChildCNNModel(
  (model): Sequential(
    (0): Conv2d(3, 128, kernel_size=(3, 3), stride=(1, 1), padding=(1, 1))
    (1): ReLU()
    (2): MaxPool2d(kernel_size=2, stride=2, padding=0, dilation=1, ceil_mode=False)
    (3): Conv2d(128, 32, kernel_size=(1, 1), stride=(1, 1), padding=(2, 2))
    (4): ReLU()
    (5): MaxPool2d(kernel_size=2, stride=2, padding=0, dilation=1, ceil_mode=False)
    (6): Conv2d(32, 128, kernel_size=(1, 1), stride=(1, 1), padding=(1, 1))
    (7): ReLU()
    (8): MaxPool2d(kernel_size=2, stride=2, padding=0, dilation=1, ceil_mode=False)
    (9): Flatten(start_dim=1, end_dim=-1)
    (10): Linear(in_features=4608, out_features=512, bias=True)
    (11): ReLU()
    (12): Linear(in_features=512, out_features=256, bias=True)
    (13): ReLU()
    (14): Linear(in_features=256, out_features=10, bias=True)
  )
)
INFO:__main__:CHILD MODEL LOSS: 0.8087263944149017 with train time 103.13706994056702
INFO:__main__:CHILD MODEL ACCURACY: 0.7246
INFO:__main__:Policy gradient: -0.35246041417121887
INFO:__main__:
INFO:__main__:------ ITERATION 158 ------
INFO:__main__:Layers generated: [('32', '5', '0'), ('32', '1', '1')]
INFO:__main__:ChildCNNModel(
  (model): Sequential(
    (0): Conv2d(3, 128, kernel_size=(3, 3), stride=(1, 1), padding=(1, 1))
    (1): ReLU()
    (2): MaxPool2d(kernel_size=2, stride=2, padding=0, dilation=1, ceil_mode=False)
    (3): Conv2d(128, 32, kernel_size=(5, 5), stride=(1, 1))
    (4): ReLU()
    (5): MaxPool2d(kernel_size=2, stride=2, padding=0, dilation=1, ceil_mode=False)
    (6): Conv2d(32, 32, kernel_size=(1, 1), stride=(1, 1), padding=(1, 1))
    (7): ReLU()
    (8): MaxPool2d(kernel_size=2, stride=2, padding=0, dilation=1, ceil_mode=False)
    (9): Flatten(start_dim=1, end_dim=-1)
    (10): Linear(in_features=512, out_features=512, bias=True)
    (11): ReLU()
    (12): Linear(in_features=512, out_features=256, bias=True)
    (13): ReLU()
    (14): Linear(in_features=256, out_features=10, bias=True)
  )
)
INFO:__main__:CHILD MODEL LOSS: 0.7689251246452331 with train time 104.82429265975952
INFO:__main__:CHILD MODEL ACCURACY: 0.7438
INFO:__main__:Policy gradient: -0.2125631421804428
INFO:__main__:
INFO:__main__:------ ITERATION 159 ------
INFO:__main__:Layers generated: [('256', '1', '2'), ('32', '5', '0')]
INFO:__main__:ChildCNNModel(
  (model): Sequential(
    (0): Conv2d(3, 128, kernel_size=(3, 3), stride=(1, 1), padding=(1, 1))
    (1): ReLU()
    (2): MaxPool2d(kernel_size=2, stride=2, padding=0, dilation=1, ceil_mode=False)
    (3): Conv2d(128, 256, kernel_size=(1, 1), stride=(1, 1), padding=(2, 2))
    (4): ReLU()
    (5): MaxPool2d(kernel_size=2, stride=2, padding=0, dilation=1, ceil_mode=False)
    (6): Conv2d(256, 32, kernel_size=(5, 5), stride=(1, 1))
    (7): ReLU()
    (8): MaxPool2d(kernel_size=2, stride=2, padding=0, dilation=1, ceil_mode=False)
    (9): Flatten(start_dim=1, end_dim=-1)
    (10): Linear(in_features=288, out_features=512, bias=True)
    (11): ReLU()
    (12): Linear(in_features=512, out_features=256, bias=True)
    (13): ReLU()
    (14): Linear(in_features=256, out_features=10, bias=True)
  )
)
INFO:__main__:CHILD MODEL LOSS: 0.747548262834549 with train time 105.8840389251709
INFO:__main__:CHILD MODEL ACCURACY: 0.7489
INFO:__main__:Policy gradient: -0.09825732558965683
INFO:__main__:
INFO:__main__:------ ITERATION 160 ------
INFO:__main__:Layers generated: [('32', '5', '2'), ('64', '5', '1')]
INFO:__main__:ChildCNNModel(
  (model): Sequential(
    (0): Conv2d(3, 128, kernel_size=(3, 3), stride=(1, 1), padding=(1, 1))
    (1): ReLU()
    (2): MaxPool2d(kernel_size=2, stride=2, padding=0, dilation=1, ceil_mode=False)
    (3): Conv2d(128, 32, kernel_size=(5, 5), stride=(1, 1), padding=(2, 2))
    (4): ReLU()
    (5): MaxPool2d(kernel_size=2, stride=2, padding=0, dilation=1, ceil_mode=False)
    (6): Conv2d(32, 64, kernel_size=(5, 5), stride=(1, 1), padding=(1, 1))
    (7): ReLU()
    (8): MaxPool2d(kernel_size=2, stride=2, padding=0, dilation=1, ceil_mode=False)
    (9): Flatten(start_dim=1, end_dim=-1)
    (10): Linear(in_features=576, out_features=512, bias=True)
    (11): ReLU()
    (12): Linear(in_features=512, out_features=256, bias=True)
    (13): ReLU()
    (14): Linear(in_features=256, out_features=10, bias=True)
  )
)
INFO:__main__:CHILD MODEL LOSS: 0.7197377715110779 with train time 101.07509422302246
INFO:__main__:CHILD MODEL ACCURACY: 0.7593
INFO:__main__:Policy gradient: -0.027092430740594864
INFO:__main__:
INFO:__main__:------ ITERATION 161 ------
INFO:__main__:Layers generated: [('32', '3', '0'), ('256', '5', '1')]
INFO:__main__:ChildCNNModel(
  (model): Sequential(
    (0): Conv2d(3, 128, kernel_size=(3, 3), stride=(1, 1), padding=(1, 1))
    (1): ReLU()
    (2): MaxPool2d(kernel_size=2, stride=2, padding=0, dilation=1, ceil_mode=False)
    (3): Conv2d(128, 32, kernel_size=(3, 3), stride=(1, 1))
    (4): ReLU()
    (5): MaxPool2d(kernel_size=2, stride=2, padding=0, dilation=1, ceil_mode=False)
    (6): Conv2d(32, 256, kernel_size=(5, 5), stride=(1, 1), padding=(1, 1))
    (7): ReLU()
    (8): MaxPool2d(kernel_size=2, stride=2, padding=0, dilation=1, ceil_mode=False)
    (9): Flatten(start_dim=1, end_dim=-1)
    (10): Linear(in_features=1024, out_features=512, bias=True)
    (11): ReLU()
    (12): Linear(in_features=512, out_features=256, bias=True)
    (13): ReLU()
    (14): Linear(in_features=256, out_features=10, bias=True)
  )
)
INFO:__main__:CHILD MODEL LOSS: 0.6370380705595017 with train time 101.1417121887207
INFO:__main__:CHILD MODEL ACCURACY: 0.7884
INFO:__main__:Policy gradient: 0.20393556356430054
INFO:__main__:
INFO:__main__:------ ITERATION 162 ------
INFO:__main__:Layers generated: [('256', '1', '0'), ('16', '1', '0')]
INFO:__main__:ChildCNNModel(
  (model): Sequential(
    (0): Conv2d(3, 128, kernel_size=(3, 3), stride=(1, 1), padding=(1, 1))
    (1): ReLU()
    (2): MaxPool2d(kernel_size=2, stride=2, padding=0, dilation=1, ceil_mode=False)
    (3): Conv2d(128, 256, kernel_size=(1, 1), stride=(1, 1))
    (4): ReLU()
    (5): MaxPool2d(kernel_size=2, stride=2, padding=0, dilation=1, ceil_mode=False)
    (6): Conv2d(256, 16, kernel_size=(1, 1), stride=(1, 1))
    (7): ReLU()
    (8): MaxPool2d(kernel_size=2, stride=2, padding=0, dilation=1, ceil_mode=False)
    (9): Flatten(start_dim=1, end_dim=-1)
    (10): Linear(in_features=256, out_features=512, bias=True)
    (11): ReLU()
    (12): Linear(in_features=512, out_features=256, bias=True)
    (13): ReLU()
    (14): Linear(in_features=256, out_features=10, bias=True)
  )
)
INFO:__main__:CHILD MODEL LOSS: 0.8664899115562439 with train time 104.5434672832489
INFO:__main__:CHILD MODEL ACCURACY: 0.7133
INFO:__main__:Policy gradient: -0.41824859380722046
INFO:__main__:
INFO:__main__:------ ITERATION 163 ------
INFO:__main__:Layers generated: [('256', '5', '2'), ('256', '3', '1')]
INFO:__main__:ChildCNNModel(
  (model): Sequential(
    (0): Conv2d(3, 128, kernel_size=(3, 3), stride=(1, 1), padding=(1, 1))
    (1): ReLU()
    (2): MaxPool2d(kernel_size=2, stride=2, padding=0, dilation=1, ceil_mode=False)
    (3): Conv2d(128, 256, kernel_size=(5, 5), stride=(1, 1), padding=(2, 2))
    (4): ReLU()
    (5): MaxPool2d(kernel_size=2, stride=2, padding=0, dilation=1, ceil_mode=False)
    (6): Conv2d(256, 256, kernel_size=(3, 3), stride=(1, 1), padding=(1, 1))
    (7): ReLU()
    (8): MaxPool2d(kernel_size=2, stride=2, padding=0, dilation=1, ceil_mode=False)
    (9): Flatten(start_dim=1, end_dim=-1)
    (10): Linear(in_features=4096, out_features=512, bias=True)
    (11): ReLU()
    (12): Linear(in_features=512, out_features=256, bias=True)
    (13): ReLU()
    (14): Linear(in_features=256, out_features=10, bias=True)
  )
)
INFO:__main__:CHILD MODEL LOSS: 0.5888679568767548 with train time 113.1618242263794
INFO:__main__:CHILD MODEL ACCURACY: 0.7949
INFO:__main__:Policy gradient: 0.2317587435245514
INFO:__main__:
INFO:__main__:------ ITERATION 164 ------
INFO:__main__:Layers generated: [('64', '1', '0'), ('256', '3', '2')]
INFO:__main__:ChildCNNModel(
  (model): Sequential(
    (0): Conv2d(3, 128, kernel_size=(3, 3), stride=(1, 1), padding=(1, 1))
    (1): ReLU()
    (2): MaxPool2d(kernel_size=2, stride=2, padding=0, dilation=1, ceil_mode=False)
    (3): Conv2d(128, 64, kernel_size=(1, 1), stride=(1, 1))
    (4): ReLU()
    (5): MaxPool2d(kernel_size=2, stride=2, padding=0, dilation=1, ceil_mode=False)
    (6): Conv2d(64, 256, kernel_size=(3, 3), stride=(1, 1), padding=(2, 2))
    (7): ReLU()
    (8): MaxPool2d(kernel_size=2, stride=2, padding=0, dilation=1, ceil_mode=False)
    (9): Flatten(start_dim=1, end_dim=-1)
    (10): Linear(in_features=6400, out_features=512, bias=True)
    (11): ReLU()
    (12): Linear(in_features=512, out_features=256, bias=True)
    (13): ReLU()
    (14): Linear(in_features=256, out_features=10, bias=True)
  )
)
INFO:__main__:CHILD MODEL LOSS: 0.5573753762245178 with train time 102.65357804298401
INFO:__main__:CHILD MODEL ACCURACY: 0.7963
INFO:__main__:Policy gradient: 0.22587072849273682
INFO:__main__:
INFO:__main__:------ ITERATION 165 ------
INFO:__main__:Layers generated: [('256', '1', '0'), ('128', '3', '0')]
INFO:__main__:ChildCNNModel(
  (model): Sequential(
    (0): Conv2d(3, 128, kernel_size=(3, 3), stride=(1, 1), padding=(1, 1))
    (1): ReLU()
    (2): MaxPool2d(kernel_size=2, stride=2, padding=0, dilation=1, ceil_mode=False)
    (3): Conv2d(128, 256, kernel_size=(1, 1), stride=(1, 1))
    (4): ReLU()
    (5): MaxPool2d(kernel_size=2, stride=2, padding=0, dilation=1, ceil_mode=False)
    (6): Conv2d(256, 128, kernel_size=(3, 3), stride=(1, 1))
    (7): ReLU()
    (8): MaxPool2d(kernel_size=2, stride=2, padding=0, dilation=1, ceil_mode=False)
    (9): Flatten(start_dim=1, end_dim=-1)
    (10): Linear(in_features=1152, out_features=512, bias=True)
    (11): ReLU()
    (12): Linear(in_features=512, out_features=256, bias=True)
    (13): ReLU()
    (14): Linear(in_features=256, out_features=10, bias=True)
  )
)
INFO:__main__:CHILD MODEL LOSS: 0.6258606096506119 with train time 104.33296847343445
INFO:__main__:CHILD MODEL ACCURACY: 0.791
INFO:__main__:Policy gradient: 0.1730489879846573
INFO:__main__:
INFO:__main__:------ ITERATION 166 ------
INFO:__main__:Layers generated: [('64', '5', '0'), ('128', '5', '0')]
INFO:__main__:ChildCNNModel(
  (model): Sequential(
    (0): Conv2d(3, 128, kernel_size=(3, 3), stride=(1, 1), padding=(1, 1))
    (1): ReLU()
    (2): MaxPool2d(kernel_size=2, stride=2, padding=0, dilation=1, ceil_mode=False)
    (3): Conv2d(128, 64, kernel_size=(5, 5), stride=(1, 1))
    (4): ReLU()
    (5): MaxPool2d(kernel_size=2, stride=2, padding=0, dilation=1, ceil_mode=False)
    (6): Conv2d(64, 128, kernel_size=(5, 5), stride=(1, 1))
    (7): ReLU()
    (8): MaxPool2d(kernel_size=2, stride=2, padding=0, dilation=1, ceil_mode=False)
    (9): Flatten(start_dim=1, end_dim=-1)
    (10): Linear(in_features=128, out_features=512, bias=True)
    (11): ReLU()
    (12): Linear(in_features=512, out_features=256, bias=True)
    (13): ReLU()
    (14): Linear(in_features=256, out_features=10, bias=True)
  )
)
INFO:__main__:CHILD MODEL LOSS: 0.746164190530777 with train time 104.35022616386414
INFO:__main__:CHILD MODEL ACCURACY: 0.753
INFO:__main__:Policy gradient: -0.12185157835483551
INFO:__main__:
INFO:__main__:------ ITERATION 167 ------
INFO:__main__:Layers generated: [('256', '3', '2'), ('256', '1', '2')]
INFO:__main__:ChildCNNModel(
  (model): Sequential(
    (0): Conv2d(3, 128, kernel_size=(3, 3), stride=(1, 1), padding=(1, 1))
    (1): ReLU()
    (2): MaxPool2d(kernel_size=2, stride=2, padding=0, dilation=1, ceil_mode=False)
    (3): Conv2d(128, 256, kernel_size=(3, 3), stride=(1, 1), padding=(2, 2))
    (4): ReLU()
    (5): MaxPool2d(kernel_size=2, stride=2, padding=0, dilation=1, ceil_mode=False)
    (6): Conv2d(256, 256, kernel_size=(1, 1), stride=(1, 1), padding=(2, 2))
    (7): ReLU()
    (8): MaxPool2d(kernel_size=2, stride=2, padding=0, dilation=1, ceil_mode=False)
    (9): Flatten(start_dim=1, end_dim=-1)
    (10): Linear(in_features=9216, out_features=512, bias=True)
    (11): ReLU()
    (12): Linear(in_features=512, out_features=256, bias=True)
    (13): ReLU()
    (14): Linear(in_features=256, out_features=10, bias=True)
  )
)
INFO:__main__:CHILD MODEL LOSS: 0.5982635246515274 with train time 107.26951766014099
INFO:__main__:CHILD MODEL ACCURACY: 0.7946
INFO:__main__:Policy gradient: 0.19034698605537415
INFO:__main__:
INFO:__main__:------ ITERATION 168 ------
INFO:__main__:Layers generated: [('256', '1', '2'), ('256', '3', '0')]
INFO:__main__:ChildCNNModel(
  (model): Sequential(
    (0): Conv2d(3, 128, kernel_size=(3, 3), stride=(1, 1), padding=(1, 1))
    (1): ReLU()
    (2): MaxPool2d(kernel_size=2, stride=2, padding=0, dilation=1, ceil_mode=False)
    (3): Conv2d(128, 256, kernel_size=(1, 1), stride=(1, 1), padding=(2, 2))
    (4): ReLU()
    (5): MaxPool2d(kernel_size=2, stride=2, padding=0, dilation=1, ceil_mode=False)
    (6): Conv2d(256, 256, kernel_size=(3, 3), stride=(1, 1))
    (7): ReLU()
    (8): MaxPool2d(kernel_size=2, stride=2, padding=0, dilation=1, ceil_mode=False)
    (9): Flatten(start_dim=1, end_dim=-1)
    (10): Linear(in_features=4096, out_features=512, bias=True)
    (11): ReLU()
    (12): Linear(in_features=512, out_features=256, bias=True)
    (13): ReLU()
    (14): Linear(in_features=256, out_features=10, bias=True)
  )
)
INFO:__main__:CHILD MODEL LOSS: 0.5576225881576538 with train time 111.50584745407104
INFO:__main__:CHILD MODEL ACCURACY: 0.7905
INFO:__main__:Policy gradient: 0.12361962348222733
INFO:__main__:
INFO:__main__:------ ITERATION 169 ------
INFO:__main__:Layers generated: [('64', '1', '2'), ('32', '5', '2')]
INFO:__main__:ChildCNNModel(
  (model): Sequential(
    (0): Conv2d(3, 128, kernel_size=(3, 3), stride=(1, 1), padding=(1, 1))
    (1): ReLU()
    (2): MaxPool2d(kernel_size=2, stride=2, padding=0, dilation=1, ceil_mode=False)
    (3): Conv2d(128, 64, kernel_size=(1, 1), stride=(1, 1), padding=(2, 2))
    (4): ReLU()
    (5): MaxPool2d(kernel_size=2, stride=2, padding=0, dilation=1, ceil_mode=False)
    (6): Conv2d(64, 32, kernel_size=(5, 5), stride=(1, 1), padding=(2, 2))
    (7): ReLU()
    (8): MaxPool2d(kernel_size=2, stride=2, padding=0, dilation=1, ceil_mode=False)
    (9): Flatten(start_dim=1, end_dim=-1)
    (10): Linear(in_features=800, out_features=512, bias=True)
    (11): ReLU()
    (12): Linear(in_features=512, out_features=256, bias=True)
    (13): ReLU()
    (14): Linear(in_features=256, out_features=10, bias=True)
  )
)
INFO:__main__:CHILD MODEL LOSS: 0.7001366057395935 with train time 100.39206075668335
INFO:__main__:CHILD MODEL ACCURACY: 0.7674
INFO:__main__:Policy gradient: -0.03216075524687767
INFO:__main__:
INFO:__main__:------ ITERATION 170 ------
INFO:__main__:Layers generated: [('128', '5', '2'), ('128', '3', '1')]
INFO:__main__:ChildCNNModel(
  (model): Sequential(
    (0): Conv2d(3, 128, kernel_size=(3, 3), stride=(1, 1), padding=(1, 1))
    (1): ReLU()
    (2): MaxPool2d(kernel_size=2, stride=2, padding=0, dilation=1, ceil_mode=False)
    (3): Conv2d(128, 128, kernel_size=(5, 5), stride=(1, 1), padding=(2, 2))
    (4): ReLU()
    (5): MaxPool2d(kernel_size=2, stride=2, padding=0, dilation=1, ceil_mode=False)
    (6): Conv2d(128, 128, kernel_size=(3, 3), stride=(1, 1), padding=(1, 1))
    (7): ReLU()
    (8): MaxPool2d(kernel_size=2, stride=2, padding=0, dilation=1, ceil_mode=False)
    (9): Flatten(start_dim=1, end_dim=-1)
    (10): Linear(in_features=2048, out_features=512, bias=True)
    (11): ReLU()
    (12): Linear(in_features=512, out_features=256, bias=True)
    (13): ReLU()
    (14): Linear(in_features=256, out_features=10, bias=True)
  )
)
INFO:__main__:CHILD MODEL LOSS: 0.599331838965416 with train time 103.62428832054138
INFO:__main__:CHILD MODEL ACCURACY: 0.7932
INFO:__main__:Policy gradient: 0.16609786450862885
INFO:__main__:
INFO:__main__:------ ITERATION 171 ------
INFO:__main__:Layers generated: [('128', '1', '0'), ('256', '3', '0')]
INFO:__main__:ChildCNNModel(
  (model): Sequential(
    (0): Conv2d(3, 128, kernel_size=(3, 3), stride=(1, 1), padding=(1, 1))
    (1): ReLU()
    (2): MaxPool2d(kernel_size=2, stride=2, padding=0, dilation=1, ceil_mode=False)
    (3): Conv2d(128, 128, kernel_size=(1, 1), stride=(1, 1))
    (4): ReLU()
    (5): MaxPool2d(kernel_size=2, stride=2, padding=0, dilation=1, ceil_mode=False)
    (6): Conv2d(128, 256, kernel_size=(3, 3), stride=(1, 1))
    (7): ReLU()
    (8): MaxPool2d(kernel_size=2, stride=2, padding=0, dilation=1, ceil_mode=False)
    (9): Flatten(start_dim=1, end_dim=-1)
    (10): Linear(in_features=2304, out_features=512, bias=True)
    (11): ReLU()
    (12): Linear(in_features=512, out_features=256, bias=True)
    (13): ReLU()
    (14): Linear(in_features=256, out_features=10, bias=True)
  )
)
INFO:__main__:CHILD MODEL LOSS: 0.5658016257286071 with train time 103.1714506149292
INFO:__main__:CHILD MODEL ACCURACY: 0.7994
INFO:__main__:Policy gradient: 0.19121915102005005
INFO:__main__:
INFO:__main__:------ ITERATION 172 ------
INFO:__main__:Layers generated: [('128', '1', '2'), ('128', '1', '1')]
INFO:__main__:ChildCNNModel(
  (model): Sequential(
    (0): Conv2d(3, 128, kernel_size=(3, 3), stride=(1, 1), padding=(1, 1))
    (1): ReLU()
    (2): MaxPool2d(kernel_size=2, stride=2, padding=0, dilation=1, ceil_mode=False)
    (3): Conv2d(128, 128, kernel_size=(1, 1), stride=(1, 1), padding=(2, 2))
    (4): ReLU()
    (5): MaxPool2d(kernel_size=2, stride=2, padding=0, dilation=1, ceil_mode=False)
    (6): Conv2d(128, 128, kernel_size=(1, 1), stride=(1, 1), padding=(1, 1))
    (7): ReLU()
    (8): MaxPool2d(kernel_size=2, stride=2, padding=0, dilation=1, ceil_mode=False)
    (9): Flatten(start_dim=1, end_dim=-1)
    (10): Linear(in_features=4608, out_features=512, bias=True)
    (11): ReLU()
    (12): Linear(in_features=512, out_features=256, bias=True)
    (13): ReLU()
    (14): Linear(in_features=256, out_features=10, bias=True)
  )
)
INFO:__main__:CHILD MODEL LOSS: 0.7306737008094788 with train time 100.36267852783203
INFO:__main__:CHILD MODEL ACCURACY: 0.7561
INFO:__main__:Policy gradient: -0.15068498253822327
INFO:__main__:
INFO:__main__:------ ITERATION 173 ------
INFO:__main__:Layers generated: [('256', '1', '1'), ('128', '3', '2')]
INFO:__main__:ChildCNNModel(
  (model): Sequential(
    (0): Conv2d(3, 128, kernel_size=(3, 3), stride=(1, 1), padding=(1, 1))
    (1): ReLU()
    (2): MaxPool2d(kernel_size=2, stride=2, padding=0, dilation=1, ceil_mode=False)
    (3): Conv2d(128, 256, kernel_size=(1, 1), stride=(1, 1), padding=(1, 1))
    (4): ReLU()
    (5): MaxPool2d(kernel_size=2, stride=2, padding=0, dilation=1, ceil_mode=False)
    (6): Conv2d(256, 128, kernel_size=(3, 3), stride=(1, 1), padding=(2, 2))
    (7): ReLU()
    (8): MaxPool2d(kernel_size=2, stride=2, padding=0, dilation=1, ceil_mode=False)
    (9): Flatten(start_dim=1, end_dim=-1)
    (10): Linear(in_features=3200, out_features=512, bias=True)
    (11): ReLU()
    (12): Linear(in_features=512, out_features=256, bias=True)
    (13): ReLU()
    (14): Linear(in_features=256, out_features=10, bias=True)
  )
)
INFO:__main__:CHILD MODEL LOSS: 0.5945745794773102 with train time 103.70937609672546
INFO:__main__:CHILD MODEL ACCURACY: 0.7922
INFO:__main__:Policy gradient: 0.12615594267845154
INFO:__main__:
INFO:__main__:------ ITERATION 174 ------
INFO:__main__:Layers generated: [('64', '1', '2'), ('64', '3', '0')]
INFO:__main__:ChildCNNModel(
  (model): Sequential(
    (0): Conv2d(3, 128, kernel_size=(3, 3), stride=(1, 1), padding=(1, 1))
    (1): ReLU()
    (2): MaxPool2d(kernel_size=2, stride=2, padding=0, dilation=1, ceil_mode=False)
    (3): Conv2d(128, 64, kernel_size=(1, 1), stride=(1, 1), padding=(2, 2))
    (4): ReLU()
    (5): MaxPool2d(kernel_size=2, stride=2, padding=0, dilation=1, ceil_mode=False)
    (6): Conv2d(64, 64, kernel_size=(3, 3), stride=(1, 1))
    (7): ReLU()
    (8): MaxPool2d(kernel_size=2, stride=2, padding=0, dilation=1, ceil_mode=False)
    (9): Flatten(start_dim=1, end_dim=-1)
    (10): Linear(in_features=1024, out_features=512, bias=True)
    (11): ReLU()
    (12): Linear(in_features=512, out_features=256, bias=True)
    (13): ReLU()
    (14): Linear(in_features=256, out_features=10, bias=True)
  )
)
INFO:__main__:CHILD MODEL LOSS: 0.6741236745119095 with train time 100.53154826164246
INFO:__main__:CHILD MODEL ACCURACY: 0.7771
INFO:__main__:Policy gradient: 0.005028879269957542
INFO:__main__:
INFO:__main__:------ ITERATION 175 ------
INFO:__main__:Layers generated: [('256', '1', '1'), ('256', '3', '1')]
INFO:__main__:ChildCNNModel(
  (model): Sequential(
    (0): Conv2d(3, 128, kernel_size=(3, 3), stride=(1, 1), padding=(1, 1))
    (1): ReLU()
    (2): MaxPool2d(kernel_size=2, stride=2, padding=0, dilation=1, ceil_mode=False)
    (3): Conv2d(128, 256, kernel_size=(1, 1), stride=(1, 1), padding=(1, 1))
    (4): ReLU()
    (5): MaxPool2d(kernel_size=2, stride=2, padding=0, dilation=1, ceil_mode=False)
    (6): Conv2d(256, 256, kernel_size=(3, 3), stride=(1, 1), padding=(1, 1))
    (7): ReLU()
    (8): MaxPool2d(kernel_size=2, stride=2, padding=0, dilation=1, ceil_mode=False)
    (9): Flatten(start_dim=1, end_dim=-1)
    (10): Linear(in_features=4096, out_features=512, bias=True)
    (11): ReLU()
    (12): Linear(in_features=512, out_features=256, bias=True)
    (13): ReLU()
    (14): Linear(in_features=256, out_features=10, bias=True)
  )
)
INFO:__main__:CHILD MODEL LOSS: 0.5596934798955917 with train time 106.52300786972046
INFO:__main__:CHILD MODEL ACCURACY: 0.8055
INFO:__main__:Policy gradient: 0.19790230691432953
INFO:__main__:
INFO:__main__:------ ITERATION 176 ------
INFO:__main__:Layers generated: [('64', '3', '1'), ('32', '5', '2')]
INFO:__main__:ChildCNNModel(
  (model): Sequential(
    (0): Conv2d(3, 128, kernel_size=(3, 3), stride=(1, 1), padding=(1, 1))
    (1): ReLU()
    (2): MaxPool2d(kernel_size=2, stride=2, padding=0, dilation=1, ceil_mode=False)
    (3): Conv2d(128, 64, kernel_size=(3, 3), stride=(1, 1), padding=(1, 1))
    (4): ReLU()
    (5): MaxPool2d(kernel_size=2, stride=2, padding=0, dilation=1, ceil_mode=False)
    (6): Conv2d(64, 32, kernel_size=(5, 5), stride=(1, 1), padding=(2, 2))
    (7): ReLU()
    (8): MaxPool2d(kernel_size=2, stride=2, padding=0, dilation=1, ceil_mode=False)
    (9): Flatten(start_dim=1, end_dim=-1)
    (10): Linear(in_features=512, out_features=512, bias=True)
    (11): ReLU()
    (12): Linear(in_features=512, out_features=256, bias=True)
    (13): ReLU()
    (14): Linear(in_features=256, out_features=10, bias=True)
  )
)
INFO:__main__:CHILD MODEL LOSS: 0.6591322033405304 with train time 97.99508547782898
INFO:__main__:CHILD MODEL ACCURACY: 0.7706
INFO:__main__:Policy gradient: -0.07135128974914551
INFO:__main__:
INFO:__main__:------ ITERATION 177 ------
INFO:__main__:Layers generated: [('256', '5', '1'), ('128', '5', '0')]
INFO:__main__:ChildCNNModel(
  (model): Sequential(
    (0): Conv2d(3, 128, kernel_size=(3, 3), stride=(1, 1), padding=(1, 1))
    (1): ReLU()
    (2): MaxPool2d(kernel_size=2, stride=2, padding=0, dilation=1, ceil_mode=False)
    (3): Conv2d(128, 256, kernel_size=(5, 5), stride=(1, 1), padding=(1, 1))
    (4): ReLU()
    (5): MaxPool2d(kernel_size=2, stride=2, padding=0, dilation=1, ceil_mode=False)
    (6): Conv2d(256, 128, kernel_size=(5, 5), stride=(1, 1))
    (7): ReLU()
    (8): MaxPool2d(kernel_size=2, stride=2, padding=0, dilation=1, ceil_mode=False)
    (9): Flatten(start_dim=1, end_dim=-1)
    (10): Linear(in_features=128, out_features=512, bias=True)
    (11): ReLU()
    (12): Linear(in_features=512, out_features=256, bias=True)
    (13): ReLU()
    (14): Linear(in_features=256, out_features=10, bias=True)
  )
)
INFO:__main__:CHILD MODEL LOSS: 0.6614546701908112 with train time 107.87424826622009
INFO:__main__:CHILD MODEL ACCURACY: 0.7752
INFO:__main__:Policy gradient: -0.023398499935865402
INFO:__main__:
INFO:__main__:------ ITERATION 178 ------
INFO:__main__:Layers generated: [('256', '1', '0'), ('256', '3', '0')]
INFO:__main__:ChildCNNModel(
  (model): Sequential(
    (0): Conv2d(3, 128, kernel_size=(3, 3), stride=(1, 1), padding=(1, 1))
    (1): ReLU()
    (2): MaxPool2d(kernel_size=2, stride=2, padding=0, dilation=1, ceil_mode=False)
    (3): Conv2d(128, 256, kernel_size=(1, 1), stride=(1, 1))
    (4): ReLU()
    (5): MaxPool2d(kernel_size=2, stride=2, padding=0, dilation=1, ceil_mode=False)
    (6): Conv2d(256, 256, kernel_size=(3, 3), stride=(1, 1))
    (7): ReLU()
    (8): MaxPool2d(kernel_size=2, stride=2, padding=0, dilation=1, ceil_mode=False)
    (9): Flatten(start_dim=1, end_dim=-1)
    (10): Linear(in_features=2304, out_features=512, bias=True)
    (11): ReLU()
    (12): Linear(in_features=512, out_features=256, bias=True)
    (13): ReLU()
    (14): Linear(in_features=256, out_features=10, bias=True)
  )
)
INFO:__main__:CHILD MODEL LOSS: 0.5761541877985 with train time 101.68150877952576
INFO:__main__:CHILD MODEL ACCURACY: 0.7885
INFO:__main__:Policy gradient: 0.07001373171806335
INFO:__main__:
INFO:__main__:------ ITERATION 179 ------
INFO:__main__:Layers generated: [('128', '3', '1'), ('64', '5', '0')]
INFO:__main__:ChildCNNModel(
  (model): Sequential(
    (0): Conv2d(3, 128, kernel_size=(3, 3), stride=(1, 1), padding=(1, 1))
    (1): ReLU()
    (2): MaxPool2d(kernel_size=2, stride=2, padding=0, dilation=1, ceil_mode=False)
    (3): Conv2d(128, 128, kernel_size=(3, 3), stride=(1, 1), padding=(1, 1))
    (4): ReLU()
    (5): MaxPool2d(kernel_size=2, stride=2, padding=0, dilation=1, ceil_mode=False)
    (6): Conv2d(128, 64, kernel_size=(5, 5), stride=(1, 1))
    (7): ReLU()
    (8): MaxPool2d(kernel_size=2, stride=2, padding=0, dilation=1, ceil_mode=False)
    (9): Flatten(start_dim=1, end_dim=-1)
    (10): Linear(in_features=256, out_features=512, bias=True)
    (11): ReLU()
    (12): Linear(in_features=512, out_features=256, bias=True)
    (13): ReLU()
    (14): Linear(in_features=256, out_features=10, bias=True)
  )
)
INFO:__main__:CHILD MODEL LOSS: 0.6540108509063721 with train time 106.05734205245972
INFO:__main__:CHILD MODEL ACCURACY: 0.782
INFO:__main__:Policy gradient: 0.02269325777888298
INFO:__main__:
INFO:__main__:------ ITERATION 180 ------
INFO:__main__:Layers generated: [('256', '1', '2'), ('64', '5', '1')]
INFO:__main__:ChildCNNModel(
  (model): Sequential(
    (0): Conv2d(3, 128, kernel_size=(3, 3), stride=(1, 1), padding=(1, 1))
    (1): ReLU()
    (2): MaxPool2d(kernel_size=2, stride=2, padding=0, dilation=1, ceil_mode=False)
    (3): Conv2d(128, 256, kernel_size=(1, 1), stride=(1, 1), padding=(2, 2))
    (4): ReLU()
    (5): MaxPool2d(kernel_size=2, stride=2, padding=0, dilation=1, ceil_mode=False)
    (6): Conv2d(256, 64, kernel_size=(5, 5), stride=(1, 1), padding=(1, 1))
    (7): ReLU()
    (8): MaxPool2d(kernel_size=2, stride=2, padding=0, dilation=1, ceil_mode=False)
    (9): Flatten(start_dim=1, end_dim=-1)
    (10): Linear(in_features=1024, out_features=512, bias=True)
    (11): ReLU()
    (12): Linear(in_features=512, out_features=256, bias=True)
    (13): ReLU()
    (14): Linear(in_features=256, out_features=10, bias=True)
  )
)
INFO:__main__:CHILD MODEL LOSS: 0.6082477893829346 with train time 102.85115814208984
INFO:__main__:CHILD MODEL ACCURACY: 0.7978
INFO:__main__:Policy gradient: 0.09771858900785446
INFO:__main__:
INFO:__main__:------ ITERATION 181 ------
INFO:__main__:Layers generated: [('256', '5', '1'), ('64', '5', '0')]
INFO:__main__:ChildCNNModel(
  (model): Sequential(
    (0): Conv2d(3, 128, kernel_size=(3, 3), stride=(1, 1), padding=(1, 1))
    (1): ReLU()
    (2): MaxPool2d(kernel_size=2, stride=2, padding=0, dilation=1, ceil_mode=False)
    (3): Conv2d(128, 256, kernel_size=(5, 5), stride=(1, 1), padding=(1, 1))
    (4): ReLU()
    (5): MaxPool2d(kernel_size=2, stride=2, padding=0, dilation=1, ceil_mode=False)
    (6): Conv2d(256, 64, kernel_size=(5, 5), stride=(1, 1))
    (7): ReLU()
    (8): MaxPool2d(kernel_size=2, stride=2, padding=0, dilation=1, ceil_mode=False)
    (9): Flatten(start_dim=1, end_dim=-1)
    (10): Linear(in_features=64, out_features=512, bias=True)
    (11): ReLU()
    (12): Linear(in_features=512, out_features=256, bias=True)
    (13): ReLU()
    (14): Linear(in_features=256, out_features=10, bias=True)
  )
)
INFO:__main__:CHILD MODEL LOSS: 0.7152251588106155 with train time 105.4208414554596
INFO:__main__:CHILD MODEL ACCURACY: 0.7698
INFO:__main__:Policy gradient: -0.07822354137897491
INFO:__main__:
INFO:__main__:------ ITERATION 182 ------
INFO:__main__:Layers generated: [('32', '5', '1'), ('128', '5', '1')]
INFO:__main__:ChildCNNModel(
  (model): Sequential(
    (0): Conv2d(3, 128, kernel_size=(3, 3), stride=(1, 1), padding=(1, 1))
    (1): ReLU()
    (2): MaxPool2d(kernel_size=2, stride=2, padding=0, dilation=1, ceil_mode=False)
    (3): Conv2d(128, 32, kernel_size=(5, 5), stride=(1, 1), padding=(1, 1))
    (4): ReLU()
    (5): MaxPool2d(kernel_size=2, stride=2, padding=0, dilation=1, ceil_mode=False)
    (6): Conv2d(32, 128, kernel_size=(5, 5), stride=(1, 1), padding=(1, 1))
    (7): ReLU()
    (8): MaxPool2d(kernel_size=2, stride=2, padding=0, dilation=1, ceil_mode=False)
    (9): Flatten(start_dim=1, end_dim=-1)
    (10): Linear(in_features=512, out_features=512, bias=True)
    (11): ReLU()
    (12): Linear(in_features=512, out_features=256, bias=True)
    (13): ReLU()
    (14): Linear(in_features=256, out_features=10, bias=True)
  )
)
INFO:__main__:CHILD MODEL LOSS: 0.7309760296344757 with train time 102.23476338386536
INFO:__main__:CHILD MODEL ACCURACY: 0.7523
INFO:__main__:Policy gradient: -0.22581951320171356
INFO:__main__:
INFO:__main__:------ ITERATION 183 ------
INFO:__main__:Layers generated: [('64', '1', '2'), ('64', '3', '0')]
INFO:__main__:ChildCNNModel(
  (model): Sequential(
    (0): Conv2d(3, 128, kernel_size=(3, 3), stride=(1, 1), padding=(1, 1))
    (1): ReLU()
    (2): MaxPool2d(kernel_size=2, stride=2, padding=0, dilation=1, ceil_mode=False)
    (3): Conv2d(128, 64, kernel_size=(1, 1), stride=(1, 1), padding=(2, 2))
    (4): ReLU()
    (5): MaxPool2d(kernel_size=2, stride=2, padding=0, dilation=1, ceil_mode=False)
    (6): Conv2d(64, 64, kernel_size=(3, 3), stride=(1, 1))
    (7): ReLU()
    (8): MaxPool2d(kernel_size=2, stride=2, padding=0, dilation=1, ceil_mode=False)
    (9): Flatten(start_dim=1, end_dim=-1)
    (10): Linear(in_features=1024, out_features=512, bias=True)
    (11): ReLU()
    (12): Linear(in_features=512, out_features=256, bias=True)
    (13): ReLU()
    (14): Linear(in_features=256, out_features=10, bias=True)
  )
)
INFO:__main__:CHILD MODEL LOSS: 0.6910608086585999 with train time 100.41254329681396
INFO:__main__:CHILD MODEL ACCURACY: 0.7795
INFO:__main__:Policy gradient: 0.013540120795369148
INFO:__main__:
INFO:__main__:------ ITERATION 184 ------
INFO:__main__:Layers generated: [('256', '1', '2'), ('128', '1', '1')]
INFO:__main__:ChildCNNModel(
  (model): Sequential(
    (0): Conv2d(3, 128, kernel_size=(3, 3), stride=(1, 1), padding=(1, 1))
    (1): ReLU()
    (2): MaxPool2d(kernel_size=2, stride=2, padding=0, dilation=1, ceil_mode=False)
    (3): Conv2d(128, 256, kernel_size=(1, 1), stride=(1, 1), padding=(2, 2))
    (4): ReLU()
    (5): MaxPool2d(kernel_size=2, stride=2, padding=0, dilation=1, ceil_mode=False)
    (6): Conv2d(256, 128, kernel_size=(1, 1), stride=(1, 1), padding=(1, 1))
    (7): ReLU()
    (8): MaxPool2d(kernel_size=2, stride=2, padding=0, dilation=1, ceil_mode=False)
    (9): Flatten(start_dim=1, end_dim=-1)
    (10): Linear(in_features=4608, out_features=512, bias=True)
    (11): ReLU()
    (12): Linear(in_features=512, out_features=256, bias=True)
    (13): ReLU()
    (14): Linear(in_features=256, out_features=10, bias=True)
  )
)
INFO:__main__:CHILD MODEL LOSS: 0.7157577836513519 with train time 105.0656316280365
INFO:__main__:CHILD MODEL ACCURACY: 0.7636
INFO:__main__:Policy gradient: -0.09477487206459045
INFO:__main__:
INFO:__main__:------ ITERATION 185 ------
INFO:__main__:Layers generated: [('256', '1', '1'), ('128', '1', '2')]
INFO:__main__:ChildCNNModel(
  (model): Sequential(
    (0): Conv2d(3, 128, kernel_size=(3, 3), stride=(1, 1), padding=(1, 1))
    (1): ReLU()
    (2): MaxPool2d(kernel_size=2, stride=2, padding=0, dilation=1, ceil_mode=False)
    (3): Conv2d(128, 256, kernel_size=(1, 1), stride=(1, 1), padding=(1, 1))
    (4): ReLU()
    (5): MaxPool2d(kernel_size=2, stride=2, padding=0, dilation=1, ceil_mode=False)
    (6): Conv2d(256, 128, kernel_size=(1, 1), stride=(1, 1), padding=(2, 2))
    (7): ReLU()
    (8): MaxPool2d(kernel_size=2, stride=2, padding=0, dilation=1, ceil_mode=False)
    (9): Flatten(start_dim=1, end_dim=-1)
    (10): Linear(in_features=4608, out_features=512, bias=True)
    (11): ReLU()
    (12): Linear(in_features=512, out_features=256, bias=True)
    (13): ReLU()
    (14): Linear(in_features=256, out_features=10, bias=True)
  )
)
INFO:__main__:CHILD MODEL LOSS: 0.6850210604667664 with train time 105.43517112731934
INFO:__main__:CHILD MODEL ACCURACY: 0.7596
INFO:__main__:Policy gradient: -0.12162205576896667
INFO:__main__:
INFO:__main__:------ ITERATION 186 ------
INFO:__main__:Layers generated: [('128', '1', '1'), ('64', '3', '0')]
INFO:__main__:ChildCNNModel(
  (model): Sequential(
    (0): Conv2d(3, 128, kernel_size=(3, 3), stride=(1, 1), padding=(1, 1))
    (1): ReLU()
    (2): MaxPool2d(kernel_size=2, stride=2, padding=0, dilation=1, ceil_mode=False)
    (3): Conv2d(128, 128, kernel_size=(1, 1), stride=(1, 1), padding=(1, 1))
    (4): ReLU()
    (5): MaxPool2d(kernel_size=2, stride=2, padding=0, dilation=1, ceil_mode=False)
    (6): Conv2d(128, 64, kernel_size=(3, 3), stride=(1, 1))
    (7): ReLU()
    (8): MaxPool2d(kernel_size=2, stride=2, padding=0, dilation=1, ceil_mode=False)
    (9): Flatten(start_dim=1, end_dim=-1)
    (10): Linear(in_features=576, out_features=512, bias=True)
    (11): ReLU()
    (12): Linear(in_features=512, out_features=256, bias=True)
    (13): ReLU()
    (14): Linear(in_features=256, out_features=10, bias=True)
  )
)
INFO:__main__:CHILD MODEL LOSS: 0.682443630695343 with train time 102.99056720733643
INFO:__main__:CHILD MODEL ACCURACY: 0.7713
INFO:__main__:Policy gradient: -0.02410983294248581
INFO:__main__:
INFO:__main__:------ ITERATION 187 ------
INFO:__main__:Layers generated: [('256', '3', '2'), ('128', '5', '0')]
INFO:__main__:ChildCNNModel(
  (model): Sequential(
    (0): Conv2d(3, 128, kernel_size=(3, 3), stride=(1, 1), padding=(1, 1))
    (1): ReLU()
    (2): MaxPool2d(kernel_size=2, stride=2, padding=0, dilation=1, ceil_mode=False)
    (3): Conv2d(128, 256, kernel_size=(3, 3), stride=(1, 1), padding=(2, 2))
    (4): ReLU()
    (5): MaxPool2d(kernel_size=2, stride=2, padding=0, dilation=1, ceil_mode=False)
    (6): Conv2d(256, 128, kernel_size=(5, 5), stride=(1, 1))
    (7): ReLU()
    (8): MaxPool2d(kernel_size=2, stride=2, padding=0, dilation=1, ceil_mode=False)
    (9): Flatten(start_dim=1, end_dim=-1)
    (10): Linear(in_features=512, out_features=512, bias=True)
    (11): ReLU()
    (12): Linear(in_features=512, out_features=256, bias=True)
    (13): ReLU()
    (14): Linear(in_features=256, out_features=10, bias=True)
  )
)
INFO:__main__:CHILD MODEL LOSS: 0.5555472714900971 with train time 107.497793674469
INFO:__main__:CHILD MODEL ACCURACY: 0.7973
INFO:__main__:Policy gradient: 0.15988770127296448
INFO:__main__:
INFO:__main__:------ ITERATION 188 ------
INFO:__main__:Layers generated: [('128', '3', '2'), ('256', '1', '0')]
INFO:__main__:ChildCNNModel(
  (model): Sequential(
    (0): Conv2d(3, 128, kernel_size=(3, 3), stride=(1, 1), padding=(1, 1))
    (1): ReLU()
    (2): MaxPool2d(kernel_size=2, stride=2, padding=0, dilation=1, ceil_mode=False)
    (3): Conv2d(128, 128, kernel_size=(3, 3), stride=(1, 1), padding=(2, 2))
    (4): ReLU()
    (5): MaxPool2d(kernel_size=2, stride=2, padding=0, dilation=1, ceil_mode=False)
    (6): Conv2d(128, 256, kernel_size=(1, 1), stride=(1, 1))
    (7): ReLU()
    (8): MaxPool2d(kernel_size=2, stride=2, padding=0, dilation=1, ceil_mode=False)
    (9): Flatten(start_dim=1, end_dim=-1)
    (10): Linear(in_features=4096, out_features=512, bias=True)
    (11): ReLU()
    (12): Linear(in_features=512, out_features=256, bias=True)
    (13): ReLU()
    (14): Linear(in_features=256, out_features=10, bias=True)
  )
)
INFO:__main__:CHILD MODEL LOSS: 0.5990664472579956 with train time 104.16188263893127
INFO:__main__:CHILD MODEL ACCURACY: 0.7907
INFO:__main__:Policy gradient: 0.1129300594329834
INFO:__main__:
INFO:__main__:------ ITERATION 189 ------
INFO:__main__:Layers generated: [('32', '1', '0'), ('256', '5', '1')]
INFO:__main__:ChildCNNModel(
  (model): Sequential(
    (0): Conv2d(3, 128, kernel_size=(3, 3), stride=(1, 1), padding=(1, 1))
    (1): ReLU()
    (2): MaxPool2d(kernel_size=2, stride=2, padding=0, dilation=1, ceil_mode=False)
    (3): Conv2d(128, 32, kernel_size=(1, 1), stride=(1, 1))
    (4): ReLU()
    (5): MaxPool2d(kernel_size=2, stride=2, padding=0, dilation=1, ceil_mode=False)
    (6): Conv2d(32, 256, kernel_size=(5, 5), stride=(1, 1), padding=(1, 1))
    (7): ReLU()
    (8): MaxPool2d(kernel_size=2, stride=2, padding=0, dilation=1, ceil_mode=False)
    (9): Flatten(start_dim=1, end_dim=-1)
    (10): Linear(in_features=2304, out_features=512, bias=True)
    (11): ReLU()
    (12): Linear(in_features=512, out_features=256, bias=True)
    (13): ReLU()
    (14): Linear(in_features=256, out_features=10, bias=True)
  )
)
INFO:__main__:CHILD MODEL LOSS: 0.616709956407547 with train time 99.22765493392944
INFO:__main__:CHILD MODEL ACCURACY: 0.7887
INFO:__main__:Policy gradient: 0.07570269703865051
INFO:__main__:
INFO:__main__:------ ITERATION 190 ------
INFO:__main__:Layers generated: [('128', '1', '1'), ('256', '3', '0')]
INFO:__main__:ChildCNNModel(
  (model): Sequential(
    (0): Conv2d(3, 128, kernel_size=(3, 3), stride=(1, 1), padding=(1, 1))
    (1): ReLU()
    (2): MaxPool2d(kernel_size=2, stride=2, padding=0, dilation=1, ceil_mode=False)
    (3): Conv2d(128, 128, kernel_size=(1, 1), stride=(1, 1), padding=(1, 1))
    (4): ReLU()
    (5): MaxPool2d(kernel_size=2, stride=2, padding=0, dilation=1, ceil_mode=False)
    (6): Conv2d(128, 256, kernel_size=(3, 3), stride=(1, 1))
    (7): ReLU()
    (8): MaxPool2d(kernel_size=2, stride=2, padding=0, dilation=1, ceil_mode=False)
    (9): Flatten(start_dim=1, end_dim=-1)
    (10): Linear(in_features=2304, out_features=512, bias=True)
    (11): ReLU()
    (12): Linear(in_features=512, out_features=256, bias=True)
    (13): ReLU()
    (14): Linear(in_features=256, out_features=10, bias=True)
  )
)
INFO:__main__:CHILD MODEL LOSS: 0.5821820036172867 with train time 100.68788957595825
INFO:__main__:CHILD MODEL ACCURACY: 0.7998
INFO:__main__:Policy gradient: 0.15743930637836456
INFO:__main__:
INFO:__main__:------ ITERATION 191 ------
INFO:__main__:Layers generated: [('128', '5', '2'), ('256', '3', '2')]
INFO:__main__:ChildCNNModel(
  (model): Sequential(
    (0): Conv2d(3, 128, kernel_size=(3, 3), stride=(1, 1), padding=(1, 1))
    (1): ReLU()
    (2): MaxPool2d(kernel_size=2, stride=2, padding=0, dilation=1, ceil_mode=False)
    (3): Conv2d(128, 128, kernel_size=(5, 5), stride=(1, 1), padding=(2, 2))
    (4): ReLU()
    (5): MaxPool2d(kernel_size=2, stride=2, padding=0, dilation=1, ceil_mode=False)
    (6): Conv2d(128, 256, kernel_size=(3, 3), stride=(1, 1), padding=(2, 2))
    (7): ReLU()
    (8): MaxPool2d(kernel_size=2, stride=2, padding=0, dilation=1, ceil_mode=False)
    (9): Flatten(start_dim=1, end_dim=-1)
    (10): Linear(in_features=6400, out_features=512, bias=True)
    (11): ReLU()
    (12): Linear(in_features=512, out_features=256, bias=True)
    (13): ReLU()
    (14): Linear(in_features=256, out_features=10, bias=True)
  )
)
INFO:__main__:CHILD MODEL LOSS: 0.6179963458776474 with train time 105.88246536254883
INFO:__main__:CHILD MODEL ACCURACY: 0.7813
INFO:__main__:Policy gradient: 0.0016302730655297637
INFO:__main__:
INFO:__main__:------ ITERATION 192 ------
INFO:__main__:Layers generated: [('128', '5', '1'), ('256', '3', '1')]
INFO:__main__:ChildCNNModel(
  (model): Sequential(
    (0): Conv2d(3, 128, kernel_size=(3, 3), stride=(1, 1), padding=(1, 1))
    (1): ReLU()
    (2): MaxPool2d(kernel_size=2, stride=2, padding=0, dilation=1, ceil_mode=False)
    (3): Conv2d(128, 128, kernel_size=(5, 5), stride=(1, 1), padding=(1, 1))
    (4): ReLU()
    (5): MaxPool2d(kernel_size=2, stride=2, padding=0, dilation=1, ceil_mode=False)
    (6): Conv2d(128, 256, kernel_size=(3, 3), stride=(1, 1), padding=(1, 1))
    (7): ReLU()
    (8): MaxPool2d(kernel_size=2, stride=2, padding=0, dilation=1, ceil_mode=False)
    (9): Flatten(start_dim=1, end_dim=-1)
    (10): Linear(in_features=2304, out_features=512, bias=True)
    (11): ReLU()
    (12): Linear(in_features=512, out_features=256, bias=True)
    (13): ReLU()
    (14): Linear(in_features=256, out_features=10, bias=True)
  )
)
INFO:__main__:CHILD MODEL LOSS: 0.5809656995534896 with train time 105.92776203155518
INFO:__main__:CHILD MODEL ACCURACY: 0.7956
INFO:__main__:Policy gradient: 0.11758369952440262
INFO:__main__:
INFO:__main__:------ ITERATION 193 ------
INFO:__main__:Layers generated: [('64', '5', '2'), ('128', '3', '1')]
INFO:__main__:ChildCNNModel(
  (model): Sequential(
    (0): Conv2d(3, 128, kernel_size=(3, 3), stride=(1, 1), padding=(1, 1))
    (1): ReLU()
    (2): MaxPool2d(kernel_size=2, stride=2, padding=0, dilation=1, ceil_mode=False)
    (3): Conv2d(128, 64, kernel_size=(5, 5), stride=(1, 1), padding=(2, 2))
    (4): ReLU()
    (5): MaxPool2d(kernel_size=2, stride=2, padding=0, dilation=1, ceil_mode=False)
    (6): Conv2d(64, 128, kernel_size=(3, 3), stride=(1, 1), padding=(1, 1))
    (7): ReLU()
    (8): MaxPool2d(kernel_size=2, stride=2, padding=0, dilation=1, ceil_mode=False)
    (9): Flatten(start_dim=1, end_dim=-1)
    (10): Linear(in_features=2048, out_features=512, bias=True)
    (11): ReLU()
    (12): Linear(in_features=512, out_features=256, bias=True)
    (13): ReLU()
    (14): Linear(in_features=256, out_features=10, bias=True)
  )
)
INFO:__main__:CHILD MODEL LOSS: 0.591351632475853 with train time 108.33269238471985
INFO:__main__:CHILD MODEL ACCURACY: 0.7948
INFO:__main__:Policy gradient: 0.0900157019495964
INFO:__main__:
INFO:__main__:------ ITERATION 194 ------
INFO:__main__:Layers generated: [('256', '1', '2'), ('128', '3', '1')]
INFO:__main__:ChildCNNModel(
  (model): Sequential(
    (0): Conv2d(3, 128, kernel_size=(3, 3), stride=(1, 1), padding=(1, 1))
    (1): ReLU()
    (2): MaxPool2d(kernel_size=2, stride=2, padding=0, dilation=1, ceil_mode=False)
    (3): Conv2d(128, 256, kernel_size=(1, 1), stride=(1, 1), padding=(2, 2))
    (4): ReLU()
    (5): MaxPool2d(kernel_size=2, stride=2, padding=0, dilation=1, ceil_mode=False)
    (6): Conv2d(256, 128, kernel_size=(3, 3), stride=(1, 1), padding=(1, 1))
    (7): ReLU()
    (8): MaxPool2d(kernel_size=2, stride=2, padding=0, dilation=1, ceil_mode=False)
    (9): Flatten(start_dim=1, end_dim=-1)
    (10): Linear(in_features=3200, out_features=512, bias=True)
    (11): ReLU()
    (12): Linear(in_features=512, out_features=256, bias=True)
    (13): ReLU()
    (14): Linear(in_features=256, out_features=10, bias=True)
  )
)
INFO:__main__:CHILD MODEL LOSS: 0.5781183739900589 with train time 102.09969902038574
INFO:__main__:CHILD MODEL ACCURACY: 0.8007
INFO:__main__:Policy gradient: 0.10933058708906174
INFO:__main__:
INFO:__main__:------ ITERATION 195 ------
INFO:__main__:Layers generated: [('32', '1', '1'), ('64', '5', '1')]
INFO:__main__:ChildCNNModel(
  (model): Sequential(
    (0): Conv2d(3, 128, kernel_size=(3, 3), stride=(1, 1), padding=(1, 1))
    (1): ReLU()
    (2): MaxPool2d(kernel_size=2, stride=2, padding=0, dilation=1, ceil_mode=False)
    (3): Conv2d(128, 32, kernel_size=(1, 1), stride=(1, 1), padding=(1, 1))
    (4): ReLU()
    (5): MaxPool2d(kernel_size=2, stride=2, padding=0, dilation=1, ceil_mode=False)
    (6): Conv2d(32, 64, kernel_size=(5, 5), stride=(1, 1), padding=(1, 1))
    (7): ReLU()
    (8): MaxPool2d(kernel_size=2, stride=2, padding=0, dilation=1, ceil_mode=False)
    (9): Flatten(start_dim=1, end_dim=-1)
    (10): Linear(in_features=576, out_features=512, bias=True)
    (11): ReLU()
    (12): Linear(in_features=512, out_features=256, bias=True)
    (13): ReLU()
    (14): Linear(in_features=256, out_features=10, bias=True)
  )
)
INFO:__main__:CHILD MODEL LOSS: 0.7284737653732299 with train time 105.24640774726868
INFO:__main__:CHILD MODEL ACCURACY: 0.7663
INFO:__main__:Policy gradient: -0.1362222284078598
INFO:__main__:
INFO:__main__:------ ITERATION 196 ------
INFO:__main__:Layers generated: [('256', '5', '2'), ('256', '5', '1')]
INFO:__main__:ChildCNNModel(
  (model): Sequential(
    (0): Conv2d(3, 128, kernel_size=(3, 3), stride=(1, 1), padding=(1, 1))
    (1): ReLU()
    (2): MaxPool2d(kernel_size=2, stride=2, padding=0, dilation=1, ceil_mode=False)
    (3): Conv2d(128, 256, kernel_size=(5, 5), stride=(1, 1), padding=(2, 2))
    (4): ReLU()
    (5): MaxPool2d(kernel_size=2, stride=2, padding=0, dilation=1, ceil_mode=False)
    (6): Conv2d(256, 256, kernel_size=(5, 5), stride=(1, 1), padding=(1, 1))
    (7): ReLU()
    (8): MaxPool2d(kernel_size=2, stride=2, padding=0, dilation=1, ceil_mode=False)
    (9): Flatten(start_dim=1, end_dim=-1)
    (10): Linear(in_features=2304, out_features=512, bias=True)
    (11): ReLU()
    (12): Linear(in_features=512, out_features=256, bias=True)
    (13): ReLU()
    (14): Linear(in_features=256, out_features=10, bias=True)
  )
)
INFO:__main__:CHILD MODEL LOSS: 0.6471271628141403 with train time 116.41396069526672
INFO:__main__:CHILD MODEL ACCURACY: 0.7766
INFO:__main__:Policy gradient: -0.041704900562763214
INFO:__main__:
INFO:__main__:------ ITERATION 197 ------
INFO:__main__:Layers generated: [('64', '1', '1'), ('64', '5', '2')]
INFO:__main__:ChildCNNModel(
  (model): Sequential(
    (0): Conv2d(3, 128, kernel_size=(3, 3), stride=(1, 1), padding=(1, 1))
    (1): ReLU()
    (2): MaxPool2d(kernel_size=2, stride=2, padding=0, dilation=1, ceil_mode=False)
    (3): Conv2d(128, 64, kernel_size=(1, 1), stride=(1, 1), padding=(1, 1))
    (4): ReLU()
    (5): MaxPool2d(kernel_size=2, stride=2, padding=0, dilation=1, ceil_mode=False)
    (6): Conv2d(64, 64, kernel_size=(5, 5), stride=(1, 1), padding=(2, 2))
    (7): ReLU()
    (8): MaxPool2d(kernel_size=2, stride=2, padding=0, dilation=1, ceil_mode=False)
    (9): Flatten(start_dim=1, end_dim=-1)
    (10): Linear(in_features=1024, out_features=512, bias=True)
    (11): ReLU()
    (12): Linear(in_features=512, out_features=256, bias=True)
    (13): ReLU()
    (14): Linear(in_features=256, out_features=10, bias=True)
  )
)
INFO:__main__:CHILD MODEL LOSS: 0.6577899971008301 with train time 99.77210760116577
INFO:__main__:CHILD MODEL ACCURACY: 0.7825
INFO:__main__:Policy gradient: -0.002273120218887925
INFO:__main__:
INFO:__main__:------ ITERATION 198 ------
INFO:__main__:Layers generated: [('256', '3', '0'), ('16', '1', '2')]
INFO:__main__:ChildCNNModel(
  (model): Sequential(
    (0): Conv2d(3, 128, kernel_size=(3, 3), stride=(1, 1), padding=(1, 1))
    (1): ReLU()
    (2): MaxPool2d(kernel_size=2, stride=2, padding=0, dilation=1, ceil_mode=False)
    (3): Conv2d(128, 256, kernel_size=(3, 3), stride=(1, 1))
    (4): ReLU()
    (5): MaxPool2d(kernel_size=2, stride=2, padding=0, dilation=1, ceil_mode=False)
    (6): Conv2d(256, 16, kernel_size=(1, 1), stride=(1, 1), padding=(2, 2))
    (7): ReLU()
    (8): MaxPool2d(kernel_size=2, stride=2, padding=0, dilation=1, ceil_mode=False)
    (9): Flatten(start_dim=1, end_dim=-1)
    (10): Linear(in_features=400, out_features=512, bias=True)
    (11): ReLU()
    (12): Linear(in_features=512, out_features=256, bias=True)
    (13): ReLU()
    (14): Linear(in_features=256, out_features=10, bias=True)
  )
)
INFO:__main__:CHILD MODEL LOSS: 0.7632254350185395 with train time 104.23184204101562
INFO:__main__:CHILD MODEL ACCURACY: 0.7464
INFO:__main__:Policy gradient: -0.3275211751461029
INFO:__main__:
INFO:__main__:------ ITERATION 199 ------
INFO:__main__:Layers generated: [('16', '1', '0'), ('32', '5', '0')]
INFO:__main__:ChildCNNModel(
  (model): Sequential(
    (0): Conv2d(3, 128, kernel_size=(3, 3), stride=(1, 1), padding=(1, 1))
    (1): ReLU()
    (2): MaxPool2d(kernel_size=2, stride=2, padding=0, dilation=1, ceil_mode=False)
    (3): Conv2d(128, 16, kernel_size=(1, 1), stride=(1, 1))
    (4): ReLU()
    (5): MaxPool2d(kernel_size=2, stride=2, padding=0, dilation=1, ceil_mode=False)
    (6): Conv2d(16, 32, kernel_size=(5, 5), stride=(1, 1))
    (7): ReLU()
    (8): MaxPool2d(kernel_size=2, stride=2, padding=0, dilation=1, ceil_mode=False)
    (9): Flatten(start_dim=1, end_dim=-1)
    (10): Linear(in_features=128, out_features=512, bias=True)
    (11): ReLU()
    (12): Linear(in_features=512, out_features=256, bias=True)
    (13): ReLU()
    (14): Linear(in_features=256, out_features=10, bias=True)
  )
)
INFO:__main__:CHILD MODEL LOSS: 0.9023444745540619 with train time 100.66930079460144
INFO:__main__:CHILD MODEL ACCURACY: 0.7142
INFO:__main__:Policy gradient: -0.5590009689331055
INFO:__main__:
INFO:__main__:------ ITERATION 200 ------
INFO:__main__:Layers generated: [('256', '1', '2'), ('256', '1', '1')]
INFO:__main__:ChildCNNModel(
  (model): Sequential(
    (0): Conv2d(3, 128, kernel_size=(3, 3), stride=(1, 1), padding=(1, 1))
    (1): ReLU()
    (2): MaxPool2d(kernel_size=2, stride=2, padding=0, dilation=1, ceil_mode=False)
    (3): Conv2d(128, 256, kernel_size=(1, 1), stride=(1, 1), padding=(2, 2))
    (4): ReLU()
    (5): MaxPool2d(kernel_size=2, stride=2, padding=0, dilation=1, ceil_mode=False)
    (6): Conv2d(256, 256, kernel_size=(1, 1), stride=(1, 1), padding=(1, 1))
    (7): ReLU()
    (8): MaxPool2d(kernel_size=2, stride=2, padding=0, dilation=1, ceil_mode=False)
    (9): Flatten(start_dim=1, end_dim=-1)
    (10): Linear(in_features=9216, out_features=512, bias=True)
    (11): ReLU()
    (12): Linear(in_features=512, out_features=256, bias=True)
    (13): ReLU()
    (14): Linear(in_features=256, out_features=10, bias=True)
  )
)
INFO:__main__:CHILD MODEL LOSS: 0.6658604170083999 with train time 104.76387333869934
INFO:__main__:CHILD MODEL ACCURACY: 0.7754
INFO:__main__:Policy gradient: 0.017277555540204048
INFO:__main__:
INFO:__main__:------ ITERATION 201 ------
INFO:__main__:Layers generated: [('64', '1', '1'), ('256', '5', '0')]
INFO:__main__:ChildCNNModel(
  (model): Sequential(
    (0): Conv2d(3, 128, kernel_size=(3, 3), stride=(1, 1), padding=(1, 1))
    (1): ReLU()
    (2): MaxPool2d(kernel_size=2, stride=2, padding=0, dilation=1, ceil_mode=False)
    (3): Conv2d(128, 64, kernel_size=(1, 1), stride=(1, 1), padding=(1, 1))
    (4): ReLU()
    (5): MaxPool2d(kernel_size=2, stride=2, padding=0, dilation=1, ceil_mode=False)
    (6): Conv2d(64, 256, kernel_size=(5, 5), stride=(1, 1))
    (7): ReLU()
    (8): MaxPool2d(kernel_size=2, stride=2, padding=0, dilation=1, ceil_mode=False)
    (9): Flatten(start_dim=1, end_dim=-1)
    (10): Linear(in_features=1024, out_features=512, bias=True)
    (11): ReLU()
    (12): Linear(in_features=512, out_features=256, bias=True)
    (13): ReLU()
    (14): Linear(in_features=256, out_features=10, bias=True)
  )
)
INFO:__main__:CHILD MODEL LOSS: 0.6351025692224502 with train time 100.48813819885254
INFO:__main__:CHILD MODEL ACCURACY: 0.7883
INFO:__main__:Policy gradient: 0.10200768709182739
INFO:__main__:
INFO:__main__:------ ITERATION 202 ------
INFO:__main__:Layers generated: [('256', '3', '2'), ('64', '5', '0')]
INFO:__main__:ChildCNNModel(
  (model): Sequential(
    (0): Conv2d(3, 128, kernel_size=(3, 3), stride=(1, 1), padding=(1, 1))
    (1): ReLU()
    (2): MaxPool2d(kernel_size=2, stride=2, padding=0, dilation=1, ceil_mode=False)
    (3): Conv2d(128, 256, kernel_size=(3, 3), stride=(1, 1), padding=(2, 2))
    (4): ReLU()
    (5): MaxPool2d(kernel_size=2, stride=2, padding=0, dilation=1, ceil_mode=False)
    (6): Conv2d(256, 64, kernel_size=(5, 5), stride=(1, 1))
    (7): ReLU()
    (8): MaxPool2d(kernel_size=2, stride=2, padding=0, dilation=1, ceil_mode=False)
    (9): Flatten(start_dim=1, end_dim=-1)
    (10): Linear(in_features=256, out_features=512, bias=True)
    (11): ReLU()
    (12): Linear(in_features=512, out_features=256, bias=True)
    (13): ReLU()
    (14): Linear(in_features=256, out_features=10, bias=True)
  )
)
INFO:__main__:CHILD MODEL LOSS: 0.6253630832433701 with train time 111.32166695594788
INFO:__main__:CHILD MODEL ACCURACY: 0.7894
INFO:__main__:Policy gradient: 0.09484658390283585
INFO:__main__:
INFO:__main__:------ ITERATION 203 ------
INFO:__main__:Layers generated: [('64', '1', '2'), ('64', '5', '1')]
INFO:__main__:ChildCNNModel(
  (model): Sequential(
    (0): Conv2d(3, 128, kernel_size=(3, 3), stride=(1, 1), padding=(1, 1))
    (1): ReLU()
    (2): MaxPool2d(kernel_size=2, stride=2, padding=0, dilation=1, ceil_mode=False)
    (3): Conv2d(128, 64, kernel_size=(1, 1), stride=(1, 1), padding=(2, 2))
    (4): ReLU()
    (5): MaxPool2d(kernel_size=2, stride=2, padding=0, dilation=1, ceil_mode=False)
    (6): Conv2d(64, 64, kernel_size=(5, 5), stride=(1, 1), padding=(1, 1))
    (7): ReLU()
    (8): MaxPool2d(kernel_size=2, stride=2, padding=0, dilation=1, ceil_mode=False)
    (9): Flatten(start_dim=1, end_dim=-1)
    (10): Linear(in_features=1024, out_features=512, bias=True)
    (11): ReLU()
    (12): Linear(in_features=512, out_features=256, bias=True)
    (13): ReLU()
    (14): Linear(in_features=256, out_features=10, bias=True)
  )
)
INFO:__main__:CHILD MODEL LOSS: 0.6429048776626587 with train time 101.91237258911133
INFO:__main__:CHILD MODEL ACCURACY: 0.7828
INFO:__main__:Policy gradient: 0.03894989937543869
INFO:__main__:
INFO:__main__:------ ITERATION 204 ------
INFO:__main__:Layers generated: [('256', '1', '2'), ('256', '5', '1')]
INFO:__main__:ChildCNNModel(
  (model): Sequential(
    (0): Conv2d(3, 128, kernel_size=(3, 3), stride=(1, 1), padding=(1, 1))
    (1): ReLU()
    (2): MaxPool2d(kernel_size=2, stride=2, padding=0, dilation=1, ceil_mode=False)
    (3): Conv2d(128, 256, kernel_size=(1, 1), stride=(1, 1), padding=(2, 2))
    (4): ReLU()
    (5): MaxPool2d(kernel_size=2, stride=2, padding=0, dilation=1, ceil_mode=False)
    (6): Conv2d(256, 256, kernel_size=(5, 5), stride=(1, 1), padding=(1, 1))
    (7): ReLU()
    (8): MaxPool2d(kernel_size=2, stride=2, padding=0, dilation=1, ceil_mode=False)
    (9): Flatten(start_dim=1, end_dim=-1)
    (10): Linear(in_features=4096, out_features=512, bias=True)
    (11): ReLU()
    (12): Linear(in_features=512, out_features=256, bias=True)
    (13): ReLU()
    (14): Linear(in_features=256, out_features=10, bias=True)
  )
)
INFO:__main__:CHILD MODEL LOSS: 0.5475351605415344 with train time 108.69924974441528
INFO:__main__:CHILD MODEL ACCURACY: 0.7994
INFO:__main__:Policy gradient: 0.12369607388973236
INFO:__main__:
INFO:__main__:------ ITERATION 205 ------
INFO:__main__:Layers generated: [('256', '1', '0'), ('128', '5', '1')]
INFO:__main__:ChildCNNModel(
  (model): Sequential(
    (0): Conv2d(3, 128, kernel_size=(3, 3), stride=(1, 1), padding=(1, 1))
    (1): ReLU()
    (2): MaxPool2d(kernel_size=2, stride=2, padding=0, dilation=1, ceil_mode=False)
    (3): Conv2d(128, 256, kernel_size=(1, 1), stride=(1, 1))
    (4): ReLU()
    (5): MaxPool2d(kernel_size=2, stride=2, padding=0, dilation=1, ceil_mode=False)
    (6): Conv2d(256, 128, kernel_size=(5, 5), stride=(1, 1), padding=(1, 1))
    (7): ReLU()
    (8): MaxPool2d(kernel_size=2, stride=2, padding=0, dilation=1, ceil_mode=False)
    (9): Flatten(start_dim=1, end_dim=-1)
    (10): Linear(in_features=1152, out_features=512, bias=True)
    (11): ReLU()
    (12): Linear(in_features=512, out_features=256, bias=True)
    (13): ReLU()
    (14): Linear(in_features=256, out_features=10, bias=True)
  )
)
INFO:__main__:CHILD MODEL LOSS: 0.6117200603485108 with train time 102.96004724502563
INFO:__main__:CHILD MODEL ACCURACY: 0.793
INFO:__main__:Policy gradient: 0.09243462979793549
INFO:__main__:
INFO:__main__:------ ITERATION 206 ------
INFO:__main__:Layers generated: [('64', '1', '1'), ('16', '3', '2')]
INFO:__main__:ChildCNNModel(
  (model): Sequential(
    (0): Conv2d(3, 128, kernel_size=(3, 3), stride=(1, 1), padding=(1, 1))
    (1): ReLU()
    (2): MaxPool2d(kernel_size=2, stride=2, padding=0, dilation=1, ceil_mode=False)
    (3): Conv2d(128, 64, kernel_size=(1, 1), stride=(1, 1), padding=(1, 1))
    (4): ReLU()
    (5): MaxPool2d(kernel_size=2, stride=2, padding=0, dilation=1, ceil_mode=False)
    (6): Conv2d(64, 16, kernel_size=(3, 3), stride=(1, 1), padding=(2, 2))
    (7): ReLU()
    (8): MaxPool2d(kernel_size=2, stride=2, padding=0, dilation=1, ceil_mode=False)
    (9): Flatten(start_dim=1, end_dim=-1)
    (10): Linear(in_features=400, out_features=512, bias=True)
    (11): ReLU()
    (12): Linear(in_features=512, out_features=256, bias=True)
    (13): ReLU()
    (14): Linear(in_features=256, out_features=10, bias=True)
  )
)
INFO:__main__:CHILD MODEL LOSS: 0.7945342235565186 with train time 99.51103568077087
INFO:__main__:CHILD MODEL ACCURACY: 0.7416
INFO:__main__:Policy gradient: -0.32044732570648193
INFO:__main__:
INFO:__main__:------ ITERATION 207 ------
INFO:__main__:Layers generated: [('64', '5', '1'), ('64', '5', '0')]
INFO:__main__:ChildCNNModel(
  (model): Sequential(
    (0): Conv2d(3, 128, kernel_size=(3, 3), stride=(1, 1), padding=(1, 1))
    (1): ReLU()
    (2): MaxPool2d(kernel_size=2, stride=2, padding=0, dilation=1, ceil_mode=False)
    (3): Conv2d(128, 64, kernel_size=(5, 5), stride=(1, 1), padding=(1, 1))
    (4): ReLU()
    (5): MaxPool2d(kernel_size=2, stride=2, padding=0, dilation=1, ceil_mode=False)
    (6): Conv2d(64, 64, kernel_size=(5, 5), stride=(1, 1))
    (7): ReLU()
    (8): MaxPool2d(kernel_size=2, stride=2, padding=0, dilation=1, ceil_mode=False)
    (9): Flatten(start_dim=1, end_dim=-1)
    (10): Linear(in_features=64, out_features=512, bias=True)
    (11): ReLU()
    (12): Linear(in_features=512, out_features=256, bias=True)
    (13): ReLU()
    (14): Linear(in_features=256, out_features=10, bias=True)
  )
)
INFO:__main__:CHILD MODEL LOSS: 0.8035578112602234 with train time 103.76347756385803
INFO:__main__:CHILD MODEL ACCURACY: 0.7399
INFO:__main__:Policy gradient: -0.2610410749912262
INFO:__main__:
INFO:__main__:------ ITERATION 208 ------
INFO:__main__:Layers generated: [('128', '1', '2'), ('256', '5', '0')]
INFO:__main__:ChildCNNModel(
  (model): Sequential(
    (0): Conv2d(3, 128, kernel_size=(3, 3), stride=(1, 1), padding=(1, 1))
    (1): ReLU()
    (2): MaxPool2d(kernel_size=2, stride=2, padding=0, dilation=1, ceil_mode=False)
    (3): Conv2d(128, 128, kernel_size=(1, 1), stride=(1, 1), padding=(2, 2))
    (4): ReLU()
    (5): MaxPool2d(kernel_size=2, stride=2, padding=0, dilation=1, ceil_mode=False)
    (6): Conv2d(128, 256, kernel_size=(5, 5), stride=(1, 1))
    (7): ReLU()
    (8): MaxPool2d(kernel_size=2, stride=2, padding=0, dilation=1, ceil_mode=False)
    (9): Flatten(start_dim=1, end_dim=-1)
    (10): Linear(in_features=2304, out_features=512, bias=True)
    (11): ReLU()
    (12): Linear(in_features=512, out_features=256, bias=True)
    (13): ReLU()
    (14): Linear(in_features=256, out_features=10, bias=True)
  )
)
INFO:__main__:CHILD MODEL LOSS: 0.5530788681507111 with train time 99.7972183227539
INFO:__main__:CHILD MODEL ACCURACY: 0.7967
INFO:__main__:Policy gradient: 0.14822551608085632
INFO:__main__:
INFO:__main__:------ ITERATION 209 ------
INFO:__main__:Layers generated: [('128', '5', '1'), ('64', '5', '2')]
INFO:__main__:ChildCNNModel(
  (model): Sequential(
    (0): Conv2d(3, 128, kernel_size=(3, 3), stride=(1, 1), padding=(1, 1))
    (1): ReLU()
    (2): MaxPool2d(kernel_size=2, stride=2, padding=0, dilation=1, ceil_mode=False)
    (3): Conv2d(128, 128, kernel_size=(5, 5), stride=(1, 1), padding=(1, 1))
    (4): ReLU()
    (5): MaxPool2d(kernel_size=2, stride=2, padding=0, dilation=1, ceil_mode=False)
    (6): Conv2d(128, 64, kernel_size=(5, 5), stride=(1, 1), padding=(2, 2))
    (7): ReLU()
    (8): MaxPool2d(kernel_size=2, stride=2, padding=0, dilation=1, ceil_mode=False)
    (9): Flatten(start_dim=1, end_dim=-1)
    (10): Linear(in_features=576, out_features=512, bias=True)
    (11): ReLU()
    (12): Linear(in_features=512, out_features=256, bias=True)
    (13): ReLU()
    (14): Linear(in_features=256, out_features=10, bias=True)
  )
)
INFO:__main__:CHILD MODEL LOSS: 0.6166202768087387 with train time 106.31559205055237
INFO:__main__:CHILD MODEL ACCURACY: 0.7779
INFO:__main__:Policy gradient: 0.020052550360560417
INFO:__main__:
INFO:__main__:------ ITERATION 210 ------
INFO:__main__:Layers generated: [('128', '3', '2'), ('128', '1', '0')]
INFO:__main__:ChildCNNModel(
  (model): Sequential(
    (0): Conv2d(3, 128, kernel_size=(3, 3), stride=(1, 1), padding=(1, 1))
    (1): ReLU()
    (2): MaxPool2d(kernel_size=2, stride=2, padding=0, dilation=1, ceil_mode=False)
    (3): Conv2d(128, 128, kernel_size=(3, 3), stride=(1, 1), padding=(2, 2))
    (4): ReLU()
    (5): MaxPool2d(kernel_size=2, stride=2, padding=0, dilation=1, ceil_mode=False)
    (6): Conv2d(128, 128, kernel_size=(1, 1), stride=(1, 1))
    (7): ReLU()
    (8): MaxPool2d(kernel_size=2, stride=2, padding=0, dilation=1, ceil_mode=False)
    (9): Flatten(start_dim=1, end_dim=-1)
    (10): Linear(in_features=2048, out_features=512, bias=True)
    (11): ReLU()
    (12): Linear(in_features=512, out_features=256, bias=True)
    (13): ReLU()
    (14): Linear(in_features=256, out_features=10, bias=True)
  )
)
INFO:__main__:CHILD MODEL LOSS: 0.6303846563100814 with train time 103.22676205635071
INFO:__main__:CHILD MODEL ACCURACY: 0.7766
INFO:__main__:Policy gradient: 0.009420149028301239
INFO:__main__:
INFO:__main__:------ ITERATION 211 ------
INFO:__main__:Layers generated: [('64', '3', '1'), ('64', '3', '2')]
INFO:__main__:ChildCNNModel(
  (model): Sequential(
    (0): Conv2d(3, 128, kernel_size=(3, 3), stride=(1, 1), padding=(1, 1))
    (1): ReLU()
    (2): MaxPool2d(kernel_size=2, stride=2, padding=0, dilation=1, ceil_mode=False)
    (3): Conv2d(128, 64, kernel_size=(3, 3), stride=(1, 1), padding=(1, 1))
    (4): ReLU()
    (5): MaxPool2d(kernel_size=2, stride=2, padding=0, dilation=1, ceil_mode=False)
    (6): Conv2d(64, 64, kernel_size=(3, 3), stride=(1, 1), padding=(2, 2))
    (7): ReLU()
    (8): MaxPool2d(kernel_size=2, stride=2, padding=0, dilation=1, ceil_mode=False)
    (9): Flatten(start_dim=1, end_dim=-1)
    (10): Linear(in_features=1600, out_features=512, bias=True)
    (11): ReLU()
    (12): Linear(in_features=512, out_features=256, bias=True)
    (13): ReLU()
    (14): Linear(in_features=256, out_features=10, bias=True)
  )
)
INFO:__main__:CHILD MODEL LOSS: 0.6228143678903579 with train time 100.35382223129272
INFO:__main__:CHILD MODEL ACCURACY: 0.7832
INFO:__main__:Policy gradient: 0.05980129912495613
INFO:__main__:
INFO:__main__:------ ITERATION 212 ------
INFO:__main__:Layers generated: [('256', '1', '2'), ('64', '3', '2')]
INFO:__main__:ChildCNNModel(
  (model): Sequential(
    (0): Conv2d(3, 128, kernel_size=(3, 3), stride=(1, 1), padding=(1, 1))
    (1): ReLU()
    (2): MaxPool2d(kernel_size=2, stride=2, padding=0, dilation=1, ceil_mode=False)
    (3): Conv2d(128, 256, kernel_size=(1, 1), stride=(1, 1), padding=(2, 2))
    (4): ReLU()
    (5): MaxPool2d(kernel_size=2, stride=2, padding=0, dilation=1, ceil_mode=False)
    (6): Conv2d(256, 64, kernel_size=(3, 3), stride=(1, 1), padding=(2, 2))
    (7): ReLU()
    (8): MaxPool2d(kernel_size=2, stride=2, padding=0, dilation=1, ceil_mode=False)
    (9): Flatten(start_dim=1, end_dim=-1)
    (10): Linear(in_features=2304, out_features=512, bias=True)
    (11): ReLU()
    (12): Linear(in_features=512, out_features=256, bias=True)
    (13): ReLU()
    (14): Linear(in_features=256, out_features=10, bias=True)
  )
)
INFO:__main__:CHILD MODEL LOSS: 0.6232085095643998 with train time 109.78654479980469
INFO:__main__:CHILD MODEL ACCURACY: 0.7868
INFO:__main__:Policy gradient: 0.05977904051542282
INFO:__main__:
INFO:__main__:------ ITERATION 213 ------
INFO:__main__:Layers generated: [('32', '3', '2'), ('256', '5', '2')]
INFO:__main__:ChildCNNModel(
  (model): Sequential(
    (0): Conv2d(3, 128, kernel_size=(3, 3), stride=(1, 1), padding=(1, 1))
    (1): ReLU()
    (2): MaxPool2d(kernel_size=2, stride=2, padding=0, dilation=1, ceil_mode=False)
    (3): Conv2d(128, 32, kernel_size=(3, 3), stride=(1, 1), padding=(2, 2))
    (4): ReLU()
    (5): MaxPool2d(kernel_size=2, stride=2, padding=0, dilation=1, ceil_mode=False)
    (6): Conv2d(32, 256, kernel_size=(5, 5), stride=(1, 1), padding=(2, 2))
    (7): ReLU()
    (8): MaxPool2d(kernel_size=2, stride=2, padding=0, dilation=1, ceil_mode=False)
    (9): Flatten(start_dim=1, end_dim=-1)
    (10): Linear(in_features=4096, out_features=512, bias=True)
    (11): ReLU()
    (12): Linear(in_features=512, out_features=256, bias=True)
    (13): ReLU()
    (14): Linear(in_features=256, out_features=10, bias=True)
  )
)
INFO:__main__:CHILD MODEL LOSS: 0.5558192368745803 with train time 104.01450634002686
INFO:__main__:CHILD MODEL ACCURACY: 0.8023
INFO:__main__:Policy gradient: 0.17804807424545288
INFO:__main__:
INFO:__main__:------ ITERATION 214 ------
INFO:__main__:Layers generated: [('64', '5', '1'), ('64', '5', '2')]
INFO:__main__:ChildCNNModel(
  (model): Sequential(
    (0): Conv2d(3, 128, kernel_size=(3, 3), stride=(1, 1), padding=(1, 1))
    (1): ReLU()
    (2): MaxPool2d(kernel_size=2, stride=2, padding=0, dilation=1, ceil_mode=False)
    (3): Conv2d(128, 64, kernel_size=(5, 5), stride=(1, 1), padding=(1, 1))
    (4): ReLU()
    (5): MaxPool2d(kernel_size=2, stride=2, padding=0, dilation=1, ceil_mode=False)
    (6): Conv2d(64, 64, kernel_size=(5, 5), stride=(1, 1), padding=(2, 2))
    (7): ReLU()
    (8): MaxPool2d(kernel_size=2, stride=2, padding=0, dilation=1, ceil_mode=False)
    (9): Flatten(start_dim=1, end_dim=-1)
    (10): Linear(in_features=576, out_features=512, bias=True)
    (11): ReLU()
    (12): Linear(in_features=512, out_features=256, bias=True)
    (13): ReLU()
    (14): Linear(in_features=256, out_features=10, bias=True)
  )
)
INFO:__main__:CHILD MODEL LOSS: 0.6794664826393128 with train time 100.17777109146118
INFO:__main__:CHILD MODEL ACCURACY: 0.7786
INFO:__main__:Policy gradient: -0.0089698676019907
INFO:__main__:
INFO:__main__:------ ITERATION 215 ------
INFO:__main__:Layers generated: [('64', '5', '2'), ('64', '3', '1')]
INFO:__main__:ChildCNNModel(
  (model): Sequential(
    (0): Conv2d(3, 128, kernel_size=(3, 3), stride=(1, 1), padding=(1, 1))
    (1): ReLU()
    (2): MaxPool2d(kernel_size=2, stride=2, padding=0, dilation=1, ceil_mode=False)
    (3): Conv2d(128, 64, kernel_size=(5, 5), stride=(1, 1), padding=(2, 2))
    (4): ReLU()
    (5): MaxPool2d(kernel_size=2, stride=2, padding=0, dilation=1, ceil_mode=False)
    (6): Conv2d(64, 64, kernel_size=(3, 3), stride=(1, 1), padding=(1, 1))
    (7): ReLU()
    (8): MaxPool2d(kernel_size=2, stride=2, padding=0, dilation=1, ceil_mode=False)
    (9): Flatten(start_dim=1, end_dim=-1)
    (10): Linear(in_features=1024, out_features=512, bias=True)
    (11): ReLU()
    (12): Linear(in_features=512, out_features=256, bias=True)
    (13): ReLU()
    (14): Linear(in_features=256, out_features=10, bias=True)
  )
)
INFO:__main__:CHILD MODEL LOSS: 0.6308395315408707 with train time 98.99010610580444
INFO:__main__:CHILD MODEL ACCURACY: 0.7779
INFO:__main__:Policy gradient: -0.01250674668699503
INFO:__main__:
INFO:__main__:------ ITERATION 216 ------
INFO:__main__:Layers generated: [('64', '1', '0'), ('256', '1', '2')]
INFO:__main__:ChildCNNModel(
  (model): Sequential(
    (0): Conv2d(3, 128, kernel_size=(3, 3), stride=(1, 1), padding=(1, 1))
    (1): ReLU()
    (2): MaxPool2d(kernel_size=2, stride=2, padding=0, dilation=1, ceil_mode=False)
    (3): Conv2d(128, 64, kernel_size=(1, 1), stride=(1, 1))
    (4): ReLU()
    (5): MaxPool2d(kernel_size=2, stride=2, padding=0, dilation=1, ceil_mode=False)
    (6): Conv2d(64, 256, kernel_size=(1, 1), stride=(1, 1), padding=(2, 2))
    (7): ReLU()
    (8): MaxPool2d(kernel_size=2, stride=2, padding=0, dilation=1, ceil_mode=False)
    (9): Flatten(start_dim=1, end_dim=-1)
    (10): Linear(in_features=9216, out_features=512, bias=True)
    (11): ReLU()
    (12): Linear(in_features=512, out_features=256, bias=True)
    (13): ReLU()
    (14): Linear(in_features=256, out_features=10, bias=True)
  )
)
INFO:__main__:CHILD MODEL LOSS: 0.7273096797466279 with train time 107.65863919258118
INFO:__main__:CHILD MODEL ACCURACY: 0.7608
INFO:__main__:Policy gradient: -0.1334999054670334
INFO:__main__:
INFO:__main__:------ ITERATION 217 ------
INFO:__main__:Layers generated: [('256', '3', '1'), ('64', '1', '1')]
INFO:__main__:ChildCNNModel(
  (model): Sequential(
    (0): Conv2d(3, 128, kernel_size=(3, 3), stride=(1, 1), padding=(1, 1))
    (1): ReLU()
    (2): MaxPool2d(kernel_size=2, stride=2, padding=0, dilation=1, ceil_mode=False)
    (3): Conv2d(128, 256, kernel_size=(3, 3), stride=(1, 1), padding=(1, 1))
    (4): ReLU()
    (5): MaxPool2d(kernel_size=2, stride=2, padding=0, dilation=1, ceil_mode=False)
    (6): Conv2d(256, 64, kernel_size=(1, 1), stride=(1, 1), padding=(1, 1))
    (7): ReLU()
    (8): MaxPool2d(kernel_size=2, stride=2, padding=0, dilation=1, ceil_mode=False)
    (9): Flatten(start_dim=1, end_dim=-1)
    (10): Linear(in_features=1600, out_features=512, bias=True)
    (11): ReLU()
    (12): Linear(in_features=512, out_features=256, bias=True)
    (13): ReLU()
    (14): Linear(in_features=256, out_features=10, bias=True)
  )
)
INFO:__main__:CHILD MODEL LOSS: 0.6493468129634857 with train time 103.62113356590271
INFO:__main__:CHILD MODEL ACCURACY: 0.7651
INFO:__main__:Policy gradient: -0.099183090031147
INFO:__main__:
INFO:__main__:------ ITERATION 218 ------
INFO:__main__:Layers generated: [('256', '3', '0'), ('256', '5', '2')]
INFO:__main__:ChildCNNModel(
  (model): Sequential(
    (0): Conv2d(3, 128, kernel_size=(3, 3), stride=(1, 1), padding=(1, 1))
    (1): ReLU()
    (2): MaxPool2d(kernel_size=2, stride=2, padding=0, dilation=1, ceil_mode=False)
    (3): Conv2d(128, 256, kernel_size=(3, 3), stride=(1, 1))
    (4): ReLU()
    (5): MaxPool2d(kernel_size=2, stride=2, padding=0, dilation=1, ceil_mode=False)
    (6): Conv2d(256, 256, kernel_size=(5, 5), stride=(1, 1), padding=(2, 2))
    (7): ReLU()
    (8): MaxPool2d(kernel_size=2, stride=2, padding=0, dilation=1, ceil_mode=False)
    (9): Flatten(start_dim=1, end_dim=-1)
    (10): Linear(in_features=2304, out_features=512, bias=True)
    (11): ReLU()
    (12): Linear(in_features=512, out_features=256, bias=True)
    (13): ReLU()
    (14): Linear(in_features=256, out_features=10, bias=True)
  )
)
INFO:__main__:CHILD MODEL LOSS: 0.5159908542633057 with train time 106.73850107192993
INFO:__main__:CHILD MODEL ACCURACY: 0.8137
INFO:__main__:Policy gradient: 0.2550259828567505
INFO:__main__:
INFO:__main__:------ ITERATION 219 ------
INFO:__main__:Layers generated: [('256', '1', '2'), ('256', '1', '2')]
INFO:__main__:ChildCNNModel(
  (model): Sequential(
    (0): Conv2d(3, 128, kernel_size=(3, 3), stride=(1, 1), padding=(1, 1))
    (1): ReLU()
    (2): MaxPool2d(kernel_size=2, stride=2, padding=0, dilation=1, ceil_mode=False)
    (3): Conv2d(128, 256, kernel_size=(1, 1), stride=(1, 1), padding=(2, 2))
    (4): ReLU()
    (5): MaxPool2d(kernel_size=2, stride=2, padding=0, dilation=1, ceil_mode=False)
    (6): Conv2d(256, 256, kernel_size=(1, 1), stride=(1, 1), padding=(2, 2))
    (7): ReLU()
    (8): MaxPool2d(kernel_size=2, stride=2, padding=0, dilation=1, ceil_mode=False)
    (9): Flatten(start_dim=1, end_dim=-1)
    (10): Linear(in_features=12544, out_features=512, bias=True)
    (11): ReLU()
    (12): Linear(in_features=512, out_features=256, bias=True)
    (13): ReLU()
    (14): Linear(in_features=256, out_features=10, bias=True)
  )
)
INFO:__main__:CHILD MODEL LOSS: 0.6478768258094788 with train time 105.66446995735168
INFO:__main__:CHILD MODEL ACCURACY: 0.7823
INFO:__main__:Policy gradient: 0.013251625932753086
INFO:__main__:
INFO:__main__:------ ITERATION 220 ------
INFO:__main__:Layers generated: [('256', '3', '0'), ('256', '5', '0')]
INFO:__main__:ChildCNNModel(
  (model): Sequential(
    (0): Conv2d(3, 128, kernel_size=(3, 3), stride=(1, 1), padding=(1, 1))
    (1): ReLU()
    (2): MaxPool2d(kernel_size=2, stride=2, padding=0, dilation=1, ceil_mode=False)
    (3): Conv2d(128, 256, kernel_size=(3, 3), stride=(1, 1))
    (4): ReLU()
    (5): MaxPool2d(kernel_size=2, stride=2, padding=0, dilation=1, ceil_mode=False)
    (6): Conv2d(256, 256, kernel_size=(5, 5), stride=(1, 1))
    (7): ReLU()
    (8): MaxPool2d(kernel_size=2, stride=2, padding=0, dilation=1, ceil_mode=False)
    (9): Flatten(start_dim=1, end_dim=-1)
    (10): Linear(in_features=256, out_features=512, bias=True)
    (11): ReLU()
    (12): Linear(in_features=512, out_features=256, bias=True)
    (13): ReLU()
    (14): Linear(in_features=256, out_features=10, bias=True)
  )
)
INFO:__main__:CHILD MODEL LOSS: 0.625978294968605 with train time 106.27926635742188
INFO:__main__:CHILD MODEL ACCURACY: 0.781
INFO:__main__:Policy gradient: 0.004379596561193466
INFO:__main__:
INFO:__main__:------ ITERATION 221 ------
INFO:__main__:Layers generated: [('256', '5', '1'), ('64', '1', '1')]
INFO:__main__:ChildCNNModel(
  (model): Sequential(
    (0): Conv2d(3, 128, kernel_size=(3, 3), stride=(1, 1), padding=(1, 1))
    (1): ReLU()
    (2): MaxPool2d(kernel_size=2, stride=2, padding=0, dilation=1, ceil_mode=False)
    (3): Conv2d(128, 256, kernel_size=(5, 5), stride=(1, 1), padding=(1, 1))
    (4): ReLU()
    (5): MaxPool2d(kernel_size=2, stride=2, padding=0, dilation=1, ceil_mode=False)
    (6): Conv2d(256, 64, kernel_size=(1, 1), stride=(1, 1), padding=(1, 1))
    (7): ReLU()
    (8): MaxPool2d(kernel_size=2, stride=2, padding=0, dilation=1, ceil_mode=False)
    (9): Flatten(start_dim=1, end_dim=-1)
    (10): Linear(in_features=1024, out_features=512, bias=True)
    (11): ReLU()
    (12): Linear(in_features=512, out_features=256, bias=True)
    (13): ReLU()
    (14): Linear(in_features=256, out_features=10, bias=True)
  )
)
INFO:__main__:CHILD MODEL LOSS: 0.6293649845123291 with train time 105.8575975894928
INFO:__main__:CHILD MODEL ACCURACY: 0.785
INFO:__main__:Policy gradient: 0.03529687598347664
INFO:__main__:
INFO:__main__:------ ITERATION 222 ------
INFO:__main__:Layers generated: [('256', '1', '2'), ('256', '5', '1')]
INFO:__main__:ChildCNNModel(
  (model): Sequential(
    (0): Conv2d(3, 128, kernel_size=(3, 3), stride=(1, 1), padding=(1, 1))
    (1): ReLU()
    (2): MaxPool2d(kernel_size=2, stride=2, padding=0, dilation=1, ceil_mode=False)
    (3): Conv2d(128, 256, kernel_size=(1, 1), stride=(1, 1), padding=(2, 2))
    (4): ReLU()
    (5): MaxPool2d(kernel_size=2, stride=2, padding=0, dilation=1, ceil_mode=False)
    (6): Conv2d(256, 256, kernel_size=(5, 5), stride=(1, 1), padding=(1, 1))
    (7): ReLU()
    (8): MaxPool2d(kernel_size=2, stride=2, padding=0, dilation=1, ceil_mode=False)
    (9): Flatten(start_dim=1, end_dim=-1)
    (10): Linear(in_features=4096, out_features=512, bias=True)
    (11): ReLU()
    (12): Linear(in_features=512, out_features=256, bias=True)
    (13): ReLU()
    (14): Linear(in_features=256, out_features=10, bias=True)
  )
)
INFO:__main__:CHILD MODEL LOSS: 0.5773904566764831 with train time 104.86315417289734
INFO:__main__:CHILD MODEL ACCURACY: 0.7912
INFO:__main__:Policy gradient: 0.05522291362285614
INFO:__main__:
INFO:__main__:------ ITERATION 223 ------
INFO:__main__:Layers generated: [('128', '1', '0'), ('64', '5', '0')]
INFO:__main__:ChildCNNModel(
  (model): Sequential(
    (0): Conv2d(3, 128, kernel_size=(3, 3), stride=(1, 1), padding=(1, 1))
    (1): ReLU()
    (2): MaxPool2d(kernel_size=2, stride=2, padding=0, dilation=1, ceil_mode=False)
    (3): Conv2d(128, 128, kernel_size=(1, 1), stride=(1, 1))
    (4): ReLU()
    (5): MaxPool2d(kernel_size=2, stride=2, padding=0, dilation=1, ceil_mode=False)
    (6): Conv2d(128, 64, kernel_size=(5, 5), stride=(1, 1))
    (7): ReLU()
    (8): MaxPool2d(kernel_size=2, stride=2, padding=0, dilation=1, ceil_mode=False)
    (9): Flatten(start_dim=1, end_dim=-1)
    (10): Linear(in_features=256, out_features=512, bias=True)
    (11): ReLU()
    (12): Linear(in_features=512, out_features=256, bias=True)
    (13): ReLU()
    (14): Linear(in_features=256, out_features=10, bias=True)
  )
)
INFO:__main__:CHILD MODEL LOSS: 0.7096143734455108 with train time 104.40119552612305
INFO:__main__:CHILD MODEL ACCURACY: 0.7669
INFO:__main__:Policy gradient: -0.10322315990924835
INFO:__main__:
INFO:__main__:------ ITERATION 224 ------
INFO:__main__:Layers generated: [('256', '5', '1'), ('256', '1', '2')]
INFO:__main__:ChildCNNModel(
  (model): Sequential(
    (0): Conv2d(3, 128, kernel_size=(3, 3), stride=(1, 1), padding=(1, 1))
    (1): ReLU()
    (2): MaxPool2d(kernel_size=2, stride=2, padding=0, dilation=1, ceil_mode=False)
    (3): Conv2d(128, 256, kernel_size=(5, 5), stride=(1, 1), padding=(1, 1))
    (4): ReLU()
    (5): MaxPool2d(kernel_size=2, stride=2, padding=0, dilation=1, ceil_mode=False)
    (6): Conv2d(256, 256, kernel_size=(1, 1), stride=(1, 1), padding=(2, 2))
    (7): ReLU()
    (8): MaxPool2d(kernel_size=2, stride=2, padding=0, dilation=1, ceil_mode=False)
    (9): Flatten(start_dim=1, end_dim=-1)
    (10): Linear(in_features=6400, out_features=512, bias=True)
    (11): ReLU()
    (12): Linear(in_features=512, out_features=256, bias=True)
    (13): ReLU()
    (14): Linear(in_features=256, out_features=10, bias=True)
  )
)
INFO:__main__:CHILD MODEL LOSS: 0.581331332564354 with train time 106.80872344970703
INFO:__main__:CHILD MODEL ACCURACY: 0.7873
INFO:__main__:Policy gradient: 0.052882224321365356
INFO:__main__:
INFO:__main__:------ ITERATION 225 ------
INFO:__main__:Layers generated: [('64', '3', '0'), ('256', '5', '0')]
INFO:__main__:ChildCNNModel(
  (model): Sequential(
    (0): Conv2d(3, 128, kernel_size=(3, 3), stride=(1, 1), padding=(1, 1))
    (1): ReLU()
    (2): MaxPool2d(kernel_size=2, stride=2, padding=0, dilation=1, ceil_mode=False)
    (3): Conv2d(128, 64, kernel_size=(3, 3), stride=(1, 1))
    (4): ReLU()
    (5): MaxPool2d(kernel_size=2, stride=2, padding=0, dilation=1, ceil_mode=False)
    (6): Conv2d(64, 256, kernel_size=(5, 5), stride=(1, 1))
    (7): ReLU()
    (8): MaxPool2d(kernel_size=2, stride=2, padding=0, dilation=1, ceil_mode=False)
    (9): Flatten(start_dim=1, end_dim=-1)
    (10): Linear(in_features=256, out_features=512, bias=True)
    (11): ReLU()
    (12): Linear(in_features=512, out_features=256, bias=True)
    (13): ReLU()
    (14): Linear(in_features=256, out_features=10, bias=True)
  )
)
INFO:__main__:CHILD MODEL LOSS: 0.6819034692049026 with train time 97.94339990615845
INFO:__main__:CHILD MODEL ACCURACY: 0.7757
INFO:__main__:Policy gradient: -0.04000284522771835
INFO:__main__:
INFO:__main__:------ ITERATION 226 ------
INFO:__main__:Layers generated: [('256', '5', '0'), ('256', '5', '1')]
INFO:__main__:ChildCNNModel(
  (model): Sequential(
    (0): Conv2d(3, 128, kernel_size=(3, 3), stride=(1, 1), padding=(1, 1))
    (1): ReLU()
    (2): MaxPool2d(kernel_size=2, stride=2, padding=0, dilation=1, ceil_mode=False)
    (3): Conv2d(128, 256, kernel_size=(5, 5), stride=(1, 1))
    (4): ReLU()
    (5): MaxPool2d(kernel_size=2, stride=2, padding=0, dilation=1, ceil_mode=False)
    (6): Conv2d(256, 256, kernel_size=(5, 5), stride=(1, 1), padding=(1, 1))
    (7): ReLU()
    (8): MaxPool2d(kernel_size=2, stride=2, padding=0, dilation=1, ceil_mode=False)
    (9): Flatten(start_dim=1, end_dim=-1)
    (10): Linear(in_features=1024, out_features=512, bias=True)
    (11): ReLU()
    (12): Linear(in_features=512, out_features=256, bias=True)
    (13): ReLU()
    (14): Linear(in_features=256, out_features=10, bias=True)
  )
)
INFO:__main__:CHILD MODEL LOSS: 0.637597507596016 with train time 105.41313028335571
INFO:__main__:CHILD MODEL ACCURACY: 0.7858
INFO:__main__:Policy gradient: 0.034226227551698685
INFO:__main__:
INFO:__main__:------ ITERATION 227 ------
INFO:__main__:Layers generated: [('256', '5', '2'), ('32', '1', '0')]
INFO:__main__:ChildCNNModel(
  (model): Sequential(
    (0): Conv2d(3, 128, kernel_size=(3, 3), stride=(1, 1), padding=(1, 1))
    (1): ReLU()
    (2): MaxPool2d(kernel_size=2, stride=2, padding=0, dilation=1, ceil_mode=False)
    (3): Conv2d(128, 256, kernel_size=(5, 5), stride=(1, 1), padding=(2, 2))
    (4): ReLU()
    (5): MaxPool2d(kernel_size=2, stride=2, padding=0, dilation=1, ceil_mode=False)
    (6): Conv2d(256, 32, kernel_size=(1, 1), stride=(1, 1))
    (7): ReLU()
    (8): MaxPool2d(kernel_size=2, stride=2, padding=0, dilation=1, ceil_mode=False)
    (9): Flatten(start_dim=1, end_dim=-1)
    (10): Linear(in_features=512, out_features=512, bias=True)
    (11): ReLU()
    (12): Linear(in_features=512, out_features=256, bias=True)
    (13): ReLU()
    (14): Linear(in_features=256, out_features=10, bias=True)
  )
)
INFO:__main__:CHILD MODEL LOSS: 0.6928227927684784 with train time 110.15636467933655
INFO:__main__:CHILD MODEL ACCURACY: 0.7627
INFO:__main__:Policy gradient: -0.14358317852020264
INFO:__main__:
INFO:__main__:------ ITERATION 228 ------
INFO:__main__:Layers generated: [('256', '5', '2'), ('64', '1', '2')]
INFO:__main__:ChildCNNModel(
  (model): Sequential(
    (0): Conv2d(3, 128, kernel_size=(3, 3), stride=(1, 1), padding=(1, 1))
    (1): ReLU()
    (2): MaxPool2d(kernel_size=2, stride=2, padding=0, dilation=1, ceil_mode=False)
    (3): Conv2d(128, 256, kernel_size=(5, 5), stride=(1, 1), padding=(2, 2))
    (4): ReLU()
    (5): MaxPool2d(kernel_size=2, stride=2, padding=0, dilation=1, ceil_mode=False)
    (6): Conv2d(256, 64, kernel_size=(1, 1), stride=(1, 1), padding=(2, 2))
    (7): ReLU()
    (8): MaxPool2d(kernel_size=2, stride=2, padding=0, dilation=1, ceil_mode=False)
    (9): Flatten(start_dim=1, end_dim=-1)
    (10): Linear(in_features=2304, out_features=512, bias=True)
    (11): ReLU()
    (12): Linear(in_features=512, out_features=256, bias=True)
    (13): ReLU()
    (14): Linear(in_features=256, out_features=10, bias=True)
  )
)
INFO:__main__:CHILD MODEL LOSS: 0.6422036205530166 with train time 109.45302867889404
INFO:__main__:CHILD MODEL ACCURACY: 0.7794
INFO:__main__:Policy gradient: 0.000980373122729361
INFO:__main__:
INFO:__main__:------ ITERATION 229 ------
INFO:__main__:Layers generated: [('128', '5', '0'), ('32', '3', '0')]
INFO:__main__:ChildCNNModel(
  (model): Sequential(
    (0): Conv2d(3, 128, kernel_size=(3, 3), stride=(1, 1), padding=(1, 1))
    (1): ReLU()
    (2): MaxPool2d(kernel_size=2, stride=2, padding=0, dilation=1, ceil_mode=False)
    (3): Conv2d(128, 128, kernel_size=(5, 5), stride=(1, 1))
    (4): ReLU()
    (5): MaxPool2d(kernel_size=2, stride=2, padding=0, dilation=1, ceil_mode=False)
    (6): Conv2d(128, 32, kernel_size=(3, 3), stride=(1, 1))
    (7): ReLU()
    (8): MaxPool2d(kernel_size=2, stride=2, padding=0, dilation=1, ceil_mode=False)
    (9): Flatten(start_dim=1, end_dim=-1)
    (10): Linear(in_features=128, out_features=512, bias=True)
    (11): ReLU()
    (12): Linear(in_features=512, out_features=256, bias=True)
    (13): ReLU()
    (14): Linear(in_features=256, out_features=10, bias=True)
  )
)
INFO:__main__:CHILD MODEL LOSS: 0.7735771706104279 with train time 103.89873337745667
INFO:__main__:CHILD MODEL ACCURACY: 0.7488
INFO:__main__:Policy gradient: -0.2695437967777252
INFO:__main__:
INFO:__main__:------ ITERATION 230 ------
INFO:__main__:Layers generated: [('256', '1', '0'), ('128', '3', '1')]
INFO:__main__:ChildCNNModel(
  (model): Sequential(
    (0): Conv2d(3, 128, kernel_size=(3, 3), stride=(1, 1), padding=(1, 1))
    (1): ReLU()
    (2): MaxPool2d(kernel_size=2, stride=2, padding=0, dilation=1, ceil_mode=False)
    (3): Conv2d(128, 256, kernel_size=(1, 1), stride=(1, 1))
    (4): ReLU()
    (5): MaxPool2d(kernel_size=2, stride=2, padding=0, dilation=1, ceil_mode=False)
    (6): Conv2d(256, 128, kernel_size=(3, 3), stride=(1, 1), padding=(1, 1))
    (7): ReLU()
    (8): MaxPool2d(kernel_size=2, stride=2, padding=0, dilation=1, ceil_mode=False)
    (9): Flatten(start_dim=1, end_dim=-1)
    (10): Linear(in_features=2048, out_features=512, bias=True)
    (11): ReLU()
    (12): Linear(in_features=512, out_features=256, bias=True)
    (13): ReLU()
    (14): Linear(in_features=256, out_features=10, bias=True)
  )
)
INFO:__main__:CHILD MODEL LOSS: 0.5744690798521042 with train time 108.57899808883667
INFO:__main__:CHILD MODEL ACCURACY: 0.8043
INFO:__main__:Policy gradient: 0.19834889471530914
INFO:__main__:
INFO:__main__:------ ITERATION 231 ------
INFO:__main__:Layers generated: [('128', '3', '2'), ('64', '3', '2')]
INFO:__main__:ChildCNNModel(
  (model): Sequential(
    (0): Conv2d(3, 128, kernel_size=(3, 3), stride=(1, 1), padding=(1, 1))
    (1): ReLU()
    (2): MaxPool2d(kernel_size=2, stride=2, padding=0, dilation=1, ceil_mode=False)
    (3): Conv2d(128, 128, kernel_size=(3, 3), stride=(1, 1), padding=(2, 2))
    (4): ReLU()
    (5): MaxPool2d(kernel_size=2, stride=2, padding=0, dilation=1, ceil_mode=False)
    (6): Conv2d(128, 64, kernel_size=(3, 3), stride=(1, 1), padding=(2, 2))
    (7): ReLU()
    (8): MaxPool2d(kernel_size=2, stride=2, padding=0, dilation=1, ceil_mode=False)
    (9): Flatten(start_dim=1, end_dim=-1)
    (10): Linear(in_features=1600, out_features=512, bias=True)
    (11): ReLU()
    (12): Linear(in_features=512, out_features=256, bias=True)
    (13): ReLU()
    (14): Linear(in_features=256, out_features=10, bias=True)
  )
)
INFO:__main__:CHILD MODEL LOSS: 0.6107752939462662 with train time 102.54686880111694
INFO:__main__:CHILD MODEL ACCURACY: 0.7918
INFO:__main__:Policy gradient: 0.09303797781467438
INFO:__main__:
INFO:__main__:------ ITERATION 232 ------
INFO:__main__:Layers generated: [('256', '5', '2'), ('64', '1', '1')]
INFO:__main__:ChildCNNModel(
  (model): Sequential(
    (0): Conv2d(3, 128, kernel_size=(3, 3), stride=(1, 1), padding=(1, 1))
    (1): ReLU()
    (2): MaxPool2d(kernel_size=2, stride=2, padding=0, dilation=1, ceil_mode=False)
    (3): Conv2d(128, 256, kernel_size=(5, 5), stride=(1, 1), padding=(2, 2))
    (4): ReLU()
    (5): MaxPool2d(kernel_size=2, stride=2, padding=0, dilation=1, ceil_mode=False)
    (6): Conv2d(256, 64, kernel_size=(1, 1), stride=(1, 1), padding=(1, 1))
    (7): ReLU()
    (8): MaxPool2d(kernel_size=2, stride=2, padding=0, dilation=1, ceil_mode=False)
    (9): Flatten(start_dim=1, end_dim=-1)
    (10): Linear(in_features=1600, out_features=512, bias=True)
    (11): ReLU()
    (12): Linear(in_features=512, out_features=256, bias=True)
    (13): ReLU()
    (14): Linear(in_features=256, out_features=10, bias=True)
  )
)
INFO:__main__:CHILD MODEL LOSS: 0.6214152302742004 with train time 109.59895420074463
INFO:__main__:CHILD MODEL ACCURACY: 0.7847
INFO:__main__:Policy gradient: 0.029580561444163322
INFO:__main__:
INFO:__main__:------ ITERATION 233 ------
INFO:__main__:Layers generated: [('32', '1', '2'), ('64', '5', '2')]
INFO:__main__:ChildCNNModel(
  (model): Sequential(
    (0): Conv2d(3, 128, kernel_size=(3, 3), stride=(1, 1), padding=(1, 1))
    (1): ReLU()
    (2): MaxPool2d(kernel_size=2, stride=2, padding=0, dilation=1, ceil_mode=False)
    (3): Conv2d(128, 32, kernel_size=(1, 1), stride=(1, 1), padding=(2, 2))
    (4): ReLU()
    (5): MaxPool2d(kernel_size=2, stride=2, padding=0, dilation=1, ceil_mode=False)
    (6): Conv2d(32, 64, kernel_size=(5, 5), stride=(1, 1), padding=(2, 2))
    (7): ReLU()
    (8): MaxPool2d(kernel_size=2, stride=2, padding=0, dilation=1, ceil_mode=False)
    (9): Flatten(start_dim=1, end_dim=-1)
    (10): Linear(in_features=1600, out_features=512, bias=True)
    (11): ReLU()
    (12): Linear(in_features=512, out_features=256, bias=True)
    (13): ReLU()
    (14): Linear(in_features=256, out_features=10, bias=True)
  )
)
INFO:__main__:CHILD MODEL LOSS: 0.6709679864645004 with train time 97.0596570968628
INFO:__main__:CHILD MODEL ACCURACY: 0.7658
INFO:__main__:Policy gradient: -0.09244958311319351
INFO:__main__:
INFO:__main__:------ ITERATION 234 ------
INFO:__main__:Layers generated: [('128', '3', '2'), ('64', '3', '0')]
INFO:__main__:ChildCNNModel(
  (model): Sequential(
    (0): Conv2d(3, 128, kernel_size=(3, 3), stride=(1, 1), padding=(1, 1))
    (1): ReLU()
    (2): MaxPool2d(kernel_size=2, stride=2, padding=0, dilation=1, ceil_mode=False)
    (3): Conv2d(128, 128, kernel_size=(3, 3), stride=(1, 1), padding=(2, 2))
    (4): ReLU()
    (5): MaxPool2d(kernel_size=2, stride=2, padding=0, dilation=1, ceil_mode=False)
    (6): Conv2d(128, 64, kernel_size=(3, 3), stride=(1, 1))
    (7): ReLU()
    (8): MaxPool2d(kernel_size=2, stride=2, padding=0, dilation=1, ceil_mode=False)
    (9): Flatten(start_dim=1, end_dim=-1)
    (10): Linear(in_features=576, out_features=512, bias=True)
    (11): ReLU()
    (12): Linear(in_features=512, out_features=256, bias=True)
    (13): ReLU()
    (14): Linear(in_features=256, out_features=10, bias=True)
  )
)
INFO:__main__:CHILD MODEL LOSS: 0.6465976513624191 with train time 109.52069592475891
INFO:__main__:CHILD MODEL ACCURACY: 0.7769
INFO:__main__:Policy gradient: -0.017443418502807617
INFO:__main__:
INFO:__main__:------ ITERATION 235 ------
INFO:__main__:Layers generated: [('128', '5', '2'), ('64', '5', '0')]
INFO:__main__:ChildCNNModel(
  (model): Sequential(
    (0): Conv2d(3, 128, kernel_size=(3, 3), stride=(1, 1), padding=(1, 1))
    (1): ReLU()
    (2): MaxPool2d(kernel_size=2, stride=2, padding=0, dilation=1, ceil_mode=False)
    (3): Conv2d(128, 128, kernel_size=(5, 5), stride=(1, 1), padding=(2, 2))
    (4): ReLU()
    (5): MaxPool2d(kernel_size=2, stride=2, padding=0, dilation=1, ceil_mode=False)
    (6): Conv2d(128, 64, kernel_size=(5, 5), stride=(1, 1))
    (7): ReLU()
    (8): MaxPool2d(kernel_size=2, stride=2, padding=0, dilation=1, ceil_mode=False)
    (9): Flatten(start_dim=1, end_dim=-1)
    (10): Linear(in_features=256, out_features=512, bias=True)
    (11): ReLU()
    (12): Linear(in_features=512, out_features=256, bias=True)
    (13): ReLU()
    (14): Linear(in_features=256, out_features=10, bias=True)
  )
)
INFO:__main__:CHILD MODEL LOSS: 0.6566907020807267 with train time 103.55155158042908
INFO:__main__:CHILD MODEL ACCURACY: 0.7602
INFO:__main__:Policy gradient: -0.12541459500789642
INFO:__main__:
INFO:__main__:------ ITERATION 236 ------
INFO:__main__:Layers generated: [('256', '5', '0'), ('64', '1', '1')]
INFO:__main__:ChildCNNModel(
  (model): Sequential(
    (0): Conv2d(3, 128, kernel_size=(3, 3), stride=(1, 1), padding=(1, 1))
    (1): ReLU()
    (2): MaxPool2d(kernel_size=2, stride=2, padding=0, dilation=1, ceil_mode=False)
    (3): Conv2d(128, 256, kernel_size=(5, 5), stride=(1, 1))
    (4): ReLU()
    (5): MaxPool2d(kernel_size=2, stride=2, padding=0, dilation=1, ceil_mode=False)
    (6): Conv2d(256, 64, kernel_size=(1, 1), stride=(1, 1), padding=(1, 1))
    (7): ReLU()
    (8): MaxPool2d(kernel_size=2, stride=2, padding=0, dilation=1, ceil_mode=False)
    (9): Flatten(start_dim=1, end_dim=-1)
    (10): Linear(in_features=1024, out_features=512, bias=True)
    (11): ReLU()
    (12): Linear(in_features=512, out_features=256, bias=True)
    (13): ReLU()
    (14): Linear(in_features=256, out_features=10, bias=True)
  )
)
INFO:__main__:CHILD MODEL LOSS: 0.6717622900009155 with train time 103.36067414283752
INFO:__main__:CHILD MODEL ACCURACY: 0.7746
INFO:__main__:Policy gradient: -0.018784016370773315
INFO:__main__:
INFO:__main__:------ ITERATION 237 ------
INFO:__main__:Layers generated: [('128', '3', '2'), ('16', '5', '2')]
INFO:__main__:ChildCNNModel(
  (model): Sequential(
    (0): Conv2d(3, 128, kernel_size=(3, 3), stride=(1, 1), padding=(1, 1))
    (1): ReLU()
    (2): MaxPool2d(kernel_size=2, stride=2, padding=0, dilation=1, ceil_mode=False)
    (3): Conv2d(128, 128, kernel_size=(3, 3), stride=(1, 1), padding=(2, 2))
    (4): ReLU()
    (5): MaxPool2d(kernel_size=2, stride=2, padding=0, dilation=1, ceil_mode=False)
    (6): Conv2d(128, 16, kernel_size=(5, 5), stride=(1, 1), padding=(2, 2))
    (7): ReLU()
    (8): MaxPool2d(kernel_size=2, stride=2, padding=0, dilation=1, ceil_mode=False)
    (9): Flatten(start_dim=1, end_dim=-1)
    (10): Linear(in_features=256, out_features=512, bias=True)
    (11): ReLU()
    (12): Linear(in_features=512, out_features=256, bias=True)
    (13): ReLU()
    (14): Linear(in_features=256, out_features=10, bias=True)
  )
)
INFO:__main__:CHILD MODEL LOSS: 0.7607859611511231 with train time 105.54360842704773
INFO:__main__:CHILD MODEL ACCURACY: 0.7473
INFO:__main__:Policy gradient: -0.24289855360984802
INFO:__main__:
INFO:__main__:------ ITERATION 238 ------
INFO:__main__:Layers generated: [('32', '5', '2'), ('32', '5', '2')]
INFO:__main__:ChildCNNModel(
  (model): Sequential(
    (0): Conv2d(3, 128, kernel_size=(3, 3), stride=(1, 1), padding=(1, 1))
    (1): ReLU()
    (2): MaxPool2d(kernel_size=2, stride=2, padding=0, dilation=1, ceil_mode=False)
    (3): Conv2d(128, 32, kernel_size=(5, 5), stride=(1, 1), padding=(2, 2))
    (4): ReLU()
    (5): MaxPool2d(kernel_size=2, stride=2, padding=0, dilation=1, ceil_mode=False)
    (6): Conv2d(32, 32, kernel_size=(5, 5), stride=(1, 1), padding=(2, 2))
    (7): ReLU()
    (8): MaxPool2d(kernel_size=2, stride=2, padding=0, dilation=1, ceil_mode=False)
    (9): Flatten(start_dim=1, end_dim=-1)
    (10): Linear(in_features=512, out_features=512, bias=True)
    (11): ReLU()
    (12): Linear(in_features=512, out_features=256, bias=True)
    (13): ReLU()
    (14): Linear(in_features=256, out_features=10, bias=True)
  )
)
INFO:__main__:CHILD MODEL LOSS: 0.6881727957725525 with train time 103.44178485870361
INFO:__main__:CHILD MODEL ACCURACY: 0.7541
INFO:__main__:Policy gradient: -0.15538305044174194
INFO:__main__:
INFO:__main__:------ ITERATION 239 ------
INFO:__main__:Layers generated: [('256', '3', '0'), ('128', '5', '2')]
INFO:__main__:ChildCNNModel(
  (model): Sequential(
    (0): Conv2d(3, 128, kernel_size=(3, 3), stride=(1, 1), padding=(1, 1))
    (1): ReLU()
    (2): MaxPool2d(kernel_size=2, stride=2, padding=0, dilation=1, ceil_mode=False)
    (3): Conv2d(128, 256, kernel_size=(3, 3), stride=(1, 1))
    (4): ReLU()
    (5): MaxPool2d(kernel_size=2, stride=2, padding=0, dilation=1, ceil_mode=False)
    (6): Conv2d(256, 128, kernel_size=(5, 5), stride=(1, 1), padding=(2, 2))
    (7): ReLU()
    (8): MaxPool2d(kernel_size=2, stride=2, padding=0, dilation=1, ceil_mode=False)
    (9): Flatten(start_dim=1, end_dim=-1)
    (10): Linear(in_features=1152, out_features=512, bias=True)
    (11): ReLU()
    (12): Linear(in_features=512, out_features=256, bias=True)
    (13): ReLU()
    (14): Linear(in_features=256, out_features=10, bias=True)
  )
)
INFO:__main__:CHILD MODEL LOSS: 0.5524025812149048 with train time 101.34777021408081
INFO:__main__:CHILD MODEL ACCURACY: 0.8095
INFO:__main__:Policy gradient: 0.27331802248954773
INFO:__main__:
INFO:__main__:------ ITERATION 240 ------
INFO:__main__:Layers generated: [('256', '3', '0'), ('256', '5', '1')]
INFO:__main__:ChildCNNModel(
  (model): Sequential(
    (0): Conv2d(3, 128, kernel_size=(3, 3), stride=(1, 1), padding=(1, 1))
    (1): ReLU()
    (2): MaxPool2d(kernel_size=2, stride=2, padding=0, dilation=1, ceil_mode=False)
    (3): Conv2d(128, 256, kernel_size=(3, 3), stride=(1, 1))
    (4): ReLU()
    (5): MaxPool2d(kernel_size=2, stride=2, padding=0, dilation=1, ceil_mode=False)
    (6): Conv2d(256, 256, kernel_size=(5, 5), stride=(1, 1), padding=(1, 1))
    (7): ReLU()
    (8): MaxPool2d(kernel_size=2, stride=2, padding=0, dilation=1, ceil_mode=False)
    (9): Flatten(start_dim=1, end_dim=-1)
    (10): Linear(in_features=1024, out_features=512, bias=True)
    (11): ReLU()
    (12): Linear(in_features=512, out_features=256, bias=True)
    (13): ReLU()
    (14): Linear(in_features=256, out_features=10, bias=True)
  )
)
INFO:__main__:CHILD MODEL LOSS: 0.530158511519432 with train time 106.96317481994629
INFO:__main__:CHILD MODEL ACCURACY: 0.8164
INFO:__main__:Policy gradient: 0.2762129306793213
INFO:__main__:
INFO:__main__:------ ITERATION 241 ------
INFO:__main__:Layers generated: [('128', '1', '2'), ('64', '5', '2')]
INFO:__main__:ChildCNNModel(
  (model): Sequential(
    (0): Conv2d(3, 128, kernel_size=(3, 3), stride=(1, 1), padding=(1, 1))
    (1): ReLU()
    (2): MaxPool2d(kernel_size=2, stride=2, padding=0, dilation=1, ceil_mode=False)
    (3): Conv2d(128, 128, kernel_size=(1, 1), stride=(1, 1), padding=(2, 2))
    (4): ReLU()
    (5): MaxPool2d(kernel_size=2, stride=2, padding=0, dilation=1, ceil_mode=False)
    (6): Conv2d(128, 64, kernel_size=(5, 5), stride=(1, 1), padding=(2, 2))
    (7): ReLU()
    (8): MaxPool2d(kernel_size=2, stride=2, padding=0, dilation=1, ceil_mode=False)
    (9): Flatten(start_dim=1, end_dim=-1)
    (10): Linear(in_features=1600, out_features=512, bias=True)
    (11): ReLU()
    (12): Linear(in_features=512, out_features=256, bias=True)
    (13): ReLU()
    (14): Linear(in_features=256, out_features=10, bias=True)
  )
)
INFO:__main__:CHILD MODEL LOSS: 0.6215715169906616 with train time 106.69133281707764
INFO:__main__:CHILD MODEL ACCURACY: 0.7806
INFO:__main__:Policy gradient: 0.004984701052308083
INFO:__main__:
INFO:__main__:------ ITERATION 242 ------
INFO:__main__:Layers generated: [('64', '1', '2'), ('128', '3', '1')]
INFO:__main__:ChildCNNModel(
  (model): Sequential(
    (0): Conv2d(3, 128, kernel_size=(3, 3), stride=(1, 1), padding=(1, 1))
    (1): ReLU()
    (2): MaxPool2d(kernel_size=2, stride=2, padding=0, dilation=1, ceil_mode=False)
    (3): Conv2d(128, 64, kernel_size=(1, 1), stride=(1, 1), padding=(2, 2))
    (4): ReLU()
    (5): MaxPool2d(kernel_size=2, stride=2, padding=0, dilation=1, ceil_mode=False)
    (6): Conv2d(64, 128, kernel_size=(3, 3), stride=(1, 1), padding=(1, 1))
    (7): ReLU()
    (8): MaxPool2d(kernel_size=2, stride=2, padding=0, dilation=1, ceil_mode=False)
    (9): Flatten(start_dim=1, end_dim=-1)
    (10): Linear(in_features=3200, out_features=512, bias=True)
    (11): ReLU()
    (12): Linear(in_features=512, out_features=256, bias=True)
    (13): ReLU()
    (14): Linear(in_features=256, out_features=10, bias=True)
  )
)
INFO:__main__:CHILD MODEL LOSS: 0.5988581401109695 with train time 95.57259225845337
INFO:__main__:CHILD MODEL ACCURACY: 0.7911
INFO:__main__:Policy gradient: 0.07555419951677322
INFO:__main__:
INFO:__main__:------ ITERATION 243 ------
INFO:__main__:Layers generated: [('128', '1', '1'), ('32', '1', '0')]
INFO:__main__:ChildCNNModel(
  (model): Sequential(
    (0): Conv2d(3, 128, kernel_size=(3, 3), stride=(1, 1), padding=(1, 1))
    (1): ReLU()
    (2): MaxPool2d(kernel_size=2, stride=2, padding=0, dilation=1, ceil_mode=False)
    (3): Conv2d(128, 128, kernel_size=(1, 1), stride=(1, 1), padding=(1, 1))
    (4): ReLU()
    (5): MaxPool2d(kernel_size=2, stride=2, padding=0, dilation=1, ceil_mode=False)
    (6): Conv2d(128, 32, kernel_size=(1, 1), stride=(1, 1))
    (7): ReLU()
    (8): MaxPool2d(kernel_size=2, stride=2, padding=0, dilation=1, ceil_mode=False)
    (9): Flatten(start_dim=1, end_dim=-1)
    (10): Linear(in_features=512, out_features=512, bias=True)
    (11): ReLU()
    (12): Linear(in_features=512, out_features=256, bias=True)
    (13): ReLU()
    (14): Linear(in_features=256, out_features=10, bias=True)
  )
)
INFO:__main__:CHILD MODEL LOSS: 0.8267193140983582 with train time 103.6241500377655
INFO:__main__:CHILD MODEL ACCURACY: 0.7319
INFO:__main__:Policy gradient: -0.43709880113601685
INFO:__main__:
INFO:__main__:------ ITERATION 244 ------
INFO:__main__:Layers generated: [('128', '3', '2'), ('128', '5', '0')]
INFO:__main__:ChildCNNModel(
  (model): Sequential(
    (0): Conv2d(3, 128, kernel_size=(3, 3), stride=(1, 1), padding=(1, 1))
    (1): ReLU()
    (2): MaxPool2d(kernel_size=2, stride=2, padding=0, dilation=1, ceil_mode=False)
    (3): Conv2d(128, 128, kernel_size=(3, 3), stride=(1, 1), padding=(2, 2))
    (4): ReLU()
    (5): MaxPool2d(kernel_size=2, stride=2, padding=0, dilation=1, ceil_mode=False)
    (6): Conv2d(128, 128, kernel_size=(5, 5), stride=(1, 1))
    (7): ReLU()
    (8): MaxPool2d(kernel_size=2, stride=2, padding=0, dilation=1, ceil_mode=False)
    (9): Flatten(start_dim=1, end_dim=-1)
    (10): Linear(in_features=512, out_features=512, bias=True)
    (11): ReLU()
    (12): Linear(in_features=512, out_features=256, bias=True)
    (13): ReLU()
    (14): Linear(in_features=256, out_features=10, bias=True)
  )
)
INFO:__main__:CHILD MODEL LOSS: 0.5977539070844651 with train time 106.3383002281189
INFO:__main__:CHILD MODEL ACCURACY: 0.7902
INFO:__main__:Policy gradient: 0.10645964741706848
INFO:__main__:
INFO:__main__:------ ITERATION 245 ------
INFO:__main__:Layers generated: [('256', '5', '2'), ('64', '3', '1')]
INFO:__main__:ChildCNNModel(
  (model): Sequential(
    (0): Conv2d(3, 128, kernel_size=(3, 3), stride=(1, 1), padding=(1, 1))
    (1): ReLU()
    (2): MaxPool2d(kernel_size=2, stride=2, padding=0, dilation=1, ceil_mode=False)
    (3): Conv2d(128, 256, kernel_size=(5, 5), stride=(1, 1), padding=(2, 2))
    (4): ReLU()
    (5): MaxPool2d(kernel_size=2, stride=2, padding=0, dilation=1, ceil_mode=False)
    (6): Conv2d(256, 64, kernel_size=(3, 3), stride=(1, 1), padding=(1, 1))
    (7): ReLU()
    (8): MaxPool2d(kernel_size=2, stride=2, padding=0, dilation=1, ceil_mode=False)
    (9): Flatten(start_dim=1, end_dim=-1)
    (10): Linear(in_features=1024, out_features=512, bias=True)
    (11): ReLU()
    (12): Linear(in_features=512, out_features=256, bias=True)
    (13): ReLU()
    (14): Linear(in_features=256, out_features=10, bias=True)
  )
)
INFO:__main__:CHILD MODEL LOSS: 0.5977394895553589 with train time 110.74089789390564
INFO:__main__:CHILD MODEL ACCURACY: 0.7867
INFO:__main__:Policy gradient: 0.05822361260652542
INFO:__main__:
INFO:__main__:------ ITERATION 246 ------
INFO:__main__:Layers generated: [('256', '1', '0'), ('256', '1', '1')]
INFO:__main__:ChildCNNModel(
  (model): Sequential(
    (0): Conv2d(3, 128, kernel_size=(3, 3), stride=(1, 1), padding=(1, 1))
    (1): ReLU()
    (2): MaxPool2d(kernel_size=2, stride=2, padding=0, dilation=1, ceil_mode=False)
    (3): Conv2d(128, 256, kernel_size=(1, 1), stride=(1, 1))
    (4): ReLU()
    (5): MaxPool2d(kernel_size=2, stride=2, padding=0, dilation=1, ceil_mode=False)
    (6): Conv2d(256, 256, kernel_size=(1, 1), stride=(1, 1), padding=(1, 1))
    (7): ReLU()
    (8): MaxPool2d(kernel_size=2, stride=2, padding=0, dilation=1, ceil_mode=False)
    (9): Flatten(start_dim=1, end_dim=-1)
    (10): Linear(in_features=6400, out_features=512, bias=True)
    (11): ReLU()
    (12): Linear(in_features=512, out_features=256, bias=True)
    (13): ReLU()
    (14): Linear(in_features=256, out_features=10, bias=True)
  )
)
INFO:__main__:CHILD MODEL LOSS: 0.6379978802204133 with train time 99.2326169013977
INFO:__main__:CHILD MODEL ACCURACY: 0.7808
INFO:__main__:Policy gradient: 0.01633080467581749
INFO:__main__:
INFO:__main__:------ ITERATION 247 ------
INFO:__main__:Layers generated: [('128', '3', '0'), ('256', '1', '1')]
INFO:__main__:ChildCNNModel(
  (model): Sequential(
    (0): Conv2d(3, 128, kernel_size=(3, 3), stride=(1, 1), padding=(1, 1))
    (1): ReLU()
    (2): MaxPool2d(kernel_size=2, stride=2, padding=0, dilation=1, ceil_mode=False)
    (3): Conv2d(128, 128, kernel_size=(3, 3), stride=(1, 1))
    (4): ReLU()
    (5): MaxPool2d(kernel_size=2, stride=2, padding=0, dilation=1, ceil_mode=False)
    (6): Conv2d(128, 256, kernel_size=(1, 1), stride=(1, 1), padding=(1, 1))
    (7): ReLU()
    (8): MaxPool2d(kernel_size=2, stride=2, padding=0, dilation=1, ceil_mode=False)
    (9): Flatten(start_dim=1, end_dim=-1)
    (10): Linear(in_features=4096, out_features=512, bias=True)
    (11): ReLU()
    (12): Linear(in_features=512, out_features=256, bias=True)
    (13): ReLU()
    (14): Linear(in_features=256, out_features=10, bias=True)
  )
)
INFO:__main__:CHILD MODEL LOSS: 0.6073271400928497 with train time 101.05308437347412
INFO:__main__:CHILD MODEL ACCURACY: 0.7903
INFO:__main__:Policy gradient: 0.09709823876619339
INFO:__main__:
INFO:__main__:------ ITERATION 248 ------
INFO:__main__:Layers generated: [('128', '3', '0'), ('64', '3', '0')]
INFO:__main__:ChildCNNModel(
  (model): Sequential(
    (0): Conv2d(3, 128, kernel_size=(3, 3), stride=(1, 1), padding=(1, 1))
    (1): ReLU()
    (2): MaxPool2d(kernel_size=2, stride=2, padding=0, dilation=1, ceil_mode=False)
    (3): Conv2d(128, 128, kernel_size=(3, 3), stride=(1, 1))
    (4): ReLU()
    (5): MaxPool2d(kernel_size=2, stride=2, padding=0, dilation=1, ceil_mode=False)
    (6): Conv2d(128, 64, kernel_size=(3, 3), stride=(1, 1))
    (7): ReLU()
    (8): MaxPool2d(kernel_size=2, stride=2, padding=0, dilation=1, ceil_mode=False)
    (9): Flatten(start_dim=1, end_dim=-1)
    (10): Linear(in_features=256, out_features=512, bias=True)
    (11): ReLU()
    (12): Linear(in_features=512, out_features=256, bias=True)
    (13): ReLU()
    (14): Linear(in_features=256, out_features=10, bias=True)
  )
)
INFO:__main__:CHILD MODEL LOSS: 0.7260523338317871 with train time 102.80313682556152
INFO:__main__:CHILD MODEL ACCURACY: 0.7673
INFO:__main__:Policy gradient: -0.10492821782827377
INFO:__main__:
INFO:__main__:------ ITERATION 249 ------
INFO:__main__:Layers generated: [('256', '1', '0'), ('32', '5', '0')]
INFO:__main__:ChildCNNModel(
  (model): Sequential(
    (0): Conv2d(3, 128, kernel_size=(3, 3), stride=(1, 1), padding=(1, 1))
    (1): ReLU()
    (2): MaxPool2d(kernel_size=2, stride=2, padding=0, dilation=1, ceil_mode=False)
    (3): Conv2d(128, 256, kernel_size=(1, 1), stride=(1, 1))
    (4): ReLU()
    (5): MaxPool2d(kernel_size=2, stride=2, padding=0, dilation=1, ceil_mode=False)
    (6): Conv2d(256, 32, kernel_size=(5, 5), stride=(1, 1))
    (7): ReLU()
    (8): MaxPool2d(kernel_size=2, stride=2, padding=0, dilation=1, ceil_mode=False)
    (9): Flatten(start_dim=1, end_dim=-1)
    (10): Linear(in_features=128, out_features=512, bias=True)
    (11): ReLU()
    (12): Linear(in_features=512, out_features=256, bias=True)
    (13): ReLU()
    (14): Linear(in_features=256, out_features=10, bias=True)
  )
)
INFO:__main__:CHILD MODEL LOSS: 0.7689843032360076 with train time 100.54763507843018
INFO:__main__:CHILD MODEL ACCURACY: 0.7436
INFO:__main__:Policy gradient: -0.24602366983890533
INFO:__main__:
INFO:__main__:------ ITERATION 250 ------
INFO:__main__:Layers generated: [('64', '3', '1'), ('32', '3', '1')]
INFO:__main__:ChildCNNModel(
  (model): Sequential(
    (0): Conv2d(3, 128, kernel_size=(3, 3), stride=(1, 1), padding=(1, 1))
    (1): ReLU()
    (2): MaxPool2d(kernel_size=2, stride=2, padding=0, dilation=1, ceil_mode=False)
    (3): Conv2d(128, 64, kernel_size=(3, 3), stride=(1, 1), padding=(1, 1))
    (4): ReLU()
    (5): MaxPool2d(kernel_size=2, stride=2, padding=0, dilation=1, ceil_mode=False)
    (6): Conv2d(64, 32, kernel_size=(3, 3), stride=(1, 1), padding=(1, 1))
    (7): ReLU()
    (8): MaxPool2d(kernel_size=2, stride=2, padding=0, dilation=1, ceil_mode=False)
    (9): Flatten(start_dim=1, end_dim=-1)
    (10): Linear(in_features=512, out_features=512, bias=True)
    (11): ReLU()
    (12): Linear(in_features=512, out_features=256, bias=True)
    (13): ReLU()
    (14): Linear(in_features=256, out_features=10, bias=True)
  )
)
INFO:__main__:CHILD MODEL LOSS: 0.682923372745514 with train time 100.52865219116211
INFO:__main__:CHILD MODEL ACCURACY: 0.7817
INFO:__main__:Policy gradient: 0.059275951236486435
INFO:__main__:
INFO:__main__:------ ITERATION 251 ------
INFO:__main__:Layers generated: [('256', '5', '2'), ('256', '1', '2')]
INFO:__main__:ChildCNNModel(
  (model): Sequential(
    (0): Conv2d(3, 128, kernel_size=(3, 3), stride=(1, 1), padding=(1, 1))
    (1): ReLU()
    (2): MaxPool2d(kernel_size=2, stride=2, padding=0, dilation=1, ceil_mode=False)
    (3): Conv2d(128, 256, kernel_size=(5, 5), stride=(1, 1), padding=(2, 2))
    (4): ReLU()
    (5): MaxPool2d(kernel_size=2, stride=2, padding=0, dilation=1, ceil_mode=False)
    (6): Conv2d(256, 256, kernel_size=(1, 1), stride=(1, 1), padding=(2, 2))
    (7): ReLU()
    (8): MaxPool2d(kernel_size=2, stride=2, padding=0, dilation=1, ceil_mode=False)
    (9): Flatten(start_dim=1, end_dim=-1)
    (10): Linear(in_features=9216, out_features=512, bias=True)
    (11): ReLU()
    (12): Linear(in_features=512, out_features=256, bias=True)
    (13): ReLU()
    (14): Linear(in_features=256, out_features=10, bias=True)
  )
)
INFO:__main__:CHILD MODEL LOSS: 0.5755676109790802 with train time 114.55361151695251
INFO:__main__:CHILD MODEL ACCURACY: 0.7927
INFO:__main__:Policy gradient: 0.11163852363824844
INFO:__main__:
INFO:__main__:------ ITERATION 252 ------
INFO:__main__:Layers generated: [('64', '3', '0'), ('64', '3', '0')]
INFO:__main__:ChildCNNModel(
  (model): Sequential(
    (0): Conv2d(3, 128, kernel_size=(3, 3), stride=(1, 1), padding=(1, 1))
    (1): ReLU()
    (2): MaxPool2d(kernel_size=2, stride=2, padding=0, dilation=1, ceil_mode=False)
    (3): Conv2d(128, 64, kernel_size=(3, 3), stride=(1, 1))
    (4): ReLU()
    (5): MaxPool2d(kernel_size=2, stride=2, padding=0, dilation=1, ceil_mode=False)
    (6): Conv2d(64, 64, kernel_size=(3, 3), stride=(1, 1))
    (7): ReLU()
    (8): MaxPool2d(kernel_size=2, stride=2, padding=0, dilation=1, ceil_mode=False)
    (9): Flatten(start_dim=1, end_dim=-1)
    (10): Linear(in_features=256, out_features=512, bias=True)
    (11): ReLU()
    (12): Linear(in_features=512, out_features=256, bias=True)
    (13): ReLU()
    (14): Linear(in_features=256, out_features=10, bias=True)
  )
)
INFO:__main__:CHILD MODEL LOSS: 0.7708197722434997 with train time 102.65746903419495
INFO:__main__:CHILD MODEL ACCURACY: 0.7476
INFO:__main__:Policy gradient: -0.2326388955116272
INFO:__main__:
INFO:__main__:------ ITERATION 253 ------
INFO:__main__:Layers generated: [('64', '1', '1'), ('64', '5', '2')]
INFO:__main__:ChildCNNModel(
  (model): Sequential(
    (0): Conv2d(3, 128, kernel_size=(3, 3), stride=(1, 1), padding=(1, 1))
    (1): ReLU()
    (2): MaxPool2d(kernel_size=2, stride=2, padding=0, dilation=1, ceil_mode=False)
    (3): Conv2d(128, 64, kernel_size=(1, 1), stride=(1, 1), padding=(1, 1))
    (4): ReLU()
    (5): MaxPool2d(kernel_size=2, stride=2, padding=0, dilation=1, ceil_mode=False)
    (6): Conv2d(64, 64, kernel_size=(5, 5), stride=(1, 1), padding=(2, 2))
    (7): ReLU()
    (8): MaxPool2d(kernel_size=2, stride=2, padding=0, dilation=1, ceil_mode=False)
    (9): Flatten(start_dim=1, end_dim=-1)
    (10): Linear(in_features=1024, out_features=512, bias=True)
    (11): ReLU()
    (12): Linear(in_features=512, out_features=256, bias=True)
    (13): ReLU()
    (14): Linear(in_features=256, out_features=10, bias=True)
  )
)
INFO:__main__:CHILD MODEL LOSS: 0.665989144563675 with train time 100.95341038703918
INFO:__main__:CHILD MODEL ACCURACY: 0.7839
INFO:__main__:Policy gradient: 0.06231024116277695
INFO:__main__:
INFO:__main__:------ ITERATION 254 ------
INFO:__main__:Layers generated: [('64', '1', '2'), ('256', '5', '0')]
INFO:__main__:ChildCNNModel(
  (model): Sequential(
    (0): Conv2d(3, 128, kernel_size=(3, 3), stride=(1, 1), padding=(1, 1))
    (1): ReLU()
    (2): MaxPool2d(kernel_size=2, stride=2, padding=0, dilation=1, ceil_mode=False)
    (3): Conv2d(128, 64, kernel_size=(1, 1), stride=(1, 1), padding=(2, 2))
    (4): ReLU()
    (5): MaxPool2d(kernel_size=2, stride=2, padding=0, dilation=1, ceil_mode=False)
    (6): Conv2d(64, 256, kernel_size=(5, 5), stride=(1, 1))
    (7): ReLU()
    (8): MaxPool2d(kernel_size=2, stride=2, padding=0, dilation=1, ceil_mode=False)
    (9): Flatten(start_dim=1, end_dim=-1)
    (10): Linear(in_features=2304, out_features=512, bias=True)
    (11): ReLU()
    (12): Linear(in_features=512, out_features=256, bias=True)
    (13): ReLU()
    (14): Linear(in_features=256, out_features=10, bias=True)
  )
)
INFO:__main__:CHILD MODEL LOSS: 0.5804901725053787 with train time 100.33068990707397
INFO:__main__:CHILD MODEL ACCURACY: 0.8006
INFO:__main__:Policy gradient: 0.145991712808609
INFO:__main__:
INFO:__main__:------ ITERATION 255 ------
INFO:__main__:Layers generated: [('32', '3', '1'), ('128', '3', '0')]
INFO:__main__:ChildCNNModel(
  (model): Sequential(
    (0): Conv2d(3, 128, kernel_size=(3, 3), stride=(1, 1), padding=(1, 1))
    (1): ReLU()
    (2): MaxPool2d(kernel_size=2, stride=2, padding=0, dilation=1, ceil_mode=False)
    (3): Conv2d(128, 32, kernel_size=(3, 3), stride=(1, 1), padding=(1, 1))
    (4): ReLU()
    (5): MaxPool2d(kernel_size=2, stride=2, padding=0, dilation=1, ceil_mode=False)
    (6): Conv2d(32, 128, kernel_size=(3, 3), stride=(1, 1))
    (7): ReLU()
    (8): MaxPool2d(kernel_size=2, stride=2, padding=0, dilation=1, ceil_mode=False)
    (9): Flatten(start_dim=1, end_dim=-1)
    (10): Linear(in_features=1152, out_features=512, bias=True)
    (11): ReLU()
    (12): Linear(in_features=512, out_features=256, bias=True)
    (13): ReLU()
    (14): Linear(in_features=256, out_features=10, bias=True)
  )
)
INFO:__main__:CHILD MODEL LOSS: 0.6405732312202453 with train time 104.19901847839355
INFO:__main__:CHILD MODEL ACCURACY: 0.7861
INFO:__main__:Policy gradient: 0.07488187402486801
INFO:__main__:
INFO:__main__:------ ITERATION 256 ------
INFO:__main__:Layers generated: [('64', '1', '1'), ('256', '5', '0')]
INFO:__main__:ChildCNNModel(
  (model): Sequential(
    (0): Conv2d(3, 128, kernel_size=(3, 3), stride=(1, 1), padding=(1, 1))
    (1): ReLU()
    (2): MaxPool2d(kernel_size=2, stride=2, padding=0, dilation=1, ceil_mode=False)
    (3): Conv2d(128, 64, kernel_size=(1, 1), stride=(1, 1), padding=(1, 1))
    (4): ReLU()
    (5): MaxPool2d(kernel_size=2, stride=2, padding=0, dilation=1, ceil_mode=False)
    (6): Conv2d(64, 256, kernel_size=(5, 5), stride=(1, 1))
    (7): ReLU()
    (8): MaxPool2d(kernel_size=2, stride=2, padding=0, dilation=1, ceil_mode=False)
    (9): Flatten(start_dim=1, end_dim=-1)
    (10): Linear(in_features=1024, out_features=512, bias=True)
    (11): ReLU()
    (12): Linear(in_features=512, out_features=256, bias=True)
    (13): ReLU()
    (14): Linear(in_features=256, out_features=10, bias=True)
  )
)
INFO:__main__:CHILD MODEL LOSS: 0.615359701871872 with train time 95.59625744819641
INFO:__main__:CHILD MODEL ACCURACY: 0.7943
INFO:__main__:Policy gradient: 0.10497425496578217
INFO:__main__:
INFO:__main__:------ ITERATION 257 ------
INFO:__main__:Layers generated: [('256', '1', '0'), ('256', '1', '1')]
INFO:__main__:ChildCNNModel(
  (model): Sequential(
    (0): Conv2d(3, 128, kernel_size=(3, 3), stride=(1, 1), padding=(1, 1))
    (1): ReLU()
    (2): MaxPool2d(kernel_size=2, stride=2, padding=0, dilation=1, ceil_mode=False)
    (3): Conv2d(128, 256, kernel_size=(1, 1), stride=(1, 1))
    (4): ReLU()
    (5): MaxPool2d(kernel_size=2, stride=2, padding=0, dilation=1, ceil_mode=False)
    (6): Conv2d(256, 256, kernel_size=(1, 1), stride=(1, 1), padding=(1, 1))
    (7): ReLU()
    (8): MaxPool2d(kernel_size=2, stride=2, padding=0, dilation=1, ceil_mode=False)
    (9): Flatten(start_dim=1, end_dim=-1)
    (10): Linear(in_features=6400, out_features=512, bias=True)
    (11): ReLU()
    (12): Linear(in_features=512, out_features=256, bias=True)
    (13): ReLU()
    (14): Linear(in_features=256, out_features=10, bias=True)
  )
)
INFO:__main__:CHILD MODEL LOSS: 0.6298717427253723 with train time 104.1696708202362
INFO:__main__:CHILD MODEL ACCURACY: 0.7691
INFO:__main__:Policy gradient: -0.07600235193967819
INFO:__main__:
INFO:__main__:------ ITERATION 258 ------
INFO:__main__:Layers generated: [('128', '1', '0'), ('128', '5', '1')]
INFO:__main__:ChildCNNModel(
  (model): Sequential(
    (0): Conv2d(3, 128, kernel_size=(3, 3), stride=(1, 1), padding=(1, 1))
    (1): ReLU()
    (2): MaxPool2d(kernel_size=2, stride=2, padding=0, dilation=1, ceil_mode=False)
    (3): Conv2d(128, 128, kernel_size=(1, 1), stride=(1, 1))
    (4): ReLU()
    (5): MaxPool2d(kernel_size=2, stride=2, padding=0, dilation=1, ceil_mode=False)
    (6): Conv2d(128, 128, kernel_size=(5, 5), stride=(1, 1), padding=(1, 1))
    (7): ReLU()
    (8): MaxPool2d(kernel_size=2, stride=2, padding=0, dilation=1, ceil_mode=False)
    (9): Flatten(start_dim=1, end_dim=-1)
    (10): Linear(in_features=1152, out_features=512, bias=True)
    (11): ReLU()
    (12): Linear(in_features=512, out_features=256, bias=True)
    (13): ReLU()
    (14): Linear(in_features=256, out_features=10, bias=True)
  )
)
INFO:__main__:CHILD MODEL LOSS: 0.6037865235805512 with train time 103.41224479675293
INFO:__main__:CHILD MODEL ACCURACY: 0.7911
INFO:__main__:Policy gradient: 0.08544884622097015
INFO:__main__:
INFO:__main__:------ ITERATION 259 ------
INFO:__main__:Layers generated: [('64', '5', '2'), ('64', '1', '0')]
INFO:__main__:ChildCNNModel(
  (model): Sequential(
    (0): Conv2d(3, 128, kernel_size=(3, 3), stride=(1, 1), padding=(1, 1))
    (1): ReLU()
    (2): MaxPool2d(kernel_size=2, stride=2, padding=0, dilation=1, ceil_mode=False)
    (3): Conv2d(128, 64, kernel_size=(5, 5), stride=(1, 1), padding=(2, 2))
    (4): ReLU()
    (5): MaxPool2d(kernel_size=2, stride=2, padding=0, dilation=1, ceil_mode=False)
    (6): Conv2d(64, 64, kernel_size=(1, 1), stride=(1, 1))
    (7): ReLU()
    (8): MaxPool2d(kernel_size=2, stride=2, padding=0, dilation=1, ceil_mode=False)
    (9): Flatten(start_dim=1, end_dim=-1)
    (10): Linear(in_features=1024, out_features=512, bias=True)
    (11): ReLU()
    (12): Linear(in_features=512, out_features=256, bias=True)
    (13): ReLU()
    (14): Linear(in_features=256, out_features=10, bias=True)
  )
)
INFO:__main__:CHILD MODEL LOSS: 0.6878114876747131 with train time 103.84261703491211
INFO:__main__:CHILD MODEL ACCURACY: 0.7715
INFO:__main__:Policy gradient: -0.06455395370721817
INFO:__main__:
INFO:__main__:------ ITERATION 260 ------
INFO:__main__:Layers generated: [('256', '1', '2'), ('64', '1', '1')]
INFO:__main__:ChildCNNModel(
  (model): Sequential(
    (0): Conv2d(3, 128, kernel_size=(3, 3), stride=(1, 1), padding=(1, 1))
    (1): ReLU()
    (2): MaxPool2d(kernel_size=2, stride=2, padding=0, dilation=1, ceil_mode=False)
    (3): Conv2d(128, 256, kernel_size=(1, 1), stride=(1, 1), padding=(2, 2))
    (4): ReLU()
    (5): MaxPool2d(kernel_size=2, stride=2, padding=0, dilation=1, ceil_mode=False)
    (6): Conv2d(256, 64, kernel_size=(1, 1), stride=(1, 1), padding=(1, 1))
    (7): ReLU()
    (8): MaxPool2d(kernel_size=2, stride=2, padding=0, dilation=1, ceil_mode=False)
    (9): Flatten(start_dim=1, end_dim=-1)
    (10): Linear(in_features=2304, out_features=512, bias=True)
    (11): ReLU()
    (12): Linear(in_features=512, out_features=256, bias=True)
    (13): ReLU()
    (14): Linear(in_features=256, out_features=10, bias=True)
  )
)
INFO:__main__:CHILD MODEL LOSS: 0.7420325086116791 with train time 105.32706499099731
INFO:__main__:CHILD MODEL ACCURACY: 0.7439
INFO:__main__:Policy gradient: -0.22024279832839966
INFO:__main__:
INFO:__main__:------ ITERATION 261 ------
INFO:__main__:Layers generated: [('128', '5', '1'), ('64', '1', '2')]
INFO:__main__:ChildCNNModel(
  (model): Sequential(
    (0): Conv2d(3, 128, kernel_size=(3, 3), stride=(1, 1), padding=(1, 1))
    (1): ReLU()
    (2): MaxPool2d(kernel_size=2, stride=2, padding=0, dilation=1, ceil_mode=False)
    (3): Conv2d(128, 128, kernel_size=(5, 5), stride=(1, 1), padding=(1, 1))
    (4): ReLU()
    (5): MaxPool2d(kernel_size=2, stride=2, padding=0, dilation=1, ceil_mode=False)
    (6): Conv2d(128, 64, kernel_size=(1, 1), stride=(1, 1), padding=(2, 2))
    (7): ReLU()
    (8): MaxPool2d(kernel_size=2, stride=2, padding=0, dilation=1, ceil_mode=False)
    (9): Flatten(start_dim=1, end_dim=-1)
    (10): Linear(in_features=1600, out_features=512, bias=True)
    (11): ReLU()
    (12): Linear(in_features=512, out_features=256, bias=True)
    (13): ReLU()
    (14): Linear(in_features=256, out_features=10, bias=True)
  )
)
INFO:__main__:CHILD MODEL LOSS: 0.667080080151558 with train time 104.10801029205322
INFO:__main__:CHILD MODEL ACCURACY: 0.7677
INFO:__main__:Policy gradient: -0.06965568661689758
INFO:__main__:
INFO:__main__:------ ITERATION 262 ------
INFO:__main__:Layers generated: [('128', '1', '2'), ('256', '5', '0')]
INFO:__main__:ChildCNNModel(
  (model): Sequential(
    (0): Conv2d(3, 128, kernel_size=(3, 3), stride=(1, 1), padding=(1, 1))
    (1): ReLU()
    (2): MaxPool2d(kernel_size=2, stride=2, padding=0, dilation=1, ceil_mode=False)
    (3): Conv2d(128, 128, kernel_size=(1, 1), stride=(1, 1), padding=(2, 2))
    (4): ReLU()
    (5): MaxPool2d(kernel_size=2, stride=2, padding=0, dilation=1, ceil_mode=False)
    (6): Conv2d(128, 256, kernel_size=(5, 5), stride=(1, 1))
    (7): ReLU()
    (8): MaxPool2d(kernel_size=2, stride=2, padding=0, dilation=1, ceil_mode=False)
    (9): Flatten(start_dim=1, end_dim=-1)
    (10): Linear(in_features=2304, out_features=512, bias=True)
    (11): ReLU()
    (12): Linear(in_features=512, out_features=256, bias=True)
    (13): ReLU()
    (14): Linear(in_features=256, out_features=10, bias=True)
  )
)
INFO:__main__:CHILD MODEL LOSS: 0.5777637529373169 with train time 104.8338131904602
INFO:__main__:CHILD MODEL ACCURACY: 0.8
INFO:__main__:Policy gradient: 0.15436658263206482
INFO:__main__:
INFO:__main__:------ ITERATION 263 ------
INFO:__main__:Layers generated: [('256', '1', '2'), ('256', '1', '0')]
INFO:__main__:ChildCNNModel(
  (model): Sequential(
    (0): Conv2d(3, 128, kernel_size=(3, 3), stride=(1, 1), padding=(1, 1))
    (1): ReLU()
    (2): MaxPool2d(kernel_size=2, stride=2, padding=0, dilation=1, ceil_mode=False)
    (3): Conv2d(128, 256, kernel_size=(1, 1), stride=(1, 1), padding=(2, 2))
    (4): ReLU()
    (5): MaxPool2d(kernel_size=2, stride=2, padding=0, dilation=1, ceil_mode=False)
    (6): Conv2d(256, 256, kernel_size=(1, 1), stride=(1, 1))
    (7): ReLU()
    (8): MaxPool2d(kernel_size=2, stride=2, padding=0, dilation=1, ceil_mode=False)
    (9): Flatten(start_dim=1, end_dim=-1)
    (10): Linear(in_features=6400, out_features=512, bias=True)
    (11): ReLU()
    (12): Linear(in_features=512, out_features=256, bias=True)
    (13): ReLU()
    (14): Linear(in_features=256, out_features=10, bias=True)
  )
)
INFO:__main__:CHILD MODEL LOSS: 0.62136518907547 with train time 104.18834781646729
INFO:__main__:CHILD MODEL ACCURACY: 0.7843
INFO:__main__:Policy gradient: 0.042691200971603394
INFO:__main__:
INFO:__main__:------ ITERATION 264 ------
INFO:__main__:Layers generated: [('256', '1', '2'), ('64', '5', '2')]
INFO:__main__:ChildCNNModel(
  (model): Sequential(
    (0): Conv2d(3, 128, kernel_size=(3, 3), stride=(1, 1), padding=(1, 1))
    (1): ReLU()
    (2): MaxPool2d(kernel_size=2, stride=2, padding=0, dilation=1, ceil_mode=False)
    (3): Conv2d(128, 256, kernel_size=(1, 1), stride=(1, 1), padding=(2, 2))
    (4): ReLU()
    (5): MaxPool2d(kernel_size=2, stride=2, padding=0, dilation=1, ceil_mode=False)
    (6): Conv2d(256, 64, kernel_size=(5, 5), stride=(1, 1), padding=(2, 2))
    (7): ReLU()
    (8): MaxPool2d(kernel_size=2, stride=2, padding=0, dilation=1, ceil_mode=False)
    (9): Flatten(start_dim=1, end_dim=-1)
    (10): Linear(in_features=1600, out_features=512, bias=True)
    (11): ReLU()
    (12): Linear(in_features=512, out_features=256, bias=True)
    (13): ReLU()
    (14): Linear(in_features=256, out_features=10, bias=True)
  )
)
INFO:__main__:CHILD MODEL LOSS: 0.5973693366050721 with train time 112.10671043395996
INFO:__main__:CHILD MODEL ACCURACY: 0.7893
INFO:__main__:Policy gradient: 0.05683391913771629
INFO:__main__:
INFO:__main__:------ ITERATION 265 ------
INFO:__main__:Layers generated: [('64', '5', '2'), ('32', '5', '1')]
INFO:__main__:ChildCNNModel(
  (model): Sequential(
    (0): Conv2d(3, 128, kernel_size=(3, 3), stride=(1, 1), padding=(1, 1))
    (1): ReLU()
    (2): MaxPool2d(kernel_size=2, stride=2, padding=0, dilation=1, ceil_mode=False)
    (3): Conv2d(128, 64, kernel_size=(5, 5), stride=(1, 1), padding=(2, 2))
    (4): ReLU()
    (5): MaxPool2d(kernel_size=2, stride=2, padding=0, dilation=1, ceil_mode=False)
    (6): Conv2d(64, 32, kernel_size=(5, 5), stride=(1, 1), padding=(1, 1))
    (7): ReLU()
    (8): MaxPool2d(kernel_size=2, stride=2, padding=0, dilation=1, ceil_mode=False)
    (9): Flatten(start_dim=1, end_dim=-1)
    (10): Linear(in_features=288, out_features=512, bias=True)
    (11): ReLU()
    (12): Linear(in_features=512, out_features=256, bias=True)
    (13): ReLU()
    (14): Linear(in_features=256, out_features=10, bias=True)
  )
)
INFO:__main__:CHILD MODEL LOSS: 0.7108871488571167 with train time 104.829434633255
INFO:__main__:CHILD MODEL ACCURACY: 0.7647
INFO:__main__:Policy gradient: -0.1059182733297348
INFO:__main__:
INFO:__main__:------ ITERATION 266 ------
INFO:__main__:Layers generated: [('16', '1', '1'), ('256', '3', '1')]
INFO:__main__:ChildCNNModel(
  (model): Sequential(
    (0): Conv2d(3, 128, kernel_size=(3, 3), stride=(1, 1), padding=(1, 1))
    (1): ReLU()
    (2): MaxPool2d(kernel_size=2, stride=2, padding=0, dilation=1, ceil_mode=False)
    (3): Conv2d(128, 16, kernel_size=(1, 1), stride=(1, 1), padding=(1, 1))
    (4): ReLU()
    (5): MaxPool2d(kernel_size=2, stride=2, padding=0, dilation=1, ceil_mode=False)
    (6): Conv2d(16, 256, kernel_size=(3, 3), stride=(1, 1), padding=(1, 1))
    (7): ReLU()
    (8): MaxPool2d(kernel_size=2, stride=2, padding=0, dilation=1, ceil_mode=False)
    (9): Flatten(start_dim=1, end_dim=-1)
    (10): Linear(in_features=4096, out_features=512, bias=True)
    (11): ReLU()
    (12): Linear(in_features=512, out_features=256, bias=True)
    (13): ReLU()
    (14): Linear(in_features=256, out_features=10, bias=True)
  )
)
INFO:__main__:CHILD MODEL LOSS: 0.6495535504817963 with train time 101.22199249267578
INFO:__main__:CHILD MODEL ACCURACY: 0.7694
INFO:__main__:Policy gradient: -0.07094322144985199
INFO:__main__:
INFO:__main__:------ ITERATION 267 ------
INFO:__main__:Layers generated: [('128', '1', '2'), ('16', '3', '1')]
INFO:__main__:ChildCNNModel(
  (model): Sequential(
    (0): Conv2d(3, 128, kernel_size=(3, 3), stride=(1, 1), padding=(1, 1))
    (1): ReLU()
    (2): MaxPool2d(kernel_size=2, stride=2, padding=0, dilation=1, ceil_mode=False)
    (3): Conv2d(128, 128, kernel_size=(1, 1), stride=(1, 1), padding=(2, 2))
    (4): ReLU()
    (5): MaxPool2d(kernel_size=2, stride=2, padding=0, dilation=1, ceil_mode=False)
    (6): Conv2d(128, 16, kernel_size=(3, 3), stride=(1, 1), padding=(1, 1))
    (7): ReLU()
    (8): MaxPool2d(kernel_size=2, stride=2, padding=0, dilation=1, ceil_mode=False)
    (9): Flatten(start_dim=1, end_dim=-1)
    (10): Linear(in_features=400, out_features=512, bias=True)
    (11): ReLU()
    (12): Linear(in_features=512, out_features=256, bias=True)
    (13): ReLU()
    (14): Linear(in_features=256, out_features=10, bias=True)
  )
)
INFO:__main__:CHILD MODEL LOSS: 0.7678841676712036 with train time 98.12407326698303
INFO:__main__:CHILD MODEL ACCURACY: 0.7501
INFO:__main__:Policy gradient: -0.21449416875839233
INFO:__main__:
INFO:__main__:------ ITERATION 268 ------
INFO:__main__:Layers generated: [('128', '5', '2'), ('256', '3', '2')]
INFO:__main__:ChildCNNModel(
  (model): Sequential(
    (0): Conv2d(3, 128, kernel_size=(3, 3), stride=(1, 1), padding=(1, 1))
    (1): ReLU()
    (2): MaxPool2d(kernel_size=2, stride=2, padding=0, dilation=1, ceil_mode=False)
    (3): Conv2d(128, 128, kernel_size=(5, 5), stride=(1, 1), padding=(2, 2))
    (4): ReLU()
    (5): MaxPool2d(kernel_size=2, stride=2, padding=0, dilation=1, ceil_mode=False)
    (6): Conv2d(128, 256, kernel_size=(3, 3), stride=(1, 1), padding=(2, 2))
    (7): ReLU()
    (8): MaxPool2d(kernel_size=2, stride=2, padding=0, dilation=1, ceil_mode=False)
    (9): Flatten(start_dim=1, end_dim=-1)
    (10): Linear(in_features=6400, out_features=512, bias=True)
    (11): ReLU()
    (12): Linear(in_features=512, out_features=256, bias=True)
    (13): ReLU()
    (14): Linear(in_features=256, out_features=10, bias=True)
  )
)
INFO:__main__:CHILD MODEL LOSS: 0.5520171078443528 with train time 107.13156795501709
INFO:__main__:CHILD MODEL ACCURACY: 0.7922
INFO:__main__:Policy gradient: 0.1242540180683136
INFO:__main__:
INFO:__main__:------ ITERATION 269 ------
INFO:__main__:Layers generated: [('256', '1', '2'), ('128', '5', '0')]
INFO:__main__:ChildCNNModel(
  (model): Sequential(
    (0): Conv2d(3, 128, kernel_size=(3, 3), stride=(1, 1), padding=(1, 1))
    (1): ReLU()
    (2): MaxPool2d(kernel_size=2, stride=2, padding=0, dilation=1, ceil_mode=False)
    (3): Conv2d(128, 256, kernel_size=(1, 1), stride=(1, 1), padding=(2, 2))
    (4): ReLU()
    (5): MaxPool2d(kernel_size=2, stride=2, padding=0, dilation=1, ceil_mode=False)
    (6): Conv2d(256, 128, kernel_size=(5, 5), stride=(1, 1))
    (7): ReLU()
    (8): MaxPool2d(kernel_size=2, stride=2, padding=0, dilation=1, ceil_mode=False)
    (9): Flatten(start_dim=1, end_dim=-1)
    (10): Linear(in_features=1152, out_features=512, bias=True)
    (11): ReLU()
    (12): Linear(in_features=512, out_features=256, bias=True)
    (13): ReLU()
    (14): Linear(in_features=256, out_features=10, bias=True)
  )
)
INFO:__main__:CHILD MODEL LOSS: 0.6148469009399414 with train time 108.23953056335449
INFO:__main__:CHILD MODEL ACCURACY: 0.7922
INFO:__main__:Policy gradient: 0.09430620074272156
INFO:__main__:
INFO:__main__:------ ITERATION 270 ------
INFO:__main__:Layers generated: [('256', '3', '1'), ('256', '3', '1')]
INFO:__main__:ChildCNNModel(
  (model): Sequential(
    (0): Conv2d(3, 128, kernel_size=(3, 3), stride=(1, 1), padding=(1, 1))
    (1): ReLU()
    (2): MaxPool2d(kernel_size=2, stride=2, padding=0, dilation=1, ceil_mode=False)
    (3): Conv2d(128, 256, kernel_size=(3, 3), stride=(1, 1), padding=(1, 1))
    (4): ReLU()
    (5): MaxPool2d(kernel_size=2, stride=2, padding=0, dilation=1, ceil_mode=False)
    (6): Conv2d(256, 256, kernel_size=(3, 3), stride=(1, 1), padding=(1, 1))
    (7): ReLU()
    (8): MaxPool2d(kernel_size=2, stride=2, padding=0, dilation=1, ceil_mode=False)
    (9): Flatten(start_dim=1, end_dim=-1)
    (10): Linear(in_features=4096, out_features=512, bias=True)
    (11): ReLU()
    (12): Linear(in_features=512, out_features=256, bias=True)
    (13): ReLU()
    (14): Linear(in_features=256, out_features=10, bias=True)
  )
)
INFO:__main__:CHILD MODEL LOSS: 0.5306969481706619 with train time 101.66696667671204
INFO:__main__:CHILD MODEL ACCURACY: 0.8141
INFO:__main__:Policy gradient: 0.2659909129142761
INFO:__main__:
INFO:__main__:------ ITERATION 271 ------
INFO:__main__:Layers generated: [('16', '3', '0'), ('16', '3', '0')]
INFO:__main__:ChildCNNModel(
  (model): Sequential(
    (0): Conv2d(3, 128, kernel_size=(3, 3), stride=(1, 1), padding=(1, 1))
    (1): ReLU()
    (2): MaxPool2d(kernel_size=2, stride=2, padding=0, dilation=1, ceil_mode=False)
    (3): Conv2d(128, 16, kernel_size=(3, 3), stride=(1, 1))
    (4): ReLU()
    (5): MaxPool2d(kernel_size=2, stride=2, padding=0, dilation=1, ceil_mode=False)
    (6): Conv2d(16, 16, kernel_size=(3, 3), stride=(1, 1))
    (7): ReLU()
    (8): MaxPool2d(kernel_size=2, stride=2, padding=0, dilation=1, ceil_mode=False)
    (9): Flatten(start_dim=1, end_dim=-1)
    (10): Linear(in_features=64, out_features=512, bias=True)
    (11): ReLU()
    (12): Linear(in_features=512, out_features=256, bias=True)
    (13): ReLU()
    (14): Linear(in_features=256, out_features=10, bias=True)
  )
)
INFO:__main__:CHILD MODEL LOSS: 1.0698535284996034 with train time 106.50740432739258
INFO:__main__:CHILD MODEL ACCURACY: 0.6568
INFO:__main__:Policy gradient: -1.3372961282730103
INFO:__main__:
INFO:__main__:------ ITERATION 272 ------
INFO:__main__:Layers generated: [('64', '3', '0'), ('256', '5', '1')]
INFO:__main__:ChildCNNModel(
  (model): Sequential(
    (0): Conv2d(3, 128, kernel_size=(3, 3), stride=(1, 1), padding=(1, 1))
    (1): ReLU()
    (2): MaxPool2d(kernel_size=2, stride=2, padding=0, dilation=1, ceil_mode=False)
    (3): Conv2d(128, 64, kernel_size=(3, 3), stride=(1, 1))
    (4): ReLU()
    (5): MaxPool2d(kernel_size=2, stride=2, padding=0, dilation=1, ceil_mode=False)
    (6): Conv2d(64, 256, kernel_size=(5, 5), stride=(1, 1), padding=(1, 1))
    (7): ReLU()
    (8): MaxPool2d(kernel_size=2, stride=2, padding=0, dilation=1, ceil_mode=False)
    (9): Flatten(start_dim=1, end_dim=-1)
    (10): Linear(in_features=1024, out_features=512, bias=True)
    (11): ReLU()
    (12): Linear(in_features=512, out_features=256, bias=True)
    (13): ReLU()
    (14): Linear(in_features=256, out_features=10, bias=True)
  )
)
INFO:__main__:CHILD MODEL LOSS: 0.5711626204252243 with train time 100.21625018119812
INFO:__main__:CHILD MODEL ACCURACY: 0.7885
INFO:__main__:Policy gradient: 0.14041417837142944
INFO:__main__:
INFO:__main__:------ ITERATION 273 ------
INFO:__main__:Layers generated: [('16', '1', '0'), ('32', '5', '1')]
INFO:__main__:ChildCNNModel(
  (model): Sequential(
    (0): Conv2d(3, 128, kernel_size=(3, 3), stride=(1, 1), padding=(1, 1))
    (1): ReLU()
    (2): MaxPool2d(kernel_size=2, stride=2, padding=0, dilation=1, ceil_mode=False)
    (3): Conv2d(128, 16, kernel_size=(1, 1), stride=(1, 1))
    (4): ReLU()
    (5): MaxPool2d(kernel_size=2, stride=2, padding=0, dilation=1, ceil_mode=False)
    (6): Conv2d(16, 32, kernel_size=(5, 5), stride=(1, 1), padding=(1, 1))
    (7): ReLU()
    (8): MaxPool2d(kernel_size=2, stride=2, padding=0, dilation=1, ceil_mode=False)
    (9): Flatten(start_dim=1, end_dim=-1)
    (10): Linear(in_features=288, out_features=512, bias=True)
    (11): ReLU()
    (12): Linear(in_features=512, out_features=256, bias=True)
    (13): ReLU()
    (14): Linear(in_features=256, out_features=10, bias=True)
  )
)
INFO:__main__:CHILD MODEL LOSS: 0.8629336650371552 with train time 103.50612354278564
INFO:__main__:CHILD MODEL ACCURACY: 0.7082
INFO:__main__:Policy gradient: -0.5486851334571838
INFO:__main__:
INFO:__main__:------ ITERATION 274 ------
INFO:__main__:Layers generated: [('128', '3', '1'), ('64', '3', '2')]
INFO:__main__:ChildCNNModel(
  (model): Sequential(
    (0): Conv2d(3, 128, kernel_size=(3, 3), stride=(1, 1), padding=(1, 1))
    (1): ReLU()
    (2): MaxPool2d(kernel_size=2, stride=2, padding=0, dilation=1, ceil_mode=False)
    (3): Conv2d(128, 128, kernel_size=(3, 3), stride=(1, 1), padding=(1, 1))
    (4): ReLU()
    (5): MaxPool2d(kernel_size=2, stride=2, padding=0, dilation=1, ceil_mode=False)
    (6): Conv2d(128, 64, kernel_size=(3, 3), stride=(1, 1), padding=(2, 2))
    (7): ReLU()
    (8): MaxPool2d(kernel_size=2, stride=2, padding=0, dilation=1, ceil_mode=False)
    (9): Flatten(start_dim=1, end_dim=-1)
    (10): Linear(in_features=1600, out_features=512, bias=True)
    (11): ReLU()
    (12): Linear(in_features=512, out_features=256, bias=True)
    (13): ReLU()
    (14): Linear(in_features=256, out_features=10, bias=True)
  )
)
INFO:__main__:CHILD MODEL LOSS: 0.5902715349197387 with train time 103.94443106651306
INFO:__main__:CHILD MODEL ACCURACY: 0.8004
INFO:__main__:Policy gradient: 0.2935831546783447
INFO:__main__:
INFO:__main__:------ ITERATION 275 ------
INFO:__main__:Layers generated: [('256', '1', '1'), ('32', '5', '0')]
INFO:__main__:ChildCNNModel(
  (model): Sequential(
    (0): Conv2d(3, 128, kernel_size=(3, 3), stride=(1, 1), padding=(1, 1))
    (1): ReLU()
    (2): MaxPool2d(kernel_size=2, stride=2, padding=0, dilation=1, ceil_mode=False)
    (3): Conv2d(128, 256, kernel_size=(1, 1), stride=(1, 1), padding=(1, 1))
    (4): ReLU()
    (5): MaxPool2d(kernel_size=2, stride=2, padding=0, dilation=1, ceil_mode=False)
    (6): Conv2d(256, 32, kernel_size=(5, 5), stride=(1, 1))
    (7): ReLU()
    (8): MaxPool2d(kernel_size=2, stride=2, padding=0, dilation=1, ceil_mode=False)
    (9): Flatten(start_dim=1, end_dim=-1)
    (10): Linear(in_features=128, out_features=512, bias=True)
    (11): ReLU()
    (12): Linear(in_features=512, out_features=256, bias=True)
    (13): ReLU()
    (14): Linear(in_features=256, out_features=10, bias=True)
  )
)
INFO:__main__:CHILD MODEL LOSS: 0.7649164569377899 with train time 108.00567960739136
INFO:__main__:CHILD MODEL ACCURACY: 0.7557
INFO:__main__:Policy gradient: -0.09310993552207947
INFO:__main__:
INFO:__main__:------ ITERATION 276 ------
INFO:__main__:Layers generated: [('64', '1', '2'), ('32', '5', '1')]
INFO:__main__:ChildCNNModel(
  (model): Sequential(
    (0): Conv2d(3, 128, kernel_size=(3, 3), stride=(1, 1), padding=(1, 1))
    (1): ReLU()
    (2): MaxPool2d(kernel_size=2, stride=2, padding=0, dilation=1, ceil_mode=False)
    (3): Conv2d(128, 64, kernel_size=(1, 1), stride=(1, 1), padding=(2, 2))
    (4): ReLU()
    (5): MaxPool2d(kernel_size=2, stride=2, padding=0, dilation=1, ceil_mode=False)
    (6): Conv2d(64, 32, kernel_size=(5, 5), stride=(1, 1), padding=(1, 1))
    (7): ReLU()
    (8): MaxPool2d(kernel_size=2, stride=2, padding=0, dilation=1, ceil_mode=False)
    (9): Flatten(start_dim=1, end_dim=-1)
    (10): Linear(in_features=512, out_features=512, bias=True)
    (11): ReLU()
    (12): Linear(in_features=512, out_features=256, bias=True)
    (13): ReLU()
    (14): Linear(in_features=256, out_features=10, bias=True)
  )
)
INFO:__main__:CHILD MODEL LOSS: 0.7362429959774017 with train time 100.86742281913757
INFO:__main__:CHILD MODEL ACCURACY: 0.7587
INFO:__main__:Policy gradient: -0.054944321513175964
INFO:__main__:
INFO:__main__:------ ITERATION 277 ------
INFO:__main__:Layers generated: [('128', '1', '2'), ('128', '5', '2')]
INFO:__main__:ChildCNNModel(
  (model): Sequential(
    (0): Conv2d(3, 128, kernel_size=(3, 3), stride=(1, 1), padding=(1, 1))
    (1): ReLU()
    (2): MaxPool2d(kernel_size=2, stride=2, padding=0, dilation=1, ceil_mode=False)
    (3): Conv2d(128, 128, kernel_size=(1, 1), stride=(1, 1), padding=(2, 2))
    (4): ReLU()
    (5): MaxPool2d(kernel_size=2, stride=2, padding=0, dilation=1, ceil_mode=False)
    (6): Conv2d(128, 128, kernel_size=(5, 5), stride=(1, 1), padding=(2, 2))
    (7): ReLU()
    (8): MaxPool2d(kernel_size=2, stride=2, padding=0, dilation=1, ceil_mode=False)
    (9): Flatten(start_dim=1, end_dim=-1)
    (10): Linear(in_features=3200, out_features=512, bias=True)
    (11): ReLU()
    (12): Linear(in_features=512, out_features=256, bias=True)
    (13): ReLU()
    (14): Linear(in_features=256, out_features=10, bias=True)
  )
)
INFO:__main__:CHILD MODEL LOSS: 0.5841457328796387 with train time 101.38307428359985
INFO:__main__:CHILD MODEL ACCURACY: 0.7938
INFO:__main__:Policy gradient: 0.1755014955997467
INFO:__main__:
INFO:__main__:------ ITERATION 278 ------
INFO:__main__:Layers generated: [('128', '1', '2'), ('128', '3', '1')]
INFO:__main__:ChildCNNModel(
  (model): Sequential(
    (0): Conv2d(3, 128, kernel_size=(3, 3), stride=(1, 1), padding=(1, 1))
    (1): ReLU()
    (2): MaxPool2d(kernel_size=2, stride=2, padding=0, dilation=1, ceil_mode=False)
    (3): Conv2d(128, 128, kernel_size=(1, 1), stride=(1, 1), padding=(2, 2))
    (4): ReLU()
    (5): MaxPool2d(kernel_size=2, stride=2, padding=0, dilation=1, ceil_mode=False)
    (6): Conv2d(128, 128, kernel_size=(3, 3), stride=(1, 1), padding=(1, 1))
    (7): ReLU()
    (8): MaxPool2d(kernel_size=2, stride=2, padding=0, dilation=1, ceil_mode=False)
    (9): Flatten(start_dim=1, end_dim=-1)
    (10): Linear(in_features=3200, out_features=512, bias=True)
    (11): ReLU()
    (12): Linear(in_features=512, out_features=256, bias=True)
    (13): ReLU()
    (14): Linear(in_features=256, out_features=10, bias=True)
  )
)
INFO:__main__:CHILD MODEL LOSS: 0.5750300002098083 with train time 103.72807312011719
INFO:__main__:CHILD MODEL ACCURACY: 0.7999
INFO:__main__:Policy gradient: 0.21589981019496918
INFO:__main__:
INFO:__main__:------ ITERATION 279 ------
INFO:__main__:Layers generated: [('64', '1', '0'), ('256', '5', '1')]
INFO:__main__:ChildCNNModel(
  (model): Sequential(
    (0): Conv2d(3, 128, kernel_size=(3, 3), stride=(1, 1), padding=(1, 1))
    (1): ReLU()
    (2): MaxPool2d(kernel_size=2, stride=2, padding=0, dilation=1, ceil_mode=False)
    (3): Conv2d(128, 64, kernel_size=(1, 1), stride=(1, 1))
    (4): ReLU()
    (5): MaxPool2d(kernel_size=2, stride=2, padding=0, dilation=1, ceil_mode=False)
    (6): Conv2d(64, 256, kernel_size=(5, 5), stride=(1, 1), padding=(1, 1))
    (7): ReLU()
    (8): MaxPool2d(kernel_size=2, stride=2, padding=0, dilation=1, ceil_mode=False)
    (9): Flatten(start_dim=1, end_dim=-1)
    (10): Linear(in_features=2304, out_features=512, bias=True)
    (11): ReLU()
    (12): Linear(in_features=512, out_features=256, bias=True)
    (13): ReLU()
    (14): Linear(in_features=256, out_features=10, bias=True)
  )
)
INFO:__main__:CHILD MODEL LOSS: 0.5769755440950394 with train time 102.19508385658264
INFO:__main__:CHILD MODEL ACCURACY: 0.7994
INFO:__main__:Policy gradient: 0.17639225721359253
INFO:__main__:
INFO:__main__:------ ITERATION 280 ------
INFO:__main__:Layers generated: [('32', '5', '0'), ('256', '5', '2')]
INFO:__main__:ChildCNNModel(
  (model): Sequential(
    (0): Conv2d(3, 128, kernel_size=(3, 3), stride=(1, 1), padding=(1, 1))
    (1): ReLU()
    (2): MaxPool2d(kernel_size=2, stride=2, padding=0, dilation=1, ceil_mode=False)
    (3): Conv2d(128, 32, kernel_size=(5, 5), stride=(1, 1))
    (4): ReLU()
    (5): MaxPool2d(kernel_size=2, stride=2, padding=0, dilation=1, ceil_mode=False)
    (6): Conv2d(32, 256, kernel_size=(5, 5), stride=(1, 1), padding=(2, 2))
    (7): ReLU()
    (8): MaxPool2d(kernel_size=2, stride=2, padding=0, dilation=1, ceil_mode=False)
    (9): Flatten(start_dim=1, end_dim=-1)
    (10): Linear(in_features=2304, out_features=512, bias=True)
    (11): ReLU()
    (12): Linear(in_features=512, out_features=256, bias=True)
    (13): ReLU()
    (14): Linear(in_features=256, out_features=10, bias=True)
  )
)
INFO:__main__:CHILD MODEL LOSS: 0.660243357539177 with train time 102.35819244384766
INFO:__main__:CHILD MODEL ACCURACY: 0.7679
INFO:__main__:Policy gradient: -0.050562161952257156
INFO:__main__:
INFO:__main__:------ ITERATION 281 ------
INFO:__main__:Layers generated: [('256', '3', '1'), ('64', '5', '0')]
INFO:__main__:ChildCNNModel(
  (model): Sequential(
    (0): Conv2d(3, 128, kernel_size=(3, 3), stride=(1, 1), padding=(1, 1))
    (1): ReLU()
    (2): MaxPool2d(kernel_size=2, stride=2, padding=0, dilation=1, ceil_mode=False)
    (3): Conv2d(128, 256, kernel_size=(3, 3), stride=(1, 1), padding=(1, 1))
    (4): ReLU()
    (5): MaxPool2d(kernel_size=2, stride=2, padding=0, dilation=1, ceil_mode=False)
    (6): Conv2d(256, 64, kernel_size=(5, 5), stride=(1, 1))
    (7): ReLU()
    (8): MaxPool2d(kernel_size=2, stride=2, padding=0, dilation=1, ceil_mode=False)
    (9): Flatten(start_dim=1, end_dim=-1)
    (10): Linear(in_features=256, out_features=512, bias=True)
    (11): ReLU()
    (12): Linear(in_features=512, out_features=256, bias=True)
    (13): ReLU()
    (14): Linear(in_features=256, out_features=10, bias=True)
  )
)
INFO:__main__:CHILD MODEL LOSS: 0.6219186576604843 with train time 103.34450197219849
INFO:__main__:CHILD MODEL ACCURACY: 0.7916
INFO:__main__:Policy gradient: 0.12630096077919006
INFO:__main__:
INFO:__main__:------ ITERATION 282 ------
INFO:__main__:Layers generated: [('64', '3', '2'), ('128', '5', '0')]
INFO:__main__:ChildCNNModel(
  (model): Sequential(
    (0): Conv2d(3, 128, kernel_size=(3, 3), stride=(1, 1), padding=(1, 1))
    (1): ReLU()
    (2): MaxPool2d(kernel_size=2, stride=2, padding=0, dilation=1, ceil_mode=False)
    (3): Conv2d(128, 64, kernel_size=(3, 3), stride=(1, 1), padding=(2, 2))
    (4): ReLU()
    (5): MaxPool2d(kernel_size=2, stride=2, padding=0, dilation=1, ceil_mode=False)
    (6): Conv2d(64, 128, kernel_size=(5, 5), stride=(1, 1))
    (7): ReLU()
    (8): MaxPool2d(kernel_size=2, stride=2, padding=0, dilation=1, ceil_mode=False)
    (9): Flatten(start_dim=1, end_dim=-1)
    (10): Linear(in_features=512, out_features=512, bias=True)
    (11): ReLU()
    (12): Linear(in_features=512, out_features=256, bias=True)
    (13): ReLU()
    (14): Linear(in_features=256, out_features=10, bias=True)
  )
)
INFO:__main__:CHILD MODEL LOSS: 0.6225560274124146 with train time 100.76250767707825
INFO:__main__:CHILD MODEL ACCURACY: 0.7827
INFO:__main__:Policy gradient: 0.04938337951898575
INFO:__main__:
INFO:__main__:------ ITERATION 283 ------
INFO:__main__:Layers generated: [('64', '1', '2'), ('256', '1', '1')]
INFO:__main__:ChildCNNModel(
  (model): Sequential(
    (0): Conv2d(3, 128, kernel_size=(3, 3), stride=(1, 1), padding=(1, 1))
    (1): ReLU()
    (2): MaxPool2d(kernel_size=2, stride=2, padding=0, dilation=1, ceil_mode=False)
    (3): Conv2d(128, 64, kernel_size=(1, 1), stride=(1, 1), padding=(2, 2))
    (4): ReLU()
    (5): MaxPool2d(kernel_size=2, stride=2, padding=0, dilation=1, ceil_mode=False)
    (6): Conv2d(64, 256, kernel_size=(1, 1), stride=(1, 1), padding=(1, 1))
    (7): ReLU()
    (8): MaxPool2d(kernel_size=2, stride=2, padding=0, dilation=1, ceil_mode=False)
    (9): Flatten(start_dim=1, end_dim=-1)
    (10): Linear(in_features=9216, out_features=512, bias=True)
    (11): ReLU()
    (12): Linear(in_features=512, out_features=256, bias=True)
    (13): ReLU()
    (14): Linear(in_features=256, out_features=10, bias=True)
  )
)
INFO:__main__:CHILD MODEL LOSS: 0.7342620742321014 with train time 102.93665838241577
INFO:__main__:CHILD MODEL ACCURACY: 0.751
INFO:__main__:Policy gradient: -0.1639227271080017
INFO:__main__:
INFO:__main__:------ ITERATION 284 ------
INFO:__main__:Layers generated: [('16', '3', '2'), ('16', '3', '0')]
INFO:__main__:ChildCNNModel(
  (model): Sequential(
    (0): Conv2d(3, 128, kernel_size=(3, 3), stride=(1, 1), padding=(1, 1))
    (1): ReLU()
    (2): MaxPool2d(kernel_size=2, stride=2, padding=0, dilation=1, ceil_mode=False)
    (3): Conv2d(128, 16, kernel_size=(3, 3), stride=(1, 1), padding=(2, 2))
    (4): ReLU()
    (5): MaxPool2d(kernel_size=2, stride=2, padding=0, dilation=1, ceil_mode=False)
    (6): Conv2d(16, 16, kernel_size=(3, 3), stride=(1, 1))
    (7): ReLU()
    (8): MaxPool2d(kernel_size=2, stride=2, padding=0, dilation=1, ceil_mode=False)
    (9): Flatten(start_dim=1, end_dim=-1)
    (10): Linear(in_features=144, out_features=512, bias=True)
    (11): ReLU()
    (12): Linear(in_features=512, out_features=256, bias=True)
    (13): ReLU()
    (14): Linear(in_features=256, out_features=10, bias=True)
  )
)
INFO:__main__:CHILD MODEL LOSS: 0.8976258068084717 with train time 100.20323133468628
INFO:__main__:CHILD MODEL ACCURACY: 0.6938
INFO:__main__:Policy gradient: -0.8277192115783691
INFO:__main__:
INFO:__main__:------ ITERATION 285 ------
INFO:__main__:Layers generated: [('256', '5', '1'), ('32', '3', '0')]
INFO:__main__:ChildCNNModel(
  (model): Sequential(
    (0): Conv2d(3, 128, kernel_size=(3, 3), stride=(1, 1), padding=(1, 1))
    (1): ReLU()
    (2): MaxPool2d(kernel_size=2, stride=2, padding=0, dilation=1, ceil_mode=False)
    (3): Conv2d(128, 256, kernel_size=(5, 5), stride=(1, 1), padding=(1, 1))
    (4): ReLU()
    (5): MaxPool2d(kernel_size=2, stride=2, padding=0, dilation=1, ceil_mode=False)
    (6): Conv2d(256, 32, kernel_size=(3, 3), stride=(1, 1))
    (7): ReLU()
    (8): MaxPool2d(kernel_size=2, stride=2, padding=0, dilation=1, ceil_mode=False)
    (9): Flatten(start_dim=1, end_dim=-1)
    (10): Linear(in_features=128, out_features=512, bias=True)
    (11): ReLU()
    (12): Linear(in_features=512, out_features=256, bias=True)
    (13): ReLU()
    (14): Linear(in_features=256, out_features=10, bias=True)
  )
)
INFO:__main__:CHILD MODEL LOSS: 0.7626949574947357 with train time 110.41067481040955
INFO:__main__:CHILD MODEL ACCURACY: 0.7564
INFO:__main__:Policy gradient: -0.08007103949785233
INFO:__main__:
INFO:__main__:------ ITERATION 286 ------
INFO:__main__:Layers generated: [('256', '5', '2'), ('128', '1', '2')]
INFO:__main__:ChildCNNModel(
  (model): Sequential(
    (0): Conv2d(3, 128, kernel_size=(3, 3), stride=(1, 1), padding=(1, 1))
    (1): ReLU()
    (2): MaxPool2d(kernel_size=2, stride=2, padding=0, dilation=1, ceil_mode=False)
    (3): Conv2d(128, 256, kernel_size=(5, 5), stride=(1, 1), padding=(2, 2))
    (4): ReLU()
    (5): MaxPool2d(kernel_size=2, stride=2, padding=0, dilation=1, ceil_mode=False)
    (6): Conv2d(256, 128, kernel_size=(1, 1), stride=(1, 1), padding=(2, 2))
    (7): ReLU()
    (8): MaxPool2d(kernel_size=2, stride=2, padding=0, dilation=1, ceil_mode=False)
    (9): Flatten(start_dim=1, end_dim=-1)
    (10): Linear(in_features=4608, out_features=512, bias=True)
    (11): ReLU()
    (12): Linear(in_features=512, out_features=256, bias=True)
    (13): ReLU()
    (14): Linear(in_features=256, out_features=10, bias=True)
  )
)
INFO:__main__:CHILD MODEL LOSS: 0.5991103222370148 with train time 111.88222241401672
INFO:__main__:CHILD MODEL ACCURACY: 0.7883
INFO:__main__:Policy gradient: 0.16217756271362305
INFO:__main__:
INFO:__main__:------ ITERATION 287 ------
INFO:__main__:Layers generated: [('128', '5', '0'), ('256', '5', '2')]
INFO:__main__:ChildCNNModel(
  (model): Sequential(
    (0): Conv2d(3, 128, kernel_size=(3, 3), stride=(1, 1), padding=(1, 1))
    (1): ReLU()
    (2): MaxPool2d(kernel_size=2, stride=2, padding=0, dilation=1, ceil_mode=False)
    (3): Conv2d(128, 128, kernel_size=(5, 5), stride=(1, 1))
    (4): ReLU()
    (5): MaxPool2d(kernel_size=2, stride=2, padding=0, dilation=1, ceil_mode=False)
    (6): Conv2d(128, 256, kernel_size=(5, 5), stride=(1, 1), padding=(2, 2))
    (7): ReLU()
    (8): MaxPool2d(kernel_size=2, stride=2, padding=0, dilation=1, ceil_mode=False)
    (9): Flatten(start_dim=1, end_dim=-1)
    (10): Linear(in_features=2304, out_features=512, bias=True)
    (11): ReLU()
    (12): Linear(in_features=512, out_features=256, bias=True)
    (13): ReLU()
    (14): Linear(in_features=256, out_features=10, bias=True)
  )
)
INFO:__main__:CHILD MODEL LOSS: 0.5891298077106476 with train time 102.55011296272278
INFO:__main__:CHILD MODEL ACCURACY: 0.7972
INFO:__main__:Policy gradient: 0.20969443023204803
INFO:__main__:
INFO:__main__:------ ITERATION 288 ------
INFO:__main__:Layers generated: [('64', '3', '1'), ('16', '3', '1')]
INFO:__main__:ChildCNNModel(
  (model): Sequential(
    (0): Conv2d(3, 128, kernel_size=(3, 3), stride=(1, 1), padding=(1, 1))
    (1): ReLU()
    (2): MaxPool2d(kernel_size=2, stride=2, padding=0, dilation=1, ceil_mode=False)
    (3): Conv2d(128, 64, kernel_size=(3, 3), stride=(1, 1), padding=(1, 1))
    (4): ReLU()
    (5): MaxPool2d(kernel_size=2, stride=2, padding=0, dilation=1, ceil_mode=False)
    (6): Conv2d(64, 16, kernel_size=(3, 3), stride=(1, 1), padding=(1, 1))
    (7): ReLU()
    (8): MaxPool2d(kernel_size=2, stride=2, padding=0, dilation=1, ceil_mode=False)
    (9): Flatten(start_dim=1, end_dim=-1)
    (10): Linear(in_features=256, out_features=512, bias=True)
    (11): ReLU()
    (12): Linear(in_features=512, out_features=256, bias=True)
    (13): ReLU()
    (14): Linear(in_features=256, out_features=10, bias=True)
  )
)
INFO:__main__:CHILD MODEL LOSS: 0.766598345041275 with train time 100.57072448730469
INFO:__main__:CHILD MODEL ACCURACY: 0.7523
INFO:__main__:Policy gradient: -0.17050158977508545
INFO:__main__:
INFO:__main__:------ ITERATION 289 ------
INFO:__main__:Layers generated: [('64', '5', '1'), ('64', '5', '2')]
INFO:__main__:ChildCNNModel(
  (model): Sequential(
    (0): Conv2d(3, 128, kernel_size=(3, 3), stride=(1, 1), padding=(1, 1))
    (1): ReLU()
    (2): MaxPool2d(kernel_size=2, stride=2, padding=0, dilation=1, ceil_mode=False)
    (3): Conv2d(128, 64, kernel_size=(5, 5), stride=(1, 1), padding=(1, 1))
    (4): ReLU()
    (5): MaxPool2d(kernel_size=2, stride=2, padding=0, dilation=1, ceil_mode=False)
    (6): Conv2d(64, 64, kernel_size=(5, 5), stride=(1, 1), padding=(2, 2))
    (7): ReLU()
    (8): MaxPool2d(kernel_size=2, stride=2, padding=0, dilation=1, ceil_mode=False)
    (9): Flatten(start_dim=1, end_dim=-1)
    (10): Linear(in_features=576, out_features=512, bias=True)
    (11): ReLU()
    (12): Linear(in_features=512, out_features=256, bias=True)
    (13): ReLU()
    (14): Linear(in_features=256, out_features=10, bias=True)
  )
)
INFO:__main__:CHILD MODEL LOSS: 0.6396426123380661 with train time 106.92249536514282
INFO:__main__:CHILD MODEL ACCURACY: 0.7742
INFO:__main__:Policy gradient: 0.03878623992204666
INFO:__main__:
INFO:__main__:------ ITERATION 290 ------
INFO:__main__:Layers generated: [('128', '1', '0'), ('256', '3', '2')]
INFO:__main__:ChildCNNModel(
  (model): Sequential(
    (0): Conv2d(3, 128, kernel_size=(3, 3), stride=(1, 1), padding=(1, 1))
    (1): ReLU()
    (2): MaxPool2d(kernel_size=2, stride=2, padding=0, dilation=1, ceil_mode=False)
    (3): Conv2d(128, 128, kernel_size=(1, 1), stride=(1, 1))
    (4): ReLU()
    (5): MaxPool2d(kernel_size=2, stride=2, padding=0, dilation=1, ceil_mode=False)
    (6): Conv2d(128, 256, kernel_size=(3, 3), stride=(1, 1), padding=(2, 2))
    (7): ReLU()
    (8): MaxPool2d(kernel_size=2, stride=2, padding=0, dilation=1, ceil_mode=False)
    (9): Flatten(start_dim=1, end_dim=-1)
    (10): Linear(in_features=6400, out_features=512, bias=True)
    (11): ReLU()
    (12): Linear(in_features=512, out_features=256, bias=True)
    (13): ReLU()
    (14): Linear(in_features=256, out_features=10, bias=True)
  )
)
INFO:__main__:CHILD MODEL LOSS: 0.526914632678032 with train time 104.10372304916382
INFO:__main__:CHILD MODEL ACCURACY: 0.8003
INFO:__main__:Policy gradient: 0.22231607139110565
INFO:__main__:
INFO:__main__:------ ITERATION 291 ------
INFO:__main__:Layers generated: [('256', '3', '2'), ('256', '5', '1')]
INFO:__main__:ChildCNNModel(
  (model): Sequential(
    (0): Conv2d(3, 128, kernel_size=(3, 3), stride=(1, 1), padding=(1, 1))
    (1): ReLU()
    (2): MaxPool2d(kernel_size=2, stride=2, padding=0, dilation=1, ceil_mode=False)
    (3): Conv2d(128, 256, kernel_size=(3, 3), stride=(1, 1), padding=(2, 2))
    (4): ReLU()
    (5): MaxPool2d(kernel_size=2, stride=2, padding=0, dilation=1, ceil_mode=False)
    (6): Conv2d(256, 256, kernel_size=(5, 5), stride=(1, 1), padding=(1, 1))
    (7): ReLU()
    (8): MaxPool2d(kernel_size=2, stride=2, padding=0, dilation=1, ceil_mode=False)
    (9): Flatten(start_dim=1, end_dim=-1)
    (10): Linear(in_features=2304, out_features=512, bias=True)
    (11): ReLU()
    (12): Linear(in_features=512, out_features=256, bias=True)
    (13): ReLU()
    (14): Linear(in_features=256, out_features=10, bias=True)
  )
)
INFO:__main__:CHILD MODEL LOSS: 0.5199811173677444 with train time 108.1958065032959
INFO:__main__:CHILD MODEL ACCURACY: 0.8112
INFO:__main__:Policy gradient: 0.22805824875831604
INFO:__main__:
INFO:__main__:------ ITERATION 292 ------
INFO:__main__:Layers generated: [('128', '1', '2'), ('128', '3', '1')]
INFO:__main__:ChildCNNModel(
  (model): Sequential(
    (0): Conv2d(3, 128, kernel_size=(3, 3), stride=(1, 1), padding=(1, 1))
    (1): ReLU()
    (2): MaxPool2d(kernel_size=2, stride=2, padding=0, dilation=1, ceil_mode=False)
    (3): Conv2d(128, 128, kernel_size=(1, 1), stride=(1, 1), padding=(2, 2))
    (4): ReLU()
    (5): MaxPool2d(kernel_size=2, stride=2, padding=0, dilation=1, ceil_mode=False)
    (6): Conv2d(128, 128, kernel_size=(3, 3), stride=(1, 1), padding=(1, 1))
    (7): ReLU()
    (8): MaxPool2d(kernel_size=2, stride=2, padding=0, dilation=1, ceil_mode=False)
    (9): Flatten(start_dim=1, end_dim=-1)
    (10): Linear(in_features=3200, out_features=512, bias=True)
    (11): ReLU()
    (12): Linear(in_features=512, out_features=256, bias=True)
    (13): ReLU()
    (14): Linear(in_features=256, out_features=10, bias=True)
  )
)
INFO:__main__:CHILD MODEL LOSS: 0.5808666926622391 with train time 102.79756331443787
INFO:__main__:CHILD MODEL ACCURACY: 0.7994
INFO:__main__:Policy gradient: 0.1606360226869583
INFO:__main__:
INFO:__main__:------ ITERATION 293 ------
INFO:__main__:Layers generated: [('32', '5', '2'), ('16', '5', '2')]
INFO:__main__:ChildCNNModel(
  (model): Sequential(
    (0): Conv2d(3, 128, kernel_size=(3, 3), stride=(1, 1), padding=(1, 1))
    (1): ReLU()
    (2): MaxPool2d(kernel_size=2, stride=2, padding=0, dilation=1, ceil_mode=False)
    (3): Conv2d(128, 32, kernel_size=(5, 5), stride=(1, 1), padding=(2, 2))
    (4): ReLU()
    (5): MaxPool2d(kernel_size=2, stride=2, padding=0, dilation=1, ceil_mode=False)
    (6): Conv2d(32, 16, kernel_size=(5, 5), stride=(1, 1), padding=(2, 2))
    (7): ReLU()
    (8): MaxPool2d(kernel_size=2, stride=2, padding=0, dilation=1, ceil_mode=False)
    (9): Flatten(start_dim=1, end_dim=-1)
    (10): Linear(in_features=256, out_features=512, bias=True)
    (11): ReLU()
    (12): Linear(in_features=512, out_features=256, bias=True)
    (13): ReLU()
    (14): Linear(in_features=256, out_features=10, bias=True)
  )
)
INFO:__main__:CHILD MODEL LOSS: 0.7900169799327851 with train time 103.10807609558105
INFO:__main__:CHILD MODEL ACCURACY: 0.7299
INFO:__main__:Policy gradient: -0.4117790758609772
INFO:__main__:
INFO:__main__:------ ITERATION 294 ------
INFO:__main__:Layers generated: [('256', '1', '2'), ('64', '5', '1')]
INFO:__main__:ChildCNNModel(
  (model): Sequential(
    (0): Conv2d(3, 128, kernel_size=(3, 3), stride=(1, 1), padding=(1, 1))
    (1): ReLU()
    (2): MaxPool2d(kernel_size=2, stride=2, padding=0, dilation=1, ceil_mode=False)
    (3): Conv2d(128, 256, kernel_size=(1, 1), stride=(1, 1), padding=(2, 2))
    (4): ReLU()
    (5): MaxPool2d(kernel_size=2, stride=2, padding=0, dilation=1, ceil_mode=False)
    (6): Conv2d(256, 64, kernel_size=(5, 5), stride=(1, 1), padding=(1, 1))
    (7): ReLU()
    (8): MaxPool2d(kernel_size=2, stride=2, padding=0, dilation=1, ceil_mode=False)
    (9): Flatten(start_dim=1, end_dim=-1)
    (10): Linear(in_features=1024, out_features=512, bias=True)
    (11): ReLU()
    (12): Linear(in_features=512, out_features=256, bias=True)
    (13): ReLU()
    (14): Linear(in_features=256, out_features=10, bias=True)
  )
)
INFO:__main__:CHILD MODEL LOSS: 0.6051013535261154 with train time 104.99229073524475
INFO:__main__:CHILD MODEL ACCURACY: 0.7898
INFO:__main__:Policy gradient: 0.08310543745756149
INFO:__main__:
INFO:__main__:------ ITERATION 295 ------
INFO:__main__:Layers generated: [('128', '3', '1'), ('256', '1', '0')]
INFO:__main__:ChildCNNModel(
  (model): Sequential(
    (0): Conv2d(3, 128, kernel_size=(3, 3), stride=(1, 1), padding=(1, 1))
    (1): ReLU()
    (2): MaxPool2d(kernel_size=2, stride=2, padding=0, dilation=1, ceil_mode=False)
    (3): Conv2d(128, 128, kernel_size=(3, 3), stride=(1, 1), padding=(1, 1))
    (4): ReLU()
    (5): MaxPool2d(kernel_size=2, stride=2, padding=0, dilation=1, ceil_mode=False)
    (6): Conv2d(128, 256, kernel_size=(1, 1), stride=(1, 1))
    (7): ReLU()
    (8): MaxPool2d(kernel_size=2, stride=2, padding=0, dilation=1, ceil_mode=False)
    (9): Flatten(start_dim=1, end_dim=-1)
    (10): Linear(in_features=4096, out_features=512, bias=True)
    (11): ReLU()
    (12): Linear(in_features=512, out_features=256, bias=True)
    (13): ReLU()
    (14): Linear(in_features=256, out_features=10, bias=True)
  )
)
INFO:__main__:CHILD MODEL LOSS: 0.580614511847496 with train time 99.67067503929138
INFO:__main__:CHILD MODEL ACCURACY: 0.802
INFO:__main__:Policy gradient: 0.23504070937633514
INFO:__main__:
INFO:__main__:------ ITERATION 296 ------
INFO:__main__:Layers generated: [('64', '1', '1'), ('64', '3', '2')]
INFO:__main__:ChildCNNModel(
  (model): Sequential(
    (0): Conv2d(3, 128, kernel_size=(3, 3), stride=(1, 1), padding=(1, 1))
    (1): ReLU()
    (2): MaxPool2d(kernel_size=2, stride=2, padding=0, dilation=1, ceil_mode=False)
    (3): Conv2d(128, 64, kernel_size=(1, 1), stride=(1, 1), padding=(1, 1))
    (4): ReLU()
    (5): MaxPool2d(kernel_size=2, stride=2, padding=0, dilation=1, ceil_mode=False)
    (6): Conv2d(64, 64, kernel_size=(3, 3), stride=(1, 1), padding=(2, 2))
    (7): ReLU()
    (8): MaxPool2d(kernel_size=2, stride=2, padding=0, dilation=1, ceil_mode=False)
    (9): Flatten(start_dim=1, end_dim=-1)
    (10): Linear(in_features=1600, out_features=512, bias=True)
    (11): ReLU()
    (12): Linear(in_features=512, out_features=256, bias=True)
    (13): ReLU()
    (14): Linear(in_features=256, out_features=10, bias=True)
  )
)
INFO:__main__:CHILD MODEL LOSS: 0.6699436852931976 with train time 104.06002449989319
INFO:__main__:CHILD MODEL ACCURACY: 0.7721
INFO:__main__:Policy gradient: -0.04053270071744919
INFO:__main__:
INFO:__main__:------ ITERATION 297 ------
INFO:__main__:Layers generated: [('64', '5', '1'), ('16', '5', '2')]
INFO:__main__:ChildCNNModel(
  (model): Sequential(
    (0): Conv2d(3, 128, kernel_size=(3, 3), stride=(1, 1), padding=(1, 1))
    (1): ReLU()
    (2): MaxPool2d(kernel_size=2, stride=2, padding=0, dilation=1, ceil_mode=False)
    (3): Conv2d(128, 64, kernel_size=(5, 5), stride=(1, 1), padding=(1, 1))
    (4): ReLU()
    (5): MaxPool2d(kernel_size=2, stride=2, padding=0, dilation=1, ceil_mode=False)
    (6): Conv2d(64, 16, kernel_size=(5, 5), stride=(1, 1), padding=(2, 2))
    (7): ReLU()
    (8): MaxPool2d(kernel_size=2, stride=2, padding=0, dilation=1, ceil_mode=False)
    (9): Flatten(start_dim=1, end_dim=-1)
    (10): Linear(in_features=144, out_features=512, bias=True)
    (11): ReLU()
    (12): Linear(in_features=512, out_features=256, bias=True)
    (13): ReLU()
    (14): Linear(in_features=256, out_features=10, bias=True)
  )
)
INFO:__main__:CHILD MODEL LOSS: 0.7711291325092315 with train time 104.40001368522644
INFO:__main__:CHILD MODEL ACCURACY: 0.7428
INFO:__main__:Policy gradient: -0.2946014702320099
INFO:__main__:
INFO:__main__:------ ITERATION 298 ------
INFO:__main__:Layers generated: [('64', '5', '2'), ('64', '5', '0')]
INFO:__main__:ChildCNNModel(
  (model): Sequential(
    (0): Conv2d(3, 128, kernel_size=(3, 3), stride=(1, 1), padding=(1, 1))
    (1): ReLU()
    (2): MaxPool2d(kernel_size=2, stride=2, padding=0, dilation=1, ceil_mode=False)
    (3): Conv2d(128, 64, kernel_size=(5, 5), stride=(1, 1), padding=(2, 2))
    (4): ReLU()
    (5): MaxPool2d(kernel_size=2, stride=2, padding=0, dilation=1, ceil_mode=False)
    (6): Conv2d(64, 64, kernel_size=(5, 5), stride=(1, 1))
    (7): ReLU()
    (8): MaxPool2d(kernel_size=2, stride=2, padding=0, dilation=1, ceil_mode=False)
    (9): Flatten(start_dim=1, end_dim=-1)
    (10): Linear(in_features=256, out_features=512, bias=True)
    (11): ReLU()
    (12): Linear(in_features=512, out_features=256, bias=True)
    (13): ReLU()
    (14): Linear(in_features=256, out_features=10, bias=True)
  )
)
INFO:__main__:CHILD MODEL LOSS: 0.7168580906391144 with train time 101.28043246269226
INFO:__main__:CHILD MODEL ACCURACY: 0.7625
INFO:__main__:Policy gradient: -0.07212237268686295
INFO:__main__:
INFO:__main__:------ ITERATION 299 ------
INFO:__main__:Layers generated: [('64', '1', '0'), ('64', '5', '1')]
INFO:__main__:ChildCNNModel(
  (model): Sequential(
    (0): Conv2d(3, 128, kernel_size=(3, 3), stride=(1, 1), padding=(1, 1))
    (1): ReLU()
    (2): MaxPool2d(kernel_size=2, stride=2, padding=0, dilation=1, ceil_mode=False)
    (3): Conv2d(128, 64, kernel_size=(1, 1), stride=(1, 1))
    (4): ReLU()
    (5): MaxPool2d(kernel_size=2, stride=2, padding=0, dilation=1, ceil_mode=False)
    (6): Conv2d(64, 64, kernel_size=(5, 5), stride=(1, 1), padding=(1, 1))
    (7): ReLU()
    (8): MaxPool2d(kernel_size=2, stride=2, padding=0, dilation=1, ceil_mode=False)
    (9): Flatten(start_dim=1, end_dim=-1)
    (10): Linear(in_features=576, out_features=512, bias=True)
    (11): ReLU()
    (12): Linear(in_features=512, out_features=256, bias=True)
    (13): ReLU()
    (14): Linear(in_features=256, out_features=10, bias=True)
  )
)
INFO:__main__:CHILD MODEL LOSS: 0.6897835054397583 with train time 103.2601249217987
INFO:__main__:CHILD MODEL ACCURACY: 0.7782
INFO:__main__:Policy gradient: 0.03515093773603439
INFO:__main__:
INFO:__main__:------ ITERATION 300 ------
INFO:__main__:Layers generated: [('256', '1', '0'), ('256', '3', '2')]
INFO:__main__:ChildCNNModel(
  (model): Sequential(
    (0): Conv2d(3, 128, kernel_size=(3, 3), stride=(1, 1), padding=(1, 1))
    (1): ReLU()
    (2): MaxPool2d(kernel_size=2, stride=2, padding=0, dilation=1, ceil_mode=False)
    (3): Conv2d(128, 256, kernel_size=(1, 1), stride=(1, 1))
    (4): ReLU()
    (5): MaxPool2d(kernel_size=2, stride=2, padding=0, dilation=1, ceil_mode=False)
    (6): Conv2d(256, 256, kernel_size=(3, 3), stride=(1, 1), padding=(2, 2))
    (7): ReLU()
    (8): MaxPool2d(kernel_size=2, stride=2, padding=0, dilation=1, ceil_mode=False)
    (9): Flatten(start_dim=1, end_dim=-1)
    (10): Linear(in_features=6400, out_features=512, bias=True)
    (11): ReLU()
    (12): Linear(in_features=512, out_features=256, bias=True)
    (13): ReLU()
    (14): Linear(in_features=256, out_features=10, bias=True)
  )
)
INFO:__main__:CHILD MODEL LOSS: 0.5351851239204407 with train time 105.18262386322021
INFO:__main__:CHILD MODEL ACCURACY: 0.8076
INFO:__main__:Policy gradient: 0.21907296776771545
INFO:__main__:
INFO:__main__:------ ITERATION 301 ------
INFO:__main__:Layers generated: [('128', '5', '0'), ('64', '5', '1')]
INFO:__main__:ChildCNNModel(
  (model): Sequential(
    (0): Conv2d(3, 128, kernel_size=(3, 3), stride=(1, 1), padding=(1, 1))
    (1): ReLU()
    (2): MaxPool2d(kernel_size=2, stride=2, padding=0, dilation=1, ceil_mode=False)
    (3): Conv2d(128, 128, kernel_size=(5, 5), stride=(1, 1))
    (4): ReLU()
    (5): MaxPool2d(kernel_size=2, stride=2, padding=0, dilation=1, ceil_mode=False)
    (6): Conv2d(128, 64, kernel_size=(5, 5), stride=(1, 1), padding=(1, 1))
    (7): ReLU()
    (8): MaxPool2d(kernel_size=2, stride=2, padding=0, dilation=1, ceil_mode=False)
    (9): Flatten(start_dim=1, end_dim=-1)
    (10): Linear(in_features=256, out_features=512, bias=True)
    (11): ReLU()
    (12): Linear(in_features=512, out_features=256, bias=True)
    (13): ReLU()
    (14): Linear(in_features=256, out_features=10, bias=True)
  )
)
INFO:__main__:CHILD MODEL LOSS: 0.6662021588087081 with train time 101.64472484588623
INFO:__main__:CHILD MODEL ACCURACY: 0.7799
INFO:__main__:Policy gradient: 0.022799476981163025
INFO:__main__:
INFO:__main__:------ ITERATION 302 ------
INFO:__main__:Layers generated: [('32', '1', '2'), ('256', '5', '0')]
INFO:__main__:ChildCNNModel(
  (model): Sequential(
    (0): Conv2d(3, 128, kernel_size=(3, 3), stride=(1, 1), padding=(1, 1))
    (1): ReLU()
    (2): MaxPool2d(kernel_size=2, stride=2, padding=0, dilation=1, ceil_mode=False)
    (3): Conv2d(128, 32, kernel_size=(1, 1), stride=(1, 1), padding=(2, 2))
    (4): ReLU()
    (5): MaxPool2d(kernel_size=2, stride=2, padding=0, dilation=1, ceil_mode=False)
    (6): Conv2d(32, 256, kernel_size=(5, 5), stride=(1, 1))
    (7): ReLU()
    (8): MaxPool2d(kernel_size=2, stride=2, padding=0, dilation=1, ceil_mode=False)
    (9): Flatten(start_dim=1, end_dim=-1)
    (10): Linear(in_features=2304, out_features=512, bias=True)
    (11): ReLU()
    (12): Linear(in_features=512, out_features=256, bias=True)
    (13): ReLU()
    (14): Linear(in_features=256, out_features=10, bias=True)
  )
)
INFO:__main__:CHILD MODEL LOSS: 0.6072705762386322 with train time 102.76099944114685
INFO:__main__:CHILD MODEL ACCURACY: 0.7904
INFO:__main__:Policy gradient: 0.09001456201076508
INFO:__main__:
INFO:__main__:------ ITERATION 303 ------
INFO:__main__:Layers generated: [('256', '3', '1'), ('128', '5', '2')]
INFO:__main__:ChildCNNModel(
  (model): Sequential(
    (0): Conv2d(3, 128, kernel_size=(3, 3), stride=(1, 1), padding=(1, 1))
    (1): ReLU()
    (2): MaxPool2d(kernel_size=2, stride=2, padding=0, dilation=1, ceil_mode=False)
    (3): Conv2d(128, 256, kernel_size=(3, 3), stride=(1, 1), padding=(1, 1))
    (4): ReLU()
    (5): MaxPool2d(kernel_size=2, stride=2, padding=0, dilation=1, ceil_mode=False)
    (6): Conv2d(256, 128, kernel_size=(5, 5), stride=(1, 1), padding=(2, 2))
    (7): ReLU()
    (8): MaxPool2d(kernel_size=2, stride=2, padding=0, dilation=1, ceil_mode=False)
    (9): Flatten(start_dim=1, end_dim=-1)
    (10): Linear(in_features=2048, out_features=512, bias=True)
    (11): ReLU()
    (12): Linear(in_features=512, out_features=256, bias=True)
    (13): ReLU()
    (14): Linear(in_features=256, out_features=10, bias=True)
  )
)
INFO:__main__:CHILD MODEL LOSS: 0.5403254842758178 with train time 107.17391562461853
INFO:__main__:CHILD MODEL ACCURACY: 0.8074
INFO:__main__:Policy gradient: 0.20955179631710052
INFO:__main__:
INFO:__main__:------ ITERATION 304 ------
INFO:__main__:Layers generated: [('128', '1', '1'), ('64', '3', '0')]
INFO:__main__:ChildCNNModel(
  (model): Sequential(
    (0): Conv2d(3, 128, kernel_size=(3, 3), stride=(1, 1), padding=(1, 1))
    (1): ReLU()
    (2): MaxPool2d(kernel_size=2, stride=2, padding=0, dilation=1, ceil_mode=False)
    (3): Conv2d(128, 128, kernel_size=(1, 1), stride=(1, 1), padding=(1, 1))
    (4): ReLU()
    (5): MaxPool2d(kernel_size=2, stride=2, padding=0, dilation=1, ceil_mode=False)
    (6): Conv2d(128, 64, kernel_size=(3, 3), stride=(1, 1))
    (7): ReLU()
    (8): MaxPool2d(kernel_size=2, stride=2, padding=0, dilation=1, ceil_mode=False)
    (9): Flatten(start_dim=1, end_dim=-1)
    (10): Linear(in_features=576, out_features=512, bias=True)
    (11): ReLU()
    (12): Linear(in_features=512, out_features=256, bias=True)
    (13): ReLU()
    (14): Linear(in_features=256, out_features=10, bias=True)
  )
)
INFO:__main__:CHILD MODEL LOSS: 0.7007358009815217 with train time 105.94490218162537
INFO:__main__:CHILD MODEL ACCURACY: 0.7677
INFO:__main__:Policy gradient: -0.10321253538131714
INFO:__main__:
INFO:__main__:------ ITERATION 305 ------
INFO:__main__:Layers generated: [('16', '1', '1'), ('128', '3', '2')]
INFO:__main__:ChildCNNModel(
  (model): Sequential(
    (0): Conv2d(3, 128, kernel_size=(3, 3), stride=(1, 1), padding=(1, 1))
    (1): ReLU()
    (2): MaxPool2d(kernel_size=2, stride=2, padding=0, dilation=1, ceil_mode=False)
    (3): Conv2d(128, 16, kernel_size=(1, 1), stride=(1, 1), padding=(1, 1))
    (4): ReLU()
    (5): MaxPool2d(kernel_size=2, stride=2, padding=0, dilation=1, ceil_mode=False)
    (6): Conv2d(16, 128, kernel_size=(3, 3), stride=(1, 1), padding=(2, 2))
    (7): ReLU()
    (8): MaxPool2d(kernel_size=2, stride=2, padding=0, dilation=1, ceil_mode=False)
    (9): Flatten(start_dim=1, end_dim=-1)
    (10): Linear(in_features=3200, out_features=512, bias=True)
    (11): ReLU()
    (12): Linear(in_features=512, out_features=256, bias=True)
    (13): ReLU()
    (14): Linear(in_features=256, out_features=10, bias=True)
  )
)
INFO:__main__:CHILD MODEL LOSS: 0.7110547800064086 with train time 100.73464703559875
INFO:__main__:CHILD MODEL ACCURACY: 0.7611
INFO:__main__:Policy gradient: -0.1710749864578247
INFO:__main__:
INFO:__main__:------ ITERATION 306 ------
INFO:__main__:Layers generated: [('256', '5', '0'), ('128', '3', '0')]
INFO:__main__:ChildCNNModel(
  (model): Sequential(
    (0): Conv2d(3, 128, kernel_size=(3, 3), stride=(1, 1), padding=(1, 1))
    (1): ReLU()
    (2): MaxPool2d(kernel_size=2, stride=2, padding=0, dilation=1, ceil_mode=False)
    (3): Conv2d(128, 256, kernel_size=(5, 5), stride=(1, 1))
    (4): ReLU()
    (5): MaxPool2d(kernel_size=2, stride=2, padding=0, dilation=1, ceil_mode=False)
    (6): Conv2d(256, 128, kernel_size=(3, 3), stride=(1, 1))
    (7): ReLU()
    (8): MaxPool2d(kernel_size=2, stride=2, padding=0, dilation=1, ceil_mode=False)
    (9): Flatten(start_dim=1, end_dim=-1)
    (10): Linear(in_features=512, out_features=512, bias=True)
    (11): ReLU()
    (12): Linear(in_features=512, out_features=256, bias=True)
    (13): ReLU()
    (14): Linear(in_features=256, out_features=10, bias=True)
  )
)
INFO:__main__:CHILD MODEL LOSS: 0.6485452616214752 with train time 73.49821782112122
INFO:__main__:CHILD MODEL ACCURACY: 0.7817
INFO:__main__:Policy gradient: 0.028902065008878708
INFO:__main__:
INFO:__main__:------ ITERATION 307 ------
INFO:__main__:Layers generated: [('256', '5', '0'), ('64', '5', '2')]
INFO:__main__:ChildCNNModel(
  (model): Sequential(
    (0): Conv2d(3, 128, kernel_size=(3, 3), stride=(1, 1), padding=(1, 1))
    (1): ReLU()
    (2): MaxPool2d(kernel_size=2, stride=2, padding=0, dilation=1, ceil_mode=False)
    (3): Conv2d(128, 256, kernel_size=(5, 5), stride=(1, 1))
    (4): ReLU()
    (5): MaxPool2d(kernel_size=2, stride=2, padding=0, dilation=1, ceil_mode=False)
    (6): Conv2d(256, 64, kernel_size=(5, 5), stride=(1, 1), padding=(2, 2))
    (7): ReLU()
    (8): MaxPool2d(kernel_size=2, stride=2, padding=0, dilation=1, ceil_mode=False)
    (9): Flatten(start_dim=1, end_dim=-1)
    (10): Linear(in_features=576, out_features=512, bias=True)
    (11): ReLU()
    (12): Linear(in_features=512, out_features=256, bias=True)
    (13): ReLU()
    (14): Linear(in_features=256, out_features=10, bias=True)
  )
)
INFO:__main__:CHILD MODEL LOSS: 0.6393339111804962 with train time 70.14870643615723
INFO:__main__:CHILD MODEL ACCURACY: 0.7758
INFO:__main__:Policy gradient: -0.016357196494936943
INFO:__main__:
INFO:__main__:------ ITERATION 308 ------
INFO:__main__:Layers generated: [('256', '1', '2'), ('128', '1', '0')]
INFO:__main__:ChildCNNModel(
  (model): Sequential(
    (0): Conv2d(3, 128, kernel_size=(3, 3), stride=(1, 1), padding=(1, 1))
    (1): ReLU()
    (2): MaxPool2d(kernel_size=2, stride=2, padding=0, dilation=1, ceil_mode=False)
    (3): Conv2d(128, 256, kernel_size=(1, 1), stride=(1, 1), padding=(2, 2))
    (4): ReLU()
    (5): MaxPool2d(kernel_size=2, stride=2, padding=0, dilation=1, ceil_mode=False)
    (6): Conv2d(256, 128, kernel_size=(1, 1), stride=(1, 1))
    (7): ReLU()
    (8): MaxPool2d(kernel_size=2, stride=2, padding=0, dilation=1, ceil_mode=False)
    (9): Flatten(start_dim=1, end_dim=-1)
    (10): Linear(in_features=3200, out_features=512, bias=True)
    (11): ReLU()
    (12): Linear(in_features=512, out_features=256, bias=True)
    (13): ReLU()
    (14): Linear(in_features=256, out_features=10, bias=True)
  )
)
INFO:__main__:CHILD MODEL LOSS: 0.6710508253574371 with train time 69.3337025642395
INFO:__main__:CHILD MODEL ACCURACY: 0.7707
INFO:__main__:Policy gradient: -0.05217577889561653
INFO:__main__:
INFO:__main__:------ ITERATION 309 ------
INFO:__main__:Layers generated: [('128', '3', '2'), ('64', '5', '2')]
INFO:__main__:ChildCNNModel(
  (model): Sequential(
    (0): Conv2d(3, 128, kernel_size=(3, 3), stride=(1, 1), padding=(1, 1))
    (1): ReLU()
    (2): MaxPool2d(kernel_size=2, stride=2, padding=0, dilation=1, ceil_mode=False)
    (3): Conv2d(128, 128, kernel_size=(3, 3), stride=(1, 1), padding=(2, 2))
    (4): ReLU()
    (5): MaxPool2d(kernel_size=2, stride=2, padding=0, dilation=1, ceil_mode=False)
    (6): Conv2d(128, 64, kernel_size=(5, 5), stride=(1, 1), padding=(2, 2))
    (7): ReLU()
    (8): MaxPool2d(kernel_size=2, stride=2, padding=0, dilation=1, ceil_mode=False)
    (9): Flatten(start_dim=1, end_dim=-1)
    (10): Linear(in_features=1024, out_features=512, bias=True)
    (11): ReLU()
    (12): Linear(in_features=512, out_features=256, bias=True)
    (13): ReLU()
    (14): Linear(in_features=256, out_features=10, bias=True)
  )
)
INFO:__main__:CHILD MODEL LOSS: 0.6177606455087662 with train time 67.6885814666748
INFO:__main__:CHILD MODEL ACCURACY: 0.783
INFO:__main__:Policy gradient: 0.03657250851392746
INFO:__main__:
INFO:__main__:------ ITERATION 310 ------
INFO:__main__:Layers generated: [('256', '1', '2'), ('64', '1', '1')]
INFO:__main__:ChildCNNModel(
  (model): Sequential(
    (0): Conv2d(3, 128, kernel_size=(3, 3), stride=(1, 1), padding=(1, 1))
    (1): ReLU()
    (2): MaxPool2d(kernel_size=2, stride=2, padding=0, dilation=1, ceil_mode=False)
    (3): Conv2d(128, 256, kernel_size=(1, 1), stride=(1, 1), padding=(2, 2))
    (4): ReLU()
    (5): MaxPool2d(kernel_size=2, stride=2, padding=0, dilation=1, ceil_mode=False)
    (6): Conv2d(256, 64, kernel_size=(1, 1), stride=(1, 1), padding=(1, 1))
    (7): ReLU()
    (8): MaxPool2d(kernel_size=2, stride=2, padding=0, dilation=1, ceil_mode=False)
    (9): Flatten(start_dim=1, end_dim=-1)
    (10): Linear(in_features=2304, out_features=512, bias=True)
    (11): ReLU()
    (12): Linear(in_features=512, out_features=256, bias=True)
    (13): ReLU()
    (14): Linear(in_features=256, out_features=10, bias=True)
  )
)
INFO:__main__:CHILD MODEL LOSS: 0.7480105366706848 with train time 67.70063924789429
INFO:__main__:CHILD MODEL ACCURACY: 0.7552
INFO:__main__:Policy gradient: -0.14157117903232574
INFO:__main__:
INFO:__main__:------ ITERATION 311 ------
INFO:__main__:Layers generated: [('128', '5', '0'), ('256', '3', '2')]
INFO:__main__:ChildCNNModel(
  (model): Sequential(
    (0): Conv2d(3, 128, kernel_size=(3, 3), stride=(1, 1), padding=(1, 1))
    (1): ReLU()
    (2): MaxPool2d(kernel_size=2, stride=2, padding=0, dilation=1, ceil_mode=False)
    (3): Conv2d(128, 128, kernel_size=(5, 5), stride=(1, 1))
    (4): ReLU()
    (5): MaxPool2d(kernel_size=2, stride=2, padding=0, dilation=1, ceil_mode=False)
    (6): Conv2d(128, 256, kernel_size=(3, 3), stride=(1, 1), padding=(2, 2))
    (7): ReLU()
    (8): MaxPool2d(kernel_size=2, stride=2, padding=0, dilation=1, ceil_mode=False)
    (9): Flatten(start_dim=1, end_dim=-1)
    (10): Linear(in_features=4096, out_features=512, bias=True)
    (11): ReLU()
    (12): Linear(in_features=512, out_features=256, bias=True)
    (13): ReLU()
    (14): Linear(in_features=256, out_features=10, bias=True)
  )
)
INFO:__main__:CHILD MODEL LOSS: 0.5608884807825089 with train time 65.33831834793091
INFO:__main__:CHILD MODEL ACCURACY: 0.7843
INFO:__main__:Policy gradient: 0.06427444517612457
INFO:__main__:
INFO:__main__:------ ITERATION 312 ------
INFO:__main__:Layers generated: [('64', '3', '2'), ('32', '3', '1')]
INFO:__main__:ChildCNNModel(
  (model): Sequential(
    (0): Conv2d(3, 128, kernel_size=(3, 3), stride=(1, 1), padding=(1, 1))
    (1): ReLU()
    (2): MaxPool2d(kernel_size=2, stride=2, padding=0, dilation=1, ceil_mode=False)
    (3): Conv2d(128, 64, kernel_size=(3, 3), stride=(1, 1), padding=(2, 2))
    (4): ReLU()
    (5): MaxPool2d(kernel_size=2, stride=2, padding=0, dilation=1, ceil_mode=False)
    (6): Conv2d(64, 32, kernel_size=(3, 3), stride=(1, 1), padding=(1, 1))
    (7): ReLU()
    (8): MaxPool2d(kernel_size=2, stride=2, padding=0, dilation=1, ceil_mode=False)
    (9): Flatten(start_dim=1, end_dim=-1)
    (10): Linear(in_features=512, out_features=512, bias=True)
    (11): ReLU()
    (12): Linear(in_features=512, out_features=256, bias=True)
    (13): ReLU()
    (14): Linear(in_features=256, out_features=10, bias=True)
  )
)
INFO:__main__:CHILD MODEL LOSS: 0.6838739326000214 with train time 61.94673180580139
INFO:__main__:CHILD MODEL ACCURACY: 0.7666
INFO:__main__:Policy gradient: -0.08087965846061707
INFO:__main__:
INFO:__main__:------ ITERATION 313 ------
INFO:__main__:Layers generated: [('256', '5', '2'), ('64', '1', '0')]
INFO:__main__:ChildCNNModel(
  (model): Sequential(
    (0): Conv2d(3, 128, kernel_size=(3, 3), stride=(1, 1), padding=(1, 1))
    (1): ReLU()
    (2): MaxPool2d(kernel_size=2, stride=2, padding=0, dilation=1, ceil_mode=False)
    (3): Conv2d(128, 256, kernel_size=(5, 5), stride=(1, 1), padding=(2, 2))
    (4): ReLU()
    (5): MaxPool2d(kernel_size=2, stride=2, padding=0, dilation=1, ceil_mode=False)
    (6): Conv2d(256, 64, kernel_size=(1, 1), stride=(1, 1))
    (7): ReLU()
    (8): MaxPool2d(kernel_size=2, stride=2, padding=0, dilation=1, ceil_mode=False)
    (9): Flatten(start_dim=1, end_dim=-1)
    (10): Linear(in_features=1024, out_features=512, bias=True)
    (11): ReLU()
    (12): Linear(in_features=512, out_features=256, bias=True)
    (13): ReLU()
    (14): Linear(in_features=256, out_features=10, bias=True)
  )
)
INFO:__main__:CHILD MODEL LOSS: 0.6288194315433502 with train time 73.07652878761292
INFO:__main__:CHILD MODEL ACCURACY: 0.7743
INFO:__main__:Policy gradient: -0.008826328441500664
INFO:__main__:
INFO:__main__:------ ITERATION 314 ------
INFO:__main__:Layers generated: [('64', '1', '2'), ('256', '1', '1')]
INFO:__main__:ChildCNNModel(
  (model): Sequential(
    (0): Conv2d(3, 128, kernel_size=(3, 3), stride=(1, 1), padding=(1, 1))
    (1): ReLU()
    (2): MaxPool2d(kernel_size=2, stride=2, padding=0, dilation=1, ceil_mode=False)
    (3): Conv2d(128, 64, kernel_size=(1, 1), stride=(1, 1), padding=(2, 2))
    (4): ReLU()
    (5): MaxPool2d(kernel_size=2, stride=2, padding=0, dilation=1, ceil_mode=False)
    (6): Conv2d(64, 256, kernel_size=(1, 1), stride=(1, 1), padding=(1, 1))
    (7): ReLU()
    (8): MaxPool2d(kernel_size=2, stride=2, padding=0, dilation=1, ceil_mode=False)
    (9): Flatten(start_dim=1, end_dim=-1)
    (10): Linear(in_features=9216, out_features=512, bias=True)
    (11): ReLU()
    (12): Linear(in_features=512, out_features=256, bias=True)
    (13): ReLU()
    (14): Linear(in_features=256, out_features=10, bias=True)
  )
)
INFO:__main__:CHILD MODEL LOSS: 0.7250788161754608 with train time 63.020371437072754
INFO:__main__:CHILD MODEL ACCURACY: 0.7424
INFO:__main__:Policy gradient: -0.21299539506435394
INFO:__main__:
INFO:__main__:------ ITERATION 315 ------
INFO:__main__:Layers generated: [('256', '3', '0'), ('256', '5', '0')]
INFO:__main__:ChildCNNModel(
  (model): Sequential(
    (0): Conv2d(3, 128, kernel_size=(3, 3), stride=(1, 1), padding=(1, 1))
    (1): ReLU()
    (2): MaxPool2d(kernel_size=2, stride=2, padding=0, dilation=1, ceil_mode=False)
    (3): Conv2d(128, 256, kernel_size=(3, 3), stride=(1, 1))
    (4): ReLU()
    (5): MaxPool2d(kernel_size=2, stride=2, padding=0, dilation=1, ceil_mode=False)
    (6): Conv2d(256, 256, kernel_size=(5, 5), stride=(1, 1))
    (7): ReLU()
    (8): MaxPool2d(kernel_size=2, stride=2, padding=0, dilation=1, ceil_mode=False)
    (9): Flatten(start_dim=1, end_dim=-1)
    (10): Linear(in_features=256, out_features=512, bias=True)
    (11): ReLU()
    (12): Linear(in_features=512, out_features=256, bias=True)
    (13): ReLU()
    (14): Linear(in_features=256, out_features=10, bias=True)
  )
)
INFO:__main__:CHILD MODEL LOSS: 0.602768026471138 with train time 66.7241382598877
INFO:__main__:CHILD MODEL ACCURACY: 0.7962
INFO:__main__:Policy gradient: 0.1645691990852356
INFO:__main__:
INFO:__main__:------ ITERATION 316 ------
INFO:__main__:Layers generated: [('256', '5', '2'), ('64', '3', '1')]
INFO:__main__:ChildCNNModel(
  (model): Sequential(
    (0): Conv2d(3, 128, kernel_size=(3, 3), stride=(1, 1), padding=(1, 1))
    (1): ReLU()
    (2): MaxPool2d(kernel_size=2, stride=2, padding=0, dilation=1, ceil_mode=False)
    (3): Conv2d(128, 256, kernel_size=(5, 5), stride=(1, 1), padding=(2, 2))
    (4): ReLU()
    (5): MaxPool2d(kernel_size=2, stride=2, padding=0, dilation=1, ceil_mode=False)
    (6): Conv2d(256, 64, kernel_size=(3, 3), stride=(1, 1), padding=(1, 1))
    (7): ReLU()
    (8): MaxPool2d(kernel_size=2, stride=2, padding=0, dilation=1, ceil_mode=False)
    (9): Flatten(start_dim=1, end_dim=-1)
    (10): Linear(in_features=1024, out_features=512, bias=True)
    (11): ReLU()
    (12): Linear(in_features=512, out_features=256, bias=True)
    (13): ReLU()
    (14): Linear(in_features=256, out_features=10, bias=True)
  )
)
INFO:__main__:CHILD MODEL LOSS: 0.6058672640323639 with train time 76.728919506073
INFO:__main__:CHILD MODEL ACCURACY: 0.7941
INFO:__main__:Policy gradient: 0.12261170893907547
INFO:__main__:
INFO:__main__:------ ITERATION 317 ------
INFO:__main__:Layers generated: [('64', '5', '1'), ('64', '5', '2')]
INFO:__main__:ChildCNNModel(
  (model): Sequential(
    (0): Conv2d(3, 128, kernel_size=(3, 3), stride=(1, 1), padding=(1, 1))
    (1): ReLU()
    (2): MaxPool2d(kernel_size=2, stride=2, padding=0, dilation=1, ceil_mode=False)
    (3): Conv2d(128, 64, kernel_size=(5, 5), stride=(1, 1), padding=(1, 1))
    (4): ReLU()
    (5): MaxPool2d(kernel_size=2, stride=2, padding=0, dilation=1, ceil_mode=False)
    (6): Conv2d(64, 64, kernel_size=(5, 5), stride=(1, 1), padding=(2, 2))
    (7): ReLU()
    (8): MaxPool2d(kernel_size=2, stride=2, padding=0, dilation=1, ceil_mode=False)
    (9): Flatten(start_dim=1, end_dim=-1)
    (10): Linear(in_features=576, out_features=512, bias=True)
    (11): ReLU()
    (12): Linear(in_features=512, out_features=256, bias=True)
    (13): ReLU()
    (14): Linear(in_features=256, out_features=10, bias=True)
  )
)
INFO:__main__:CHILD MODEL LOSS: 0.6596341655254364 with train time 65.3948929309845
INFO:__main__:CHILD MODEL ACCURACY: 0.7878
INFO:__main__:Policy gradient: 0.07643558084964752
INFO:__main__:
INFO:__main__:------ ITERATION 318 ------
INFO:__main__:Layers generated: [('32', '1', '2'), ('256', '3', '0')]
INFO:__main__:ChildCNNModel(
  (model): Sequential(
    (0): Conv2d(3, 128, kernel_size=(3, 3), stride=(1, 1), padding=(1, 1))
    (1): ReLU()
    (2): MaxPool2d(kernel_size=2, stride=2, padding=0, dilation=1, ceil_mode=False)
    (3): Conv2d(128, 32, kernel_size=(1, 1), stride=(1, 1), padding=(2, 2))
    (4): ReLU()
    (5): MaxPool2d(kernel_size=2, stride=2, padding=0, dilation=1, ceil_mode=False)
    (6): Conv2d(32, 256, kernel_size=(3, 3), stride=(1, 1))
    (7): ReLU()
    (8): MaxPool2d(kernel_size=2, stride=2, padding=0, dilation=1, ceil_mode=False)
    (9): Flatten(start_dim=1, end_dim=-1)
    (10): Linear(in_features=4096, out_features=512, bias=True)
    (11): ReLU()
    (12): Linear(in_features=512, out_features=256, bias=True)
    (13): ReLU()
    (14): Linear(in_features=256, out_features=10, bias=True)
  )
)
INFO:__main__:CHILD MODEL LOSS: 0.645140538573265 with train time 63.311458110809326
INFO:__main__:CHILD MODEL ACCURACY: 0.7804
INFO:__main__:Policy gradient: 0.02040940895676613
INFO:__main__:
INFO:__main__:------ ITERATION 319 ------
INFO:__main__:Layers generated: [('256', '1', '2'), ('256', '5', '2')]
INFO:__main__:ChildCNNModel(
  (model): Sequential(
    (0): Conv2d(3, 128, kernel_size=(3, 3), stride=(1, 1), padding=(1, 1))
    (1): ReLU()
    (2): MaxPool2d(kernel_size=2, stride=2, padding=0, dilation=1, ceil_mode=False)
    (3): Conv2d(128, 256, kernel_size=(1, 1), stride=(1, 1), padding=(2, 2))
    (4): ReLU()
    (5): MaxPool2d(kernel_size=2, stride=2, padding=0, dilation=1, ceil_mode=False)
    (6): Conv2d(256, 256, kernel_size=(5, 5), stride=(1, 1), padding=(2, 2))
    (7): ReLU()
    (8): MaxPool2d(kernel_size=2, stride=2, padding=0, dilation=1, ceil_mode=False)
    (9): Flatten(start_dim=1, end_dim=-1)
    (10): Linear(in_features=6400, out_features=512, bias=True)
    (11): ReLU()
    (12): Linear(in_features=512, out_features=256, bias=True)
    (13): ReLU()
    (14): Linear(in_features=256, out_features=10, bias=True)
  )
)
INFO:__main__:CHILD MODEL LOSS: 0.5560053329467773 with train time 78.39300441741943
INFO:__main__:CHILD MODEL ACCURACY: 0.8063
INFO:__main__:Policy gradient: 0.13972677290439606
INFO:__main__:
INFO:__main__:------ ITERATION 320 ------
INFO:__main__:Layers generated: [('128', '5', '0'), ('256', '1', '2')]
INFO:__main__:ChildCNNModel(
  (model): Sequential(
    (0): Conv2d(3, 128, kernel_size=(3, 3), stride=(1, 1), padding=(1, 1))
    (1): ReLU()
    (2): MaxPool2d(kernel_size=2, stride=2, padding=0, dilation=1, ceil_mode=False)
    (3): Conv2d(128, 128, kernel_size=(5, 5), stride=(1, 1))
    (4): ReLU()
    (5): MaxPool2d(kernel_size=2, stride=2, padding=0, dilation=1, ceil_mode=False)
    (6): Conv2d(128, 256, kernel_size=(1, 1), stride=(1, 1), padding=(2, 2))
    (7): ReLU()
    (8): MaxPool2d(kernel_size=2, stride=2, padding=0, dilation=1, ceil_mode=False)
    (9): Flatten(start_dim=1, end_dim=-1)
    (10): Linear(in_features=6400, out_features=512, bias=True)
    (11): ReLU()
    (12): Linear(in_features=512, out_features=256, bias=True)
    (13): ReLU()
    (14): Linear(in_features=256, out_features=10, bias=True)
  )
)
INFO:__main__:CHILD MODEL LOSS: 0.6283834213018418 with train time 66.38546943664551
INFO:__main__:CHILD MODEL ACCURACY: 0.7733
INFO:__main__:Policy gradient: -0.05773773789405823
INFO:__main__:
INFO:__main__:------ ITERATION 321 ------
INFO:__main__:Layers generated: [('256', '1', '2'), ('32', '1', '2')]
INFO:__main__:ChildCNNModel(
  (model): Sequential(
    (0): Conv2d(3, 128, kernel_size=(3, 3), stride=(1, 1), padding=(1, 1))
    (1): ReLU()
    (2): MaxPool2d(kernel_size=2, stride=2, padding=0, dilation=1, ceil_mode=False)
    (3): Conv2d(128, 256, kernel_size=(1, 1), stride=(1, 1), padding=(2, 2))
    (4): ReLU()
    (5): MaxPool2d(kernel_size=2, stride=2, padding=0, dilation=1, ceil_mode=False)
    (6): Conv2d(256, 32, kernel_size=(1, 1), stride=(1, 1), padding=(2, 2))
    (7): ReLU()
    (8): MaxPool2d(kernel_size=2, stride=2, padding=0, dilation=1, ceil_mode=False)
    (9): Flatten(start_dim=1, end_dim=-1)
    (10): Linear(in_features=1568, out_features=512, bias=True)
    (11): ReLU()
    (12): Linear(in_features=512, out_features=256, bias=True)
    (13): ReLU()
    (14): Linear(in_features=256, out_features=10, bias=True)
  )
)
INFO:__main__:CHILD MODEL LOSS: 0.769954090833664 with train time 66.88542819023132
INFO:__main__:CHILD MODEL ACCURACY: 0.7464
INFO:__main__:Policy gradient: -0.24580292403697968
INFO:__main__:
INFO:__main__:------ ITERATION 322 ------
INFO:__main__:Layers generated: [('64', '3', '0'), ('256', '3', '1')]
INFO:__main__:ChildCNNModel(
  (model): Sequential(
    (0): Conv2d(3, 128, kernel_size=(3, 3), stride=(1, 1), padding=(1, 1))
    (1): ReLU()
    (2): MaxPool2d(kernel_size=2, stride=2, padding=0, dilation=1, ceil_mode=False)
    (3): Conv2d(128, 64, kernel_size=(3, 3), stride=(1, 1))
    (4): ReLU()
    (5): MaxPool2d(kernel_size=2, stride=2, padding=0, dilation=1, ceil_mode=False)
    (6): Conv2d(64, 256, kernel_size=(3, 3), stride=(1, 1), padding=(1, 1))
    (7): ReLU()
    (8): MaxPool2d(kernel_size=2, stride=2, padding=0, dilation=1, ceil_mode=False)
    (9): Flatten(start_dim=1, end_dim=-1)
    (10): Linear(in_features=2304, out_features=512, bias=True)
    (11): ReLU()
    (12): Linear(in_features=512, out_features=256, bias=True)
    (13): ReLU()
    (14): Linear(in_features=256, out_features=10, bias=True)
  )
)
INFO:__main__:CHILD MODEL LOSS: 0.5681672494411468 with train time 62.116981744766235
INFO:__main__:CHILD MODEL ACCURACY: 0.8095
INFO:__main__:Policy gradient: 0.24685944616794586
INFO:__main__:
INFO:__main__:------ ITERATION 323 ------
INFO:__main__:Layers generated: [('32', '1', '2'), ('128', '1', '1')]
INFO:__main__:ChildCNNModel(
  (model): Sequential(
    (0): Conv2d(3, 128, kernel_size=(3, 3), stride=(1, 1), padding=(1, 1))
    (1): ReLU()
    (2): MaxPool2d(kernel_size=2, stride=2, padding=0, dilation=1, ceil_mode=False)
    (3): Conv2d(128, 32, kernel_size=(1, 1), stride=(1, 1), padding=(2, 2))
    (4): ReLU()
    (5): MaxPool2d(kernel_size=2, stride=2, padding=0, dilation=1, ceil_mode=False)
    (6): Conv2d(32, 128, kernel_size=(1, 1), stride=(1, 1), padding=(1, 1))
    (7): ReLU()
    (8): MaxPool2d(kernel_size=2, stride=2, padding=0, dilation=1, ceil_mode=False)
    (9): Flatten(start_dim=1, end_dim=-1)
    (10): Linear(in_features=4608, out_features=512, bias=True)
    (11): ReLU()
    (12): Linear(in_features=512, out_features=256, bias=True)
    (13): ReLU()
    (14): Linear(in_features=256, out_features=10, bias=True)
  )
)
INFO:__main__:CHILD MODEL LOSS: 0.8225957665443421 with train time 60.74424195289612
INFO:__main__:CHILD MODEL ACCURACY: 0.7197
INFO:__main__:Policy gradient: -0.49396443367004395
INFO:__main__:
INFO:__main__:------ ITERATION 324 ------
INFO:__main__:Layers generated: [('64', '1', '2'), ('64', '5', '1')]
INFO:__main__:ChildCNNModel(
  (model): Sequential(
    (0): Conv2d(3, 128, kernel_size=(3, 3), stride=(1, 1), padding=(1, 1))
    (1): ReLU()
    (2): MaxPool2d(kernel_size=2, stride=2, padding=0, dilation=1, ceil_mode=False)
    (3): Conv2d(128, 64, kernel_size=(1, 1), stride=(1, 1), padding=(2, 2))
    (4): ReLU()
    (5): MaxPool2d(kernel_size=2, stride=2, padding=0, dilation=1, ceil_mode=False)
    (6): Conv2d(64, 64, kernel_size=(5, 5), stride=(1, 1), padding=(1, 1))
    (7): ReLU()
    (8): MaxPool2d(kernel_size=2, stride=2, padding=0, dilation=1, ceil_mode=False)
    (9): Flatten(start_dim=1, end_dim=-1)
    (10): Linear(in_features=1024, out_features=512, bias=True)
    (11): ReLU()
    (12): Linear(in_features=512, out_features=256, bias=True)
    (13): ReLU()
    (14): Linear(in_features=256, out_features=10, bias=True)
  )
)
INFO:__main__:CHILD MODEL LOSS: 0.6462586838006973 with train time 60.69598460197449
INFO:__main__:CHILD MODEL ACCURACY: 0.7808
INFO:__main__:Policy gradient: 0.03922296687960625
INFO:__main__:
INFO:__main__:------ ITERATION 325 ------
INFO:__main__:Layers generated: [('256', '1', '2'), ('64', '3', '1')]
INFO:__main__:ChildCNNModel(
  (model): Sequential(
    (0): Conv2d(3, 128, kernel_size=(3, 3), stride=(1, 1), padding=(1, 1))
    (1): ReLU()
    (2): MaxPool2d(kernel_size=2, stride=2, padding=0, dilation=1, ceil_mode=False)
    (3): Conv2d(128, 256, kernel_size=(1, 1), stride=(1, 1), padding=(2, 2))
    (4): ReLU()
    (5): MaxPool2d(kernel_size=2, stride=2, padding=0, dilation=1, ceil_mode=False)
    (6): Conv2d(256, 64, kernel_size=(3, 3), stride=(1, 1), padding=(1, 1))
    (7): ReLU()
    (8): MaxPool2d(kernel_size=2, stride=2, padding=0, dilation=1, ceil_mode=False)
    (9): Flatten(start_dim=1, end_dim=-1)
    (10): Linear(in_features=1600, out_features=512, bias=True)
    (11): ReLU()
    (12): Linear(in_features=512, out_features=256, bias=True)
    (13): ReLU()
    (14): Linear(in_features=256, out_features=10, bias=True)
  )
)
INFO:__main__:CHILD MODEL LOSS: 0.608755514383316 with train time 70.05384469032288
INFO:__main__:CHILD MODEL ACCURACY: 0.7864
INFO:__main__:Policy gradient: 0.06857293844223022
INFO:__main__:
INFO:__main__:------ ITERATION 326 ------
INFO:__main__:Layers generated: [('256', '5', '1'), ('256', '3', '2')]
INFO:__main__:ChildCNNModel(
  (model): Sequential(
    (0): Conv2d(3, 128, kernel_size=(3, 3), stride=(1, 1), padding=(1, 1))
    (1): ReLU()
    (2): MaxPool2d(kernel_size=2, stride=2, padding=0, dilation=1, ceil_mode=False)
    (3): Conv2d(128, 256, kernel_size=(5, 5), stride=(1, 1), padding=(1, 1))
    (4): ReLU()
    (5): MaxPool2d(kernel_size=2, stride=2, padding=0, dilation=1, ceil_mode=False)
    (6): Conv2d(256, 256, kernel_size=(3, 3), stride=(1, 1), padding=(2, 2))
    (7): ReLU()
    (8): MaxPool2d(kernel_size=2, stride=2, padding=0, dilation=1, ceil_mode=False)
    (9): Flatten(start_dim=1, end_dim=-1)
    (10): Linear(in_features=4096, out_features=512, bias=True)
    (11): ReLU()
    (12): Linear(in_features=512, out_features=256, bias=True)
    (13): ReLU()
    (14): Linear(in_features=256, out_features=10, bias=True)
  )
)
INFO:__main__:CHILD MODEL LOSS: 0.5455703399181366 with train time 75.75413298606873
INFO:__main__:CHILD MODEL ACCURACY: 0.8
INFO:__main__:Policy gradient: 0.16432033479213715
INFO:__main__:
INFO:__main__:------ ITERATION 327 ------
INFO:__main__:Layers generated: [('256', '1', '1'), ('256', '3', '1')]
INFO:__main__:ChildCNNModel(
  (model): Sequential(
    (0): Conv2d(3, 128, kernel_size=(3, 3), stride=(1, 1), padding=(1, 1))
    (1): ReLU()
    (2): MaxPool2d(kernel_size=2, stride=2, padding=0, dilation=1, ceil_mode=False)
    (3): Conv2d(128, 256, kernel_size=(1, 1), stride=(1, 1), padding=(1, 1))
    (4): ReLU()
    (5): MaxPool2d(kernel_size=2, stride=2, padding=0, dilation=1, ceil_mode=False)
    (6): Conv2d(256, 256, kernel_size=(3, 3), stride=(1, 1), padding=(1, 1))
    (7): ReLU()
    (8): MaxPool2d(kernel_size=2, stride=2, padding=0, dilation=1, ceil_mode=False)
    (9): Flatten(start_dim=1, end_dim=-1)
    (10): Linear(in_features=4096, out_features=512, bias=True)
    (11): ReLU()
    (12): Linear(in_features=512, out_features=256, bias=True)
    (13): ReLU()
    (14): Linear(in_features=256, out_features=10, bias=True)
  )
)
INFO:__main__:CHILD MODEL LOSS: 0.570258534193039 with train time 72.66153240203857
INFO:__main__:CHILD MODEL ACCURACY: 0.808
INFO:__main__:Policy gradient: 0.18836136162281036
INFO:__main__:
INFO:__main__:------ ITERATION 328 ------
INFO:__main__:Layers generated: [('256', '3', '2'), ('64', '5', '2')]
INFO:__main__:ChildCNNModel(
  (model): Sequential(
    (0): Conv2d(3, 128, kernel_size=(3, 3), stride=(1, 1), padding=(1, 1))
    (1): ReLU()
    (2): MaxPool2d(kernel_size=2, stride=2, padding=0, dilation=1, ceil_mode=False)
    (3): Conv2d(128, 256, kernel_size=(3, 3), stride=(1, 1), padding=(2, 2))
    (4): ReLU()
    (5): MaxPool2d(kernel_size=2, stride=2, padding=0, dilation=1, ceil_mode=False)
    (6): Conv2d(256, 64, kernel_size=(5, 5), stride=(1, 1), padding=(2, 2))
    (7): ReLU()
    (8): MaxPool2d(kernel_size=2, stride=2, padding=0, dilation=1, ceil_mode=False)
    (9): Flatten(start_dim=1, end_dim=-1)
    (10): Linear(in_features=1024, out_features=512, bias=True)
    (11): ReLU()
    (12): Linear(in_features=512, out_features=256, bias=True)
    (13): ReLU()
    (14): Linear(in_features=256, out_features=10, bias=True)
  )
)
INFO:__main__:CHILD MODEL LOSS: 0.6311579740047455 with train time 73.35801720619202
INFO:__main__:CHILD MODEL ACCURACY: 0.7834
INFO:__main__:Policy gradient: 0.01278819888830185
INFO:__main__:
INFO:__main__:------ ITERATION 329 ------
INFO:__main__:Layers generated: [('64', '5', '2'), ('64', '1', '1')]
INFO:__main__:ChildCNNModel(
  (model): Sequential(
    (0): Conv2d(3, 128, kernel_size=(3, 3), stride=(1, 1), padding=(1, 1))
    (1): ReLU()
    (2): MaxPool2d(kernel_size=2, stride=2, padding=0, dilation=1, ceil_mode=False)
    (3): Conv2d(128, 64, kernel_size=(5, 5), stride=(1, 1), padding=(2, 2))
    (4): ReLU()
    (5): MaxPool2d(kernel_size=2, stride=2, padding=0, dilation=1, ceil_mode=False)
    (6): Conv2d(64, 64, kernel_size=(1, 1), stride=(1, 1), padding=(1, 1))
    (7): ReLU()
    (8): MaxPool2d(kernel_size=2, stride=2, padding=0, dilation=1, ceil_mode=False)
    (9): Flatten(start_dim=1, end_dim=-1)
    (10): Linear(in_features=1600, out_features=512, bias=True)
    (11): ReLU()
    (12): Linear(in_features=512, out_features=256, bias=True)
    (13): ReLU()
    (14): Linear(in_features=256, out_features=10, bias=True)
  )
)
INFO:__main__:CHILD MODEL LOSS: 0.6635990595817566 with train time 68.00731992721558
INFO:__main__:CHILD MODEL ACCURACY: 0.7768
INFO:__main__:Policy gradient: -0.03360017389059067
INFO:__main__:
INFO:__main__:------ ITERATION 330 ------
INFO:__main__:Layers generated: [('256', '1', '2'), ('128', '1', '1')]
INFO:__main__:ChildCNNModel(
  (model): Sequential(
    (0): Conv2d(3, 128, kernel_size=(3, 3), stride=(1, 1), padding=(1, 1))
    (1): ReLU()
    (2): MaxPool2d(kernel_size=2, stride=2, padding=0, dilation=1, ceil_mode=False)
    (3): Conv2d(128, 256, kernel_size=(1, 1), stride=(1, 1), padding=(2, 2))
    (4): ReLU()
    (5): MaxPool2d(kernel_size=2, stride=2, padding=0, dilation=1, ceil_mode=False)
    (6): Conv2d(256, 128, kernel_size=(1, 1), stride=(1, 1), padding=(1, 1))
    (7): ReLU()
    (8): MaxPool2d(kernel_size=2, stride=2, padding=0, dilation=1, ceil_mode=False)
    (9): Flatten(start_dim=1, end_dim=-1)
    (10): Linear(in_features=4608, out_features=512, bias=True)
    (11): ReLU()
    (12): Linear(in_features=512, out_features=256, bias=True)
    (13): ReLU()
    (14): Linear(in_features=256, out_features=10, bias=True)
  )
)
INFO:__main__:CHILD MODEL LOSS: 0.7078697277307511 with train time 70.76254081726074
INFO:__main__:CHILD MODEL ACCURACY: 0.7463
INFO:__main__:Policy gradient: -0.24151889979839325
INFO:__main__:
INFO:__main__:------ ITERATION 331 ------
INFO:__main__:Layers generated: [('64', '5', '2'), ('128', '5', '2')]
INFO:__main__:ChildCNNModel(
  (model): Sequential(
    (0): Conv2d(3, 128, kernel_size=(3, 3), stride=(1, 1), padding=(1, 1))
    (1): ReLU()
    (2): MaxPool2d(kernel_size=2, stride=2, padding=0, dilation=1, ceil_mode=False)
    (3): Conv2d(128, 64, kernel_size=(5, 5), stride=(1, 1), padding=(2, 2))
    (4): ReLU()
    (5): MaxPool2d(kernel_size=2, stride=2, padding=0, dilation=1, ceil_mode=False)
    (6): Conv2d(64, 128, kernel_size=(5, 5), stride=(1, 1), padding=(2, 2))
    (7): ReLU()
    (8): MaxPool2d(kernel_size=2, stride=2, padding=0, dilation=1, ceil_mode=False)
    (9): Flatten(start_dim=1, end_dim=-1)
    (10): Linear(in_features=2048, out_features=512, bias=True)
    (11): ReLU()
    (12): Linear(in_features=512, out_features=256, bias=True)
    (13): ReLU()
    (14): Linear(in_features=256, out_features=10, bias=True)
  )
)
INFO:__main__:CHILD MODEL LOSS: 0.5823871768712997 with train time 67.86739230155945
INFO:__main__:CHILD MODEL ACCURACY: 0.7896
INFO:__main__:Policy gradient: 0.07773903757333755
INFO:__main__:
INFO:__main__:------ ITERATION 332 ------
INFO:__main__:Layers generated: [('16', '5', '1'), ('128', '5', '2')]
INFO:__main__:ChildCNNModel(
  (model): Sequential(
    (0): Conv2d(3, 128, kernel_size=(3, 3), stride=(1, 1), padding=(1, 1))
    (1): ReLU()
    (2): MaxPool2d(kernel_size=2, stride=2, padding=0, dilation=1, ceil_mode=False)
    (3): Conv2d(128, 16, kernel_size=(5, 5), stride=(1, 1), padding=(1, 1))
    (4): ReLU()
    (5): MaxPool2d(kernel_size=2, stride=2, padding=0, dilation=1, ceil_mode=False)
    (6): Conv2d(16, 128, kernel_size=(5, 5), stride=(1, 1), padding=(2, 2))
    (7): ReLU()
    (8): MaxPool2d(kernel_size=2, stride=2, padding=0, dilation=1, ceil_mode=False)
    (9): Flatten(start_dim=1, end_dim=-1)
    (10): Linear(in_features=1152, out_features=512, bias=True)
    (11): ReLU()
    (12): Linear(in_features=512, out_features=256, bias=True)
    (13): ReLU()
    (14): Linear(in_features=256, out_features=10, bias=True)
  )
)
INFO:__main__:CHILD MODEL LOSS: 0.7198564174175263 with train time 65.34503602981567
INFO:__main__:CHILD MODEL ACCURACY: 0.7569
INFO:__main__:Policy gradient: -0.19932112097740173
INFO:__main__:
INFO:__main__:------ ITERATION 333 ------
INFO:__main__:Layers generated: [('64', '1', '2'), ('256', '5', '1')]
INFO:__main__:ChildCNNModel(
  (model): Sequential(
    (0): Conv2d(3, 128, kernel_size=(3, 3), stride=(1, 1), padding=(1, 1))
    (1): ReLU()
    (2): MaxPool2d(kernel_size=2, stride=2, padding=0, dilation=1, ceil_mode=False)
    (3): Conv2d(128, 64, kernel_size=(1, 1), stride=(1, 1), padding=(2, 2))
    (4): ReLU()
    (5): MaxPool2d(kernel_size=2, stride=2, padding=0, dilation=1, ceil_mode=False)
    (6): Conv2d(64, 256, kernel_size=(5, 5), stride=(1, 1), padding=(1, 1))
    (7): ReLU()
    (8): MaxPool2d(kernel_size=2, stride=2, padding=0, dilation=1, ceil_mode=False)
    (9): Flatten(start_dim=1, end_dim=-1)
    (10): Linear(in_features=4096, out_features=512, bias=True)
    (11): ReLU()
    (12): Linear(in_features=512, out_features=256, bias=True)
    (13): ReLU()
    (14): Linear(in_features=256, out_features=10, bias=True)
  )
)
INFO:__main__:CHILD MODEL LOSS: 0.548884571313858 with train time 64.62823867797852
INFO:__main__:CHILD MODEL ACCURACY: 0.8057
INFO:__main__:Policy gradient: 0.1613854318857193
INFO:__main__:
INFO:__main__:------ ITERATION 334 ------
INFO:__main__:Layers generated: [('256', '1', '1'), ('64', '1', '1')]
INFO:__main__:ChildCNNModel(
  (model): Sequential(
    (0): Conv2d(3, 128, kernel_size=(3, 3), stride=(1, 1), padding=(1, 1))
    (1): ReLU()
    (2): MaxPool2d(kernel_size=2, stride=2, padding=0, dilation=1, ceil_mode=False)
    (3): Conv2d(128, 256, kernel_size=(1, 1), stride=(1, 1), padding=(1, 1))
    (4): ReLU()
    (5): MaxPool2d(kernel_size=2, stride=2, padding=0, dilation=1, ceil_mode=False)
    (6): Conv2d(256, 64, kernel_size=(1, 1), stride=(1, 1), padding=(1, 1))
    (7): ReLU()
    (8): MaxPool2d(kernel_size=2, stride=2, padding=0, dilation=1, ceil_mode=False)
    (9): Flatten(start_dim=1, end_dim=-1)
    (10): Linear(in_features=1600, out_features=512, bias=True)
    (11): ReLU()
    (12): Linear(in_features=512, out_features=256, bias=True)
    (13): ReLU()
    (14): Linear(in_features=256, out_features=10, bias=True)
  )
)
INFO:__main__:CHILD MODEL LOSS: 0.7109119753837585 with train time 68.3087899684906
INFO:__main__:CHILD MODEL ACCURACY: 0.765
INFO:__main__:Policy gradient: -0.101615771651268
INFO:__main__:
INFO:__main__:------ ITERATION 335 ------
INFO:__main__:Layers generated: [('128', '1', '0'), ('32', '3', '2')]
INFO:__main__:ChildCNNModel(
  (model): Sequential(
    (0): Conv2d(3, 128, kernel_size=(3, 3), stride=(1, 1), padding=(1, 1))
    (1): ReLU()
    (2): MaxPool2d(kernel_size=2, stride=2, padding=0, dilation=1, ceil_mode=False)
    (3): Conv2d(128, 128, kernel_size=(1, 1), stride=(1, 1))
    (4): ReLU()
    (5): MaxPool2d(kernel_size=2, stride=2, padding=0, dilation=1, ceil_mode=False)
    (6): Conv2d(128, 32, kernel_size=(3, 3), stride=(1, 1), padding=(2, 2))
    (7): ReLU()
    (8): MaxPool2d(kernel_size=2, stride=2, padding=0, dilation=1, ceil_mode=False)
    (9): Flatten(start_dim=1, end_dim=-1)
    (10): Linear(in_features=800, out_features=512, bias=True)
    (11): ReLU()
    (12): Linear(in_features=512, out_features=256, bias=True)
    (13): ReLU()
    (14): Linear(in_features=256, out_features=10, bias=True)
  )
)
INFO:__main__:CHILD MODEL LOSS: 0.691319652557373 with train time 61.88857936859131
INFO:__main__:CHILD MODEL ACCURACY: 0.7752
INFO:__main__:Policy gradient: -0.023121772333979607
INFO:__main__:
INFO:__main__:------ ITERATION 336 ------
INFO:__main__:Layers generated: [('64', '1', '0'), ('64', '1', '2')]
INFO:__main__:ChildCNNModel(
  (model): Sequential(
    (0): Conv2d(3, 128, kernel_size=(3, 3), stride=(1, 1), padding=(1, 1))
    (1): ReLU()
    (2): MaxPool2d(kernel_size=2, stride=2, padding=0, dilation=1, ceil_mode=False)
    (3): Conv2d(128, 64, kernel_size=(1, 1), stride=(1, 1))
    (4): ReLU()
    (5): MaxPool2d(kernel_size=2, stride=2, padding=0, dilation=1, ceil_mode=False)
    (6): Conv2d(64, 64, kernel_size=(1, 1), stride=(1, 1), padding=(2, 2))
    (7): ReLU()
    (8): MaxPool2d(kernel_size=2, stride=2, padding=0, dilation=1, ceil_mode=False)
    (9): Flatten(start_dim=1, end_dim=-1)
    (10): Linear(in_features=2304, out_features=512, bias=True)
    (11): ReLU()
    (12): Linear(in_features=512, out_features=256, bias=True)
    (13): ReLU()
    (14): Linear(in_features=256, out_features=10, bias=True)
  )
)
INFO:__main__:CHILD MODEL LOSS: 0.8170629062652588 with train time 60.72908353805542
INFO:__main__:CHILD MODEL ACCURACY: 0.7387
INFO:__main__:Policy gradient: -0.2894815504550934
INFO:__main__:
INFO:__main__:------ ITERATION 337 ------
INFO:__main__:Layers generated: [('64', '1', '1'), ('256', '5', '1')]
INFO:__main__:ChildCNNModel(
  (model): Sequential(
    (0): Conv2d(3, 128, kernel_size=(3, 3), stride=(1, 1), padding=(1, 1))
    (1): ReLU()
    (2): MaxPool2d(kernel_size=2, stride=2, padding=0, dilation=1, ceil_mode=False)
    (3): Conv2d(128, 64, kernel_size=(1, 1), stride=(1, 1), padding=(1, 1))
    (4): ReLU()
    (5): MaxPool2d(kernel_size=2, stride=2, padding=0, dilation=1, ceil_mode=False)
    (6): Conv2d(64, 256, kernel_size=(5, 5), stride=(1, 1), padding=(1, 1))
    (7): ReLU()
    (8): MaxPool2d(kernel_size=2, stride=2, padding=0, dilation=1, ceil_mode=False)
    (9): Flatten(start_dim=1, end_dim=-1)
    (10): Linear(in_features=2304, out_features=512, bias=True)
    (11): ReLU()
    (12): Linear(in_features=512, out_features=256, bias=True)
    (13): ReLU()
    (14): Linear(in_features=256, out_features=10, bias=True)
  )
)
INFO:__main__:CHILD MODEL LOSS: 0.5898761969804763 with train time 63.287400245666504
INFO:__main__:CHILD MODEL ACCURACY: 0.7993
INFO:__main__:Policy gradient: 0.1545582264661789
INFO:__main__:
INFO:__main__:------ ITERATION 338 ------
INFO:__main__:Layers generated: [('64', '3', '2'), ('256', '1', '2')]
INFO:__main__:ChildCNNModel(
  (model): Sequential(
    (0): Conv2d(3, 128, kernel_size=(3, 3), stride=(1, 1), padding=(1, 1))
    (1): ReLU()
    (2): MaxPool2d(kernel_size=2, stride=2, padding=0, dilation=1, ceil_mode=False)
    (3): Conv2d(128, 64, kernel_size=(3, 3), stride=(1, 1), padding=(2, 2))
    (4): ReLU()
    (5): MaxPool2d(kernel_size=2, stride=2, padding=0, dilation=1, ceil_mode=False)
    (6): Conv2d(64, 256, kernel_size=(1, 1), stride=(1, 1), padding=(2, 2))
    (7): ReLU()
    (8): MaxPool2d(kernel_size=2, stride=2, padding=0, dilation=1, ceil_mode=False)
    (9): Flatten(start_dim=1, end_dim=-1)
    (10): Linear(in_features=9216, out_features=512, bias=True)
    (11): ReLU()
    (12): Linear(in_features=512, out_features=256, bias=True)
    (13): ReLU()
    (14): Linear(in_features=256, out_features=10, bias=True)
  )
)
INFO:__main__:CHILD MODEL LOSS: 0.606333493232727 with train time 67.19388890266418
INFO:__main__:CHILD MODEL ACCURACY: 0.7985
INFO:__main__:Policy gradient: 0.15704332292079926
INFO:__main__:
INFO:__main__:------ ITERATION 339 ------
INFO:__main__:Layers generated: [('16', '5', '2'), ('256', '3', '2')]
INFO:__main__:ChildCNNModel(
  (model): Sequential(
    (0): Conv2d(3, 128, kernel_size=(3, 3), stride=(1, 1), padding=(1, 1))
    (1): ReLU()
    (2): MaxPool2d(kernel_size=2, stride=2, padding=0, dilation=1, ceil_mode=False)
    (3): Conv2d(128, 16, kernel_size=(5, 5), stride=(1, 1), padding=(2, 2))
    (4): ReLU()
    (5): MaxPool2d(kernel_size=2, stride=2, padding=0, dilation=1, ceil_mode=False)
    (6): Conv2d(16, 256, kernel_size=(3, 3), stride=(1, 1), padding=(2, 2))
    (7): ReLU()
    (8): MaxPool2d(kernel_size=2, stride=2, padding=0, dilation=1, ceil_mode=False)
    (9): Flatten(start_dim=1, end_dim=-1)
    (10): Linear(in_features=6400, out_features=512, bias=True)
    (11): ReLU()
    (12): Linear(in_features=512, out_features=256, bias=True)
    (13): ReLU()
    (14): Linear(in_features=256, out_features=10, bias=True)
  )
)
INFO:__main__:CHILD MODEL LOSS: 1.0326754539012908 with train time 66.40725326538086
INFO:__main__:CHILD MODEL ACCURACY: 0.6618
INFO:__main__:Policy gradient: -0.9845571517944336
INFO:__main__:
INFO:__main__:------ ITERATION 340 ------
INFO:__main__:Layers generated: [('256', '3', '0'), ('256', '5', '0')]
INFO:__main__:ChildCNNModel(
  (model): Sequential(
    (0): Conv2d(3, 128, kernel_size=(3, 3), stride=(1, 1), padding=(1, 1))
    (1): ReLU()
    (2): MaxPool2d(kernel_size=2, stride=2, padding=0, dilation=1, ceil_mode=False)
    (3): Conv2d(128, 256, kernel_size=(3, 3), stride=(1, 1))
    (4): ReLU()
    (5): MaxPool2d(kernel_size=2, stride=2, padding=0, dilation=1, ceil_mode=False)
    (6): Conv2d(256, 256, kernel_size=(5, 5), stride=(1, 1))
    (7): ReLU()
    (8): MaxPool2d(kernel_size=2, stride=2, padding=0, dilation=1, ceil_mode=False)
    (9): Flatten(start_dim=1, end_dim=-1)
    (10): Linear(in_features=256, out_features=512, bias=True)
    (11): ReLU()
    (12): Linear(in_features=512, out_features=256, bias=True)
    (13): ReLU()
    (14): Linear(in_features=256, out_features=10, bias=True)
  )
)
INFO:__main__:CHILD MODEL LOSS: 0.6199233965873718 with train time 69.27736330032349
INFO:__main__:CHILD MODEL ACCURACY: 0.7929
INFO:__main__:Policy gradient: 0.16959422826766968
INFO:__main__:
INFO:__main__:------ ITERATION 341 ------
INFO:__main__:Layers generated: [('64', '5', '2'), ('256', '5', '2')]
INFO:__main__:ChildCNNModel(
  (model): Sequential(
    (0): Conv2d(3, 128, kernel_size=(3, 3), stride=(1, 1), padding=(1, 1))
    (1): ReLU()
    (2): MaxPool2d(kernel_size=2, stride=2, padding=0, dilation=1, ceil_mode=False)
    (3): Conv2d(128, 64, kernel_size=(5, 5), stride=(1, 1), padding=(2, 2))
    (4): ReLU()
    (5): MaxPool2d(kernel_size=2, stride=2, padding=0, dilation=1, ceil_mode=False)
    (6): Conv2d(64, 256, kernel_size=(5, 5), stride=(1, 1), padding=(2, 2))
    (7): ReLU()
    (8): MaxPool2d(kernel_size=2, stride=2, padding=0, dilation=1, ceil_mode=False)
    (9): Flatten(start_dim=1, end_dim=-1)
    (10): Linear(in_features=4096, out_features=512, bias=True)
    (11): ReLU()
    (12): Linear(in_features=512, out_features=256, bias=True)
    (13): ReLU()
    (14): Linear(in_features=256, out_features=10, bias=True)
  )
)
INFO:__main__:CHILD MODEL LOSS: 0.6122505465745925 with train time 69.37539601325989
INFO:__main__:CHILD MODEL ACCURACY: 0.7753
INFO:__main__:Policy gradient: 0.0330205000936985
INFO:__main__:
INFO:__main__:------ ITERATION 342 ------
INFO:__main__:Layers generated: [('64', '5', '2'), ('64', '3', '0')]
INFO:__main__:ChildCNNModel(
  (model): Sequential(
    (0): Conv2d(3, 128, kernel_size=(3, 3), stride=(1, 1), padding=(1, 1))
    (1): ReLU()
    (2): MaxPool2d(kernel_size=2, stride=2, padding=0, dilation=1, ceil_mode=False)
    (3): Conv2d(128, 64, kernel_size=(5, 5), stride=(1, 1), padding=(2, 2))
    (4): ReLU()
    (5): MaxPool2d(kernel_size=2, stride=2, padding=0, dilation=1, ceil_mode=False)
    (6): Conv2d(64, 64, kernel_size=(3, 3), stride=(1, 1))
    (7): ReLU()
    (8): MaxPool2d(kernel_size=2, stride=2, padding=0, dilation=1, ceil_mode=False)
    (9): Flatten(start_dim=1, end_dim=-1)
    (10): Linear(in_features=576, out_features=512, bias=True)
    (11): ReLU()
    (12): Linear(in_features=512, out_features=256, bias=True)
    (13): ReLU()
    (14): Linear(in_features=256, out_features=10, bias=True)
  )
)
INFO:__main__:CHILD MODEL LOSS: 0.6714014058113098 with train time 65.18333888053894
INFO:__main__:CHILD MODEL ACCURACY: 0.7643
INFO:__main__:Policy gradient: -0.03991898521780968
INFO:__main__:
INFO:__main__:------ ITERATION 343 ------
INFO:__main__:Layers generated: [('64', '1', '1'), ('256', '5', '0')]
INFO:__main__:ChildCNNModel(
  (model): Sequential(
    (0): Conv2d(3, 128, kernel_size=(3, 3), stride=(1, 1), padding=(1, 1))
    (1): ReLU()
    (2): MaxPool2d(kernel_size=2, stride=2, padding=0, dilation=1, ceil_mode=False)
    (3): Conv2d(128, 64, kernel_size=(1, 1), stride=(1, 1), padding=(1, 1))
    (4): ReLU()
    (5): MaxPool2d(kernel_size=2, stride=2, padding=0, dilation=1, ceil_mode=False)
    (6): Conv2d(64, 256, kernel_size=(5, 5), stride=(1, 1))
    (7): ReLU()
    (8): MaxPool2d(kernel_size=2, stride=2, padding=0, dilation=1, ceil_mode=False)
    (9): Flatten(start_dim=1, end_dim=-1)
    (10): Linear(in_features=1024, out_features=512, bias=True)
    (11): ReLU()
    (12): Linear(in_features=512, out_features=256, bias=True)
    (13): ReLU()
    (14): Linear(in_features=256, out_features=10, bias=True)
  )
)
INFO:__main__:CHILD MODEL LOSS: 0.643688955783844 with train time 61.55074691772461
INFO:__main__:CHILD MODEL ACCURACY: 0.7737
INFO:__main__:Policy gradient: 0.026979390531778336
INFO:__main__:
INFO:__main__:------ ITERATION 344 ------
INFO:__main__:Layers generated: [('256', '3', '0'), ('256', '1', '2')]
INFO:__main__:ChildCNNModel(
  (model): Sequential(
    (0): Conv2d(3, 128, kernel_size=(3, 3), stride=(1, 1), padding=(1, 1))
    (1): ReLU()
    (2): MaxPool2d(kernel_size=2, stride=2, padding=0, dilation=1, ceil_mode=False)
    (3): Conv2d(128, 256, kernel_size=(3, 3), stride=(1, 1))
    (4): ReLU()
    (5): MaxPool2d(kernel_size=2, stride=2, padding=0, dilation=1, ceil_mode=False)
    (6): Conv2d(256, 256, kernel_size=(1, 1), stride=(1, 1), padding=(2, 2))
    (7): ReLU()
    (8): MaxPool2d(kernel_size=2, stride=2, padding=0, dilation=1, ceil_mode=False)
    (9): Flatten(start_dim=1, end_dim=-1)
    (10): Linear(in_features=6400, out_features=512, bias=True)
    (11): ReLU()
    (12): Linear(in_features=512, out_features=256, bias=True)
    (13): ReLU()
    (14): Linear(in_features=256, out_features=10, bias=True)
  )
)
INFO:__main__:CHILD MODEL LOSS: 0.5948647886514664 with train time 67.28744196891785
INFO:__main__:CHILD MODEL ACCURACY: 0.7965
INFO:__main__:Policy gradient: 0.19525720179080963
INFO:__main__:
INFO:__main__:------ ITERATION 345 ------
INFO:__main__:Layers generated: [('256', '5', '1'), ('128', '3', '2')]
INFO:__main__:ChildCNNModel(
  (model): Sequential(
    (0): Conv2d(3, 128, kernel_size=(3, 3), stride=(1, 1), padding=(1, 1))
    (1): ReLU()
    (2): MaxPool2d(kernel_size=2, stride=2, padding=0, dilation=1, ceil_mode=False)
    (3): Conv2d(128, 256, kernel_size=(5, 5), stride=(1, 1), padding=(1, 1))
    (4): ReLU()
    (5): MaxPool2d(kernel_size=2, stride=2, padding=0, dilation=1, ceil_mode=False)
    (6): Conv2d(256, 128, kernel_size=(3, 3), stride=(1, 1), padding=(2, 2))
    (7): ReLU()
    (8): MaxPool2d(kernel_size=2, stride=2, padding=0, dilation=1, ceil_mode=False)
    (9): Flatten(start_dim=1, end_dim=-1)
    (10): Linear(in_features=2048, out_features=512, bias=True)
    (11): ReLU()
    (12): Linear(in_features=512, out_features=256, bias=True)
    (13): ReLU()
    (14): Linear(in_features=256, out_features=10, bias=True)
  )
)
INFO:__main__:CHILD MODEL LOSS: 0.5630740182399749 with train time 72.59196257591248
INFO:__main__:CHILD MODEL ACCURACY: 0.8064
INFO:__main__:Policy gradient: 0.2446543574333191
INFO:__main__:
INFO:__main__:------ ITERATION 346 ------
INFO:__main__:Layers generated: [('16', '1', '2'), ('128', '1', '0')]
INFO:__main__:ChildCNNModel(
  (model): Sequential(
    (0): Conv2d(3, 128, kernel_size=(3, 3), stride=(1, 1), padding=(1, 1))
    (1): ReLU()
    (2): MaxPool2d(kernel_size=2, stride=2, padding=0, dilation=1, ceil_mode=False)
    (3): Conv2d(128, 16, kernel_size=(1, 1), stride=(1, 1), padding=(2, 2))
    (4): ReLU()
    (5): MaxPool2d(kernel_size=2, stride=2, padding=0, dilation=1, ceil_mode=False)
    (6): Conv2d(16, 128, kernel_size=(1, 1), stride=(1, 1))
    (7): ReLU()
    (8): MaxPool2d(kernel_size=2, stride=2, padding=0, dilation=1, ceil_mode=False)
    (9): Flatten(start_dim=1, end_dim=-1)
    (10): Linear(in_features=3200, out_features=512, bias=True)
    (11): ReLU()
    (12): Linear(in_features=512, out_features=256, bias=True)
    (13): ReLU()
    (14): Linear(in_features=256, out_features=10, bias=True)
  )
)
INFO:__main__:CHILD MODEL LOSS: 0.8468060898780823 with train time 60.912519693374634
INFO:__main__:CHILD MODEL ACCURACY: 0.7176
INFO:__main__:Policy gradient: -0.604887843132019
INFO:__main__:
INFO:__main__:------ ITERATION 347 ------
INFO:__main__:Layers generated: [('32', '1', '1'), ('256', '5', '2')]
INFO:__main__:ChildCNNModel(
  (model): Sequential(
    (0): Conv2d(3, 128, kernel_size=(3, 3), stride=(1, 1), padding=(1, 1))
    (1): ReLU()
    (2): MaxPool2d(kernel_size=2, stride=2, padding=0, dilation=1, ceil_mode=False)
    (3): Conv2d(128, 32, kernel_size=(1, 1), stride=(1, 1), padding=(1, 1))
    (4): ReLU()
    (5): MaxPool2d(kernel_size=2, stride=2, padding=0, dilation=1, ceil_mode=False)
    (6): Conv2d(32, 256, kernel_size=(5, 5), stride=(1, 1), padding=(2, 2))
    (7): ReLU()
    (8): MaxPool2d(kernel_size=2, stride=2, padding=0, dilation=1, ceil_mode=False)
    (9): Flatten(start_dim=1, end_dim=-1)
    (10): Linear(in_features=4096, out_features=512, bias=True)
    (11): ReLU()
    (12): Linear(in_features=512, out_features=256, bias=True)
    (13): ReLU()
    (14): Linear(in_features=256, out_features=10, bias=True)
  )
)
INFO:__main__:CHILD MODEL LOSS: 0.5837081689834595 with train time 62.92441153526306
INFO:__main__:CHILD MODEL ACCURACY: 0.7957
INFO:__main__:Policy gradient: 0.19046927988529205
INFO:__main__:
INFO:__main__:------ ITERATION 348 ------
INFO:__main__:Layers generated: [('128', '3', '0'), ('128', '5', '0')]
INFO:__main__:ChildCNNModel(
  (model): Sequential(
    (0): Conv2d(3, 128, kernel_size=(3, 3), stride=(1, 1), padding=(1, 1))
    (1): ReLU()
    (2): MaxPool2d(kernel_size=2, stride=2, padding=0, dilation=1, ceil_mode=False)
    (3): Conv2d(128, 128, kernel_size=(3, 3), stride=(1, 1))
    (4): ReLU()
    (5): MaxPool2d(kernel_size=2, stride=2, padding=0, dilation=1, ceil_mode=False)
    (6): Conv2d(128, 128, kernel_size=(5, 5), stride=(1, 1))
    (7): ReLU()
    (8): MaxPool2d(kernel_size=2, stride=2, padding=0, dilation=1, ceil_mode=False)
    (9): Flatten(start_dim=1, end_dim=-1)
    (10): Linear(in_features=128, out_features=512, bias=True)
    (11): ReLU()
    (12): Linear(in_features=512, out_features=256, bias=True)
    (13): ReLU()
    (14): Linear(in_features=256, out_features=10, bias=True)
  )
)
INFO:__main__:CHILD MODEL LOSS: 0.6863594167232513 with train time 64.99212050437927
INFO:__main__:CHILD MODEL ACCURACY: 0.7821
INFO:__main__:Policy gradient: 0.07485175877809525
INFO:__main__:
INFO:__main__:------ ITERATION 349 ------
INFO:__main__:Layers generated: [('256', '1', '1'), ('64', '3', '2')]
INFO:__main__:ChildCNNModel(
  (model): Sequential(
    (0): Conv2d(3, 128, kernel_size=(3, 3), stride=(1, 1), padding=(1, 1))
    (1): ReLU()
    (2): MaxPool2d(kernel_size=2, stride=2, padding=0, dilation=1, ceil_mode=False)
    (3): Conv2d(128, 256, kernel_size=(1, 1), stride=(1, 1), padding=(1, 1))
    (4): ReLU()
    (5): MaxPool2d(kernel_size=2, stride=2, padding=0, dilation=1, ceil_mode=False)
    (6): Conv2d(256, 64, kernel_size=(3, 3), stride=(1, 1), padding=(2, 2))
    (7): ReLU()
    (8): MaxPool2d(kernel_size=2, stride=2, padding=0, dilation=1, ceil_mode=False)
    (9): Flatten(start_dim=1, end_dim=-1)
    (10): Linear(in_features=1600, out_features=512, bias=True)
    (11): ReLU()
    (12): Linear(in_features=512, out_features=256, bias=True)
    (13): ReLU()
    (14): Linear(in_features=256, out_features=10, bias=True)
  )
)
INFO:__main__:CHILD MODEL LOSS: 0.6222223258018493 with train time 69.3132872581482
INFO:__main__:CHILD MODEL ACCURACY: 0.7891
INFO:__main__:Policy gradient: 0.099981389939785
INFO:__main__:
INFO:__main__:------ ITERATION 350 ------
INFO:__main__:Layers generated: [('256', '5', '2'), ('256', '5', '2')]
INFO:__main__:ChildCNNModel(
  (model): Sequential(
    (0): Conv2d(3, 128, kernel_size=(3, 3), stride=(1, 1), padding=(1, 1))
    (1): ReLU()
    (2): MaxPool2d(kernel_size=2, stride=2, padding=0, dilation=1, ceil_mode=False)
    (3): Conv2d(128, 256, kernel_size=(5, 5), stride=(1, 1), padding=(2, 2))
    (4): ReLU()
    (5): MaxPool2d(kernel_size=2, stride=2, padding=0, dilation=1, ceil_mode=False)
    (6): Conv2d(256, 256, kernel_size=(5, 5), stride=(1, 1), padding=(2, 2))
    (7): ReLU()
    (8): MaxPool2d(kernel_size=2, stride=2, padding=0, dilation=1, ceil_mode=False)
    (9): Flatten(start_dim=1, end_dim=-1)
    (10): Linear(in_features=4096, out_features=512, bias=True)
    (11): ReLU()
    (12): Linear(in_features=512, out_features=256, bias=True)
    (13): ReLU()
    (14): Linear(in_features=256, out_features=10, bias=True)
  )
)
INFO:__main__:CHILD MODEL LOSS: 0.6685669457912445 with train time 82.36123609542847
INFO:__main__:CHILD MODEL ACCURACY: 0.7614
INFO:__main__:Policy gradient: -0.07233899086713791
INFO:__main__:
INFO:__main__:------ ITERATION 351 ------
INFO:__main__:Layers generated: [('256', '3', '0'), ('256', '5', '0')]
INFO:__main__:ChildCNNModel(
  (model): Sequential(
    (0): Conv2d(3, 128, kernel_size=(3, 3), stride=(1, 1), padding=(1, 1))
    (1): ReLU()
    (2): MaxPool2d(kernel_size=2, stride=2, padding=0, dilation=1, ceil_mode=False)
    (3): Conv2d(128, 256, kernel_size=(3, 3), stride=(1, 1))
    (4): ReLU()
    (5): MaxPool2d(kernel_size=2, stride=2, padding=0, dilation=1, ceil_mode=False)
    (6): Conv2d(256, 256, kernel_size=(5, 5), stride=(1, 1))
    (7): ReLU()
    (8): MaxPool2d(kernel_size=2, stride=2, padding=0, dilation=1, ceil_mode=False)
    (9): Flatten(start_dim=1, end_dim=-1)
    (10): Linear(in_features=256, out_features=512, bias=True)
    (11): ReLU()
    (12): Linear(in_features=512, out_features=256, bias=True)
    (13): ReLU()
    (14): Linear(in_features=256, out_features=10, bias=True)
  )
)
INFO:__main__:CHILD MODEL LOSS: 0.6334945706129074 with train time 70.0923843383789
INFO:__main__:CHILD MODEL ACCURACY: 0.7906
INFO:__main__:Policy gradient: 0.10554363578557968
INFO:__main__:
INFO:__main__:------ ITERATION 352 ------
INFO:__main__:Layers generated: [('64', '1', '2'), ('256', '5', '0')]
INFO:__main__:ChildCNNModel(
  (model): Sequential(
    (0): Conv2d(3, 128, kernel_size=(3, 3), stride=(1, 1), padding=(1, 1))
    (1): ReLU()
    (2): MaxPool2d(kernel_size=2, stride=2, padding=0, dilation=1, ceil_mode=False)
    (3): Conv2d(128, 64, kernel_size=(1, 1), stride=(1, 1), padding=(2, 2))
    (4): ReLU()
    (5): MaxPool2d(kernel_size=2, stride=2, padding=0, dilation=1, ceil_mode=False)
    (6): Conv2d(64, 256, kernel_size=(5, 5), stride=(1, 1))
    (7): ReLU()
    (8): MaxPool2d(kernel_size=2, stride=2, padding=0, dilation=1, ceil_mode=False)
    (9): Flatten(start_dim=1, end_dim=-1)
    (10): Linear(in_features=2304, out_features=512, bias=True)
    (11): ReLU()
    (12): Linear(in_features=512, out_features=256, bias=True)
    (13): ReLU()
    (14): Linear(in_features=256, out_features=10, bias=True)
  )
)
INFO:__main__:CHILD MODEL LOSS: 0.562000329375267 with train time 64.41049098968506
INFO:__main__:CHILD MODEL ACCURACY: 0.8005
INFO:__main__:Policy gradient: 0.14813588559627533
INFO:__main__:
INFO:__main__:------ ITERATION 353 ------
INFO:__main__:Layers generated: [('16', '3', '0'), ('64', '5', '1')]
INFO:__main__:ChildCNNModel(
  (model): Sequential(
    (0): Conv2d(3, 128, kernel_size=(3, 3), stride=(1, 1), padding=(1, 1))
    (1): ReLU()
    (2): MaxPool2d(kernel_size=2, stride=2, padding=0, dilation=1, ceil_mode=False)
    (3): Conv2d(128, 16, kernel_size=(3, 3), stride=(1, 1))
    (4): ReLU()
    (5): MaxPool2d(kernel_size=2, stride=2, padding=0, dilation=1, ceil_mode=False)
    (6): Conv2d(16, 64, kernel_size=(5, 5), stride=(1, 1), padding=(1, 1))
    (7): ReLU()
    (8): MaxPool2d(kernel_size=2, stride=2, padding=0, dilation=1, ceil_mode=False)
    (9): Flatten(start_dim=1, end_dim=-1)
    (10): Linear(in_features=256, out_features=512, bias=True)
    (11): ReLU()
    (12): Linear(in_features=512, out_features=256, bias=True)
    (13): ReLU()
    (14): Linear(in_features=256, out_features=10, bias=True)
  )
)
INFO:__main__:CHILD MODEL LOSS: 0.8105196039676666 with train time 63.294180154800415
INFO:__main__:CHILD MODEL ACCURACY: 0.7265
INFO:__main__:Policy gradient: -0.4672718942165375
INFO:__main__:
INFO:__main__:------ ITERATION 354 ------
INFO:__main__:Layers generated: [('256', '5', '1'), ('64', '3', '2')]
INFO:__main__:ChildCNNModel(
  (model): Sequential(
    (0): Conv2d(3, 128, kernel_size=(3, 3), stride=(1, 1), padding=(1, 1))
    (1): ReLU()
    (2): MaxPool2d(kernel_size=2, stride=2, padding=0, dilation=1, ceil_mode=False)
    (3): Conv2d(128, 256, kernel_size=(5, 5), stride=(1, 1), padding=(1, 1))
    (4): ReLU()
    (5): MaxPool2d(kernel_size=2, stride=2, padding=0, dilation=1, ceil_mode=False)
    (6): Conv2d(256, 64, kernel_size=(3, 3), stride=(1, 1), padding=(2, 2))
    (7): ReLU()
    (8): MaxPool2d(kernel_size=2, stride=2, padding=0, dilation=1, ceil_mode=False)
    (9): Flatten(start_dim=1, end_dim=-1)
    (10): Linear(in_features=1024, out_features=512, bias=True)
    (11): ReLU()
    (12): Linear(in_features=512, out_features=256, bias=True)
    (13): ReLU()
    (14): Linear(in_features=256, out_features=10, bias=True)
  )
)
INFO:__main__:CHILD MODEL LOSS: 0.5999427691698075 with train time 74.00791716575623
INFO:__main__:CHILD MODEL ACCURACY: 0.7919
INFO:__main__:Policy gradient: 0.12760326266288757
INFO:__main__:
INFO:__main__:------ ITERATION 355 ------
INFO:__main__:Layers generated: [('32', '3', '2'), ('256', '3', '2')]
INFO:__main__:ChildCNNModel(
  (model): Sequential(
    (0): Conv2d(3, 128, kernel_size=(3, 3), stride=(1, 1), padding=(1, 1))
    (1): ReLU()
    (2): MaxPool2d(kernel_size=2, stride=2, padding=0, dilation=1, ceil_mode=False)
    (3): Conv2d(128, 32, kernel_size=(3, 3), stride=(1, 1), padding=(2, 2))
    (4): ReLU()
    (5): MaxPool2d(kernel_size=2, stride=2, padding=0, dilation=1, ceil_mode=False)
    (6): Conv2d(32, 256, kernel_size=(3, 3), stride=(1, 1), padding=(2, 2))
    (7): ReLU()
    (8): MaxPool2d(kernel_size=2, stride=2, padding=0, dilation=1, ceil_mode=False)
    (9): Flatten(start_dim=1, end_dim=-1)
    (10): Linear(in_features=6400, out_features=512, bias=True)
    (11): ReLU()
    (12): Linear(in_features=512, out_features=256, bias=True)
    (13): ReLU()
    (14): Linear(in_features=256, out_features=10, bias=True)
  )
)
INFO:__main__:CHILD MODEL LOSS: 0.5416375809907913 with train time 65.49474453926086
INFO:__main__:CHILD MODEL ACCURACY: 0.8062
INFO:__main__:Policy gradient: 0.24412080645561218
INFO:__main__:
INFO:__main__:------ ITERATION 356 ------
INFO:__main__:Layers generated: [('256', '3', '1'), ('256', '3', '0')]
INFO:__main__:ChildCNNModel(
  (model): Sequential(
    (0): Conv2d(3, 128, kernel_size=(3, 3), stride=(1, 1), padding=(1, 1))
    (1): ReLU()
    (2): MaxPool2d(kernel_size=2, stride=2, padding=0, dilation=1, ceil_mode=False)
    (3): Conv2d(128, 256, kernel_size=(3, 3), stride=(1, 1), padding=(1, 1))
    (4): ReLU()
    (5): MaxPool2d(kernel_size=2, stride=2, padding=0, dilation=1, ceil_mode=False)
    (6): Conv2d(256, 256, kernel_size=(3, 3), stride=(1, 1))
    (7): ReLU()
    (8): MaxPool2d(kernel_size=2, stride=2, padding=0, dilation=1, ceil_mode=False)
    (9): Flatten(start_dim=1, end_dim=-1)
    (10): Linear(in_features=2304, out_features=512, bias=True)
    (11): ReLU()
    (12): Linear(in_features=512, out_features=256, bias=True)
    (13): ReLU()
    (14): Linear(in_features=256, out_features=10, bias=True)
  )
)
INFO:__main__:CHILD MODEL LOSS: 0.5399539448022842 with train time 70.4667227268219
INFO:__main__:CHILD MODEL ACCURACY: 0.8247
INFO:__main__:Policy gradient: 0.31462952494621277
INFO:__main__:
INFO:__main__:------ ITERATION 357 ------
INFO:__main__:Layers generated: [('256', '5', '2'), ('256', '3', '1')]
INFO:__main__:ChildCNNModel(
  (model): Sequential(
    (0): Conv2d(3, 128, kernel_size=(3, 3), stride=(1, 1), padding=(1, 1))
    (1): ReLU()
    (2): MaxPool2d(kernel_size=2, stride=2, padding=0, dilation=1, ceil_mode=False)
    (3): Conv2d(128, 256, kernel_size=(5, 5), stride=(1, 1), padding=(2, 2))
    (4): ReLU()
    (5): MaxPool2d(kernel_size=2, stride=2, padding=0, dilation=1, ceil_mode=False)
    (6): Conv2d(256, 256, kernel_size=(3, 3), stride=(1, 1), padding=(1, 1))
    (7): ReLU()
    (8): MaxPool2d(kernel_size=2, stride=2, padding=0, dilation=1, ceil_mode=False)
    (9): Flatten(start_dim=1, end_dim=-1)
    (10): Linear(in_features=4096, out_features=512, bias=True)
    (11): ReLU()
    (12): Linear(in_features=512, out_features=256, bias=True)
    (13): ReLU()
    (14): Linear(in_features=256, out_features=10, bias=True)
  )
)
INFO:__main__:CHILD MODEL LOSS: 0.5819845956563949 with train time 78.36041474342346
INFO:__main__:CHILD MODEL ACCURACY: 0.7927
INFO:__main__:Policy gradient: 0.059011757373809814
INFO:__main__:
INFO:__main__:------ ITERATION 358 ------
INFO:__main__:Layers generated: [('256', '1', '1'), ('256', '5', '2')]
INFO:__main__:ChildCNNModel(
  (model): Sequential(
    (0): Conv2d(3, 128, kernel_size=(3, 3), stride=(1, 1), padding=(1, 1))
    (1): ReLU()
    (2): MaxPool2d(kernel_size=2, stride=2, padding=0, dilation=1, ceil_mode=False)
    (3): Conv2d(128, 256, kernel_size=(1, 1), stride=(1, 1), padding=(1, 1))
    (4): ReLU()
    (5): MaxPool2d(kernel_size=2, stride=2, padding=0, dilation=1, ceil_mode=False)
    (6): Conv2d(256, 256, kernel_size=(5, 5), stride=(1, 1), padding=(2, 2))
    (7): ReLU()
    (8): MaxPool2d(kernel_size=2, stride=2, padding=0, dilation=1, ceil_mode=False)
    (9): Flatten(start_dim=1, end_dim=-1)
    (10): Linear(in_features=4096, out_features=512, bias=True)
    (11): ReLU()
    (12): Linear(in_features=512, out_features=256, bias=True)
    (13): ReLU()
    (14): Linear(in_features=256, out_features=10, bias=True)
  )
)
INFO:__main__:CHILD MODEL LOSS: 0.6337183721065521 with train time 73.4387559890747
INFO:__main__:CHILD MODEL ACCURACY: 0.7822
INFO:__main__:Policy gradient: -0.007607883308082819
INFO:__main__:
INFO:__main__:------ ITERATION 359 ------
INFO:__main__:Layers generated: [('256', '5', '0'), ('64', '3', '2')]
INFO:__main__:ChildCNNModel(
  (model): Sequential(
    (0): Conv2d(3, 128, kernel_size=(3, 3), stride=(1, 1), padding=(1, 1))
    (1): ReLU()
    (2): MaxPool2d(kernel_size=2, stride=2, padding=0, dilation=1, ceil_mode=False)
    (3): Conv2d(128, 256, kernel_size=(5, 5), stride=(1, 1))
    (4): ReLU()
    (5): MaxPool2d(kernel_size=2, stride=2, padding=0, dilation=1, ceil_mode=False)
    (6): Conv2d(256, 64, kernel_size=(3, 3), stride=(1, 1), padding=(2, 2))
    (7): ReLU()
    (8): MaxPool2d(kernel_size=2, stride=2, padding=0, dilation=1, ceil_mode=False)
    (9): Flatten(start_dim=1, end_dim=-1)
    (10): Linear(in_features=1024, out_features=512, bias=True)
    (11): ReLU()
    (12): Linear(in_features=512, out_features=256, bias=True)
    (13): ReLU()
    (14): Linear(in_features=256, out_features=10, bias=True)
  )
)
INFO:__main__:CHILD MODEL LOSS: 0.5960843954086303 with train time 71.47081899642944
INFO:__main__:CHILD MODEL ACCURACY: 0.7873
INFO:__main__:Policy gradient: 0.02597983181476593
INFO:__main__:
INFO:__main__:------ ITERATION 360 ------
INFO:__main__:Layers generated: [('128', '3', '2'), ('64', '5', '1')]
INFO:__main__:ChildCNNModel(
  (model): Sequential(
    (0): Conv2d(3, 128, kernel_size=(3, 3), stride=(1, 1), padding=(1, 1))
    (1): ReLU()
    (2): MaxPool2d(kernel_size=2, stride=2, padding=0, dilation=1, ceil_mode=False)
    (3): Conv2d(128, 128, kernel_size=(3, 3), stride=(1, 1), padding=(2, 2))
    (4): ReLU()
    (5): MaxPool2d(kernel_size=2, stride=2, padding=0, dilation=1, ceil_mode=False)
    (6): Conv2d(128, 64, kernel_size=(5, 5), stride=(1, 1), padding=(1, 1))
    (7): ReLU()
    (8): MaxPool2d(kernel_size=2, stride=2, padding=0, dilation=1, ceil_mode=False)
    (9): Flatten(start_dim=1, end_dim=-1)
    (10): Linear(in_features=576, out_features=512, bias=True)
    (11): ReLU()
    (12): Linear(in_features=512, out_features=256, bias=True)
    (13): ReLU()
    (14): Linear(in_features=256, out_features=10, bias=True)
  )
)
INFO:__main__:CHILD MODEL LOSS: 0.6226216119527817 with train time 68.2214515209198
INFO:__main__:CHILD MODEL ACCURACY: 0.7972
INFO:__main__:Policy gradient: 0.08643079549074173
INFO:__main__:
INFO:__main__:------ ITERATION 361 ------
INFO:__main__:Layers generated: [('256', '1', '1'), ('256', '5', '0')]
INFO:__main__:ChildCNNModel(
  (model): Sequential(
    (0): Conv2d(3, 128, kernel_size=(3, 3), stride=(1, 1), padding=(1, 1))
    (1): ReLU()
    (2): MaxPool2d(kernel_size=2, stride=2, padding=0, dilation=1, ceil_mode=False)
    (3): Conv2d(128, 256, kernel_size=(1, 1), stride=(1, 1), padding=(1, 1))
    (4): ReLU()
    (5): MaxPool2d(kernel_size=2, stride=2, padding=0, dilation=1, ceil_mode=False)
    (6): Conv2d(256, 256, kernel_size=(5, 5), stride=(1, 1))
    (7): ReLU()
    (8): MaxPool2d(kernel_size=2, stride=2, padding=0, dilation=1, ceil_mode=False)
    (9): Flatten(start_dim=1, end_dim=-1)
    (10): Linear(in_features=1024, out_features=512, bias=True)
    (11): ReLU()
    (12): Linear(in_features=512, out_features=256, bias=True)
    (13): ReLU()
    (14): Linear(in_features=256, out_features=10, bias=True)
  )
)
INFO:__main__:CHILD MODEL LOSS: 0.5432831391096115 with train time 71.34271764755249
INFO:__main__:CHILD MODEL ACCURACY: 0.8109
INFO:__main__:Policy gradient: 0.15365171432495117
INFO:__main__:
INFO:__main__:------ ITERATION 362 ------
INFO:__main__:Layers generated: [('128', '1', '2'), ('32', '5', '1')]
INFO:__main__:ChildCNNModel(
  (model): Sequential(
    (0): Conv2d(3, 128, kernel_size=(3, 3), stride=(1, 1), padding=(1, 1))
    (1): ReLU()
    (2): MaxPool2d(kernel_size=2, stride=2, padding=0, dilation=1, ceil_mode=False)
    (3): Conv2d(128, 128, kernel_size=(1, 1), stride=(1, 1), padding=(2, 2))
    (4): ReLU()
    (5): MaxPool2d(kernel_size=2, stride=2, padding=0, dilation=1, ceil_mode=False)
    (6): Conv2d(128, 32, kernel_size=(5, 5), stride=(1, 1), padding=(1, 1))
    (7): ReLU()
    (8): MaxPool2d(kernel_size=2, stride=2, padding=0, dilation=1, ceil_mode=False)
    (9): Flatten(start_dim=1, end_dim=-1)
    (10): Linear(in_features=512, out_features=512, bias=True)
    (11): ReLU()
    (12): Linear(in_features=512, out_features=256, bias=True)
    (13): ReLU()
    (14): Linear(in_features=256, out_features=10, bias=True)
  )
)
INFO:__main__:CHILD MODEL LOSS: 0.6925780963897705 with train time 66.541090965271
INFO:__main__:CHILD MODEL ACCURACY: 0.7668
INFO:__main__:Policy gradient: -0.16277772188186646
INFO:__main__:
INFO:__main__:------ ITERATION 363 ------
INFO:__main__:Layers generated: [('64', '3', '2'), ('64', '5', '1')]
INFO:__main__:ChildCNNModel(
  (model): Sequential(
    (0): Conv2d(3, 128, kernel_size=(3, 3), stride=(1, 1), padding=(1, 1))
    (1): ReLU()
    (2): MaxPool2d(kernel_size=2, stride=2, padding=0, dilation=1, ceil_mode=False)
    (3): Conv2d(128, 64, kernel_size=(3, 3), stride=(1, 1), padding=(2, 2))
    (4): ReLU()
    (5): MaxPool2d(kernel_size=2, stride=2, padding=0, dilation=1, ceil_mode=False)
    (6): Conv2d(64, 64, kernel_size=(5, 5), stride=(1, 1), padding=(1, 1))
    (7): ReLU()
    (8): MaxPool2d(kernel_size=2, stride=2, padding=0, dilation=1, ceil_mode=False)
    (9): Flatten(start_dim=1, end_dim=-1)
    (10): Linear(in_features=576, out_features=512, bias=True)
    (11): ReLU()
    (12): Linear(in_features=512, out_features=256, bias=True)
    (13): ReLU()
    (14): Linear(in_features=256, out_features=10, bias=True)
  )
)
INFO:__main__:CHILD MODEL LOSS: 0.6511669540405274 with train time 62.55567669868469
INFO:__main__:CHILD MODEL ACCURACY: 0.7846
INFO:__main__:Policy gradient: -0.006255703046917915
INFO:__main__:
INFO:__main__:------ ITERATION 364 ------
INFO:__main__:Layers generated: [('64', '3', '0'), ('256', '5', '1')]
INFO:__main__:ChildCNNModel(
  (model): Sequential(
    (0): Conv2d(3, 128, kernel_size=(3, 3), stride=(1, 1), padding=(1, 1))
    (1): ReLU()
    (2): MaxPool2d(kernel_size=2, stride=2, padding=0, dilation=1, ceil_mode=False)
    (3): Conv2d(128, 64, kernel_size=(3, 3), stride=(1, 1))
    (4): ReLU()
    (5): MaxPool2d(kernel_size=2, stride=2, padding=0, dilation=1, ceil_mode=False)
    (6): Conv2d(64, 256, kernel_size=(5, 5), stride=(1, 1), padding=(1, 1))
    (7): ReLU()
    (8): MaxPool2d(kernel_size=2, stride=2, padding=0, dilation=1, ceil_mode=False)
    (9): Flatten(start_dim=1, end_dim=-1)
    (10): Linear(in_features=1024, out_features=512, bias=True)
    (11): ReLU()
    (12): Linear(in_features=512, out_features=256, bias=True)
    (13): ReLU()
    (14): Linear(in_features=256, out_features=10, bias=True)
  )
)
INFO:__main__:CHILD MODEL LOSS: 0.6006353693008423 with train time 62.51658320426941
INFO:__main__:CHILD MODEL ACCURACY: 0.7947
INFO:__main__:Policy gradient: 0.05735870450735092
INFO:__main__:
INFO:__main__:------ ITERATION 365 ------
INFO:__main__:Layers generated: [('64', '3', '2'), ('64', '5', '1')]
INFO:__main__:ChildCNNModel(
  (model): Sequential(
    (0): Conv2d(3, 128, kernel_size=(3, 3), stride=(1, 1), padding=(1, 1))
    (1): ReLU()
    (2): MaxPool2d(kernel_size=2, stride=2, padding=0, dilation=1, ceil_mode=False)
    (3): Conv2d(128, 64, kernel_size=(3, 3), stride=(1, 1), padding=(2, 2))
    (4): ReLU()
    (5): MaxPool2d(kernel_size=2, stride=2, padding=0, dilation=1, ceil_mode=False)
    (6): Conv2d(64, 64, kernel_size=(5, 5), stride=(1, 1), padding=(1, 1))
    (7): ReLU()
    (8): MaxPool2d(kernel_size=2, stride=2, padding=0, dilation=1, ceil_mode=False)
    (9): Flatten(start_dim=1, end_dim=-1)
    (10): Linear(in_features=576, out_features=512, bias=True)
    (11): ReLU()
    (12): Linear(in_features=512, out_features=256, bias=True)
    (13): ReLU()
    (14): Linear(in_features=256, out_features=10, bias=True)
  )
)
INFO:__main__:CHILD MODEL LOSS: 0.6441450976133346 with train time 62.49825048446655
INFO:__main__:CHILD MODEL ACCURACY: 0.784
INFO:__main__:Policy gradient: -0.014761450700461864
INFO:__main__:
INFO:__main__:------ ITERATION 366 ------
INFO:__main__:Layers generated: [('256', '5', '2'), ('256', '5', '0')]
INFO:__main__:ChildCNNModel(
  (model): Sequential(
    (0): Conv2d(3, 128, kernel_size=(3, 3), stride=(1, 1), padding=(1, 1))
    (1): ReLU()
    (2): MaxPool2d(kernel_size=2, stride=2, padding=0, dilation=1, ceil_mode=False)
    (3): Conv2d(128, 256, kernel_size=(5, 5), stride=(1, 1), padding=(2, 2))
    (4): ReLU()
    (5): MaxPool2d(kernel_size=2, stride=2, padding=0, dilation=1, ceil_mode=False)
    (6): Conv2d(256, 256, kernel_size=(5, 5), stride=(1, 1))
    (7): ReLU()
    (8): MaxPool2d(kernel_size=2, stride=2, padding=0, dilation=1, ceil_mode=False)
    (9): Flatten(start_dim=1, end_dim=-1)
    (10): Linear(in_features=1024, out_features=512, bias=True)
    (11): ReLU()
    (12): Linear(in_features=512, out_features=256, bias=True)
    (13): ReLU()
    (14): Linear(in_features=256, out_features=10, bias=True)
  )
)
INFO:__main__:CHILD MODEL LOSS: 0.6006412390470505 with train time 75.70899558067322
INFO:__main__:CHILD MODEL ACCURACY: 0.7761
INFO:__main__:Policy gradient: -0.056573834270238876
INFO:__main__:
INFO:__main__:------ ITERATION 367 ------
INFO:__main__:Layers generated: [('256', '5', '1'), ('128', '3', '2')]
INFO:__main__:ChildCNNModel(
  (model): Sequential(
    (0): Conv2d(3, 128, kernel_size=(3, 3), stride=(1, 1), padding=(1, 1))
    (1): ReLU()
    (2): MaxPool2d(kernel_size=2, stride=2, padding=0, dilation=1, ceil_mode=False)
    (3): Conv2d(128, 256, kernel_size=(5, 5), stride=(1, 1), padding=(1, 1))
    (4): ReLU()
    (5): MaxPool2d(kernel_size=2, stride=2, padding=0, dilation=1, ceil_mode=False)
    (6): Conv2d(256, 128, kernel_size=(3, 3), stride=(1, 1), padding=(2, 2))
    (7): ReLU()
    (8): MaxPool2d(kernel_size=2, stride=2, padding=0, dilation=1, ceil_mode=False)
    (9): Flatten(start_dim=1, end_dim=-1)
    (10): Linear(in_features=2048, out_features=512, bias=True)
    (11): ReLU()
    (12): Linear(in_features=512, out_features=256, bias=True)
    (13): ReLU()
    (14): Linear(in_features=256, out_features=10, bias=True)
  )
)
INFO:__main__:CHILD MODEL LOSS: 0.567359284043312 with train time 74.2221794128418
INFO:__main__:CHILD MODEL ACCURACY: 0.8046
INFO:__main__:Policy gradient: 0.13514894247055054
INFO:__main__:
INFO:__main__:------ ITERATION 368 ------
INFO:__main__:Layers generated: [('256', '3', '2'), ('256', '3', '1')]
INFO:__main__:ChildCNNModel(
  (model): Sequential(
    (0): Conv2d(3, 128, kernel_size=(3, 3), stride=(1, 1), padding=(1, 1))
    (1): ReLU()
    (2): MaxPool2d(kernel_size=2, stride=2, padding=0, dilation=1, ceil_mode=False)
    (3): Conv2d(128, 256, kernel_size=(3, 3), stride=(1, 1), padding=(2, 2))
    (4): ReLU()
    (5): MaxPool2d(kernel_size=2, stride=2, padding=0, dilation=1, ceil_mode=False)
    (6): Conv2d(256, 256, kernel_size=(3, 3), stride=(1, 1), padding=(1, 1))
    (7): ReLU()
    (8): MaxPool2d(kernel_size=2, stride=2, padding=0, dilation=1, ceil_mode=False)
    (9): Flatten(start_dim=1, end_dim=-1)
    (10): Linear(in_features=4096, out_features=512, bias=True)
    (11): ReLU()
    (12): Linear(in_features=512, out_features=256, bias=True)
    (13): ReLU()
    (14): Linear(in_features=256, out_features=10, bias=True)
  )
)
INFO:__main__:CHILD MODEL LOSS: 0.5464743232727051 with train time 75.99006605148315
INFO:__main__:CHILD MODEL ACCURACY: 0.814
INFO:__main__:Policy gradient: 0.15272854268550873
INFO:__main__:
INFO:__main__:------ ITERATION 369 ------
INFO:__main__:Layers generated: [('256', '5', '0'), ('256', '1', '2')]
INFO:__main__:ChildCNNModel(
  (model): Sequential(
    (0): Conv2d(3, 128, kernel_size=(3, 3), stride=(1, 1), padding=(1, 1))
    (1): ReLU()
    (2): MaxPool2d(kernel_size=2, stride=2, padding=0, dilation=1, ceil_mode=False)
    (3): Conv2d(128, 256, kernel_size=(5, 5), stride=(1, 1))
    (4): ReLU()
    (5): MaxPool2d(kernel_size=2, stride=2, padding=0, dilation=1, ceil_mode=False)
    (6): Conv2d(256, 256, kernel_size=(1, 1), stride=(1, 1), padding=(2, 2))
    (7): ReLU()
    (8): MaxPool2d(kernel_size=2, stride=2, padding=0, dilation=1, ceil_mode=False)
    (9): Flatten(start_dim=1, end_dim=-1)
    (10): Linear(in_features=6400, out_features=512, bias=True)
    (11): ReLU()
    (12): Linear(in_features=512, out_features=256, bias=True)
    (13): ReLU()
    (14): Linear(in_features=256, out_features=10, bias=True)
  )
)
INFO:__main__:CHILD MODEL LOSS: 0.5960738977193832 with train time 71.7784812450409
INFO:__main__:CHILD MODEL ACCURACY: 0.797
INFO:__main__:Policy gradient: 0.05112979933619499
INFO:__main__:
INFO:__main__:------ ITERATION 370 ------
INFO:__main__:Layers generated: [('256', '5', '2'), ('256', '5', '2')]
INFO:__main__:ChildCNNModel(
  (model): Sequential(
    (0): Conv2d(3, 128, kernel_size=(3, 3), stride=(1, 1), padding=(1, 1))
    (1): ReLU()
    (2): MaxPool2d(kernel_size=2, stride=2, padding=0, dilation=1, ceil_mode=False)
    (3): Conv2d(128, 256, kernel_size=(5, 5), stride=(1, 1), padding=(2, 2))
    (4): ReLU()
    (5): MaxPool2d(kernel_size=2, stride=2, padding=0, dilation=1, ceil_mode=False)
    (6): Conv2d(256, 256, kernel_size=(5, 5), stride=(1, 1), padding=(2, 2))
    (7): ReLU()
    (8): MaxPool2d(kernel_size=2, stride=2, padding=0, dilation=1, ceil_mode=False)
    (9): Flatten(start_dim=1, end_dim=-1)
    (10): Linear(in_features=4096, out_features=512, bias=True)
    (11): ReLU()
    (12): Linear(in_features=512, out_features=256, bias=True)
    (13): ReLU()
    (14): Linear(in_features=256, out_features=10, bias=True)
  )
)
INFO:__main__:CHILD MODEL LOSS: 0.6481856684684754 with train time 82.82009220123291
INFO:__main__:CHILD MODEL ACCURACY: 0.7697
INFO:__main__:Policy gradient: -0.10657075047492981
INFO:__main__:
INFO:__main__:------ ITERATION 371 ------
INFO:__main__:Layers generated: [('32', '1', '0'), ('64', '5', '2')]
INFO:__main__:ChildCNNModel(
  (model): Sequential(
    (0): Conv2d(3, 128, kernel_size=(3, 3), stride=(1, 1), padding=(1, 1))
    (1): ReLU()
    (2): MaxPool2d(kernel_size=2, stride=2, padding=0, dilation=1, ceil_mode=False)
    (3): Conv2d(128, 32, kernel_size=(1, 1), stride=(1, 1))
    (4): ReLU()
    (5): MaxPool2d(kernel_size=2, stride=2, padding=0, dilation=1, ceil_mode=False)
    (6): Conv2d(32, 64, kernel_size=(5, 5), stride=(1, 1), padding=(2, 2))
    (7): ReLU()
    (8): MaxPool2d(kernel_size=2, stride=2, padding=0, dilation=1, ceil_mode=False)
    (9): Flatten(start_dim=1, end_dim=-1)
    (10): Linear(in_features=1024, out_features=512, bias=True)
    (11): ReLU()
    (12): Linear(in_features=512, out_features=256, bias=True)
    (13): ReLU()
    (14): Linear(in_features=256, out_features=10, bias=True)
  )
)
INFO:__main__:CHILD MODEL LOSS: 0.6859978847503662 with train time 63.581597566604614
INFO:__main__:CHILD MODEL ACCURACY: 0.7686
INFO:__main__:Policy gradient: -0.16095872223377228
INFO:__main__:
INFO:__main__:------ ITERATION 372 ------
INFO:__main__:Layers generated: [('256', '5', '1'), ('128', '5', '1')]
INFO:__main__:ChildCNNModel(
  (model): Sequential(
    (0): Conv2d(3, 128, kernel_size=(3, 3), stride=(1, 1), padding=(1, 1))
    (1): ReLU()
    (2): MaxPool2d(kernel_size=2, stride=2, padding=0, dilation=1, ceil_mode=False)
    (3): Conv2d(128, 256, kernel_size=(5, 5), stride=(1, 1), padding=(1, 1))
    (4): ReLU()
    (5): MaxPool2d(kernel_size=2, stride=2, padding=0, dilation=1, ceil_mode=False)
    (6): Conv2d(256, 128, kernel_size=(5, 5), stride=(1, 1), padding=(1, 1))
    (7): ReLU()
    (8): MaxPool2d(kernel_size=2, stride=2, padding=0, dilation=1, ceil_mode=False)
    (9): Flatten(start_dim=1, end_dim=-1)
    (10): Linear(in_features=512, out_features=512, bias=True)
    (11): ReLU()
    (12): Linear(in_features=512, out_features=256, bias=True)
    (13): ReLU()
    (14): Linear(in_features=256, out_features=10, bias=True)
  )
)
INFO:__main__:CHILD MODEL LOSS: 0.6050017882585526 with train time 73.247394323349
INFO:__main__:CHILD MODEL ACCURACY: 0.7867
INFO:__main__:Policy gradient: 0.0014179775025695562
INFO:__main__:
INFO:__main__:------ ITERATION 373 ------
INFO:__main__:Layers generated: [('64', '1', '2'), ('32', '5', '1')]
INFO:__main__:ChildCNNModel(
  (model): Sequential(
    (0): Conv2d(3, 128, kernel_size=(3, 3), stride=(1, 1), padding=(1, 1))
    (1): ReLU()
    (2): MaxPool2d(kernel_size=2, stride=2, padding=0, dilation=1, ceil_mode=False)
    (3): Conv2d(128, 64, kernel_size=(1, 1), stride=(1, 1), padding=(2, 2))
    (4): ReLU()
    (5): MaxPool2d(kernel_size=2, stride=2, padding=0, dilation=1, ceil_mode=False)
    (6): Conv2d(64, 32, kernel_size=(5, 5), stride=(1, 1), padding=(1, 1))
    (7): ReLU()
    (8): MaxPool2d(kernel_size=2, stride=2, padding=0, dilation=1, ceil_mode=False)
    (9): Flatten(start_dim=1, end_dim=-1)
    (10): Linear(in_features=512, out_features=512, bias=True)
    (11): ReLU()
    (12): Linear(in_features=512, out_features=256, bias=True)
    (13): ReLU()
    (14): Linear(in_features=256, out_features=10, bias=True)
  )
)
INFO:__main__:CHILD MODEL LOSS: 0.7228960480690002 with train time 61.50819110870361
INFO:__main__:CHILD MODEL ACCURACY: 0.7562
INFO:__main__:Policy gradient: -0.22317630052566528
INFO:__main__:
INFO:__main__:------ ITERATION 374 ------
INFO:__main__:Layers generated: [('64', '3', '2'), ('128', '5', '2')]
INFO:__main__:ChildCNNModel(
  (model): Sequential(
    (0): Conv2d(3, 128, kernel_size=(3, 3), stride=(1, 1), padding=(1, 1))
    (1): ReLU()
    (2): MaxPool2d(kernel_size=2, stride=2, padding=0, dilation=1, ceil_mode=False)
    (3): Conv2d(128, 64, kernel_size=(3, 3), stride=(1, 1), padding=(2, 2))
    (4): ReLU()
    (5): MaxPool2d(kernel_size=2, stride=2, padding=0, dilation=1, ceil_mode=False)
    (6): Conv2d(64, 128, kernel_size=(5, 5), stride=(1, 1), padding=(2, 2))
    (7): ReLU()
    (8): MaxPool2d(kernel_size=2, stride=2, padding=0, dilation=1, ceil_mode=False)
    (9): Flatten(start_dim=1, end_dim=-1)
    (10): Linear(in_features=2048, out_features=512, bias=True)
    (11): ReLU()
    (12): Linear(in_features=512, out_features=256, bias=True)
    (13): ReLU()
    (14): Linear(in_features=256, out_features=10, bias=True)
  )
)
INFO:__main__:CHILD MODEL LOSS: 0.5823735333681107 with train time 63.65808582305908
INFO:__main__:CHILD MODEL ACCURACY: 0.8041
INFO:__main__:Policy gradient: 0.1357700377702713
INFO:__main__:
INFO:__main__:------ ITERATION 375 ------
INFO:__main__:Layers generated: [('128', '3', '1'), ('256', '3', '1')]
INFO:__main__:ChildCNNModel(
  (model): Sequential(
    (0): Conv2d(3, 128, kernel_size=(3, 3), stride=(1, 1), padding=(1, 1))
    (1): ReLU()
    (2): MaxPool2d(kernel_size=2, stride=2, padding=0, dilation=1, ceil_mode=False)
    (3): Conv2d(128, 128, kernel_size=(3, 3), stride=(1, 1), padding=(1, 1))
    (4): ReLU()
    (5): MaxPool2d(kernel_size=2, stride=2, padding=0, dilation=1, ceil_mode=False)
    (6): Conv2d(128, 256, kernel_size=(3, 3), stride=(1, 1), padding=(1, 1))
    (7): ReLU()
    (8): MaxPool2d(kernel_size=2, stride=2, padding=0, dilation=1, ceil_mode=False)
    (9): Flatten(start_dim=1, end_dim=-1)
    (10): Linear(in_features=4096, out_features=512, bias=True)
    (11): ReLU()
    (12): Linear(in_features=512, out_features=256, bias=True)
    (13): ReLU()
    (14): Linear(in_features=256, out_features=10, bias=True)
  )
)
INFO:__main__:CHILD MODEL LOSS: 0.5021524415016174 with train time 64.91661667823792
INFO:__main__:CHILD MODEL ACCURACY: 0.8112
INFO:__main__:Policy gradient: 0.17844019830226898
INFO:__main__:
INFO:__main__:------ ITERATION 376 ------
INFO:__main__:Layers generated: [('64', '5', '2'), ('64', '5', '2')]
INFO:__main__:ChildCNNModel(
  (model): Sequential(
    (0): Conv2d(3, 128, kernel_size=(3, 3), stride=(1, 1), padding=(1, 1))
    (1): ReLU()
    (2): MaxPool2d(kernel_size=2, stride=2, padding=0, dilation=1, ceil_mode=False)
    (3): Conv2d(128, 64, kernel_size=(5, 5), stride=(1, 1), padding=(2, 2))
    (4): ReLU()
    (5): MaxPool2d(kernel_size=2, stride=2, padding=0, dilation=1, ceil_mode=False)
    (6): Conv2d(64, 64, kernel_size=(5, 5), stride=(1, 1), padding=(2, 2))
    (7): ReLU()
    (8): MaxPool2d(kernel_size=2, stride=2, padding=0, dilation=1, ceil_mode=False)
    (9): Flatten(start_dim=1, end_dim=-1)
    (10): Linear(in_features=1024, out_features=512, bias=True)
    (11): ReLU()
    (12): Linear(in_features=512, out_features=256, bias=True)
    (13): ReLU()
    (14): Linear(in_features=256, out_features=10, bias=True)
  )
)
INFO:__main__:CHILD MODEL LOSS: 0.6225031380653381 with train time 65.52771067619324
INFO:__main__:CHILD MODEL ACCURACY: 0.7877
INFO:__main__:Policy gradient: -0.002366697182878852
INFO:__main__:
INFO:__main__:------ ITERATION 377 ------
INFO:__main__:Layers generated: [('64', '5', '2'), ('64', '3', '2')]
INFO:__main__:ChildCNNModel(
  (model): Sequential(
    (0): Conv2d(3, 128, kernel_size=(3, 3), stride=(1, 1), padding=(1, 1))
    (1): ReLU()
    (2): MaxPool2d(kernel_size=2, stride=2, padding=0, dilation=1, ceil_mode=False)
    (3): Conv2d(128, 64, kernel_size=(5, 5), stride=(1, 1), padding=(2, 2))
    (4): ReLU()
    (5): MaxPool2d(kernel_size=2, stride=2, padding=0, dilation=1, ceil_mode=False)
    (6): Conv2d(64, 64, kernel_size=(3, 3), stride=(1, 1), padding=(2, 2))
    (7): ReLU()
    (8): MaxPool2d(kernel_size=2, stride=2, padding=0, dilation=1, ceil_mode=False)
    (9): Flatten(start_dim=1, end_dim=-1)
    (10): Linear(in_features=1600, out_features=512, bias=True)
    (11): ReLU()
    (12): Linear(in_features=512, out_features=256, bias=True)
    (13): ReLU()
    (14): Linear(in_features=256, out_features=10, bias=True)
  )
)
INFO:__main__:CHILD MODEL LOSS: 0.6157676430940628 with train time 65.58207750320435
INFO:__main__:CHILD MODEL ACCURACY: 0.7794
INFO:__main__:Policy gradient: -0.05598326772451401
INFO:__main__:
INFO:__main__:------ ITERATION 378 ------
INFO:__main__:Layers generated: [('256', '1', '2'), ('64', '5', '1')]
INFO:__main__:ChildCNNModel(
  (model): Sequential(
    (0): Conv2d(3, 128, kernel_size=(3, 3), stride=(1, 1), padding=(1, 1))
    (1): ReLU()
    (2): MaxPool2d(kernel_size=2, stride=2, padding=0, dilation=1, ceil_mode=False)
    (3): Conv2d(128, 256, kernel_size=(1, 1), stride=(1, 1), padding=(2, 2))
    (4): ReLU()
    (5): MaxPool2d(kernel_size=2, stride=2, padding=0, dilation=1, ceil_mode=False)
    (6): Conv2d(256, 64, kernel_size=(5, 5), stride=(1, 1), padding=(1, 1))
    (7): ReLU()
    (8): MaxPool2d(kernel_size=2, stride=2, padding=0, dilation=1, ceil_mode=False)
    (9): Flatten(start_dim=1, end_dim=-1)
    (10): Linear(in_features=1024, out_features=512, bias=True)
    (11): ReLU()
    (12): Linear(in_features=512, out_features=256, bias=True)
    (13): ReLU()
    (14): Linear(in_features=256, out_features=10, bias=True)
  )
)
INFO:__main__:CHILD MODEL LOSS: 0.6219936046600342 with train time 68.91280555725098
INFO:__main__:CHILD MODEL ACCURACY: 0.7818
INFO:__main__:Policy gradient: -0.030797170475125313
INFO:__main__:
INFO:__main__:------ ITERATION 379 ------
INFO:__main__:Layers generated: [('64', '5', '0'), ('256', '5', '1')]
INFO:__main__:ChildCNNModel(
  (model): Sequential(
    (0): Conv2d(3, 128, kernel_size=(3, 3), stride=(1, 1), padding=(1, 1))
    (1): ReLU()
    (2): MaxPool2d(kernel_size=2, stride=2, padding=0, dilation=1, ceil_mode=False)
    (3): Conv2d(128, 64, kernel_size=(5, 5), stride=(1, 1))
    (4): ReLU()
    (5): MaxPool2d(kernel_size=2, stride=2, padding=0, dilation=1, ceil_mode=False)
    (6): Conv2d(64, 256, kernel_size=(5, 5), stride=(1, 1), padding=(1, 1))
    (7): ReLU()
    (8): MaxPool2d(kernel_size=2, stride=2, padding=0, dilation=1, ceil_mode=False)
    (9): Flatten(start_dim=1, end_dim=-1)
    (10): Linear(in_features=1024, out_features=512, bias=True)
    (11): ReLU()
    (12): Linear(in_features=512, out_features=256, bias=True)
    (13): ReLU()
    (14): Linear(in_features=256, out_features=10, bias=True)
  )
)
INFO:__main__:CHILD MODEL LOSS: 0.6433575673103332 with train time 62.64781904220581
INFO:__main__:CHILD MODEL ACCURACY: 0.7851
INFO:__main__:Policy gradient: -0.009601643308997154
INFO:__main__:
INFO:__main__:------ ITERATION 380 ------
INFO:__main__:Layers generated: [('64', '5', '1'), ('64', '5', '1')]
INFO:__main__:ChildCNNModel(
  (model): Sequential(
    (0): Conv2d(3, 128, kernel_size=(3, 3), stride=(1, 1), padding=(1, 1))
    (1): ReLU()
    (2): MaxPool2d(kernel_size=2, stride=2, padding=0, dilation=1, ceil_mode=False)
    (3): Conv2d(128, 64, kernel_size=(5, 5), stride=(1, 1), padding=(1, 1))
    (4): ReLU()
    (5): MaxPool2d(kernel_size=2, stride=2, padding=0, dilation=1, ceil_mode=False)
    (6): Conv2d(64, 64, kernel_size=(5, 5), stride=(1, 1), padding=(1, 1))
    (7): ReLU()
    (8): MaxPool2d(kernel_size=2, stride=2, padding=0, dilation=1, ceil_mode=False)
    (9): Flatten(start_dim=1, end_dim=-1)
    (10): Linear(in_features=256, out_features=512, bias=True)
    (11): ReLU()
    (12): Linear(in_features=512, out_features=256, bias=True)
    (13): ReLU()
    (14): Linear(in_features=256, out_features=10, bias=True)
  )
)
INFO:__main__:CHILD MODEL LOSS: 0.7100898971557618 with train time 62.789011001586914
INFO:__main__:CHILD MODEL ACCURACY: 0.7645
INFO:__main__:Policy gradient: -0.1363048106431961
INFO:__main__:
INFO:__main__:------ ITERATION 381 ------
INFO:__main__:Layers generated: [('64', '3', '2'), ('16', '1', '0')]
INFO:__main__:ChildCNNModel(
  (model): Sequential(
    (0): Conv2d(3, 128, kernel_size=(3, 3), stride=(1, 1), padding=(1, 1))
    (1): ReLU()
    (2): MaxPool2d(kernel_size=2, stride=2, padding=0, dilation=1, ceil_mode=False)
    (3): Conv2d(128, 64, kernel_size=(3, 3), stride=(1, 1), padding=(2, 2))
    (4): ReLU()
    (5): MaxPool2d(kernel_size=2, stride=2, padding=0, dilation=1, ceil_mode=False)
    (6): Conv2d(64, 16, kernel_size=(1, 1), stride=(1, 1))
    (7): ReLU()
    (8): MaxPool2d(kernel_size=2, stride=2, padding=0, dilation=1, ceil_mode=False)
    (9): Flatten(start_dim=1, end_dim=-1)
    (10): Linear(in_features=256, out_features=512, bias=True)
    (11): ReLU()
    (12): Linear(in_features=512, out_features=256, bias=True)
    (13): ReLU()
    (14): Linear(in_features=256, out_features=10, bias=True)
  )
)
INFO:__main__:CHILD MODEL LOSS: 0.7996082851886749 with train time 62.216235399246216
INFO:__main__:CHILD MODEL ACCURACY: 0.7423
INFO:__main__:Policy gradient: -0.41579508781433105
INFO:__main__:
INFO:__main__:------ ITERATION 382 ------
INFO:__main__:Layers generated: [('256', '3', '0'), ('128', '1', '0')]
INFO:__main__:ChildCNNModel(
  (model): Sequential(
    (0): Conv2d(3, 128, kernel_size=(3, 3), stride=(1, 1), padding=(1, 1))
    (1): ReLU()
    (2): MaxPool2d(kernel_size=2, stride=2, padding=0, dilation=1, ceil_mode=False)
    (3): Conv2d(128, 256, kernel_size=(3, 3), stride=(1, 1))
    (4): ReLU()
    (5): MaxPool2d(kernel_size=2, stride=2, padding=0, dilation=1, ceil_mode=False)
    (6): Conv2d(256, 128, kernel_size=(1, 1), stride=(1, 1))
    (7): ReLU()
    (8): MaxPool2d(kernel_size=2, stride=2, padding=0, dilation=1, ceil_mode=False)
    (9): Flatten(start_dim=1, end_dim=-1)
    (10): Linear(in_features=1152, out_features=512, bias=True)
    (11): ReLU()
    (12): Linear(in_features=512, out_features=256, bias=True)
    (13): ReLU()
    (14): Linear(in_features=256, out_features=10, bias=True)
  )
)
INFO:__main__:CHILD MODEL LOSS: 0.6785807974338531 with train time 66.05613708496094
INFO:__main__:CHILD MODEL ACCURACY: 0.7709
INFO:__main__:Policy gradient: -0.07677911221981049
INFO:__main__:
INFO:__main__:------ ITERATION 383 ------
INFO:__main__:Layers generated: [('256', '3', '1'), ('256', '3', '0')]
INFO:__main__:ChildCNNModel(
  (model): Sequential(
    (0): Conv2d(3, 128, kernel_size=(3, 3), stride=(1, 1), padding=(1, 1))
    (1): ReLU()
    (2): MaxPool2d(kernel_size=2, stride=2, padding=0, dilation=1, ceil_mode=False)
    (3): Conv2d(128, 256, kernel_size=(3, 3), stride=(1, 1), padding=(1, 1))
    (4): ReLU()
    (5): MaxPool2d(kernel_size=2, stride=2, padding=0, dilation=1, ceil_mode=False)
    (6): Conv2d(256, 256, kernel_size=(3, 3), stride=(1, 1))
    (7): ReLU()
    (8): MaxPool2d(kernel_size=2, stride=2, padding=0, dilation=1, ceil_mode=False)
    (9): Flatten(start_dim=1, end_dim=-1)
    (10): Linear(in_features=2304, out_features=512, bias=True)
    (11): ReLU()
    (12): Linear(in_features=512, out_features=256, bias=True)
    (13): ReLU()
    (14): Linear(in_features=256, out_features=10, bias=True)
  )
)
INFO:__main__:CHILD MODEL LOSS: 0.5374861941337585 with train time 69.25555968284607
INFO:__main__:CHILD MODEL ACCURACY: 0.8086
INFO:__main__:Policy gradient: 0.181579127907753
INFO:__main__:
INFO:__main__:------ ITERATION 384 ------
INFO:__main__:Layers generated: [('256', '3', '2'), ('64', '3', '1')]
INFO:__main__:ChildCNNModel(
  (model): Sequential(
    (0): Conv2d(3, 128, kernel_size=(3, 3), stride=(1, 1), padding=(1, 1))
    (1): ReLU()
    (2): MaxPool2d(kernel_size=2, stride=2, padding=0, dilation=1, ceil_mode=False)
    (3): Conv2d(128, 256, kernel_size=(3, 3), stride=(1, 1), padding=(2, 2))
    (4): ReLU()
    (5): MaxPool2d(kernel_size=2, stride=2, padding=0, dilation=1, ceil_mode=False)
    (6): Conv2d(256, 64, kernel_size=(3, 3), stride=(1, 1), padding=(1, 1))
    (7): ReLU()
    (8): MaxPool2d(kernel_size=2, stride=2, padding=0, dilation=1, ceil_mode=False)
    (9): Flatten(start_dim=1, end_dim=-1)
    (10): Linear(in_features=1024, out_features=512, bias=True)
    (11): ReLU()
    (12): Linear(in_features=512, out_features=256, bias=True)
    (13): ReLU()
    (14): Linear(in_features=256, out_features=10, bias=True)
  )
)
INFO:__main__:CHILD MODEL LOSS: 0.5854816943407058 with train time 70.42891931533813
INFO:__main__:CHILD MODEL ACCURACY: 0.8026
INFO:__main__:Policy gradient: 0.12139685451984406
INFO:__main__:
INFO:__main__:------ ITERATION 385 ------
INFO:__main__:Layers generated: [('64', '3', '2'), ('256', '5', '1')]
INFO:__main__:ChildCNNModel(
  (model): Sequential(
    (0): Conv2d(3, 128, kernel_size=(3, 3), stride=(1, 1), padding=(1, 1))
    (1): ReLU()
    (2): MaxPool2d(kernel_size=2, stride=2, padding=0, dilation=1, ceil_mode=False)
    (3): Conv2d(128, 64, kernel_size=(3, 3), stride=(1, 1), padding=(2, 2))
    (4): ReLU()
    (5): MaxPool2d(kernel_size=2, stride=2, padding=0, dilation=1, ceil_mode=False)
    (6): Conv2d(64, 256, kernel_size=(5, 5), stride=(1, 1), padding=(1, 1))
    (7): ReLU()
    (8): MaxPool2d(kernel_size=2, stride=2, padding=0, dilation=1, ceil_mode=False)
    (9): Flatten(start_dim=1, end_dim=-1)
    (10): Linear(in_features=2304, out_features=512, bias=True)
    (11): ReLU()
    (12): Linear(in_features=512, out_features=256, bias=True)
    (13): ReLU()
    (14): Linear(in_features=256, out_features=10, bias=True)
  )
)
INFO:__main__:CHILD MODEL LOSS: 0.5633624747991562 with train time 63.959885597229004
INFO:__main__:CHILD MODEL ACCURACY: 0.7886
INFO:__main__:Policy gradient: 0.02566145919263363
INFO:__main__:
INFO:__main__:------ ITERATION 386 ------
INFO:__main__:Layers generated: [('64', '3', '2'), ('64', '1', '2')]
INFO:__main__:ChildCNNModel(
  (model): Sequential(
    (0): Conv2d(3, 128, kernel_size=(3, 3), stride=(1, 1), padding=(1, 1))
    (1): ReLU()
    (2): MaxPool2d(kernel_size=2, stride=2, padding=0, dilation=1, ceil_mode=False)
    (3): Conv2d(128, 64, kernel_size=(3, 3), stride=(1, 1), padding=(2, 2))
    (4): ReLU()
    (5): MaxPool2d(kernel_size=2, stride=2, padding=0, dilation=1, ceil_mode=False)
    (6): Conv2d(64, 64, kernel_size=(1, 1), stride=(1, 1), padding=(2, 2))
    (7): ReLU()
    (8): MaxPool2d(kernel_size=2, stride=2, padding=0, dilation=1, ceil_mode=False)
    (9): Flatten(start_dim=1, end_dim=-1)
    (10): Linear(in_features=2304, out_features=512, bias=True)
    (11): ReLU()
    (12): Linear(in_features=512, out_features=256, bias=True)
    (13): ReLU()
    (14): Linear(in_features=256, out_features=10, bias=True)
  )
)
INFO:__main__:CHILD MODEL LOSS: 0.6931379563808441 with train time 62.431273221969604
INFO:__main__:CHILD MODEL ACCURACY: 0.7743
INFO:__main__:Policy gradient: -0.07724525034427643
INFO:__main__:
INFO:__main__:------ ITERATION 387 ------
INFO:__main__:Layers generated: [('256', '5', '2'), ('256', '5', '2')]
INFO:__main__:ChildCNNModel(
  (model): Sequential(
    (0): Conv2d(3, 128, kernel_size=(3, 3), stride=(1, 1), padding=(1, 1))
    (1): ReLU()
    (2): MaxPool2d(kernel_size=2, stride=2, padding=0, dilation=1, ceil_mode=False)
    (3): Conv2d(128, 256, kernel_size=(5, 5), stride=(1, 1), padding=(2, 2))
    (4): ReLU()
    (5): MaxPool2d(kernel_size=2, stride=2, padding=0, dilation=1, ceil_mode=False)
    (6): Conv2d(256, 256, kernel_size=(5, 5), stride=(1, 1), padding=(2, 2))
    (7): ReLU()
    (8): MaxPool2d(kernel_size=2, stride=2, padding=0, dilation=1, ceil_mode=False)
    (9): Flatten(start_dim=1, end_dim=-1)
    (10): Linear(in_features=4096, out_features=512, bias=True)
    (11): ReLU()
    (12): Linear(in_features=512, out_features=256, bias=True)
    (13): ReLU()
    (14): Linear(in_features=256, out_features=10, bias=True)
  )
)
INFO:__main__:CHILD MODEL LOSS: 0.6709145021438598 with train time 80.8216302394867
INFO:__main__:CHILD MODEL ACCURACY: 0.7708
INFO:__main__:Policy gradient: -0.0638824924826622
INFO:__main__:
INFO:__main__:------ ITERATION 388 ------
INFO:__main__:Layers generated: [('128', '1', '2'), ('256', '1', '1')]
INFO:__main__:ChildCNNModel(
  (model): Sequential(
    (0): Conv2d(3, 128, kernel_size=(3, 3), stride=(1, 1), padding=(1, 1))
    (1): ReLU()
    (2): MaxPool2d(kernel_size=2, stride=2, padding=0, dilation=1, ceil_mode=False)
    (3): Conv2d(128, 128, kernel_size=(1, 1), stride=(1, 1), padding=(2, 2))
    (4): ReLU()
    (5): MaxPool2d(kernel_size=2, stride=2, padding=0, dilation=1, ceil_mode=False)
    (6): Conv2d(128, 256, kernel_size=(1, 1), stride=(1, 1), padding=(1, 1))
    (7): ReLU()
    (8): MaxPool2d(kernel_size=2, stride=2, padding=0, dilation=1, ceil_mode=False)
    (9): Flatten(start_dim=1, end_dim=-1)
    (10): Linear(in_features=9216, out_features=512, bias=True)
    (11): ReLU()
    (12): Linear(in_features=512, out_features=256, bias=True)
    (13): ReLU()
    (14): Linear(in_features=256, out_features=10, bias=True)
  )
)
INFO:__main__:CHILD MODEL LOSS: 0.7021897249221801 with train time 66.79640197753906
INFO:__main__:CHILD MODEL ACCURACY: 0.7697
INFO:__main__:Policy gradient: -0.09819038957357407
INFO:__main__:
INFO:__main__:------ ITERATION 389 ------
INFO:__main__:Layers generated: [('256', '1', '1'), ('64', '5', '1')]
INFO:__main__:ChildCNNModel(
  (model): Sequential(
    (0): Conv2d(3, 128, kernel_size=(3, 3), stride=(1, 1), padding=(1, 1))
    (1): ReLU()
    (2): MaxPool2d(kernel_size=2, stride=2, padding=0, dilation=1, ceil_mode=False)
    (3): Conv2d(128, 256, kernel_size=(1, 1), stride=(1, 1), padding=(1, 1))
    (4): ReLU()
    (5): MaxPool2d(kernel_size=2, stride=2, padding=0, dilation=1, ceil_mode=False)
    (6): Conv2d(256, 64, kernel_size=(5, 5), stride=(1, 1), padding=(1, 1))
    (7): ReLU()
    (8): MaxPool2d(kernel_size=2, stride=2, padding=0, dilation=1, ceil_mode=False)
    (9): Flatten(start_dim=1, end_dim=-1)
    (10): Linear(in_features=576, out_features=512, bias=True)
    (11): ReLU()
    (12): Linear(in_features=512, out_features=256, bias=True)
    (13): ReLU()
    (14): Linear(in_features=256, out_features=10, bias=True)
  )
)
INFO:__main__:CHILD MODEL LOSS: 0.6277872228622436 with train time 67.31035900115967
INFO:__main__:CHILD MODEL ACCURACY: 0.7928
INFO:__main__:Policy gradient: 0.07009505480527878
INFO:__main__:
INFO:__main__:------ ITERATION 390 ------
INFO:__main__:Layers generated: [('64', '5', '1'), ('256', '5', '0')]
INFO:__main__:ChildCNNModel(
  (model): Sequential(
    (0): Conv2d(3, 128, kernel_size=(3, 3), stride=(1, 1), padding=(1, 1))
    (1): ReLU()
    (2): MaxPool2d(kernel_size=2, stride=2, padding=0, dilation=1, ceil_mode=False)
    (3): Conv2d(128, 64, kernel_size=(5, 5), stride=(1, 1), padding=(1, 1))
    (4): ReLU()
    (5): MaxPool2d(kernel_size=2, stride=2, padding=0, dilation=1, ceil_mode=False)
    (6): Conv2d(64, 256, kernel_size=(5, 5), stride=(1, 1))
    (7): ReLU()
    (8): MaxPool2d(kernel_size=2, stride=2, padding=0, dilation=1, ceil_mode=False)
    (9): Flatten(start_dim=1, end_dim=-1)
    (10): Linear(in_features=256, out_features=512, bias=True)
    (11): ReLU()
    (12): Linear(in_features=512, out_features=256, bias=True)
    (13): ReLU()
    (14): Linear(in_features=256, out_features=10, bias=True)
  )
)
INFO:__main__:CHILD MODEL LOSS: 0.6954683790206909 with train time 62.96607255935669
INFO:__main__:CHILD MODEL ACCURACY: 0.7693
INFO:__main__:Policy gradient: -0.08070996403694153
INFO:__main__:
INFO:__main__:------ ITERATION 391 ------
INFO:__main__:Layers generated: [('256', '1', '2'), ('32', '5', '1')]
INFO:__main__:ChildCNNModel(
  (model): Sequential(
    (0): Conv2d(3, 128, kernel_size=(3, 3), stride=(1, 1), padding=(1, 1))
    (1): ReLU()
    (2): MaxPool2d(kernel_size=2, stride=2, padding=0, dilation=1, ceil_mode=False)
    (3): Conv2d(128, 256, kernel_size=(1, 1), stride=(1, 1), padding=(2, 2))
    (4): ReLU()
    (5): MaxPool2d(kernel_size=2, stride=2, padding=0, dilation=1, ceil_mode=False)
    (6): Conv2d(256, 32, kernel_size=(5, 5), stride=(1, 1), padding=(1, 1))
    (7): ReLU()
    (8): MaxPool2d(kernel_size=2, stride=2, padding=0, dilation=1, ceil_mode=False)
    (9): Flatten(start_dim=1, end_dim=-1)
    (10): Linear(in_features=512, out_features=512, bias=True)
    (11): ReLU()
    (12): Linear(in_features=512, out_features=256, bias=True)
    (13): ReLU()
    (14): Linear(in_features=256, out_features=10, bias=True)
  )
)
INFO:__main__:CHILD MODEL LOSS: 0.6861939628124237 with train time 68.46213293075562
INFO:__main__:CHILD MODEL ACCURACY: 0.7678
INFO:__main__:Policy gradient: -0.09387607872486115
INFO:__main__:
INFO:__main__:------ ITERATION 392 ------
INFO:__main__:Layers generated: [('128', '1', '2'), ('256', '3', '2')]
INFO:__main__:ChildCNNModel(
  (model): Sequential(
    (0): Conv2d(3, 128, kernel_size=(3, 3), stride=(1, 1), padding=(1, 1))
    (1): ReLU()
    (2): MaxPool2d(kernel_size=2, stride=2, padding=0, dilation=1, ceil_mode=False)
    (3): Conv2d(128, 128, kernel_size=(1, 1), stride=(1, 1), padding=(2, 2))
    (4): ReLU()
    (5): MaxPool2d(kernel_size=2, stride=2, padding=0, dilation=1, ceil_mode=False)
    (6): Conv2d(128, 256, kernel_size=(3, 3), stride=(1, 1), padding=(2, 2))
    (7): ReLU()
    (8): MaxPool2d(kernel_size=2, stride=2, padding=0, dilation=1, ceil_mode=False)
    (9): Flatten(start_dim=1, end_dim=-1)
    (10): Linear(in_features=9216, out_features=512, bias=True)
    (11): ReLU()
    (12): Linear(in_features=512, out_features=256, bias=True)
    (13): ReLU()
    (14): Linear(in_features=256, out_features=10, bias=True)
  )
)
INFO:__main__:CHILD MODEL LOSS: 0.5341593650579453 with train time 68.15941953659058
INFO:__main__:CHILD MODEL ACCURACY: 0.8022
INFO:__main__:Policy gradient: 0.15500016510486603
INFO:__main__:
INFO:__main__:------ ITERATION 393 ------
INFO:__main__:Layers generated: [('64', '3', '2'), ('256', '5', '2')]
INFO:__main__:ChildCNNModel(
  (model): Sequential(
    (0): Conv2d(3, 128, kernel_size=(3, 3), stride=(1, 1), padding=(1, 1))
    (1): ReLU()
    (2): MaxPool2d(kernel_size=2, stride=2, padding=0, dilation=1, ceil_mode=False)
    (3): Conv2d(128, 64, kernel_size=(3, 3), stride=(1, 1), padding=(2, 2))
    (4): ReLU()
    (5): MaxPool2d(kernel_size=2, stride=2, padding=0, dilation=1, ceil_mode=False)
    (6): Conv2d(64, 256, kernel_size=(5, 5), stride=(1, 1), padding=(2, 2))
    (7): ReLU()
    (8): MaxPool2d(kernel_size=2, stride=2, padding=0, dilation=1, ceil_mode=False)
    (9): Flatten(start_dim=1, end_dim=-1)
    (10): Linear(in_features=4096, out_features=512, bias=True)
    (11): ReLU()
    (12): Linear(in_features=512, out_features=256, bias=True)
    (13): ReLU()
    (14): Linear(in_features=256, out_features=10, bias=True)
  )
)
INFO:__main__:CHILD MODEL LOSS: 0.5510397287607193 with train time 64.60468435287476
INFO:__main__:CHILD MODEL ACCURACY: 0.7967
INFO:__main__:Policy gradient: 0.0859421044588089
INFO:__main__:
INFO:__main__:------ ITERATION 394 ------
INFO:__main__:Layers generated: [('256', '3', '0'), ('256', '3', '1')]
INFO:__main__:ChildCNNModel(
  (model): Sequential(
    (0): Conv2d(3, 128, kernel_size=(3, 3), stride=(1, 1), padding=(1, 1))
    (1): ReLU()
    (2): MaxPool2d(kernel_size=2, stride=2, padding=0, dilation=1, ceil_mode=False)
    (3): Conv2d(128, 256, kernel_size=(3, 3), stride=(1, 1))
    (4): ReLU()
    (5): MaxPool2d(kernel_size=2, stride=2, padding=0, dilation=1, ceil_mode=False)
    (6): Conv2d(256, 256, kernel_size=(3, 3), stride=(1, 1), padding=(1, 1))
    (7): ReLU()
    (8): MaxPool2d(kernel_size=2, stride=2, padding=0, dilation=1, ceil_mode=False)
    (9): Flatten(start_dim=1, end_dim=-1)
    (10): Linear(in_features=2304, out_features=512, bias=True)
    (11): ReLU()
    (12): Linear(in_features=512, out_features=256, bias=True)
    (13): ReLU()
    (14): Linear(in_features=256, out_features=10, bias=True)
  )
)
INFO:__main__:CHILD MODEL LOSS: 0.5645253781080246 with train time 67.83177828788757
INFO:__main__:CHILD MODEL ACCURACY: 0.7992
INFO:__main__:Policy gradient: 0.09294568002223969
INFO:__main__:
INFO:__main__:------ ITERATION 395 ------
INFO:__main__:Layers generated: [('256', '5', '2'), ('128', '5', '2')]
INFO:__main__:ChildCNNModel(
  (model): Sequential(
    (0): Conv2d(3, 128, kernel_size=(3, 3), stride=(1, 1), padding=(1, 1))
    (1): ReLU()
    (2): MaxPool2d(kernel_size=2, stride=2, padding=0, dilation=1, ceil_mode=False)
    (3): Conv2d(128, 256, kernel_size=(5, 5), stride=(1, 1), padding=(2, 2))
    (4): ReLU()
    (5): MaxPool2d(kernel_size=2, stride=2, padding=0, dilation=1, ceil_mode=False)
    (6): Conv2d(256, 128, kernel_size=(5, 5), stride=(1, 1), padding=(2, 2))
    (7): ReLU()
    (8): MaxPool2d(kernel_size=2, stride=2, padding=0, dilation=1, ceil_mode=False)
    (9): Flatten(start_dim=1, end_dim=-1)
    (10): Linear(in_features=2048, out_features=512, bias=True)
    (11): ReLU()
    (12): Linear(in_features=512, out_features=256, bias=True)
    (13): ReLU()
    (14): Linear(in_features=256, out_features=10, bias=True)
  )
)
INFO:__main__:CHILD MODEL LOSS: 0.586148715019226 with train time 76.65671706199646
INFO:__main__:CHILD MODEL ACCURACY: 0.7853
INFO:__main__:Policy gradient: 0.0021498766727745533
INFO:__main__:
INFO:__main__:------ ITERATION 396 ------
INFO:__main__:Layers generated: [('128', '1', '2'), ('64', '5', '2')]
INFO:__main__:ChildCNNModel(
  (model): Sequential(
    (0): Conv2d(3, 128, kernel_size=(3, 3), stride=(1, 1), padding=(1, 1))
    (1): ReLU()
    (2): MaxPool2d(kernel_size=2, stride=2, padding=0, dilation=1, ceil_mode=False)
    (3): Conv2d(128, 128, kernel_size=(1, 1), stride=(1, 1), padding=(2, 2))
    (4): ReLU()
    (5): MaxPool2d(kernel_size=2, stride=2, padding=0, dilation=1, ceil_mode=False)
    (6): Conv2d(128, 64, kernel_size=(5, 5), stride=(1, 1), padding=(2, 2))
    (7): ReLU()
    (8): MaxPool2d(kernel_size=2, stride=2, padding=0, dilation=1, ceil_mode=False)
    (9): Flatten(start_dim=1, end_dim=-1)
    (10): Linear(in_features=1600, out_features=512, bias=True)
    (11): ReLU()
    (12): Linear(in_features=512, out_features=256, bias=True)
    (13): ReLU()
    (14): Linear(in_features=256, out_features=10, bias=True)
  )
)
INFO:__main__:CHILD MODEL LOSS: 0.6098896131515503 with train time 68.60449695587158
INFO:__main__:CHILD MODEL ACCURACY: 0.785
INFO:__main__:Policy gradient: 0.00017244726768694818
INFO:__main__:
INFO:__main__:------ ITERATION 397 ------
INFO:__main__:Layers generated: [('128', '5', '2'), ('256', '5', '2')]
INFO:__main__:ChildCNNModel(
  (model): Sequential(
    (0): Conv2d(3, 128, kernel_size=(3, 3), stride=(1, 1), padding=(1, 1))
    (1): ReLU()
    (2): MaxPool2d(kernel_size=2, stride=2, padding=0, dilation=1, ceil_mode=False)
    (3): Conv2d(128, 128, kernel_size=(5, 5), stride=(1, 1), padding=(2, 2))
    (4): ReLU()
    (5): MaxPool2d(kernel_size=2, stride=2, padding=0, dilation=1, ceil_mode=False)
    (6): Conv2d(128, 256, kernel_size=(5, 5), stride=(1, 1), padding=(2, 2))
    (7): ReLU()
    (8): MaxPool2d(kernel_size=2, stride=2, padding=0, dilation=1, ceil_mode=False)
    (9): Flatten(start_dim=1, end_dim=-1)
    (10): Linear(in_features=4096, out_features=512, bias=True)
    (11): ReLU()
    (12): Linear(in_features=512, out_features=256, bias=True)
    (13): ReLU()
    (14): Linear(in_features=256, out_features=10, bias=True)
  )
)
INFO:__main__:CHILD MODEL LOSS: 0.7188741970062256 with train time 70.18907642364502
INFO:__main__:CHILD MODEL ACCURACY: 0.7492
INFO:__main__:Policy gradient: -0.2182444930076599
INFO:__main__:
INFO:__main__:------ ITERATION 398 ------
INFO:__main__:Layers generated: [('32', '5', '2'), ('128', '3', '0')]
INFO:__main__:ChildCNNModel(
  (model): Sequential(
    (0): Conv2d(3, 128, kernel_size=(3, 3), stride=(1, 1), padding=(1, 1))
    (1): ReLU()
    (2): MaxPool2d(kernel_size=2, stride=2, padding=0, dilation=1, ceil_mode=False)
    (3): Conv2d(128, 32, kernel_size=(5, 5), stride=(1, 1), padding=(2, 2))
    (4): ReLU()
    (5): MaxPool2d(kernel_size=2, stride=2, padding=0, dilation=1, ceil_mode=False)
    (6): Conv2d(32, 128, kernel_size=(3, 3), stride=(1, 1))
    (7): ReLU()
    (8): MaxPool2d(kernel_size=2, stride=2, padding=0, dilation=1, ceil_mode=False)
    (9): Flatten(start_dim=1, end_dim=-1)
    (10): Linear(in_features=1152, out_features=512, bias=True)
    (11): ReLU()
    (12): Linear(in_features=512, out_features=256, bias=True)
    (13): ReLU()
    (14): Linear(in_features=256, out_features=10, bias=True)
  )
)
INFO:__main__:CHILD MODEL LOSS: 0.6489249622821808 with train time 65.30176210403442
INFO:__main__:CHILD MODEL ACCURACY: 0.7848
INFO:__main__:Policy gradient: 0.030195137485861778
INFO:__main__:
INFO:__main__:------ ITERATION 399 ------
INFO:__main__:Layers generated: [('256', '1', '2'), ('16', '3', '0')]
INFO:__main__:ChildCNNModel(
  (model): Sequential(
    (0): Conv2d(3, 128, kernel_size=(3, 3), stride=(1, 1), padding=(1, 1))
    (1): ReLU()
    (2): MaxPool2d(kernel_size=2, stride=2, padding=0, dilation=1, ceil_mode=False)
    (3): Conv2d(128, 256, kernel_size=(1, 1), stride=(1, 1), padding=(2, 2))
    (4): ReLU()
    (5): MaxPool2d(kernel_size=2, stride=2, padding=0, dilation=1, ceil_mode=False)
    (6): Conv2d(256, 16, kernel_size=(3, 3), stride=(1, 1))
    (7): ReLU()
    (8): MaxPool2d(kernel_size=2, stride=2, padding=0, dilation=1, ceil_mode=False)
    (9): Flatten(start_dim=1, end_dim=-1)
    (10): Linear(in_features=256, out_features=512, bias=True)
    (11): ReLU()
    (12): Linear(in_features=512, out_features=256, bias=True)
    (13): ReLU()
    (14): Linear(in_features=256, out_features=10, bias=True)
  )
)
INFO:__main__:CHILD MODEL LOSS: 0.7959538598060608 with train time 68.07902812957764
INFO:__main__:CHILD MODEL ACCURACY: 0.7299
INFO:__main__:Policy gradient: -0.45241719484329224
INFO:__main__:
INFO:__main__:------ ITERATION 400 ------
INFO:__main__:Layers generated: [('64', '5', '2'), ('256', '3', '1')]
INFO:__main__:ChildCNNModel(
  (model): Sequential(
    (0): Conv2d(3, 128, kernel_size=(3, 3), stride=(1, 1), padding=(1, 1))
    (1): ReLU()
    (2): MaxPool2d(kernel_size=2, stride=2, padding=0, dilation=1, ceil_mode=False)
    (3): Conv2d(128, 64, kernel_size=(5, 5), stride=(1, 1), padding=(2, 2))
    (4): ReLU()
    (5): MaxPool2d(kernel_size=2, stride=2, padding=0, dilation=1, ceil_mode=False)
    (6): Conv2d(64, 256, kernel_size=(3, 3), stride=(1, 1), padding=(1, 1))
    (7): ReLU()
    (8): MaxPool2d(kernel_size=2, stride=2, padding=0, dilation=1, ceil_mode=False)
    (9): Flatten(start_dim=1, end_dim=-1)
    (10): Linear(in_features=4096, out_features=512, bias=True)
    (11): ReLU()
    (12): Linear(in_features=512, out_features=256, bias=True)
    (13): ReLU()
    (14): Linear(in_features=256, out_features=10, bias=True)
  )
)
INFO:__main__:CHILD MODEL LOSS: 0.5647340428829193 with train time 65.48853468894958
INFO:__main__:CHILD MODEL ACCURACY: 0.7965
INFO:__main__:Policy gradient: 0.12213874608278275
INFO:__main__:
INFO:__main__:------ ITERATION 401 ------
INFO:__main__:Layers generated: [('256', '3', '1'), ('64', '5', '0')]
INFO:__main__:ChildCNNModel(
  (model): Sequential(
    (0): Conv2d(3, 128, kernel_size=(3, 3), stride=(1, 1), padding=(1, 1))
    (1): ReLU()
    (2): MaxPool2d(kernel_size=2, stride=2, padding=0, dilation=1, ceil_mode=False)
    (3): Conv2d(128, 256, kernel_size=(3, 3), stride=(1, 1), padding=(1, 1))
    (4): ReLU()
    (5): MaxPool2d(kernel_size=2, stride=2, padding=0, dilation=1, ceil_mode=False)
    (6): Conv2d(256, 64, kernel_size=(5, 5), stride=(1, 1))
    (7): ReLU()
    (8): MaxPool2d(kernel_size=2, stride=2, padding=0, dilation=1, ceil_mode=False)
    (9): Flatten(start_dim=1, end_dim=-1)
    (10): Linear(in_features=256, out_features=512, bias=True)
    (11): ReLU()
    (12): Linear(in_features=512, out_features=256, bias=True)
    (13): ReLU()
    (14): Linear(in_features=256, out_features=10, bias=True)
  )
)
INFO:__main__:CHILD MODEL LOSS: 0.6214570616483688 with train time 68.72143459320068
INFO:__main__:CHILD MODEL ACCURACY: 0.7932
INFO:__main__:Policy gradient: 0.08909156918525696
INFO:__main__:
INFO:__main__:------ ITERATION 402 ------
INFO:__main__:Layers generated: [('256', '1', '2'), ('256', '5', '0')]
INFO:__main__:ChildCNNModel(
  (model): Sequential(
    (0): Conv2d(3, 128, kernel_size=(3, 3), stride=(1, 1), padding=(1, 1))
    (1): ReLU()
    (2): MaxPool2d(kernel_size=2, stride=2, padding=0, dilation=1, ceil_mode=False)
    (3): Conv2d(128, 256, kernel_size=(1, 1), stride=(1, 1), padding=(2, 2))
    (4): ReLU()
    (5): MaxPool2d(kernel_size=2, stride=2, padding=0, dilation=1, ceil_mode=False)
    (6): Conv2d(256, 256, kernel_size=(5, 5), stride=(1, 1))
    (7): ReLU()
    (8): MaxPool2d(kernel_size=2, stride=2, padding=0, dilation=1, ceil_mode=False)
    (9): Flatten(start_dim=1, end_dim=-1)
    (10): Linear(in_features=2304, out_features=512, bias=True)
    (11): ReLU()
    (12): Linear(in_features=512, out_features=256, bias=True)
    (13): ReLU()
    (14): Linear(in_features=256, out_features=10, bias=True)
  )
)
INFO:__main__:CHILD MODEL LOSS: 0.5667406204938888 with train time 70.8289122581482
INFO:__main__:CHILD MODEL ACCURACY: 0.796
INFO:__main__:Policy gradient: 0.09449532628059387
INFO:__main__:
INFO:__main__:------ ITERATION 403 ------
INFO:__main__:Layers generated: [('256', '5', '1'), ('256', '5', '0')]
INFO:__main__:ChildCNNModel(
  (model): Sequential(
    (0): Conv2d(3, 128, kernel_size=(3, 3), stride=(1, 1), padding=(1, 1))
    (1): ReLU()
    (2): MaxPool2d(kernel_size=2, stride=2, padding=0, dilation=1, ceil_mode=False)
    (3): Conv2d(128, 256, kernel_size=(5, 5), stride=(1, 1), padding=(1, 1))
    (4): ReLU()
    (5): MaxPool2d(kernel_size=2, stride=2, padding=0, dilation=1, ceil_mode=False)
    (6): Conv2d(256, 256, kernel_size=(5, 5), stride=(1, 1))
    (7): ReLU()
    (8): MaxPool2d(kernel_size=2, stride=2, padding=0, dilation=1, ceil_mode=False)
    (9): Flatten(start_dim=1, end_dim=-1)
    (10): Linear(in_features=256, out_features=512, bias=True)
    (11): ReLU()
    (12): Linear(in_features=512, out_features=256, bias=True)
    (13): ReLU()
    (14): Linear(in_features=256, out_features=10, bias=True)
  )
)
INFO:__main__:CHILD MODEL LOSS: 0.6328581639528275 with train time 72.28110241889954
INFO:__main__:CHILD MODEL ACCURACY: 0.7758
INFO:__main__:Policy gradient: -0.03188855201005936
INFO:__main__:
INFO:__main__:------ ITERATION 404 ------
INFO:__main__:Layers generated: [('256', '1', '2'), ('256', '5', '1')]
INFO:__main__:ChildCNNModel(
  (model): Sequential(
    (0): Conv2d(3, 128, kernel_size=(3, 3), stride=(1, 1), padding=(1, 1))
    (1): ReLU()
    (2): MaxPool2d(kernel_size=2, stride=2, padding=0, dilation=1, ceil_mode=False)
    (3): Conv2d(128, 256, kernel_size=(1, 1), stride=(1, 1), padding=(2, 2))
    (4): ReLU()
    (5): MaxPool2d(kernel_size=2, stride=2, padding=0, dilation=1, ceil_mode=False)
    (6): Conv2d(256, 256, kernel_size=(5, 5), stride=(1, 1), padding=(1, 1))
    (7): ReLU()
    (8): MaxPool2d(kernel_size=2, stride=2, padding=0, dilation=1, ceil_mode=False)
    (9): Flatten(start_dim=1, end_dim=-1)
    (10): Linear(in_features=4096, out_features=512, bias=True)
    (11): ReLU()
    (12): Linear(in_features=512, out_features=256, bias=True)
    (13): ReLU()
    (14): Linear(in_features=256, out_features=10, bias=True)
  )
)
INFO:__main__:CHILD MODEL LOSS: 0.533417769908905 with train time 72.3670563697815
INFO:__main__:CHILD MODEL ACCURACY: 0.8133
INFO:__main__:Policy gradient: 0.1773890107870102
INFO:__main__:
INFO:__main__:------ ITERATION 405 ------
INFO:__main__:Layers generated: [('128', '1', '2'), ('128', '3', '0')]
INFO:__main__:ChildCNNModel(
  (model): Sequential(
    (0): Conv2d(3, 128, kernel_size=(3, 3), stride=(1, 1), padding=(1, 1))
    (1): ReLU()
    (2): MaxPool2d(kernel_size=2, stride=2, padding=0, dilation=1, ceil_mode=False)
    (3): Conv2d(128, 128, kernel_size=(1, 1), stride=(1, 1), padding=(2, 2))
    (4): ReLU()
    (5): MaxPool2d(kernel_size=2, stride=2, padding=0, dilation=1, ceil_mode=False)
    (6): Conv2d(128, 128, kernel_size=(3, 3), stride=(1, 1))
    (7): ReLU()
    (8): MaxPool2d(kernel_size=2, stride=2, padding=0, dilation=1, ceil_mode=False)
    (9): Flatten(start_dim=1, end_dim=-1)
    (10): Linear(in_features=2048, out_features=512, bias=True)
    (11): ReLU()
    (12): Linear(in_features=512, out_features=256, bias=True)
    (13): ReLU()
    (14): Linear(in_features=256, out_features=10, bias=True)
  )
)
INFO:__main__:CHILD MODEL LOSS: 0.6039020923376084 with train time 64.4839723110199
INFO:__main__:CHILD MODEL ACCURACY: 0.7941
INFO:__main__:Policy gradient: 0.08086074143648148
INFO:__main__:
INFO:__main__:------ ITERATION 406 ------
INFO:__main__:Layers generated: [('16', '3', '1'), ('256', '3', '2')]
INFO:__main__:ChildCNNModel(
  (model): Sequential(
    (0): Conv2d(3, 128, kernel_size=(3, 3), stride=(1, 1), padding=(1, 1))
    (1): ReLU()
    (2): MaxPool2d(kernel_size=2, stride=2, padding=0, dilation=1, ceil_mode=False)
    (3): Conv2d(128, 16, kernel_size=(3, 3), stride=(1, 1), padding=(1, 1))
    (4): ReLU()
    (5): MaxPool2d(kernel_size=2, stride=2, padding=0, dilation=1, ceil_mode=False)
    (6): Conv2d(16, 256, kernel_size=(3, 3), stride=(1, 1), padding=(2, 2))
    (7): ReLU()
    (8): MaxPool2d(kernel_size=2, stride=2, padding=0, dilation=1, ceil_mode=False)
    (9): Flatten(start_dim=1, end_dim=-1)
    (10): Linear(in_features=6400, out_features=512, bias=True)
    (11): ReLU()
    (12): Linear(in_features=512, out_features=256, bias=True)
    (13): ReLU()
    (14): Linear(in_features=256, out_features=10, bias=True)
  )
)
INFO:__main__:CHILD MODEL LOSS: 0.7281904294490814 with train time 62.42200183868408
INFO:__main__:CHILD MODEL ACCURACY: 0.7563
INFO:__main__:Policy gradient: -0.25768813490867615
INFO:__main__:
INFO:__main__:------ ITERATION 407 ------
INFO:__main__:Layers generated: [('256', '3', '1'), ('64', '5', '2')]
INFO:__main__:ChildCNNModel(
  (model): Sequential(
    (0): Conv2d(3, 128, kernel_size=(3, 3), stride=(1, 1), padding=(1, 1))
    (1): ReLU()
    (2): MaxPool2d(kernel_size=2, stride=2, padding=0, dilation=1, ceil_mode=False)
    (3): Conv2d(128, 256, kernel_size=(3, 3), stride=(1, 1), padding=(1, 1))
    (4): ReLU()
    (5): MaxPool2d(kernel_size=2, stride=2, padding=0, dilation=1, ceil_mode=False)
    (6): Conv2d(256, 64, kernel_size=(5, 5), stride=(1, 1), padding=(2, 2))
    (7): ReLU()
    (8): MaxPool2d(kernel_size=2, stride=2, padding=0, dilation=1, ceil_mode=False)
    (9): Flatten(start_dim=1, end_dim=-1)
    (10): Linear(in_features=1024, out_features=512, bias=True)
    (11): ReLU()
    (12): Linear(in_features=512, out_features=256, bias=True)
    (13): ReLU()
    (14): Linear(in_features=256, out_features=10, bias=True)
  )
)
INFO:__main__:CHILD MODEL LOSS: 0.590327271103859 with train time 68.97687816619873
INFO:__main__:CHILD MODEL ACCURACY: 0.7922
INFO:__main__:Policy gradient: 0.0548577643930912
INFO:__main__:
INFO:__main__:------ ITERATION 408 ------
INFO:__main__:Layers generated: [('256', '3', '2'), ('256', '5', '2')]
INFO:__main__:ChildCNNModel(
  (model): Sequential(
    (0): Conv2d(3, 128, kernel_size=(3, 3), stride=(1, 1), padding=(1, 1))
    (1): ReLU()
    (2): MaxPool2d(kernel_size=2, stride=2, padding=0, dilation=1, ceil_mode=False)
    (3): Conv2d(128, 256, kernel_size=(3, 3), stride=(1, 1), padding=(2, 2))
    (4): ReLU()
    (5): MaxPool2d(kernel_size=2, stride=2, padding=0, dilation=1, ceil_mode=False)
    (6): Conv2d(256, 256, kernel_size=(5, 5), stride=(1, 1), padding=(2, 2))
    (7): ReLU()
    (8): MaxPool2d(kernel_size=2, stride=2, padding=0, dilation=1, ceil_mode=False)
    (9): Flatten(start_dim=1, end_dim=-1)
    (10): Linear(in_features=4096, out_features=512, bias=True)
    (11): ReLU()
    (12): Linear(in_features=512, out_features=256, bias=True)
    (13): ReLU()
    (14): Linear(in_features=256, out_features=10, bias=True)
  )
)
INFO:__main__:CHILD MODEL LOSS: 0.6139268265962601 with train time 74.32486295700073
INFO:__main__:CHILD MODEL ACCURACY: 0.787
INFO:__main__:Policy gradient: 0.018695103004574776
INFO:__main__:
INFO:__main__:------ ITERATION 409 ------
INFO:__main__:Layers generated: [('256', '5', '1'), ('256', '5', '2')]
INFO:__main__:ChildCNNModel(
  (model): Sequential(
    (0): Conv2d(3, 128, kernel_size=(3, 3), stride=(1, 1), padding=(1, 1))
    (1): ReLU()
    (2): MaxPool2d(kernel_size=2, stride=2, padding=0, dilation=1, ceil_mode=False)
    (3): Conv2d(128, 256, kernel_size=(5, 5), stride=(1, 1), padding=(1, 1))
    (4): ReLU()
    (5): MaxPool2d(kernel_size=2, stride=2, padding=0, dilation=1, ceil_mode=False)
    (6): Conv2d(256, 256, kernel_size=(5, 5), stride=(1, 1), padding=(2, 2))
    (7): ReLU()
    (8): MaxPool2d(kernel_size=2, stride=2, padding=0, dilation=1, ceil_mode=False)
    (9): Flatten(start_dim=1, end_dim=-1)
    (10): Linear(in_features=2304, out_features=512, bias=True)
    (11): ReLU()
    (12): Linear(in_features=512, out_features=256, bias=True)
    (13): ReLU()
    (14): Linear(in_features=256, out_features=10, bias=True)
  )
)
INFO:__main__:CHILD MODEL LOSS: 0.6999925785064697 with train time 76.45015168190002
INFO:__main__:CHILD MODEL ACCURACY: 0.7626
INFO:__main__:Policy gradient: -0.10801032930612564
INFO:__main__:
INFO:__main__:------ ITERATION 410 ------
INFO:__main__:Layers generated: [('128', '3', '2'), ('64', '5', '1')]
INFO:__main__:ChildCNNModel(
  (model): Sequential(
    (0): Conv2d(3, 128, kernel_size=(3, 3), stride=(1, 1), padding=(1, 1))
    (1): ReLU()
    (2): MaxPool2d(kernel_size=2, stride=2, padding=0, dilation=1, ceil_mode=False)
    (3): Conv2d(128, 128, kernel_size=(3, 3), stride=(1, 1), padding=(2, 2))
    (4): ReLU()
    (5): MaxPool2d(kernel_size=2, stride=2, padding=0, dilation=1, ceil_mode=False)
    (6): Conv2d(128, 64, kernel_size=(5, 5), stride=(1, 1), padding=(1, 1))
    (7): ReLU()
    (8): MaxPool2d(kernel_size=2, stride=2, padding=0, dilation=1, ceil_mode=False)
    (9): Flatten(start_dim=1, end_dim=-1)
    (10): Linear(in_features=576, out_features=512, bias=True)
    (11): ReLU()
    (12): Linear(in_features=512, out_features=256, bias=True)
    (13): ReLU()
    (14): Linear(in_features=256, out_features=10, bias=True)
  )
)
INFO:__main__:CHILD MODEL LOSS: 0.6294995760917663 with train time 65.6896824836731
INFO:__main__:CHILD MODEL ACCURACY: 0.7956
INFO:__main__:Policy gradient: 0.09229036420583725
INFO:__main__:
INFO:__main__:------ ITERATION 411 ------
INFO:__main__:Layers generated: [('64', '3', '0'), ('32', '5', '2')]
INFO:__main__:ChildCNNModel(
  (model): Sequential(
    (0): Conv2d(3, 128, kernel_size=(3, 3), stride=(1, 1), padding=(1, 1))
    (1): ReLU()
    (2): MaxPool2d(kernel_size=2, stride=2, padding=0, dilation=1, ceil_mode=False)
    (3): Conv2d(128, 64, kernel_size=(3, 3), stride=(1, 1))
    (4): ReLU()
    (5): MaxPool2d(kernel_size=2, stride=2, padding=0, dilation=1, ceil_mode=False)
    (6): Conv2d(64, 32, kernel_size=(5, 5), stride=(1, 1), padding=(2, 2))
    (7): ReLU()
    (8): MaxPool2d(kernel_size=2, stride=2, padding=0, dilation=1, ceil_mode=False)
    (9): Flatten(start_dim=1, end_dim=-1)
    (10): Linear(in_features=288, out_features=512, bias=True)
    (11): ReLU()
    (12): Linear(in_features=512, out_features=256, bias=True)
    (13): ReLU()
    (14): Linear(in_features=256, out_features=10, bias=True)
  )
)
INFO:__main__:CHILD MODEL LOSS: 0.6831030316352844 with train time 62.30032205581665
INFO:__main__:CHILD MODEL ACCURACY: 0.7775
INFO:__main__:Policy gradient: -0.04494442418217659
INFO:__main__:
INFO:__main__:------ ITERATION 412 ------
INFO:__main__:Layers generated: [('16', '1', '2'), ('256', '5', '0')]
INFO:__main__:ChildCNNModel(
  (model): Sequential(
    (0): Conv2d(3, 128, kernel_size=(3, 3), stride=(1, 1), padding=(1, 1))
    (1): ReLU()
    (2): MaxPool2d(kernel_size=2, stride=2, padding=0, dilation=1, ceil_mode=False)
    (3): Conv2d(128, 16, kernel_size=(1, 1), stride=(1, 1), padding=(2, 2))
    (4): ReLU()
    (5): MaxPool2d(kernel_size=2, stride=2, padding=0, dilation=1, ceil_mode=False)
    (6): Conv2d(16, 256, kernel_size=(5, 5), stride=(1, 1))
    (7): ReLU()
    (8): MaxPool2d(kernel_size=2, stride=2, padding=0, dilation=1, ceil_mode=False)
    (9): Flatten(start_dim=1, end_dim=-1)
    (10): Linear(in_features=2304, out_features=512, bias=True)
    (11): ReLU()
    (12): Linear(in_features=512, out_features=256, bias=True)
    (13): ReLU()
    (14): Linear(in_features=256, out_features=10, bias=True)
  )
)
INFO:__main__:CHILD MODEL LOSS: 0.6666762325763702 with train time 60.89181351661682
INFO:__main__:CHILD MODEL ACCURACY: 0.7668
INFO:__main__:Policy gradient: -0.1466989815235138
INFO:__main__:
INFO:__main__:------ ITERATION 413 ------
INFO:__main__:Layers generated: [('64', '1', '1'), ('256', '5', '0')]
INFO:__main__:ChildCNNModel(
  (model): Sequential(
    (0): Conv2d(3, 128, kernel_size=(3, 3), stride=(1, 1), padding=(1, 1))
    (1): ReLU()
    (2): MaxPool2d(kernel_size=2, stride=2, padding=0, dilation=1, ceil_mode=False)
    (3): Conv2d(128, 64, kernel_size=(1, 1), stride=(1, 1), padding=(1, 1))
    (4): ReLU()
    (5): MaxPool2d(kernel_size=2, stride=2, padding=0, dilation=1, ceil_mode=False)
    (6): Conv2d(64, 256, kernel_size=(5, 5), stride=(1, 1))
    (7): ReLU()
    (8): MaxPool2d(kernel_size=2, stride=2, padding=0, dilation=1, ceil_mode=False)
    (9): Flatten(start_dim=1, end_dim=-1)
    (10): Linear(in_features=1024, out_features=512, bias=True)
    (11): ReLU()
    (12): Linear(in_features=512, out_features=256, bias=True)
    (13): ReLU()
    (14): Linear(in_features=256, out_features=10, bias=True)
  )
)
INFO:__main__:CHILD MODEL LOSS: 0.6198288165330886 with train time 61.63007664680481
INFO:__main__:CHILD MODEL ACCURACY: 0.7796
INFO:__main__:Policy gradient: -0.008529631420969963
INFO:__main__:
INFO:__main__:------ ITERATION 414 ------
INFO:__main__:Layers generated: [('64', '3', '1'), ('64', '3', '2')]
INFO:__main__:ChildCNNModel(
  (model): Sequential(
    (0): Conv2d(3, 128, kernel_size=(3, 3), stride=(1, 1), padding=(1, 1))
    (1): ReLU()
    (2): MaxPool2d(kernel_size=2, stride=2, padding=0, dilation=1, ceil_mode=False)
    (3): Conv2d(128, 64, kernel_size=(3, 3), stride=(1, 1), padding=(1, 1))
    (4): ReLU()
    (5): MaxPool2d(kernel_size=2, stride=2, padding=0, dilation=1, ceil_mode=False)
    (6): Conv2d(64, 64, kernel_size=(3, 3), stride=(1, 1), padding=(2, 2))
    (7): ReLU()
    (8): MaxPool2d(kernel_size=2, stride=2, padding=0, dilation=1, ceil_mode=False)
    (9): Flatten(start_dim=1, end_dim=-1)
    (10): Linear(in_features=1600, out_features=512, bias=True)
    (11): ReLU()
    (12): Linear(in_features=512, out_features=256, bias=True)
    (13): ReLU()
    (14): Linear(in_features=256, out_features=10, bias=True)
  )
)
INFO:__main__:CHILD MODEL LOSS: 0.6052642049789428 with train time 62.00944638252258
INFO:__main__:CHILD MODEL ACCURACY: 0.7941
INFO:__main__:Policy gradient: 0.08814540505409241
INFO:__main__:
INFO:__main__:------ ITERATION 415 ------
INFO:__main__:Layers generated: [('256', '1', '2'), ('64', '3', '1')]
INFO:__main__:ChildCNNModel(
  (model): Sequential(
    (0): Conv2d(3, 128, kernel_size=(3, 3), stride=(1, 1), padding=(1, 1))
    (1): ReLU()
    (2): MaxPool2d(kernel_size=2, stride=2, padding=0, dilation=1, ceil_mode=False)
    (3): Conv2d(128, 256, kernel_size=(1, 1), stride=(1, 1), padding=(2, 2))
    (4): ReLU()
    (5): MaxPool2d(kernel_size=2, stride=2, padding=0, dilation=1, ceil_mode=False)
    (6): Conv2d(256, 64, kernel_size=(3, 3), stride=(1, 1), padding=(1, 1))
    (7): ReLU()
    (8): MaxPool2d(kernel_size=2, stride=2, padding=0, dilation=1, ceil_mode=False)
    (9): Flatten(start_dim=1, end_dim=-1)
    (10): Linear(in_features=1600, out_features=512, bias=True)
    (11): ReLU()
    (12): Linear(in_features=512, out_features=256, bias=True)
    (13): ReLU()
    (14): Linear(in_features=256, out_features=10, bias=True)
  )
)
INFO:__main__:CHILD MODEL LOSS: 0.6043278530836106 with train time 68.11744976043701
INFO:__main__:CHILD MODEL ACCURACY: 0.7913
INFO:__main__:Policy gradient: 0.0565175823867321
INFO:__main__:
INFO:__main__:------ ITERATION 416 ------
INFO:__main__:Layers generated: [('256', '3', '2'), ('256', '5', '0')]
INFO:__main__:ChildCNNModel(
  (model): Sequential(
    (0): Conv2d(3, 128, kernel_size=(3, 3), stride=(1, 1), padding=(1, 1))
    (1): ReLU()
    (2): MaxPool2d(kernel_size=2, stride=2, padding=0, dilation=1, ceil_mode=False)
    (3): Conv2d(128, 256, kernel_size=(3, 3), stride=(1, 1), padding=(2, 2))
    (4): ReLU()
    (5): MaxPool2d(kernel_size=2, stride=2, padding=0, dilation=1, ceil_mode=False)
    (6): Conv2d(256, 256, kernel_size=(5, 5), stride=(1, 1))
    (7): ReLU()
    (8): MaxPool2d(kernel_size=2, stride=2, padding=0, dilation=1, ceil_mode=False)
    (9): Flatten(start_dim=1, end_dim=-1)
    (10): Linear(in_features=1024, out_features=512, bias=True)
    (11): ReLU()
    (12): Linear(in_features=512, out_features=256, bias=True)
    (13): ReLU()
    (14): Linear(in_features=256, out_features=10, bias=True)
  )
)
INFO:__main__:CHILD MODEL LOSS: 0.5339245481491088 with train time 71.73064064979553
INFO:__main__:CHILD MODEL ACCURACY: 0.8153
INFO:__main__:Policy gradient: 0.17945007979869843
INFO:__main__:
INFO:__main__:------ ITERATION 417 ------
INFO:__main__:Layers generated: [('128', '5', '2'), ('256', '3', '2')]
INFO:__main__:ChildCNNModel(
  (model): Sequential(
    (0): Conv2d(3, 128, kernel_size=(3, 3), stride=(1, 1), padding=(1, 1))
    (1): ReLU()
    (2): MaxPool2d(kernel_size=2, stride=2, padding=0, dilation=1, ceil_mode=False)
    (3): Conv2d(128, 128, kernel_size=(5, 5), stride=(1, 1), padding=(2, 2))
    (4): ReLU()
    (5): MaxPool2d(kernel_size=2, stride=2, padding=0, dilation=1, ceil_mode=False)
    (6): Conv2d(128, 256, kernel_size=(3, 3), stride=(1, 1), padding=(2, 2))
    (7): ReLU()
    (8): MaxPool2d(kernel_size=2, stride=2, padding=0, dilation=1, ceil_mode=False)
    (9): Flatten(start_dim=1, end_dim=-1)
    (10): Linear(in_features=6400, out_features=512, bias=True)
    (11): ReLU()
    (12): Linear(in_features=512, out_features=256, bias=True)
    (13): ReLU()
    (14): Linear(in_features=256, out_features=10, bias=True)
  )
)
INFO:__main__:CHILD MODEL LOSS: 0.5524273518323898 with train time 69.4751558303833
INFO:__main__:CHILD MODEL ACCURACY: 0.8033
INFO:__main__:Policy gradient: 0.11033608764410019
INFO:__main__:
INFO:__main__:------ ITERATION 418 ------
INFO:__main__:Layers generated: [('32', '5', '2'), ('16', '3', '2')]
INFO:__main__:ChildCNNModel(
  (model): Sequential(
    (0): Conv2d(3, 128, kernel_size=(3, 3), stride=(1, 1), padding=(1, 1))
    (1): ReLU()
    (2): MaxPool2d(kernel_size=2, stride=2, padding=0, dilation=1, ceil_mode=False)
    (3): Conv2d(128, 32, kernel_size=(5, 5), stride=(1, 1), padding=(2, 2))
    (4): ReLU()
    (5): MaxPool2d(kernel_size=2, stride=2, padding=0, dilation=1, ceil_mode=False)
    (6): Conv2d(32, 16, kernel_size=(3, 3), stride=(1, 1), padding=(2, 2))
    (7): ReLU()
    (8): MaxPool2d(kernel_size=2, stride=2, padding=0, dilation=1, ceil_mode=False)
    (9): Flatten(start_dim=1, end_dim=-1)
    (10): Linear(in_features=400, out_features=512, bias=True)
    (11): ReLU()
    (12): Linear(in_features=512, out_features=256, bias=True)
    (13): ReLU()
    (14): Linear(in_features=256, out_features=10, bias=True)
  )
)
INFO:__main__:CHILD MODEL LOSS: 0.7664713680744171 with train time 64.36018586158752
INFO:__main__:CHILD MODEL ACCURACY: 0.7432
INFO:__main__:Policy gradient: -0.4623427391052246
INFO:__main__:
INFO:__main__:------ ITERATION 419 ------
INFO:__main__:Layers generated: [('128', '3', '2'), ('256', '3', '2')]
INFO:__main__:ChildCNNModel(
  (model): Sequential(
    (0): Conv2d(3, 128, kernel_size=(3, 3), stride=(1, 1), padding=(1, 1))
    (1): ReLU()
    (2): MaxPool2d(kernel_size=2, stride=2, padding=0, dilation=1, ceil_mode=False)
    (3): Conv2d(128, 128, kernel_size=(3, 3), stride=(1, 1), padding=(2, 2))
    (4): ReLU()
    (5): MaxPool2d(kernel_size=2, stride=2, padding=0, dilation=1, ceil_mode=False)
    (6): Conv2d(128, 256, kernel_size=(3, 3), stride=(1, 1), padding=(2, 2))
    (7): ReLU()
    (8): MaxPool2d(kernel_size=2, stride=2, padding=0, dilation=1, ceil_mode=False)
    (9): Flatten(start_dim=1, end_dim=-1)
    (10): Linear(in_features=6400, out_features=512, bias=True)
    (11): ReLU()
    (12): Linear(in_features=512, out_features=256, bias=True)
    (13): ReLU()
    (14): Linear(in_features=256, out_features=10, bias=True)
  )
)
INFO:__main__:CHILD MODEL LOSS: 0.5618565073013305 with train time 68.28680109977722
INFO:__main__:CHILD MODEL ACCURACY: 0.8028
INFO:__main__:Policy gradient: 0.12400516122579575
INFO:__main__:
INFO:__main__:------ ITERATION 420 ------
INFO:__main__:Layers generated: [('256', '5', '0'), ('32', '1', '2')]
INFO:__main__:ChildCNNModel(
  (model): Sequential(
    (0): Conv2d(3, 128, kernel_size=(3, 3), stride=(1, 1), padding=(1, 1))
    (1): ReLU()
    (2): MaxPool2d(kernel_size=2, stride=2, padding=0, dilation=1, ceil_mode=False)
    (3): Conv2d(128, 256, kernel_size=(5, 5), stride=(1, 1))
    (4): ReLU()
    (5): MaxPool2d(kernel_size=2, stride=2, padding=0, dilation=1, ceil_mode=False)
    (6): Conv2d(256, 32, kernel_size=(1, 1), stride=(1, 1), padding=(2, 2))
    (7): ReLU()
    (8): MaxPool2d(kernel_size=2, stride=2, padding=0, dilation=1, ceil_mode=False)
    (9): Flatten(start_dim=1, end_dim=-1)
    (10): Linear(in_features=800, out_features=512, bias=True)
    (11): ReLU()
    (12): Linear(in_features=512, out_features=256, bias=True)
    (13): ReLU()
    (14): Linear(in_features=256, out_features=10, bias=True)
  )
)
INFO:__main__:CHILD MODEL LOSS: 0.7225719070434571 with train time 68.7227931022644
INFO:__main__:CHILD MODEL ACCURACY: 0.746
INFO:__main__:Policy gradient: -0.34989064931869507
INFO:__main__:
INFO:__main__:------ ITERATION 421 ------
INFO:__main__:Layers generated: [('64', '1', '2'), ('64', '5', '2')]
INFO:__main__:ChildCNNModel(
  (model): Sequential(
    (0): Conv2d(3, 128, kernel_size=(3, 3), stride=(1, 1), padding=(1, 1))
    (1): ReLU()
    (2): MaxPool2d(kernel_size=2, stride=2, padding=0, dilation=1, ceil_mode=False)
    (3): Conv2d(128, 64, kernel_size=(1, 1), stride=(1, 1), padding=(2, 2))
    (4): ReLU()
    (5): MaxPool2d(kernel_size=2, stride=2, padding=0, dilation=1, ceil_mode=False)
    (6): Conv2d(64, 64, kernel_size=(5, 5), stride=(1, 1), padding=(2, 2))
    (7): ReLU()
    (8): MaxPool2d(kernel_size=2, stride=2, padding=0, dilation=1, ceil_mode=False)
    (9): Flatten(start_dim=1, end_dim=-1)
    (10): Linear(in_features=1600, out_features=512, bias=True)
    (11): ReLU()
    (12): Linear(in_features=512, out_features=256, bias=True)
    (13): ReLU()
    (14): Linear(in_features=256, out_features=10, bias=True)
  )
)
INFO:__main__:CHILD MODEL LOSS: 0.63920909512043 with train time 63.85079908370972
INFO:__main__:CHILD MODEL ACCURACY: 0.7753
INFO:__main__:Policy gradient: -0.04121120274066925
INFO:__main__:
INFO:__main__:------ ITERATION 422 ------
INFO:__main__:Layers generated: [('128', '3', '0'), ('32', '5', '2')]
INFO:__main__:ChildCNNModel(
  (model): Sequential(
    (0): Conv2d(3, 128, kernel_size=(3, 3), stride=(1, 1), padding=(1, 1))
    (1): ReLU()
    (2): MaxPool2d(kernel_size=2, stride=2, padding=0, dilation=1, ceil_mode=False)
    (3): Conv2d(128, 128, kernel_size=(3, 3), stride=(1, 1))
    (4): ReLU()
    (5): MaxPool2d(kernel_size=2, stride=2, padding=0, dilation=1, ceil_mode=False)
    (6): Conv2d(128, 32, kernel_size=(5, 5), stride=(1, 1), padding=(2, 2))
    (7): ReLU()
    (8): MaxPool2d(kernel_size=2, stride=2, padding=0, dilation=1, ceil_mode=False)
    (9): Flatten(start_dim=1, end_dim=-1)
    (10): Linear(in_features=288, out_features=512, bias=True)
    (11): ReLU()
    (12): Linear(in_features=512, out_features=256, bias=True)
    (13): ReLU()
    (14): Linear(in_features=256, out_features=10, bias=True)
  )
)
INFO:__main__:CHILD MODEL LOSS: 0.6483169339895248 with train time 63.46743178367615
INFO:__main__:CHILD MODEL ACCURACY: 0.7796
INFO:__main__:Policy gradient: -0.010527518577873707
INFO:__main__:
INFO:__main__:------ ITERATION 423 ------
INFO:__main__:Layers generated: [('64', '5', '1'), ('128', '3', '1')]
INFO:__main__:ChildCNNModel(
  (model): Sequential(
    (0): Conv2d(3, 128, kernel_size=(3, 3), stride=(1, 1), padding=(1, 1))
    (1): ReLU()
    (2): MaxPool2d(kernel_size=2, stride=2, padding=0, dilation=1, ceil_mode=False)
    (3): Conv2d(128, 64, kernel_size=(5, 5), stride=(1, 1), padding=(1, 1))
    (4): ReLU()
    (5): MaxPool2d(kernel_size=2, stride=2, padding=0, dilation=1, ceil_mode=False)
    (6): Conv2d(64, 128, kernel_size=(3, 3), stride=(1, 1), padding=(1, 1))
    (7): ReLU()
    (8): MaxPool2d(kernel_size=2, stride=2, padding=0, dilation=1, ceil_mode=False)
    (9): Flatten(start_dim=1, end_dim=-1)
    (10): Linear(in_features=1152, out_features=512, bias=True)
    (11): ReLU()
    (12): Linear(in_features=512, out_features=256, bias=True)
    (13): ReLU()
    (14): Linear(in_features=256, out_features=10, bias=True)
  )
)
INFO:__main__:CHILD MODEL LOSS: 0.6285885845422745 with train time 62.99509596824646
INFO:__main__:CHILD MODEL ACCURACY: 0.7894
INFO:__main__:Policy gradient: 0.06162787973880768
INFO:__main__:
INFO:__main__:------ ITERATION 424 ------
INFO:__main__:Layers generated: [('64', '3', '1'), ('128', '3', '2')]
INFO:__main__:ChildCNNModel(
  (model): Sequential(
    (0): Conv2d(3, 128, kernel_size=(3, 3), stride=(1, 1), padding=(1, 1))
    (1): ReLU()
    (2): MaxPool2d(kernel_size=2, stride=2, padding=0, dilation=1, ceil_mode=False)
    (3): Conv2d(128, 64, kernel_size=(3, 3), stride=(1, 1), padding=(1, 1))
    (4): ReLU()
    (5): MaxPool2d(kernel_size=2, stride=2, padding=0, dilation=1, ceil_mode=False)
    (6): Conv2d(64, 128, kernel_size=(3, 3), stride=(1, 1), padding=(2, 2))
    (7): ReLU()
    (8): MaxPool2d(kernel_size=2, stride=2, padding=0, dilation=1, ceil_mode=False)
    (9): Flatten(start_dim=1, end_dim=-1)
    (10): Linear(in_features=3200, out_features=512, bias=True)
    (11): ReLU()
    (12): Linear(in_features=512, out_features=256, bias=True)
    (13): ReLU()
    (14): Linear(in_features=256, out_features=10, bias=True)
  )
)
INFO:__main__:CHILD MODEL LOSS: 0.5680017825365067 with train time 62.428340911865234
INFO:__main__:CHILD MODEL ACCURACY: 0.8032
INFO:__main__:Policy gradient: 0.15249484777450562
INFO:__main__:
INFO:__main__:------ ITERATION 425 ------
INFO:__main__:Layers generated: [('256', '3', '1'), ('128', '3', '0')]
INFO:__main__:ChildCNNModel(
  (model): Sequential(
    (0): Conv2d(3, 128, kernel_size=(3, 3), stride=(1, 1), padding=(1, 1))
    (1): ReLU()
    (2): MaxPool2d(kernel_size=2, stride=2, padding=0, dilation=1, ceil_mode=False)
    (3): Conv2d(128, 256, kernel_size=(3, 3), stride=(1, 1), padding=(1, 1))
    (4): ReLU()
    (5): MaxPool2d(kernel_size=2, stride=2, padding=0, dilation=1, ceil_mode=False)
    (6): Conv2d(256, 128, kernel_size=(3, 3), stride=(1, 1))
    (7): ReLU()
    (8): MaxPool2d(kernel_size=2, stride=2, padding=0, dilation=1, ceil_mode=False)
    (9): Flatten(start_dim=1, end_dim=-1)
    (10): Linear(in_features=1152, out_features=512, bias=True)
    (11): ReLU()
    (12): Linear(in_features=512, out_features=256, bias=True)
    (13): ReLU()
    (14): Linear(in_features=256, out_features=10, bias=True)
  )
)
INFO:__main__:CHILD MODEL LOSS: 0.5864416021108627 with train time 68.57801866531372
INFO:__main__:CHILD MODEL ACCURACY: 0.7958
INFO:__main__:Policy gradient: 0.08206575363874435
INFO:__main__:
INFO:__main__:------ ITERATION 426 ------
INFO:__main__:Layers generated: [('128', '5', '1'), ('256', '5', '1')]
INFO:__main__:ChildCNNModel(
  (model): Sequential(
    (0): Conv2d(3, 128, kernel_size=(3, 3), stride=(1, 1), padding=(1, 1))
    (1): ReLU()
    (2): MaxPool2d(kernel_size=2, stride=2, padding=0, dilation=1, ceil_mode=False)
    (3): Conv2d(128, 128, kernel_size=(5, 5), stride=(1, 1), padding=(1, 1))
    (4): ReLU()
    (5): MaxPool2d(kernel_size=2, stride=2, padding=0, dilation=1, ceil_mode=False)
    (6): Conv2d(128, 256, kernel_size=(5, 5), stride=(1, 1), padding=(1, 1))
    (7): ReLU()
    (8): MaxPool2d(kernel_size=2, stride=2, padding=0, dilation=1, ceil_mode=False)
    (9): Flatten(start_dim=1, end_dim=-1)
    (10): Linear(in_features=1024, out_features=512, bias=True)
    (11): ReLU()
    (12): Linear(in_features=512, out_features=256, bias=True)
    (13): ReLU()
    (14): Linear(in_features=256, out_features=10, bias=True)
  )
)
INFO:__main__:CHILD MODEL LOSS: 0.6104363415241242 with train time 66.86758375167847
INFO:__main__:CHILD MODEL ACCURACY: 0.7739
INFO:__main__:Policy gradient: -0.06828918308019638
INFO:__main__:
INFO:__main__:------ ITERATION 427 ------
INFO:__main__:Layers generated: [('64', '5', '2'), ('256', '5', '1')]
INFO:__main__:ChildCNNModel(
  (model): Sequential(
    (0): Conv2d(3, 128, kernel_size=(3, 3), stride=(1, 1), padding=(1, 1))
    (1): ReLU()
    (2): MaxPool2d(kernel_size=2, stride=2, padding=0, dilation=1, ceil_mode=False)
    (3): Conv2d(128, 64, kernel_size=(5, 5), stride=(1, 1), padding=(2, 2))
    (4): ReLU()
    (5): MaxPool2d(kernel_size=2, stride=2, padding=0, dilation=1, ceil_mode=False)
    (6): Conv2d(64, 256, kernel_size=(5, 5), stride=(1, 1), padding=(1, 1))
    (7): ReLU()
    (8): MaxPool2d(kernel_size=2, stride=2, padding=0, dilation=1, ceil_mode=False)
    (9): Flatten(start_dim=1, end_dim=-1)
    (10): Linear(in_features=2304, out_features=512, bias=True)
    (11): ReLU()
    (12): Linear(in_features=512, out_features=256, bias=True)
    (13): ReLU()
    (14): Linear(in_features=256, out_features=10, bias=True)
  )
)
INFO:__main__:CHILD MODEL LOSS: 0.617336513876915 with train time 66.29345178604126
INFO:__main__:CHILD MODEL ACCURACY: 0.7815
INFO:__main__:Policy gradient: -0.013607306405901909
INFO:__main__:
INFO:__main__:------ ITERATION 428 ------
INFO:__main__:Layers generated: [('64', '1', '0'), ('32', '3', '2')]
INFO:__main__:ChildCNNModel(
  (model): Sequential(
    (0): Conv2d(3, 128, kernel_size=(3, 3), stride=(1, 1), padding=(1, 1))
    (1): ReLU()
    (2): MaxPool2d(kernel_size=2, stride=2, padding=0, dilation=1, ceil_mode=False)
    (3): Conv2d(128, 64, kernel_size=(1, 1), stride=(1, 1))
    (4): ReLU()
    (5): MaxPool2d(kernel_size=2, stride=2, padding=0, dilation=1, ceil_mode=False)
    (6): Conv2d(64, 32, kernel_size=(3, 3), stride=(1, 1), padding=(2, 2))
    (7): ReLU()
    (8): MaxPool2d(kernel_size=2, stride=2, padding=0, dilation=1, ceil_mode=False)
    (9): Flatten(start_dim=1, end_dim=-1)
    (10): Linear(in_features=800, out_features=512, bias=True)
    (11): ReLU()
    (12): Linear(in_features=512, out_features=256, bias=True)
    (13): ReLU()
    (14): Linear(in_features=256, out_features=10, bias=True)
  )
)
INFO:__main__:CHILD MODEL LOSS: 0.7227359008789063 with train time 60.90951108932495
INFO:__main__:CHILD MODEL ACCURACY: 0.7641
INFO:__main__:Policy gradient: -0.17339730262756348
INFO:__main__:
INFO:__main__:------ ITERATION 429 ------
INFO:__main__:Layers generated: [('64', '5', '2'), ('64', '3', '0')]
INFO:__main__:ChildCNNModel(
  (model): Sequential(
    (0): Conv2d(3, 128, kernel_size=(3, 3), stride=(1, 1), padding=(1, 1))
    (1): ReLU()
    (2): MaxPool2d(kernel_size=2, stride=2, padding=0, dilation=1, ceil_mode=False)
    (3): Conv2d(128, 64, kernel_size=(5, 5), stride=(1, 1), padding=(2, 2))
    (4): ReLU()
    (5): MaxPool2d(kernel_size=2, stride=2, padding=0, dilation=1, ceil_mode=False)
    (6): Conv2d(64, 64, kernel_size=(3, 3), stride=(1, 1))
    (7): ReLU()
    (8): MaxPool2d(kernel_size=2, stride=2, padding=0, dilation=1, ceil_mode=False)
    (9): Flatten(start_dim=1, end_dim=-1)
    (10): Linear(in_features=576, out_features=512, bias=True)
    (11): ReLU()
    (12): Linear(in_features=512, out_features=256, bias=True)
    (13): ReLU()
    (14): Linear(in_features=256, out_features=10, bias=True)
  )
)
INFO:__main__:CHILD MODEL LOSS: 0.6594000318050385 with train time 65.06143879890442
INFO:__main__:CHILD MODEL ACCURACY: 0.7763
INFO:__main__:Policy gradient: -0.037403300404548645
INFO:__main__:
INFO:__main__:------ ITERATION 430 ------
INFO:__main__:Layers generated: [('64', '1', '2'), ('128', '3', '1')]
INFO:__main__:ChildCNNModel(
  (model): Sequential(
    (0): Conv2d(3, 128, kernel_size=(3, 3), stride=(1, 1), padding=(1, 1))
    (1): ReLU()
    (2): MaxPool2d(kernel_size=2, stride=2, padding=0, dilation=1, ceil_mode=False)
    (3): Conv2d(128, 64, kernel_size=(1, 1), stride=(1, 1), padding=(2, 2))
    (4): ReLU()
    (5): MaxPool2d(kernel_size=2, stride=2, padding=0, dilation=1, ceil_mode=False)
    (6): Conv2d(64, 128, kernel_size=(3, 3), stride=(1, 1), padding=(1, 1))
    (7): ReLU()
    (8): MaxPool2d(kernel_size=2, stride=2, padding=0, dilation=1, ceil_mode=False)
    (9): Flatten(start_dim=1, end_dim=-1)
    (10): Linear(in_features=3200, out_features=512, bias=True)
    (11): ReLU()
    (12): Linear(in_features=512, out_features=256, bias=True)
    (13): ReLU()
    (14): Linear(in_features=256, out_features=10, bias=True)
  )
)
INFO:__main__:CHILD MODEL LOSS: 0.6023434510231018 with train time 61.5672345161438
INFO:__main__:CHILD MODEL ACCURACY: 0.7914
INFO:__main__:Policy gradient: 0.07522829622030258
INFO:__main__:
INFO:__main__:------ ITERATION 431 ------
INFO:__main__:Layers generated: [('128', '3', '1'), ('256', '5', '0')]
INFO:__main__:ChildCNNModel(
  (model): Sequential(
    (0): Conv2d(3, 128, kernel_size=(3, 3), stride=(1, 1), padding=(1, 1))
    (1): ReLU()
    (2): MaxPool2d(kernel_size=2, stride=2, padding=0, dilation=1, ceil_mode=False)
    (3): Conv2d(128, 128, kernel_size=(3, 3), stride=(1, 1), padding=(1, 1))
    (4): ReLU()
    (5): MaxPool2d(kernel_size=2, stride=2, padding=0, dilation=1, ceil_mode=False)
    (6): Conv2d(128, 256, kernel_size=(5, 5), stride=(1, 1))
    (7): ReLU()
    (8): MaxPool2d(kernel_size=2, stride=2, padding=0, dilation=1, ceil_mode=False)
    (9): Flatten(start_dim=1, end_dim=-1)
    (10): Linear(in_features=1024, out_features=512, bias=True)
    (11): ReLU()
    (12): Linear(in_features=512, out_features=256, bias=True)
    (13): ReLU()
    (14): Linear(in_features=256, out_features=10, bias=True)
  )
)
INFO:__main__:CHILD MODEL LOSS: 0.5585830962657928 with train time 64.72551846504211
INFO:__main__:CHILD MODEL ACCURACY: 0.8043
INFO:__main__:Policy gradient: 0.14630992710590363
INFO:__main__:
INFO:__main__:------ ITERATION 432 ------
INFO:__main__:Layers generated: [('128', '1', '0'), ('128', '3', '2')]
INFO:__main__:ChildCNNModel(
  (model): Sequential(
    (0): Conv2d(3, 128, kernel_size=(3, 3), stride=(1, 1), padding=(1, 1))
    (1): ReLU()
    (2): MaxPool2d(kernel_size=2, stride=2, padding=0, dilation=1, ceil_mode=False)
    (3): Conv2d(128, 128, kernel_size=(1, 1), stride=(1, 1))
    (4): ReLU()
    (5): MaxPool2d(kernel_size=2, stride=2, padding=0, dilation=1, ceil_mode=False)
    (6): Conv2d(128, 128, kernel_size=(3, 3), stride=(1, 1), padding=(2, 2))
    (7): ReLU()
    (8): MaxPool2d(kernel_size=2, stride=2, padding=0, dilation=1, ceil_mode=False)
    (9): Flatten(start_dim=1, end_dim=-1)
    (10): Linear(in_features=3200, out_features=512, bias=True)
    (11): ReLU()
    (12): Linear(in_features=512, out_features=256, bias=True)
    (13): ReLU()
    (14): Linear(in_features=256, out_features=10, bias=True)
  )
)
INFO:__main__:CHILD MODEL LOSS: 0.579069582104683 with train time 62.889835834503174
INFO:__main__:CHILD MODEL ACCURACY: 0.7941
INFO:__main__:Policy gradient: 0.08110231906175613
INFO:__main__:
INFO:__main__:------ ITERATION 433 ------
INFO:__main__:Layers generated: [('256', '1', '0'), ('64', '5', '1')]
INFO:__main__:ChildCNNModel(
  (model): Sequential(
    (0): Conv2d(3, 128, kernel_size=(3, 3), stride=(1, 1), padding=(1, 1))
    (1): ReLU()
    (2): MaxPool2d(kernel_size=2, stride=2, padding=0, dilation=1, ceil_mode=False)
    (3): Conv2d(128, 256, kernel_size=(1, 1), stride=(1, 1))
    (4): ReLU()
    (5): MaxPool2d(kernel_size=2, stride=2, padding=0, dilation=1, ceil_mode=False)
    (6): Conv2d(256, 64, kernel_size=(5, 5), stride=(1, 1), padding=(1, 1))
    (7): ReLU()
    (8): MaxPool2d(kernel_size=2, stride=2, padding=0, dilation=1, ceil_mode=False)
    (9): Flatten(start_dim=1, end_dim=-1)
    (10): Linear(in_features=576, out_features=512, bias=True)
    (11): ReLU()
    (12): Linear(in_features=512, out_features=256, bias=True)
    (13): ReLU()
    (14): Linear(in_features=256, out_features=10, bias=True)
  )
)
INFO:__main__:CHILD MODEL LOSS: 0.6646311024427414 with train time 65.23830604553223
INFO:__main__:CHILD MODEL ACCURACY: 0.7879
INFO:__main__:Policy gradient: 0.016685672104358673
INFO:__main__:
INFO:__main__:------ ITERATION 434 ------
INFO:__main__:Layers generated: [('128', '5', '2'), ('256', '3', '1')]
INFO:__main__:ChildCNNModel(
  (model): Sequential(
    (0): Conv2d(3, 128, kernel_size=(3, 3), stride=(1, 1), padding=(1, 1))
    (1): ReLU()
    (2): MaxPool2d(kernel_size=2, stride=2, padding=0, dilation=1, ceil_mode=False)
    (3): Conv2d(128, 128, kernel_size=(5, 5), stride=(1, 1), padding=(2, 2))
    (4): ReLU()
    (5): MaxPool2d(kernel_size=2, stride=2, padding=0, dilation=1, ceil_mode=False)
    (6): Conv2d(128, 256, kernel_size=(3, 3), stride=(1, 1), padding=(1, 1))
    (7): ReLU()
    (8): MaxPool2d(kernel_size=2, stride=2, padding=0, dilation=1, ceil_mode=False)
    (9): Flatten(start_dim=1, end_dim=-1)
    (10): Linear(in_features=4096, out_features=512, bias=True)
    (11): ReLU()
    (12): Linear(in_features=512, out_features=256, bias=True)
    (13): ReLU()
    (14): Linear(in_features=256, out_features=10, bias=True)
  )
)
INFO:__main__:CHILD MODEL LOSS: 0.5875634676218033 with train time 68.11909294128418
INFO:__main__:CHILD MODEL ACCURACY: 0.7776
INFO:__main__:Policy gradient: -0.05070371553301811
INFO:__main__:
INFO:__main__:------ ITERATION 435 ------
INFO:__main__:Layers generated: [('256', '5', '2'), ('256', '1', '1')]
INFO:__main__:ChildCNNModel(
  (model): Sequential(
    (0): Conv2d(3, 128, kernel_size=(3, 3), stride=(1, 1), padding=(1, 1))
    (1): ReLU()
    (2): MaxPool2d(kernel_size=2, stride=2, padding=0, dilation=1, ceil_mode=False)
    (3): Conv2d(128, 256, kernel_size=(5, 5), stride=(1, 1), padding=(2, 2))
    (4): ReLU()
    (5): MaxPool2d(kernel_size=2, stride=2, padding=0, dilation=1, ceil_mode=False)
    (6): Conv2d(256, 256, kernel_size=(1, 1), stride=(1, 1), padding=(1, 1))
    (7): ReLU()
    (8): MaxPool2d(kernel_size=2, stride=2, padding=0, dilation=1, ceil_mode=False)
    (9): Flatten(start_dim=1, end_dim=-1)
    (10): Linear(in_features=6400, out_features=512, bias=True)
    (11): ReLU()
    (12): Linear(in_features=512, out_features=256, bias=True)
    (13): ReLU()
    (14): Linear(in_features=256, out_features=10, bias=True)
  )
)
INFO:__main__:CHILD MODEL LOSS: 0.5980526387691498 with train time 75.35833716392517
INFO:__main__:CHILD MODEL ACCURACY: 0.7946
INFO:__main__:Policy gradient: 0.06333082169294357
INFO:__main__:
INFO:__main__:------ ITERATION 436 ------
INFO:__main__:Layers generated: [('128', '5', '2'), ('256', '5', '2')]
INFO:__main__:ChildCNNModel(
  (model): Sequential(
    (0): Conv2d(3, 128, kernel_size=(3, 3), stride=(1, 1), padding=(1, 1))
    (1): ReLU()
    (2): MaxPool2d(kernel_size=2, stride=2, padding=0, dilation=1, ceil_mode=False)
    (3): Conv2d(128, 128, kernel_size=(5, 5), stride=(1, 1), padding=(2, 2))
    (4): ReLU()
    (5): MaxPool2d(kernel_size=2, stride=2, padding=0, dilation=1, ceil_mode=False)
    (6): Conv2d(128, 256, kernel_size=(5, 5), stride=(1, 1), padding=(2, 2))
    (7): ReLU()
    (8): MaxPool2d(kernel_size=2, stride=2, padding=0, dilation=1, ceil_mode=False)
    (9): Flatten(start_dim=1, end_dim=-1)
    (10): Linear(in_features=4096, out_features=512, bias=True)
    (11): ReLU()
    (12): Linear(in_features=512, out_features=256, bias=True)
    (13): ReLU()
    (14): Linear(in_features=256, out_features=10, bias=True)
  )
)
INFO:__main__:CHILD MODEL LOSS: 0.6859200732707977 with train time 70.39802622795105
INFO:__main__:CHILD MODEL ACCURACY: 0.76
INFO:__main__:Policy gradient: -0.16290397942066193
INFO:__main__:
INFO:__main__:------ ITERATION 437 ------
INFO:__main__:Layers generated: [('256', '3', '1'), ('32', '3', '1')]
INFO:__main__:ChildCNNModel(
  (model): Sequential(
    (0): Conv2d(3, 128, kernel_size=(3, 3), stride=(1, 1), padding=(1, 1))
    (1): ReLU()
    (2): MaxPool2d(kernel_size=2, stride=2, padding=0, dilation=1, ceil_mode=False)
    (3): Conv2d(128, 256, kernel_size=(3, 3), stride=(1, 1), padding=(1, 1))
    (4): ReLU()
    (5): MaxPool2d(kernel_size=2, stride=2, padding=0, dilation=1, ceil_mode=False)
    (6): Conv2d(256, 32, kernel_size=(3, 3), stride=(1, 1), padding=(1, 1))
    (7): ReLU()
    (8): MaxPool2d(kernel_size=2, stride=2, padding=0, dilation=1, ceil_mode=False)
    (9): Flatten(start_dim=1, end_dim=-1)
    (10): Linear(in_features=512, out_features=512, bias=True)
    (11): ReLU()
    (12): Linear(in_features=512, out_features=256, bias=True)
    (13): ReLU()
    (14): Linear(in_features=256, out_features=10, bias=True)
  )
)
INFO:__main__:CHILD MODEL LOSS: 0.6599508585929871 with train time 68.2851037979126
INFO:__main__:CHILD MODEL ACCURACY: 0.7826
INFO:__main__:Policy gradient: -0.0041733128018677235
INFO:__main__:
INFO:__main__:------ ITERATION 438 ------
INFO:__main__:Layers generated: [('128', '3', '2'), ('256', '3', '1')]
INFO:__main__:ChildCNNModel(
  (model): Sequential(
    (0): Conv2d(3, 128, kernel_size=(3, 3), stride=(1, 1), padding=(1, 1))
    (1): ReLU()
    (2): MaxPool2d(kernel_size=2, stride=2, padding=0, dilation=1, ceil_mode=False)
    (3): Conv2d(128, 128, kernel_size=(3, 3), stride=(1, 1), padding=(2, 2))
    (4): ReLU()
    (5): MaxPool2d(kernel_size=2, stride=2, padding=0, dilation=1, ceil_mode=False)
    (6): Conv2d(128, 256, kernel_size=(3, 3), stride=(1, 1), padding=(1, 1))
    (7): ReLU()
    (8): MaxPool2d(kernel_size=2, stride=2, padding=0, dilation=1, ceil_mode=False)
    (9): Flatten(start_dim=1, end_dim=-1)
    (10): Linear(in_features=4096, out_features=512, bias=True)
    (11): ReLU()
    (12): Linear(in_features=512, out_features=256, bias=True)
    (13): ReLU()
    (14): Linear(in_features=256, out_features=10, bias=True)
  )
)
INFO:__main__:CHILD MODEL LOSS: 0.5281993633508683 with train time 66.77401542663574
INFO:__main__:CHILD MODEL ACCURACY: 0.8112
INFO:__main__:Policy gradient: 0.17065338790416718
INFO:__main__:
INFO:__main__:------ ITERATION 439 ------
INFO:__main__:Layers generated: [('256', '3', '2'), ('128', '3', '2')]
INFO:__main__:ChildCNNModel(
  (model): Sequential(
    (0): Conv2d(3, 128, kernel_size=(3, 3), stride=(1, 1), padding=(1, 1))
    (1): ReLU()
    (2): MaxPool2d(kernel_size=2, stride=2, padding=0, dilation=1, ceil_mode=False)
    (3): Conv2d(128, 256, kernel_size=(3, 3), stride=(1, 1), padding=(2, 2))
    (4): ReLU()
    (5): MaxPool2d(kernel_size=2, stride=2, padding=0, dilation=1, ceil_mode=False)
    (6): Conv2d(256, 128, kernel_size=(3, 3), stride=(1, 1), padding=(2, 2))
    (7): ReLU()
    (8): MaxPool2d(kernel_size=2, stride=2, padding=0, dilation=1, ceil_mode=False)
    (9): Flatten(start_dim=1, end_dim=-1)
    (10): Linear(in_features=3200, out_features=512, bias=True)
    (11): ReLU()
    (12): Linear(in_features=512, out_features=256, bias=True)
    (13): ReLU()
    (14): Linear(in_features=256, out_features=10, bias=True)
  )
)
INFO:__main__:CHILD MODEL LOSS: 0.5454066836833954 with train time 71.95571494102478
INFO:__main__:CHILD MODEL ACCURACY: 0.799
INFO:__main__:Policy gradient: 0.08017895370721817
INFO:__main__:
INFO:__main__:------ ITERATION 440 ------
INFO:__main__:Layers generated: [('64', '3', '0'), ('32', '5', '2')]
INFO:__main__:ChildCNNModel(
  (model): Sequential(
    (0): Conv2d(3, 128, kernel_size=(3, 3), stride=(1, 1), padding=(1, 1))
    (1): ReLU()
    (2): MaxPool2d(kernel_size=2, stride=2, padding=0, dilation=1, ceil_mode=False)
    (3): Conv2d(128, 64, kernel_size=(3, 3), stride=(1, 1))
    (4): ReLU()
    (5): MaxPool2d(kernel_size=2, stride=2, padding=0, dilation=1, ceil_mode=False)
    (6): Conv2d(64, 32, kernel_size=(5, 5), stride=(1, 1), padding=(2, 2))
    (7): ReLU()
    (8): MaxPool2d(kernel_size=2, stride=2, padding=0, dilation=1, ceil_mode=False)
    (9): Flatten(start_dim=1, end_dim=-1)
    (10): Linear(in_features=288, out_features=512, bias=True)
    (11): ReLU()
    (12): Linear(in_features=512, out_features=256, bias=True)
    (13): ReLU()
    (14): Linear(in_features=256, out_features=10, bias=True)
  )
)
INFO:__main__:CHILD MODEL LOSS: 0.7068228528499604 with train time 62.60784316062927
INFO:__main__:CHILD MODEL ACCURACY: 0.7691
INFO:__main__:Policy gradient: -0.15081606805324554
INFO:__main__:
INFO:__main__:------ ITERATION 441 ------
INFO:__main__:Layers generated: [('256', '5', '2'), ('256', '3', '1')]
INFO:__main__:ChildCNNModel(
  (model): Sequential(
    (0): Conv2d(3, 128, kernel_size=(3, 3), stride=(1, 1), padding=(1, 1))
    (1): ReLU()
    (2): MaxPool2d(kernel_size=2, stride=2, padding=0, dilation=1, ceil_mode=False)
    (3): Conv2d(128, 256, kernel_size=(5, 5), stride=(1, 1), padding=(2, 2))
    (4): ReLU()
    (5): MaxPool2d(kernel_size=2, stride=2, padding=0, dilation=1, ceil_mode=False)
    (6): Conv2d(256, 256, kernel_size=(3, 3), stride=(1, 1), padding=(1, 1))
    (7): ReLU()
    (8): MaxPool2d(kernel_size=2, stride=2, padding=0, dilation=1, ceil_mode=False)
    (9): Flatten(start_dim=1, end_dim=-1)
    (10): Linear(in_features=4096, out_features=512, bias=True)
    (11): ReLU()
    (12): Linear(in_features=512, out_features=256, bias=True)
    (13): ReLU()
    (14): Linear(in_features=256, out_features=10, bias=True)
  )
)
INFO:__main__:CHILD MODEL LOSS: 0.5628471974134445 with train time 76.55505847930908
INFO:__main__:CHILD MODEL ACCURACY: 0.7941
INFO:__main__:Policy gradient: 0.04541430622339249
INFO:__main__:
INFO:__main__:------ ITERATION 442 ------
INFO:__main__:Layers generated: [('256', '3', '2'), ('64', '3', '0')]
INFO:__main__:ChildCNNModel(
  (model): Sequential(
    (0): Conv2d(3, 128, kernel_size=(3, 3), stride=(1, 1), padding=(1, 1))
    (1): ReLU()
    (2): MaxPool2d(kernel_size=2, stride=2, padding=0, dilation=1, ceil_mode=False)
    (3): Conv2d(128, 256, kernel_size=(3, 3), stride=(1, 1), padding=(2, 2))
    (4): ReLU()
    (5): MaxPool2d(kernel_size=2, stride=2, padding=0, dilation=1, ceil_mode=False)
    (6): Conv2d(256, 64, kernel_size=(3, 3), stride=(1, 1))
    (7): ReLU()
    (8): MaxPool2d(kernel_size=2, stride=2, padding=0, dilation=1, ceil_mode=False)
    (9): Flatten(start_dim=1, end_dim=-1)
    (10): Linear(in_features=576, out_features=512, bias=True)
    (11): ReLU()
    (12): Linear(in_features=512, out_features=256, bias=True)
    (13): ReLU()
    (14): Linear(in_features=256, out_features=10, bias=True)
  )
)
INFO:__main__:CHILD MODEL LOSS: 0.6053251651525497 with train time 70.23561453819275
INFO:__main__:CHILD MODEL ACCURACY: 0.7921
INFO:__main__:Policy gradient: 0.03510836139321327
INFO:__main__:
INFO:__main__:------ ITERATION 443 ------
INFO:__main__:Layers generated: [('128', '3', '2'), ('32', '1', '0')]
INFO:__main__:ChildCNNModel(
  (model): Sequential(
    (0): Conv2d(3, 128, kernel_size=(3, 3), stride=(1, 1), padding=(1, 1))
    (1): ReLU()
    (2): MaxPool2d(kernel_size=2, stride=2, padding=0, dilation=1, ceil_mode=False)
    (3): Conv2d(128, 128, kernel_size=(3, 3), stride=(1, 1), padding=(2, 2))
    (4): ReLU()
    (5): MaxPool2d(kernel_size=2, stride=2, padding=0, dilation=1, ceil_mode=False)
    (6): Conv2d(128, 32, kernel_size=(1, 1), stride=(1, 1))
    (7): ReLU()
    (8): MaxPool2d(kernel_size=2, stride=2, padding=0, dilation=1, ceil_mode=False)
    (9): Flatten(start_dim=1, end_dim=-1)
    (10): Linear(in_features=512, out_features=512, bias=True)
    (11): ReLU()
    (12): Linear(in_features=512, out_features=256, bias=True)
    (13): ReLU()
    (14): Linear(in_features=256, out_features=10, bias=True)
  )
)
INFO:__main__:CHILD MODEL LOSS: 0.7281313624382019 with train time 65.28304934501648
INFO:__main__:CHILD MODEL ACCURACY: 0.7625
INFO:__main__:Policy gradient: -0.24017693102359772
INFO:__main__:
INFO:__main__:------ ITERATION 444 ------
INFO:__main__:Layers generated: [('64', '3', '0'), ('256', '5', '2')]
INFO:__main__:ChildCNNModel(
  (model): Sequential(
    (0): Conv2d(3, 128, kernel_size=(3, 3), stride=(1, 1), padding=(1, 1))
    (1): ReLU()
    (2): MaxPool2d(kernel_size=2, stride=2, padding=0, dilation=1, ceil_mode=False)
    (3): Conv2d(128, 64, kernel_size=(3, 3), stride=(1, 1))
    (4): ReLU()
    (5): MaxPool2d(kernel_size=2, stride=2, padding=0, dilation=1, ceil_mode=False)
    (6): Conv2d(64, 256, kernel_size=(5, 5), stride=(1, 1), padding=(2, 2))
    (7): ReLU()
    (8): MaxPool2d(kernel_size=2, stride=2, padding=0, dilation=1, ceil_mode=False)
    (9): Flatten(start_dim=1, end_dim=-1)
    (10): Linear(in_features=2304, out_features=512, bias=True)
    (11): ReLU()
    (12): Linear(in_features=512, out_features=256, bias=True)
    (13): ReLU()
    (14): Linear(in_features=256, out_features=10, bias=True)
  )
)
INFO:__main__:CHILD MODEL LOSS: 0.5581513088941574 with train time 63.01595640182495
INFO:__main__:CHILD MODEL ACCURACY: 0.8006
INFO:__main__:Policy gradient: 0.10279487073421478
INFO:__main__:
INFO:__main__:------ ITERATION 445 ------
INFO:__main__:Layers generated: [('256', '5', '1'), ('128', '3', '1')]
INFO:__main__:ChildCNNModel(
  (model): Sequential(
    (0): Conv2d(3, 128, kernel_size=(3, 3), stride=(1, 1), padding=(1, 1))
    (1): ReLU()
    (2): MaxPool2d(kernel_size=2, stride=2, padding=0, dilation=1, ceil_mode=False)
    (3): Conv2d(128, 256, kernel_size=(5, 5), stride=(1, 1), padding=(1, 1))
    (4): ReLU()
    (5): MaxPool2d(kernel_size=2, stride=2, padding=0, dilation=1, ceil_mode=False)
    (6): Conv2d(256, 128, kernel_size=(3, 3), stride=(1, 1), padding=(1, 1))
    (7): ReLU()
    (8): MaxPool2d(kernel_size=2, stride=2, padding=0, dilation=1, ceil_mode=False)
    (9): Flatten(start_dim=1, end_dim=-1)
    (10): Linear(in_features=1152, out_features=512, bias=True)
    (11): ReLU()
    (12): Linear(in_features=512, out_features=256, bias=True)
    (13): ReLU()
    (14): Linear(in_features=256, out_features=10, bias=True)
  )
)
INFO:__main__:CHILD MODEL LOSS: 0.5973649951219558 with train time 72.13378524780273
INFO:__main__:CHILD MODEL ACCURACY: 0.7967
INFO:__main__:Policy gradient: 0.06544662266969681
INFO:__main__:
INFO:__main__:------ ITERATION 446 ------
INFO:__main__:Layers generated: [('32', '5', '0'), ('16', '1', '0')]
INFO:__main__:ChildCNNModel(
  (model): Sequential(
    (0): Conv2d(3, 128, kernel_size=(3, 3), stride=(1, 1), padding=(1, 1))
    (1): ReLU()
    (2): MaxPool2d(kernel_size=2, stride=2, padding=0, dilation=1, ceil_mode=False)
    (3): Conv2d(128, 32, kernel_size=(5, 5), stride=(1, 1))
    (4): ReLU()
    (5): MaxPool2d(kernel_size=2, stride=2, padding=0, dilation=1, ceil_mode=False)
    (6): Conv2d(32, 16, kernel_size=(1, 1), stride=(1, 1))
    (7): ReLU()
    (8): MaxPool2d(kernel_size=2, stride=2, padding=0, dilation=1, ceil_mode=False)
    (9): Flatten(start_dim=1, end_dim=-1)
    (10): Linear(in_features=144, out_features=512, bias=True)
    (11): ReLU()
    (12): Linear(in_features=512, out_features=256, bias=True)
    (13): ReLU()
    (14): Linear(in_features=256, out_features=10, bias=True)
  )
)
INFO:__main__:CHILD MODEL LOSS: 0.9104892597198486 with train time 62.47730565071106
INFO:__main__:CHILD MODEL ACCURACY: 0.6807
INFO:__main__:Policy gradient: -1.382572889328003
INFO:__main__:
INFO:__main__:------ ITERATION 447 ------
INFO:__main__:Layers generated: [('64', '3', '0'), ('128', '3', '2')]
INFO:__main__:ChildCNNModel(
  (model): Sequential(
    (0): Conv2d(3, 128, kernel_size=(3, 3), stride=(1, 1), padding=(1, 1))
    (1): ReLU()
    (2): MaxPool2d(kernel_size=2, stride=2, padding=0, dilation=1, ceil_mode=False)
    (3): Conv2d(128, 64, kernel_size=(3, 3), stride=(1, 1))
    (4): ReLU()
    (5): MaxPool2d(kernel_size=2, stride=2, padding=0, dilation=1, ceil_mode=False)
    (6): Conv2d(64, 128, kernel_size=(3, 3), stride=(1, 1), padding=(2, 2))
    (7): ReLU()
    (8): MaxPool2d(kernel_size=2, stride=2, padding=0, dilation=1, ceil_mode=False)
    (9): Flatten(start_dim=1, end_dim=-1)
    (10): Linear(in_features=2048, out_features=512, bias=True)
    (11): ReLU()
    (12): Linear(in_features=512, out_features=256, bias=True)
    (13): ReLU()
    (14): Linear(in_features=256, out_features=10, bias=True)
  )
)
INFO:__main__:CHILD MODEL LOSS: 0.592539258480072 with train time 62.54299020767212
INFO:__main__:CHILD MODEL ACCURACY: 0.7787
INFO:__main__:Policy gradient: 0.016372913494706154
INFO:__main__:
INFO:__main__:------ ITERATION 448 ------
INFO:__main__:Layers generated: [('64', '3', '2'), ('64', '3', '1')]
INFO:__main__:ChildCNNModel(
  (model): Sequential(
    (0): Conv2d(3, 128, kernel_size=(3, 3), stride=(1, 1), padding=(1, 1))
    (1): ReLU()
    (2): MaxPool2d(kernel_size=2, stride=2, padding=0, dilation=1, ceil_mode=False)
    (3): Conv2d(128, 64, kernel_size=(3, 3), stride=(1, 1), padding=(2, 2))
    (4): ReLU()
    (5): MaxPool2d(kernel_size=2, stride=2, padding=0, dilation=1, ceil_mode=False)
    (6): Conv2d(64, 64, kernel_size=(3, 3), stride=(1, 1), padding=(1, 1))
    (7): ReLU()
    (8): MaxPool2d(kernel_size=2, stride=2, padding=0, dilation=1, ceil_mode=False)
    (9): Flatten(start_dim=1, end_dim=-1)
    (10): Linear(in_features=1024, out_features=512, bias=True)
    (11): ReLU()
    (12): Linear(in_features=512, out_features=256, bias=True)
    (13): ReLU()
    (14): Linear(in_features=256, out_features=10, bias=True)
  )
)
INFO:__main__:CHILD MODEL LOSS: 0.6283903077840806 with train time 62.41515111923218
INFO:__main__:CHILD MODEL ACCURACY: 0.7892
INFO:__main__:Policy gradient: 0.07673638314008713
INFO:__main__:
INFO:__main__:------ ITERATION 449 ------
INFO:__main__:Layers generated: [('256', '3', '0'), ('256', '1', '2')]
INFO:__main__:ChildCNNModel(
  (model): Sequential(
    (0): Conv2d(3, 128, kernel_size=(3, 3), stride=(1, 1), padding=(1, 1))
    (1): ReLU()
    (2): MaxPool2d(kernel_size=2, stride=2, padding=0, dilation=1, ceil_mode=False)
    (3): Conv2d(128, 256, kernel_size=(3, 3), stride=(1, 1))
    (4): ReLU()
    (5): MaxPool2d(kernel_size=2, stride=2, padding=0, dilation=1, ceil_mode=False)
    (6): Conv2d(256, 256, kernel_size=(1, 1), stride=(1, 1), padding=(2, 2))
    (7): ReLU()
    (8): MaxPool2d(kernel_size=2, stride=2, padding=0, dilation=1, ceil_mode=False)
    (9): Flatten(start_dim=1, end_dim=-1)
    (10): Linear(in_features=6400, out_features=512, bias=True)
    (11): ReLU()
    (12): Linear(in_features=512, out_features=256, bias=True)
    (13): ReLU()
    (14): Linear(in_features=256, out_features=10, bias=True)
  )
)
INFO:__main__:CHILD MODEL LOSS: 0.5597497360706329 with train time 67.40007781982422
INFO:__main__:CHILD MODEL ACCURACY: 0.8017
INFO:__main__:Policy gradient: 0.16621540486812592
INFO:__main__:
INFO:__main__:------ ITERATION 450 ------
INFO:__main__:Layers generated: [('128', '5', '1'), ('256', '3', '2')]
INFO:__main__:ChildCNNModel(
  (model): Sequential(
    (0): Conv2d(3, 128, kernel_size=(3, 3), stride=(1, 1), padding=(1, 1))
    (1): ReLU()
    (2): MaxPool2d(kernel_size=2, stride=2, padding=0, dilation=1, ceil_mode=False)
    (3): Conv2d(128, 128, kernel_size=(5, 5), stride=(1, 1), padding=(1, 1))
    (4): ReLU()
    (5): MaxPool2d(kernel_size=2, stride=2, padding=0, dilation=1, ceil_mode=False)
    (6): Conv2d(128, 256, kernel_size=(3, 3), stride=(1, 1), padding=(2, 2))
    (7): ReLU()
    (8): MaxPool2d(kernel_size=2, stride=2, padding=0, dilation=1, ceil_mode=False)
    (9): Flatten(start_dim=1, end_dim=-1)
    (10): Linear(in_features=4096, out_features=512, bias=True)
    (11): ReLU()
    (12): Linear(in_features=512, out_features=256, bias=True)
    (13): ReLU()
    (14): Linear(in_features=256, out_features=10, bias=True)
  )
)
INFO:__main__:CHILD MODEL LOSS: 0.5680857105255127 with train time 66.90870356559753
INFO:__main__:CHILD MODEL ACCURACY: 0.8019
INFO:__main__:Policy gradient: 0.14228859543800354
INFO:__main__:
INFO:__main__:------ ITERATION 451 ------
INFO:__main__:Layers generated: [('256', '1', '1'), ('256', '3', '2')]
INFO:__main__:ChildCNNModel(
  (model): Sequential(
    (0): Conv2d(3, 128, kernel_size=(3, 3), stride=(1, 1), padding=(1, 1))
    (1): ReLU()
    (2): MaxPool2d(kernel_size=2, stride=2, padding=0, dilation=1, ceil_mode=False)
    (3): Conv2d(128, 256, kernel_size=(1, 1), stride=(1, 1), padding=(1, 1))
    (4): ReLU()
    (5): MaxPool2d(kernel_size=2, stride=2, padding=0, dilation=1, ceil_mode=False)
    (6): Conv2d(256, 256, kernel_size=(3, 3), stride=(1, 1), padding=(2, 2))
    (7): ReLU()
    (8): MaxPool2d(kernel_size=2, stride=2, padding=0, dilation=1, ceil_mode=False)
    (9): Flatten(start_dim=1, end_dim=-1)
    (10): Linear(in_features=6400, out_features=512, bias=True)
    (11): ReLU()
    (12): Linear(in_features=512, out_features=256, bias=True)
    (13): ReLU()
    (14): Linear(in_features=256, out_features=10, bias=True)
  )
)
INFO:__main__:CHILD MODEL LOSS: 0.5701361315250397 with train time 70.93780636787415
INFO:__main__:CHILD MODEL ACCURACY: 0.8036
INFO:__main__:Policy gradient: 0.12101489305496216
INFO:__main__:
INFO:__main__:------ ITERATION 452 ------
INFO:__main__:Layers generated: [('256', '3', '2'), ('64', '3', '2')]
INFO:__main__:ChildCNNModel(
  (model): Sequential(
    (0): Conv2d(3, 128, kernel_size=(3, 3), stride=(1, 1), padding=(1, 1))
    (1): ReLU()
    (2): MaxPool2d(kernel_size=2, stride=2, padding=0, dilation=1, ceil_mode=False)
    (3): Conv2d(128, 256, kernel_size=(3, 3), stride=(1, 1), padding=(2, 2))
    (4): ReLU()
    (5): MaxPool2d(kernel_size=2, stride=2, padding=0, dilation=1, ceil_mode=False)
    (6): Conv2d(256, 64, kernel_size=(3, 3), stride=(1, 1), padding=(2, 2))
    (7): ReLU()
    (8): MaxPool2d(kernel_size=2, stride=2, padding=0, dilation=1, ceil_mode=False)
    (9): Flatten(start_dim=1, end_dim=-1)
    (10): Linear(in_features=1600, out_features=512, bias=True)
    (11): ReLU()
    (12): Linear(in_features=512, out_features=256, bias=True)
    (13): ReLU()
    (14): Linear(in_features=256, out_features=10, bias=True)
  )
)
INFO:__main__:CHILD MODEL LOSS: 0.5853495862483978 with train time 72.58732604980469
INFO:__main__:CHILD MODEL ACCURACY: 0.7981
INFO:__main__:Policy gradient: 0.0735771432518959
INFO:__main__:
INFO:__main__:------ ITERATION 453 ------
INFO:__main__:Layers generated: [('128', '5', '0'), ('256', '5', '1')]
INFO:__main__:ChildCNNModel(
  (model): Sequential(
    (0): Conv2d(3, 128, kernel_size=(3, 3), stride=(1, 1), padding=(1, 1))
    (1): ReLU()
    (2): MaxPool2d(kernel_size=2, stride=2, padding=0, dilation=1, ceil_mode=False)
    (3): Conv2d(128, 128, kernel_size=(5, 5), stride=(1, 1))
    (4): ReLU()
    (5): MaxPool2d(kernel_size=2, stride=2, padding=0, dilation=1, ceil_mode=False)
    (6): Conv2d(128, 256, kernel_size=(5, 5), stride=(1, 1), padding=(1, 1))
    (7): ReLU()
    (8): MaxPool2d(kernel_size=2, stride=2, padding=0, dilation=1, ceil_mode=False)
    (9): Flatten(start_dim=1, end_dim=-1)
    (10): Linear(in_features=1024, out_features=512, bias=True)
    (11): ReLU()
    (12): Linear(in_features=512, out_features=256, bias=True)
    (13): ReLU()
    (14): Linear(in_features=256, out_features=10, bias=True)
  )
)
INFO:__main__:CHILD MODEL LOSS: 0.6273535579442978 with train time 68.38749623298645
INFO:__main__:CHILD MODEL ACCURACY: 0.7925
INFO:__main__:Policy gradient: 0.045842405408620834
INFO:__main__:
INFO:__main__:------ ITERATION 454 ------
INFO:__main__:Layers generated: [('32', '3', '2'), ('256', '3', '1')]
INFO:__main__:ChildCNNModel(
  (model): Sequential(
    (0): Conv2d(3, 128, kernel_size=(3, 3), stride=(1, 1), padding=(1, 1))
    (1): ReLU()
    (2): MaxPool2d(kernel_size=2, stride=2, padding=0, dilation=1, ceil_mode=False)
    (3): Conv2d(128, 32, kernel_size=(3, 3), stride=(1, 1), padding=(2, 2))
    (4): ReLU()
    (5): MaxPool2d(kernel_size=2, stride=2, padding=0, dilation=1, ceil_mode=False)
    (6): Conv2d(32, 256, kernel_size=(3, 3), stride=(1, 1), padding=(1, 1))
    (7): ReLU()
    (8): MaxPool2d(kernel_size=2, stride=2, padding=0, dilation=1, ceil_mode=False)
    (9): Flatten(start_dim=1, end_dim=-1)
    (10): Linear(in_features=4096, out_features=512, bias=True)
    (11): ReLU()
    (12): Linear(in_features=512, out_features=256, bias=True)
    (13): ReLU()
    (14): Linear(in_features=256, out_features=10, bias=True)
  )
)
INFO:__main__:CHILD MODEL LOSS: 0.5635035890340805 with train time 64.89063692092896
INFO:__main__:CHILD MODEL ACCURACY: 0.7964
INFO:__main__:Policy gradient: 0.0719689130783081
INFO:__main__:
INFO:__main__:------ ITERATION 455 ------
INFO:__main__:Layers generated: [('256', '1', '1'), ('256', '1', '1')]
INFO:__main__:ChildCNNModel(
  (model): Sequential(
    (0): Conv2d(3, 128, kernel_size=(3, 3), stride=(1, 1), padding=(1, 1))
    (1): ReLU()
    (2): MaxPool2d(kernel_size=2, stride=2, padding=0, dilation=1, ceil_mode=False)
    (3): Conv2d(128, 256, kernel_size=(1, 1), stride=(1, 1), padding=(1, 1))
    (4): ReLU()
    (5): MaxPool2d(kernel_size=2, stride=2, padding=0, dilation=1, ceil_mode=False)
    (6): Conv2d(256, 256, kernel_size=(1, 1), stride=(1, 1), padding=(1, 1))
    (7): ReLU()
    (8): MaxPool2d(kernel_size=2, stride=2, padding=0, dilation=1, ceil_mode=False)
    (9): Flatten(start_dim=1, end_dim=-1)
    (10): Linear(in_features=6400, out_features=512, bias=True)
    (11): ReLU()
    (12): Linear(in_features=512, out_features=256, bias=True)
    (13): ReLU()
    (14): Linear(in_features=256, out_features=10, bias=True)
  )
)
INFO:__main__:CHILD MODEL LOSS: 0.6391891801357269 with train time 70.32693123817444
INFO:__main__:CHILD MODEL ACCURACY: 0.7792
INFO:__main__:Policy gradient: -0.057280492037534714
INFO:__main__:
INFO:__main__:------ ITERATION 456 ------
INFO:__main__:Layers generated: [('256', '3', '2'), ('32', '1', '2')]
INFO:__main__:ChildCNNModel(
  (model): Sequential(
    (0): Conv2d(3, 128, kernel_size=(3, 3), stride=(1, 1), padding=(1, 1))
    (1): ReLU()
    (2): MaxPool2d(kernel_size=2, stride=2, padding=0, dilation=1, ceil_mode=False)
    (3): Conv2d(128, 256, kernel_size=(3, 3), stride=(1, 1), padding=(2, 2))
    (4): ReLU()
    (5): MaxPool2d(kernel_size=2, stride=2, padding=0, dilation=1, ceil_mode=False)
    (6): Conv2d(256, 32, kernel_size=(1, 1), stride=(1, 1), padding=(2, 2))
    (7): ReLU()
    (8): MaxPool2d(kernel_size=2, stride=2, padding=0, dilation=1, ceil_mode=False)
    (9): Flatten(start_dim=1, end_dim=-1)
    (10): Linear(in_features=1152, out_features=512, bias=True)
    (11): ReLU()
    (12): Linear(in_features=512, out_features=256, bias=True)
    (13): ReLU()
    (14): Linear(in_features=256, out_features=10, bias=True)
  )
)
INFO:__main__:CHILD MODEL LOSS: 0.6991340010166168 with train time 73.81926488876343
INFO:__main__:CHILD MODEL ACCURACY: 0.7712
INFO:__main__:Policy gradient: -0.1318725347518921
INFO:__main__:
INFO:__main__:------ ITERATION 457 ------
INFO:__main__:Layers generated: [('64', '3', '0'), ('256', '5', '2')]
INFO:__main__:ChildCNNModel(
  (model): Sequential(
    (0): Conv2d(3, 128, kernel_size=(3, 3), stride=(1, 1), padding=(1, 1))
    (1): ReLU()
    (2): MaxPool2d(kernel_size=2, stride=2, padding=0, dilation=1, ceil_mode=False)
    (3): Conv2d(128, 64, kernel_size=(3, 3), stride=(1, 1))
    (4): ReLU()
    (5): MaxPool2d(kernel_size=2, stride=2, padding=0, dilation=1, ceil_mode=False)
    (6): Conv2d(64, 256, kernel_size=(5, 5), stride=(1, 1), padding=(2, 2))
    (7): ReLU()
    (8): MaxPool2d(kernel_size=2, stride=2, padding=0, dilation=1, ceil_mode=False)
    (9): Flatten(start_dim=1, end_dim=-1)
    (10): Linear(in_features=2304, out_features=512, bias=True)
    (11): ReLU()
    (12): Linear(in_features=512, out_features=256, bias=True)
    (13): ReLU()
    (14): Linear(in_features=256, out_features=10, bias=True)
  )
)
INFO:__main__:CHILD MODEL LOSS: 0.567510296702385 with train time 70.56307005882263
INFO:__main__:CHILD MODEL ACCURACY: 0.7997
INFO:__main__:Policy gradient: 0.09242890030145645
INFO:__main__:
INFO:__main__:------ ITERATION 458 ------
INFO:__main__:Layers generated: [('128', '5', '0'), ('256', '3', '2')]
INFO:__main__:ChildCNNModel(
  (model): Sequential(
    (0): Conv2d(3, 128, kernel_size=(3, 3), stride=(1, 1), padding=(1, 1))
    (1): ReLU()
    (2): MaxPool2d(kernel_size=2, stride=2, padding=0, dilation=1, ceil_mode=False)
    (3): Conv2d(128, 128, kernel_size=(5, 5), stride=(1, 1))
    (4): ReLU()
    (5): MaxPool2d(kernel_size=2, stride=2, padding=0, dilation=1, ceil_mode=False)
    (6): Conv2d(128, 256, kernel_size=(3, 3), stride=(1, 1), padding=(2, 2))
    (7): ReLU()
    (8): MaxPool2d(kernel_size=2, stride=2, padding=0, dilation=1, ceil_mode=False)
    (9): Flatten(start_dim=1, end_dim=-1)
    (10): Linear(in_features=4096, out_features=512, bias=True)
    (11): ReLU()
    (12): Linear(in_features=512, out_features=256, bias=True)
    (13): ReLU()
    (14): Linear(in_features=256, out_features=10, bias=True)
  )
)
