INFO:__main__:Training set shape: torch.Size([50000, 3, 32, 32])
INFO:__main__:------ ITERATION 0 ------
INFO:__main__:Layers generated: [('64', '3', '1'), ('128', '3', '2')]
INFO:__main__:ChildCNNModel(
  (model): Sequential(
    (0): Conv2d(3, 128, kernel_size=(3, 3), stride=(1, 1), padding=(1, 1))
    (1): ReLU()
    (2): MaxPool2d(kernel_size=2, stride=2, padding=0, dilation=1, ceil_mode=False)
    (3): Conv2d(128, 64, kernel_size=(3, 3), stride=(1, 1), padding=(1, 1))
    (4): ReLU()
    (5): MaxPool2d(kernel_size=2, stride=2, padding=0, dilation=1, ceil_mode=False)
    (6): Conv2d(64, 128, kernel_size=(3, 3), stride=(1, 1), padding=(2, 2))
    (7): ReLU()
    (8): MaxPool2d(kernel_size=2, stride=2, padding=0, dilation=1, ceil_mode=False)
    (9): Flatten(start_dim=1, end_dim=-1)
    (10): Linear(in_features=3200, out_features=512, bias=True)
    (11): ReLU()
    (12): Linear(in_features=512, out_features=256, bias=True)
    (13): ReLU()
    (14): Linear(in_features=256, out_features=100, bias=True)
  )
)
INFO:__main__:CHILD MODEL LOSS: 1.9072520999908447 with train time 39.77331495285034
INFO:__main__:CHILD MODEL ACCURACY: 0.4614
INFO:__main__:Policy gradient: -2.2544000148773193
INFO:__main__:
INFO:__main__:------ ITERATION 1 ------
INFO:__main__:Layers generated: [('128', '3', '1'), ('256', '5', '0')]
INFO:__main__:ChildCNNModel(
  (model): Sequential(
    (0): Conv2d(3, 128, kernel_size=(3, 3), stride=(1, 1), padding=(1, 1))
    (1): ReLU()
    (2): MaxPool2d(kernel_size=2, stride=2, padding=0, dilation=1, ceil_mode=False)
    (3): Conv2d(128, 128, kernel_size=(3, 3), stride=(1, 1), padding=(1, 1))
    (4): ReLU()
    (5): MaxPool2d(kernel_size=2, stride=2, padding=0, dilation=1, ceil_mode=False)
    (6): Conv2d(128, 256, kernel_size=(5, 5), stride=(1, 1))
    (7): ReLU()
    (8): MaxPool2d(kernel_size=2, stride=2, padding=0, dilation=1, ceil_mode=False)
    (9): Flatten(start_dim=1, end_dim=-1)
    (10): Linear(in_features=1024, out_features=512, bias=True)
    (11): ReLU()
    (12): Linear(in_features=512, out_features=256, bias=True)
    (13): ReLU()
    (14): Linear(in_features=256, out_features=100, bias=True)
  )
)
INFO:__main__:CHILD MODEL LOSS: 1.9984641194343566 with train time 42.4022011756897
INFO:__main__:CHILD MODEL ACCURACY: 0.4534
INFO:__main__:Policy gradient: -2.1861207485198975
INFO:__main__:
INFO:__main__:------ ITERATION 2 ------
INFO:__main__:Layers generated: [('32', '1', '1'), ('256', '5', '2')]
INFO:__main__:ChildCNNModel(
  (model): Sequential(
    (0): Conv2d(3, 128, kernel_size=(3, 3), stride=(1, 1), padding=(1, 1))
    (1): ReLU()
    (2): MaxPool2d(kernel_size=2, stride=2, padding=0, dilation=1, ceil_mode=False)
    (3): Conv2d(128, 32, kernel_size=(1, 1), stride=(1, 1), padding=(1, 1))
    (4): ReLU()
    (5): MaxPool2d(kernel_size=2, stride=2, padding=0, dilation=1, ceil_mode=False)
    (6): Conv2d(32, 256, kernel_size=(5, 5), stride=(1, 1), padding=(2, 2))
    (7): ReLU()
    (8): MaxPool2d(kernel_size=2, stride=2, padding=0, dilation=1, ceil_mode=False)
    (9): Flatten(start_dim=1, end_dim=-1)
    (10): Linear(in_features=4096, out_features=512, bias=True)
    (11): ReLU()
    (12): Linear(in_features=512, out_features=256, bias=True)
    (13): ReLU()
    (14): Linear(in_features=256, out_features=100, bias=True)
  )
)
INFO:__main__:CHILD MODEL LOSS: 1.9501797533035279 with train time 38.843358278274536
INFO:__main__:CHILD MODEL ACCURACY: 0.4583
INFO:__main__:Policy gradient: -2.0184240341186523
INFO:__main__:
INFO:__main__:------ ITERATION 3 ------
INFO:__main__:Layers generated: [('32', '1', '1'), ('256', '3', '0')]
INFO:__main__:ChildCNNModel(
  (model): Sequential(
    (0): Conv2d(3, 128, kernel_size=(3, 3), stride=(1, 1), padding=(1, 1))
    (1): ReLU()
    (2): MaxPool2d(kernel_size=2, stride=2, padding=0, dilation=1, ceil_mode=False)
    (3): Conv2d(128, 32, kernel_size=(1, 1), stride=(1, 1), padding=(1, 1))
    (4): ReLU()
    (5): MaxPool2d(kernel_size=2, stride=2, padding=0, dilation=1, ceil_mode=False)
    (6): Conv2d(32, 256, kernel_size=(3, 3), stride=(1, 1))
    (7): ReLU()
    (8): MaxPool2d(kernel_size=2, stride=2, padding=0, dilation=1, ceil_mode=False)
    (9): Flatten(start_dim=1, end_dim=-1)
    (10): Linear(in_features=2304, out_features=512, bias=True)
    (11): ReLU()
    (12): Linear(in_features=512, out_features=256, bias=True)
    (13): ReLU()
    (14): Linear(in_features=256, out_features=100, bias=True)
  )
)
INFO:__main__:CHILD MODEL LOSS: 2.095737844467163 with train time 37.54067587852478
INFO:__main__:CHILD MODEL ACCURACY: 0.4326
INFO:__main__:Policy gradient: -2.022984504699707
INFO:__main__:
INFO:__main__:------ ITERATION 4 ------
INFO:__main__:Layers generated: [('16', '3', '1'), ('128', '1', '1')]
INFO:__main__:ChildCNNModel(
  (model): Sequential(
    (0): Conv2d(3, 128, kernel_size=(3, 3), stride=(1, 1), padding=(1, 1))
    (1): ReLU()
    (2): MaxPool2d(kernel_size=2, stride=2, padding=0, dilation=1, ceil_mode=False)
    (3): Conv2d(128, 16, kernel_size=(3, 3), stride=(1, 1), padding=(1, 1))
    (4): ReLU()
    (5): MaxPool2d(kernel_size=2, stride=2, padding=0, dilation=1, ceil_mode=False)
    (6): Conv2d(16, 128, kernel_size=(1, 1), stride=(1, 1), padding=(1, 1))
    (7): ReLU()
    (8): MaxPool2d(kernel_size=2, stride=2, padding=0, dilation=1, ceil_mode=False)
    (9): Flatten(start_dim=1, end_dim=-1)
    (10): Linear(in_features=3200, out_features=512, bias=True)
    (11): ReLU()
    (12): Linear(in_features=512, out_features=256, bias=True)
    (13): ReLU()
    (14): Linear(in_features=256, out_features=100, bias=True)
  )
)
INFO:__main__:CHILD MODEL LOSS: 3.533027048110962 with train time 37.802534341812134
INFO:__main__:CHILD MODEL ACCURACY: 0.1615
INFO:__main__:Policy gradient: -4.056201934814453
INFO:__main__:
INFO:__main__:------ ITERATION 5 ------
INFO:__main__:Layers generated: [('128', '5', '2'), ('32', '1', '0')]
INFO:__main__:ChildCNNModel(
  (model): Sequential(
    (0): Conv2d(3, 128, kernel_size=(3, 3), stride=(1, 1), padding=(1, 1))
    (1): ReLU()
    (2): MaxPool2d(kernel_size=2, stride=2, padding=0, dilation=1, ceil_mode=False)
    (3): Conv2d(128, 128, kernel_size=(5, 5), stride=(1, 1), padding=(2, 2))
    (4): ReLU()
    (5): MaxPool2d(kernel_size=2, stride=2, padding=0, dilation=1, ceil_mode=False)
    (6): Conv2d(128, 32, kernel_size=(1, 1), stride=(1, 1))
    (7): ReLU()
    (8): MaxPool2d(kernel_size=2, stride=2, padding=0, dilation=1, ceil_mode=False)
    (9): Flatten(start_dim=1, end_dim=-1)
    (10): Linear(in_features=512, out_features=512, bias=True)
    (11): ReLU()
    (12): Linear(in_features=512, out_features=256, bias=True)
    (13): ReLU()
    (14): Linear(in_features=256, out_features=100, bias=True)
  )
)
INFO:__main__:CHILD MODEL LOSS: 2.117728167057037 with train time 46.93086266517639
INFO:__main__:CHILD MODEL ACCURACY: 0.428
INFO:__main__:Policy gradient: -1.4103472232818604
INFO:__main__:
INFO:__main__:------ ITERATION 6 ------
INFO:__main__:Layers generated: [('64', '3', '1'), ('64', '3', '1')]
INFO:__main__:ChildCNNModel(
  (model): Sequential(
    (0): Conv2d(3, 128, kernel_size=(3, 3), stride=(1, 1), padding=(1, 1))
    (1): ReLU()
    (2): MaxPool2d(kernel_size=2, stride=2, padding=0, dilation=1, ceil_mode=False)
    (3): Conv2d(128, 64, kernel_size=(3, 3), stride=(1, 1), padding=(1, 1))
    (4): ReLU()
    (5): MaxPool2d(kernel_size=2, stride=2, padding=0, dilation=1, ceil_mode=False)
    (6): Conv2d(64, 64, kernel_size=(3, 3), stride=(1, 1), padding=(1, 1))
    (7): ReLU()
    (8): MaxPool2d(kernel_size=2, stride=2, padding=0, dilation=1, ceil_mode=False)
    (9): Flatten(start_dim=1, end_dim=-1)
    (10): Linear(in_features=1024, out_features=512, bias=True)
    (11): ReLU()
    (12): Linear(in_features=512, out_features=256, bias=True)
    (13): ReLU()
    (14): Linear(in_features=256, out_features=100, bias=True)
  )
)
INFO:__main__:CHILD MODEL LOSS: 2.0487795977592467 with train time 38.2417995929718
INFO:__main__:CHILD MODEL ACCURACY: 0.437
INFO:__main__:Policy gradient: -1.1536047458648682
INFO:__main__:
INFO:__main__:------ ITERATION 7 ------
INFO:__main__:Layers generated: [('128', '5', '2'), ('16', '3', '2')]
INFO:__main__:ChildCNNModel(
  (model): Sequential(
    (0): Conv2d(3, 128, kernel_size=(3, 3), stride=(1, 1), padding=(1, 1))
    (1): ReLU()
    (2): MaxPool2d(kernel_size=2, stride=2, padding=0, dilation=1, ceil_mode=False)
    (3): Conv2d(128, 128, kernel_size=(5, 5), stride=(1, 1), padding=(2, 2))
    (4): ReLU()
    (5): MaxPool2d(kernel_size=2, stride=2, padding=0, dilation=1, ceil_mode=False)
    (6): Conv2d(128, 16, kernel_size=(3, 3), stride=(1, 1), padding=(2, 2))
    (7): ReLU()
    (8): MaxPool2d(kernel_size=2, stride=2, padding=0, dilation=1, ceil_mode=False)
    (9): Flatten(start_dim=1, end_dim=-1)
    (10): Linear(in_features=400, out_features=512, bias=True)
    (11): ReLU()
    (12): Linear(in_features=512, out_features=256, bias=True)
    (13): ReLU()
    (14): Linear(in_features=256, out_features=100, bias=True)
  )
)
INFO:__main__:CHILD MODEL LOSS: 2.0755447425842286 with train time 47.610069274902344
INFO:__main__:CHILD MODEL ACCURACY: 0.445
INFO:__main__:Policy gradient: -0.9857959151268005
INFO:__main__:
INFO:__main__:------ ITERATION 8 ------
INFO:__main__:Layers generated: [('64', '1', '1'), ('16', '5', '2')]
INFO:__main__:ChildCNNModel(
  (model): Sequential(
    (0): Conv2d(3, 128, kernel_size=(3, 3), stride=(1, 1), padding=(1, 1))
    (1): ReLU()
    (2): MaxPool2d(kernel_size=2, stride=2, padding=0, dilation=1, ceil_mode=False)
    (3): Conv2d(128, 64, kernel_size=(1, 1), stride=(1, 1), padding=(1, 1))
    (4): ReLU()
    (5): MaxPool2d(kernel_size=2, stride=2, padding=0, dilation=1, ceil_mode=False)
    (6): Conv2d(64, 16, kernel_size=(5, 5), stride=(1, 1), padding=(2, 2))
    (7): ReLU()
    (8): MaxPool2d(kernel_size=2, stride=2, padding=0, dilation=1, ceil_mode=False)
    (9): Flatten(start_dim=1, end_dim=-1)
    (10): Linear(in_features=256, out_features=512, bias=True)
    (11): ReLU()
    (12): Linear(in_features=512, out_features=256, bias=True)
    (13): ReLU()
    (14): Linear(in_features=256, out_features=100, bias=True)
  )
)
INFO:__main__:CHILD MODEL LOSS: 2.388914545059204 with train time 37.92307710647583
INFO:__main__:CHILD MODEL ACCURACY: 0.3859
INFO:__main__:Policy gradient: -1.390854835510254
INFO:__main__:
INFO:__main__:------ ITERATION 9 ------
INFO:__main__:Layers generated: [('64', '3', '0'), ('256', '1', '1')]
INFO:__main__:ChildCNNModel(
  (model): Sequential(
    (0): Conv2d(3, 128, kernel_size=(3, 3), stride=(1, 1), padding=(1, 1))
    (1): ReLU()
    (2): MaxPool2d(kernel_size=2, stride=2, padding=0, dilation=1, ceil_mode=False)
    (3): Conv2d(128, 64, kernel_size=(3, 3), stride=(1, 1))
    (4): ReLU()
    (5): MaxPool2d(kernel_size=2, stride=2, padding=0, dilation=1, ceil_mode=False)
    (6): Conv2d(64, 256, kernel_size=(1, 1), stride=(1, 1), padding=(1, 1))
    (7): ReLU()
    (8): MaxPool2d(kernel_size=2, stride=2, padding=0, dilation=1, ceil_mode=False)
    (9): Flatten(start_dim=1, end_dim=-1)
    (10): Linear(in_features=4096, out_features=512, bias=True)
    (11): ReLU()
    (12): Linear(in_features=512, out_features=256, bias=True)
    (13): ReLU()
    (14): Linear(in_features=256, out_features=100, bias=True)
  )
)
INFO:__main__:CHILD MODEL LOSS: 2.1801669001579285 with train time 39.95192241668701
INFO:__main__:CHILD MODEL ACCURACY: 0.4286
INFO:__main__:Policy gradient: -0.9138666987419128
INFO:__main__:
INFO:__main__:------ ITERATION 10 ------
INFO:__main__:Layers generated: [('32', '3', '2'), ('256', '1', '1')]
INFO:__main__:ChildCNNModel(
  (model): Sequential(
    (0): Conv2d(3, 128, kernel_size=(3, 3), stride=(1, 1), padding=(1, 1))
    (1): ReLU()
    (2): MaxPool2d(kernel_size=2, stride=2, padding=0, dilation=1, ceil_mode=False)
    (3): Conv2d(128, 32, kernel_size=(3, 3), stride=(1, 1), padding=(2, 2))
    (4): ReLU()
    (5): MaxPool2d(kernel_size=2, stride=2, padding=0, dilation=1, ceil_mode=False)
    (6): Conv2d(32, 256, kernel_size=(1, 1), stride=(1, 1), padding=(1, 1))
    (7): ReLU()
    (8): MaxPool2d(kernel_size=2, stride=2, padding=0, dilation=1, ceil_mode=False)
    (9): Flatten(start_dim=1, end_dim=-1)
    (10): Linear(in_features=6400, out_features=512, bias=True)
    (11): ReLU()
    (12): Linear(in_features=512, out_features=256, bias=True)
    (13): ReLU()
    (14): Linear(in_features=256, out_features=100, bias=True)
  )
)
INFO:__main__:CHILD MODEL LOSS: 2.234144739151001 with train time 41.579010009765625
INFO:__main__:CHILD MODEL ACCURACY: 0.4063
INFO:__main__:Policy gradient: -1.0123142004013062
INFO:__main__:
INFO:__main__:------ ITERATION 11 ------
INFO:__main__:Layers generated: [('64', '1', '0'), ('64', '1', '0')]
INFO:__main__:ChildCNNModel(
  (model): Sequential(
    (0): Conv2d(3, 128, kernel_size=(3, 3), stride=(1, 1), padding=(1, 1))
    (1): ReLU()
    (2): MaxPool2d(kernel_size=2, stride=2, padding=0, dilation=1, ceil_mode=False)
    (3): Conv2d(128, 64, kernel_size=(1, 1), stride=(1, 1))
    (4): ReLU()
    (5): MaxPool2d(kernel_size=2, stride=2, padding=0, dilation=1, ceil_mode=False)
    (6): Conv2d(64, 64, kernel_size=(1, 1), stride=(1, 1))
    (7): ReLU()
    (8): MaxPool2d(kernel_size=2, stride=2, padding=0, dilation=1, ceil_mode=False)
    (9): Flatten(start_dim=1, end_dim=-1)
    (10): Linear(in_features=1024, out_features=512, bias=True)
    (11): ReLU()
    (12): Linear(in_features=512, out_features=256, bias=True)
    (13): ReLU()
    (14): Linear(in_features=256, out_features=100, bias=True)
  )
)
INFO:__main__:CHILD MODEL LOSS: 2.3785102615356446 with train time 37.41425633430481
INFO:__main__:CHILD MODEL ACCURACY: 0.3864
INFO:__main__:Policy gradient: -1.0047544240951538
INFO:__main__:
INFO:__main__:------ ITERATION 12 ------
INFO:__main__:Layers generated: [('16', '1', '2'), ('64', '1', '1')]
INFO:__main__:ChildCNNModel(
  (model): Sequential(
    (0): Conv2d(3, 128, kernel_size=(3, 3), stride=(1, 1), padding=(1, 1))
    (1): ReLU()
    (2): MaxPool2d(kernel_size=2, stride=2, padding=0, dilation=1, ceil_mode=False)
    (3): Conv2d(128, 16, kernel_size=(1, 1), stride=(1, 1), padding=(2, 2))
    (4): ReLU()
    (5): MaxPool2d(kernel_size=2, stride=2, padding=0, dilation=1, ceil_mode=False)
    (6): Conv2d(16, 64, kernel_size=(1, 1), stride=(1, 1), padding=(1, 1))
    (7): ReLU()
    (8): MaxPool2d(kernel_size=2, stride=2, padding=0, dilation=1, ceil_mode=False)
    (9): Flatten(start_dim=1, end_dim=-1)
    (10): Linear(in_features=2304, out_features=512, bias=True)
    (11): ReLU()
    (12): Linear(in_features=512, out_features=256, bias=True)
    (13): ReLU()
    (14): Linear(in_features=256, out_features=100, bias=True)
  )
)
INFO:__main__:CHILD MODEL LOSS: 2.643249370574951 with train time 40.67181181907654
INFO:__main__:CHILD MODEL ACCURACY: 0.3393
INFO:__main__:Policy gradient: -1.3297104835510254
INFO:__main__:
INFO:__main__:------ ITERATION 13 ------
INFO:__main__:Layers generated: [('32', '1', '1'), ('256', '3', '2')]
INFO:__main__:ChildCNNModel(
  (model): Sequential(
    (0): Conv2d(3, 128, kernel_size=(3, 3), stride=(1, 1), padding=(1, 1))
    (1): ReLU()
    (2): MaxPool2d(kernel_size=2, stride=2, padding=0, dilation=1, ceil_mode=False)
    (3): Conv2d(128, 32, kernel_size=(1, 1), stride=(1, 1), padding=(1, 1))
    (4): ReLU()
    (5): MaxPool2d(kernel_size=2, stride=2, padding=0, dilation=1, ceil_mode=False)
    (6): Conv2d(32, 256, kernel_size=(3, 3), stride=(1, 1), padding=(2, 2))
    (7): ReLU()
    (8): MaxPool2d(kernel_size=2, stride=2, padding=0, dilation=1, ceil_mode=False)
    (9): Flatten(start_dim=1, end_dim=-1)
    (10): Linear(in_features=6400, out_features=512, bias=True)
    (11): ReLU()
    (12): Linear(in_features=512, out_features=256, bias=True)
    (13): ReLU()
    (14): Linear(in_features=256, out_features=100, bias=True)
  )
)
INFO:__main__:CHILD MODEL LOSS: 1.940957401752472 with train time 42.82912278175354
INFO:__main__:CHILD MODEL ACCURACY: 0.4572
INFO:__main__:Policy gradient: -0.27668774127960205
INFO:__main__:
INFO:__main__:------ ITERATION 14 ------
INFO:__main__:Layers generated: [('64', '3', '0'), ('32', '3', '1')]
INFO:__main__:ChildCNNModel(
  (model): Sequential(
    (0): Conv2d(3, 128, kernel_size=(3, 3), stride=(1, 1), padding=(1, 1))
    (1): ReLU()
    (2): MaxPool2d(kernel_size=2, stride=2, padding=0, dilation=1, ceil_mode=False)
    (3): Conv2d(128, 64, kernel_size=(3, 3), stride=(1, 1))
    (4): ReLU()
    (5): MaxPool2d(kernel_size=2, stride=2, padding=0, dilation=1, ceil_mode=False)
    (6): Conv2d(64, 32, kernel_size=(3, 3), stride=(1, 1), padding=(1, 1))
    (7): ReLU()
    (8): MaxPool2d(kernel_size=2, stride=2, padding=0, dilation=1, ceil_mode=False)
    (9): Flatten(start_dim=1, end_dim=-1)
    (10): Linear(in_features=288, out_features=512, bias=True)
    (11): ReLU()
    (12): Linear(in_features=512, out_features=256, bias=True)
    (13): ReLU()
    (14): Linear(in_features=256, out_features=100, bias=True)
  )
)
INFO:__main__:CHILD MODEL LOSS: 2.2623060550689695 with train time 41.243425369262695
INFO:__main__:CHILD MODEL ACCURACY: 0.4054
INFO:__main__:Policy gradient: -0.6257809400558472
INFO:__main__:
INFO:__main__:------ ITERATION 15 ------
INFO:__main__:Layers generated: [('128', '5', '1'), ('128', '3', '0')]
INFO:__main__:ChildCNNModel(
  (model): Sequential(
    (0): Conv2d(3, 128, kernel_size=(3, 3), stride=(1, 1), padding=(1, 1))
    (1): ReLU()
    (2): MaxPool2d(kernel_size=2, stride=2, padding=0, dilation=1, ceil_mode=False)
    (3): Conv2d(128, 128, kernel_size=(5, 5), stride=(1, 1), padding=(1, 1))
    (4): ReLU()
    (5): MaxPool2d(kernel_size=2, stride=2, padding=0, dilation=1, ceil_mode=False)
    (6): Conv2d(128, 128, kernel_size=(3, 3), stride=(1, 1))
    (7): ReLU()
    (8): MaxPool2d(kernel_size=2, stride=2, padding=0, dilation=1, ceil_mode=False)
    (9): Flatten(start_dim=1, end_dim=-1)
    (10): Linear(in_features=512, out_features=512, bias=True)
    (11): ReLU()
    (12): Linear(in_features=512, out_features=256, bias=True)
    (13): ReLU()
    (14): Linear(in_features=256, out_features=100, bias=True)
  )
)
INFO:__main__:CHILD MODEL LOSS: 2.237771667957306 with train time 46.63764548301697
INFO:__main__:CHILD MODEL ACCURACY: 0.4105
INFO:__main__:Policy gradient: -0.5231785774230957
INFO:__main__:
INFO:__main__:------ ITERATION 16 ------
INFO:__main__:Layers generated: [('64', '5', '1'), ('256', '5', '0')]
INFO:__main__:ChildCNNModel(
  (model): Sequential(
    (0): Conv2d(3, 128, kernel_size=(3, 3), stride=(1, 1), padding=(1, 1))
    (1): ReLU()
    (2): MaxPool2d(kernel_size=2, stride=2, padding=0, dilation=1, ceil_mode=False)
    (3): Conv2d(128, 64, kernel_size=(5, 5), stride=(1, 1), padding=(1, 1))
    (4): ReLU()
    (5): MaxPool2d(kernel_size=2, stride=2, padding=0, dilation=1, ceil_mode=False)
    (6): Conv2d(64, 256, kernel_size=(5, 5), stride=(1, 1))
    (7): ReLU()
    (8): MaxPool2d(kernel_size=2, stride=2, padding=0, dilation=1, ceil_mode=False)
    (9): Flatten(start_dim=1, end_dim=-1)
    (10): Linear(in_features=256, out_features=512, bias=True)
    (11): ReLU()
    (12): Linear(in_features=512, out_features=256, bias=True)
    (13): ReLU()
    (14): Linear(in_features=256, out_features=100, bias=True)
  )
)
INFO:__main__:CHILD MODEL LOSS: 2.2615021953582763 with train time 43.303664684295654
INFO:__main__:CHILD MODEL ACCURACY: 0.3931
INFO:__main__:Policy gradient: -0.5899640321731567
INFO:__main__:
INFO:__main__:------ ITERATION 17 ------
INFO:__main__:Layers generated: [('32', '3', '2'), ('16', '5', '1')]
INFO:__main__:ChildCNNModel(
  (model): Sequential(
    (0): Conv2d(3, 128, kernel_size=(3, 3), stride=(1, 1), padding=(1, 1))
    (1): ReLU()
    (2): MaxPool2d(kernel_size=2, stride=2, padding=0, dilation=1, ceil_mode=False)
    (3): Conv2d(128, 32, kernel_size=(3, 3), stride=(1, 1), padding=(2, 2))
    (4): ReLU()
    (5): MaxPool2d(kernel_size=2, stride=2, padding=0, dilation=1, ceil_mode=False)
    (6): Conv2d(32, 16, kernel_size=(5, 5), stride=(1, 1), padding=(1, 1))
    (7): ReLU()
    (8): MaxPool2d(kernel_size=2, stride=2, padding=0, dilation=1, ceil_mode=False)
    (9): Flatten(start_dim=1, end_dim=-1)
    (10): Linear(in_features=144, out_features=512, bias=True)
    (11): ReLU()
    (12): Linear(in_features=512, out_features=256, bias=True)
    (13): ReLU()
    (14): Linear(in_features=256, out_features=100, bias=True)
  )
)
INFO:__main__:CHILD MODEL LOSS: 2.408528467178345 with train time 42.19087362289429
INFO:__main__:CHILD MODEL ACCURACY: 0.3835
INFO:__main__:Policy gradient: -0.6277545690536499
INFO:__main__:
INFO:__main__:------ ITERATION 18 ------
INFO:__main__:Layers generated: [('256', '1', '0'), ('128', '1', '1')]
INFO:__main__:ChildCNNModel(
  (model): Sequential(
    (0): Conv2d(3, 128, kernel_size=(3, 3), stride=(1, 1), padding=(1, 1))
    (1): ReLU()
    (2): MaxPool2d(kernel_size=2, stride=2, padding=0, dilation=1, ceil_mode=False)
    (3): Conv2d(128, 256, kernel_size=(1, 1), stride=(1, 1))
    (4): ReLU()
    (5): MaxPool2d(kernel_size=2, stride=2, padding=0, dilation=1, ceil_mode=False)
    (6): Conv2d(256, 128, kernel_size=(1, 1), stride=(1, 1), padding=(1, 1))
    (7): ReLU()
    (8): MaxPool2d(kernel_size=2, stride=2, padding=0, dilation=1, ceil_mode=False)
    (9): Flatten(start_dim=1, end_dim=-1)
    (10): Linear(in_features=3200, out_features=512, bias=True)
    (11): ReLU()
    (12): Linear(in_features=512, out_features=256, bias=True)
    (13): ReLU()
    (14): Linear(in_features=256, out_features=100, bias=True)
  )
)
INFO:__main__:CHILD MODEL LOSS: 2.1081802883148195 with train time 45.368319034576416
INFO:__main__:CHILD MODEL ACCURACY: 0.4278
INFO:__main__:Policy gradient: -0.2342311590909958
INFO:__main__:
INFO:__main__:------ ITERATION 19 ------
INFO:__main__:Layers generated: [('16', '5', '0'), ('32', '5', '2')]
INFO:__main__:ChildCNNModel(
  (model): Sequential(
    (0): Conv2d(3, 128, kernel_size=(3, 3), stride=(1, 1), padding=(1, 1))
    (1): ReLU()
    (2): MaxPool2d(kernel_size=2, stride=2, padding=0, dilation=1, ceil_mode=False)
    (3): Conv2d(128, 16, kernel_size=(5, 5), stride=(1, 1))
    (4): ReLU()
    (5): MaxPool2d(kernel_size=2, stride=2, padding=0, dilation=1, ceil_mode=False)
    (6): Conv2d(16, 32, kernel_size=(5, 5), stride=(1, 1), padding=(2, 2))
    (7): ReLU()
    (8): MaxPool2d(kernel_size=2, stride=2, padding=0, dilation=1, ceil_mode=False)
    (9): Flatten(start_dim=1, end_dim=-1)
    (10): Linear(in_features=288, out_features=512, bias=True)
    (11): ReLU()
    (12): Linear(in_features=512, out_features=256, bias=True)
    (13): ReLU()
    (14): Linear(in_features=256, out_features=100, bias=True)
  )
)
INFO:__main__:CHILD MODEL LOSS: 2.491313335418701 with train time 41.717007637023926
INFO:__main__:CHILD MODEL ACCURACY: 0.3624
INFO:__main__:Policy gradient: -0.6744030714035034
INFO:__main__:
INFO:__main__:------ ITERATION 20 ------
INFO:__main__:Layers generated: [('16', '5', '1'), ('64', '1', '0')]
INFO:__main__:ChildCNNModel(
  (model): Sequential(
    (0): Conv2d(3, 128, kernel_size=(3, 3), stride=(1, 1), padding=(1, 1))
    (1): ReLU()
    (2): MaxPool2d(kernel_size=2, stride=2, padding=0, dilation=1, ceil_mode=False)
    (3): Conv2d(128, 16, kernel_size=(5, 5), stride=(1, 1), padding=(1, 1))
    (4): ReLU()
    (5): MaxPool2d(kernel_size=2, stride=2, padding=0, dilation=1, ceil_mode=False)
    (6): Conv2d(16, 64, kernel_size=(1, 1), stride=(1, 1))
    (7): ReLU()
    (8): MaxPool2d(kernel_size=2, stride=2, padding=0, dilation=1, ceil_mode=False)
    (9): Flatten(start_dim=1, end_dim=-1)
    (10): Linear(in_features=576, out_features=512, bias=True)
    (11): ReLU()
    (12): Linear(in_features=512, out_features=256, bias=True)
    (13): ReLU()
    (14): Linear(in_features=256, out_features=100, bias=True)
  )
)
INFO:__main__:CHILD MODEL LOSS: 2.547752998352051 with train time 41.87283158302307
INFO:__main__:CHILD MODEL ACCURACY: 0.3529
INFO:__main__:Policy gradient: -0.699054479598999
INFO:__main__:
INFO:__main__:------ ITERATION 21 ------
INFO:__main__:Layers generated: [('64', '5', '2'), ('16', '3', '2')]
INFO:__main__:ChildCNNModel(
  (model): Sequential(
    (0): Conv2d(3, 128, kernel_size=(3, 3), stride=(1, 1), padding=(1, 1))
    (1): ReLU()
    (2): MaxPool2d(kernel_size=2, stride=2, padding=0, dilation=1, ceil_mode=False)
    (3): Conv2d(128, 64, kernel_size=(5, 5), stride=(1, 1), padding=(2, 2))
    (4): ReLU()
    (5): MaxPool2d(kernel_size=2, stride=2, padding=0, dilation=1, ceil_mode=False)
    (6): Conv2d(64, 16, kernel_size=(3, 3), stride=(1, 1), padding=(2, 2))
    (7): ReLU()
    (8): MaxPool2d(kernel_size=2, stride=2, padding=0, dilation=1, ceil_mode=False)
    (9): Flatten(start_dim=1, end_dim=-1)
    (10): Linear(in_features=400, out_features=512, bias=True)
    (11): ReLU()
    (12): Linear(in_features=512, out_features=256, bias=True)
    (13): ReLU()
    (14): Linear(in_features=256, out_features=100, bias=True)
  )
)
INFO:__main__:CHILD MODEL LOSS: 2.1949469876289367 with train time 43.990211725234985
INFO:__main__:CHILD MODEL ACCURACY: 0.4205
INFO:__main__:Policy gradient: -0.10841047763824463
INFO:__main__:
INFO:__main__:------ ITERATION 22 ------
INFO:__main__:Layers generated: [('64', '5', '1'), ('128', '5', '2')]
INFO:__main__:ChildCNNModel(
  (model): Sequential(
    (0): Conv2d(3, 128, kernel_size=(3, 3), stride=(1, 1), padding=(1, 1))
    (1): ReLU()
    (2): MaxPool2d(kernel_size=2, stride=2, padding=0, dilation=1, ceil_mode=False)
    (3): Conv2d(128, 64, kernel_size=(5, 5), stride=(1, 1), padding=(1, 1))
    (4): ReLU()
    (5): MaxPool2d(kernel_size=2, stride=2, padding=0, dilation=1, ceil_mode=False)
    (6): Conv2d(64, 128, kernel_size=(5, 5), stride=(1, 1), padding=(2, 2))
    (7): ReLU()
    (8): MaxPool2d(kernel_size=2, stride=2, padding=0, dilation=1, ceil_mode=False)
    (9): Flatten(start_dim=1, end_dim=-1)
    (10): Linear(in_features=1152, out_features=512, bias=True)
    (11): ReLU()
    (12): Linear(in_features=512, out_features=256, bias=True)
    (13): ReLU()
    (14): Linear(in_features=256, out_features=100, bias=True)
  )
)
INFO:__main__:CHILD MODEL LOSS: 2.083187550544739 with train time 43.687803506851196
INFO:__main__:CHILD MODEL ACCURACY: 0.4432
INFO:__main__:Policy gradient: 0.06656799465417862
INFO:__main__:
INFO:__main__:------ ITERATION 23 ------
INFO:__main__:Layers generated: [('32', '5', '0'), ('32', '1', '0')]
INFO:__main__:ChildCNNModel(
  (model): Sequential(
    (0): Conv2d(3, 128, kernel_size=(3, 3), stride=(1, 1), padding=(1, 1))
    (1): ReLU()
    (2): MaxPool2d(kernel_size=2, stride=2, padding=0, dilation=1, ceil_mode=False)
    (3): Conv2d(128, 32, kernel_size=(5, 5), stride=(1, 1))
    (4): ReLU()
    (5): MaxPool2d(kernel_size=2, stride=2, padding=0, dilation=1, ceil_mode=False)
    (6): Conv2d(32, 32, kernel_size=(1, 1), stride=(1, 1))
    (7): ReLU()
    (8): MaxPool2d(kernel_size=2, stride=2, padding=0, dilation=1, ceil_mode=False)
    (9): Flatten(start_dim=1, end_dim=-1)
    (10): Linear(in_features=288, out_features=512, bias=True)
    (11): ReLU()
    (12): Linear(in_features=512, out_features=256, bias=True)
    (13): ReLU()
    (14): Linear(in_features=256, out_features=100, bias=True)
  )
)
INFO:__main__:CHILD MODEL LOSS: 2.305548454284668 with train time 41.86789083480835
INFO:__main__:CHILD MODEL ACCURACY: 0.4029
INFO:__main__:Policy gradient: -0.2507896423339844
INFO:__main__:
INFO:__main__:------ ITERATION 24 ------
INFO:__main__:Layers generated: [('32', '5', '0'), ('64', '1', '1')]
INFO:__main__:ChildCNNModel(
  (model): Sequential(
    (0): Conv2d(3, 128, kernel_size=(3, 3), stride=(1, 1), padding=(1, 1))
    (1): ReLU()
    (2): MaxPool2d(kernel_size=2, stride=2, padding=0, dilation=1, ceil_mode=False)
    (3): Conv2d(128, 32, kernel_size=(5, 5), stride=(1, 1))
    (4): ReLU()
    (5): MaxPool2d(kernel_size=2, stride=2, padding=0, dilation=1, ceil_mode=False)
    (6): Conv2d(32, 64, kernel_size=(1, 1), stride=(1, 1), padding=(1, 1))
    (7): ReLU()
    (8): MaxPool2d(kernel_size=2, stride=2, padding=0, dilation=1, ceil_mode=False)
    (9): Flatten(start_dim=1, end_dim=-1)
    (10): Linear(in_features=1024, out_features=512, bias=True)
    (11): ReLU()
    (12): Linear(in_features=512, out_features=256, bias=True)
    (13): ReLU()
    (14): Linear(in_features=256, out_features=100, bias=True)
  )
)
INFO:__main__:CHILD MODEL LOSS: 2.2633944783210755 with train time 42.2578022480011
INFO:__main__:CHILD MODEL ACCURACY: 0.4026
INFO:__main__:Policy gradient: -0.22639989852905273
INFO:__main__:
INFO:__main__:------ ITERATION 25 ------
INFO:__main__:Layers generated: [('256', '1', '1'), ('256', '3', '0')]
INFO:__main__:ChildCNNModel(
  (model): Sequential(
    (0): Conv2d(3, 128, kernel_size=(3, 3), stride=(1, 1), padding=(1, 1))
    (1): ReLU()
    (2): MaxPool2d(kernel_size=2, stride=2, padding=0, dilation=1, ceil_mode=False)
    (3): Conv2d(128, 256, kernel_size=(1, 1), stride=(1, 1), padding=(1, 1))
    (4): ReLU()
    (5): MaxPool2d(kernel_size=2, stride=2, padding=0, dilation=1, ceil_mode=False)
    (6): Conv2d(256, 256, kernel_size=(3, 3), stride=(1, 1))
    (7): ReLU()
    (8): MaxPool2d(kernel_size=2, stride=2, padding=0, dilation=1, ceil_mode=False)
    (9): Flatten(start_dim=1, end_dim=-1)
    (10): Linear(in_features=2304, out_features=512, bias=True)
    (11): ReLU()
    (12): Linear(in_features=512, out_features=256, bias=True)
    (13): ReLU()
    (14): Linear(in_features=256, out_features=100, bias=True)
  )
)
INFO:__main__:CHILD MODEL LOSS: 2.0172705540657043 with train time 49.814385414123535
INFO:__main__:CHILD MODEL ACCURACY: 0.4549
INFO:__main__:Policy gradient: 0.20676153898239136
INFO:__main__:
INFO:__main__:------ ITERATION 26 ------
INFO:__main__:Layers generated: [('32', '3', '1'), ('32', '5', '2')]
INFO:__main__:ChildCNNModel(
  (model): Sequential(
    (0): Conv2d(3, 128, kernel_size=(3, 3), stride=(1, 1), padding=(1, 1))
    (1): ReLU()
    (2): MaxPool2d(kernel_size=2, stride=2, padding=0, dilation=1, ceil_mode=False)
    (3): Conv2d(128, 32, kernel_size=(3, 3), stride=(1, 1), padding=(1, 1))
    (4): ReLU()
    (5): MaxPool2d(kernel_size=2, stride=2, padding=0, dilation=1, ceil_mode=False)
    (6): Conv2d(32, 32, kernel_size=(5, 5), stride=(1, 1), padding=(2, 2))
    (7): ReLU()
    (8): MaxPool2d(kernel_size=2, stride=2, padding=0, dilation=1, ceil_mode=False)
    (9): Flatten(start_dim=1, end_dim=-1)
    (10): Linear(in_features=512, out_features=512, bias=True)
    (11): ReLU()
    (12): Linear(in_features=512, out_features=256, bias=True)
    (13): ReLU()
    (14): Linear(in_features=256, out_features=100, bias=True)
  )
)
INFO:__main__:CHILD MODEL LOSS: 2.187764621734619 with train time 41.265490770339966
INFO:__main__:CHILD MODEL ACCURACY: 0.4233
INFO:__main__:Policy gradient: -0.06408992409706116
INFO:__main__:
INFO:__main__:------ ITERATION 27 ------
INFO:__main__:Layers generated: [('256', '5', '0'), ('64', '3', '2')]
INFO:__main__:ChildCNNModel(
  (model): Sequential(
    (0): Conv2d(3, 128, kernel_size=(3, 3), stride=(1, 1), padding=(1, 1))
    (1): ReLU()
    (2): MaxPool2d(kernel_size=2, stride=2, padding=0, dilation=1, ceil_mode=False)
    (3): Conv2d(128, 256, kernel_size=(5, 5), stride=(1, 1))
    (4): ReLU()
    (5): MaxPool2d(kernel_size=2, stride=2, padding=0, dilation=1, ceil_mode=False)
    (6): Conv2d(256, 64, kernel_size=(3, 3), stride=(1, 1), padding=(2, 2))
    (7): ReLU()
    (8): MaxPool2d(kernel_size=2, stride=2, padding=0, dilation=1, ceil_mode=False)
    (9): Flatten(start_dim=1, end_dim=-1)
    (10): Linear(in_features=1024, out_features=512, bias=True)
    (11): ReLU()
    (12): Linear(in_features=512, out_features=256, bias=True)
    (13): ReLU()
    (14): Linear(in_features=256, out_features=100, bias=True)
  )
)
INFO:__main__:CHILD MODEL LOSS: 2.0024937586784364 with train time 56.04098868370056
INFO:__main__:CHILD MODEL ACCURACY: 0.4604
INFO:__main__:Policy gradient: 0.21139970421791077
INFO:__main__:
INFO:__main__:------ ITERATION 28 ------
INFO:__main__:Layers generated: [('128', '5', '0'), ('64', '1', '2')]
INFO:__main__:ChildCNNModel(
  (model): Sequential(
    (0): Conv2d(3, 128, kernel_size=(3, 3), stride=(1, 1), padding=(1, 1))
    (1): ReLU()
    (2): MaxPool2d(kernel_size=2, stride=2, padding=0, dilation=1, ceil_mode=False)
    (3): Conv2d(128, 128, kernel_size=(5, 5), stride=(1, 1))
    (4): ReLU()
    (5): MaxPool2d(kernel_size=2, stride=2, padding=0, dilation=1, ceil_mode=False)
    (6): Conv2d(128, 64, kernel_size=(1, 1), stride=(1, 1), padding=(2, 2))
    (7): ReLU()
    (8): MaxPool2d(kernel_size=2, stride=2, padding=0, dilation=1, ceil_mode=False)
    (9): Flatten(start_dim=1, end_dim=-1)
    (10): Linear(in_features=1600, out_features=512, bias=True)
    (11): ReLU()
    (12): Linear(in_features=512, out_features=256, bias=True)
    (13): ReLU()
    (14): Linear(in_features=256, out_features=100, bias=True)
  )
)
INFO:__main__:CHILD MODEL LOSS: 2.1394489092826845 with train time 41.6833074092865
INFO:__main__:CHILD MODEL ACCURACY: 0.4394
INFO:__main__:Policy gradient: 0.041798729449510574
INFO:__main__:
INFO:__main__:------ ITERATION 29 ------
INFO:__main__:Layers generated: [('64', '5', '0'), ('256', '3', '1')]
INFO:__main__:ChildCNNModel(
  (model): Sequential(
    (0): Conv2d(3, 128, kernel_size=(3, 3), stride=(1, 1), padding=(1, 1))
    (1): ReLU()
    (2): MaxPool2d(kernel_size=2, stride=2, padding=0, dilation=1, ceil_mode=False)
    (3): Conv2d(128, 64, kernel_size=(5, 5), stride=(1, 1))
    (4): ReLU()
    (5): MaxPool2d(kernel_size=2, stride=2, padding=0, dilation=1, ceil_mode=False)
    (6): Conv2d(64, 256, kernel_size=(3, 3), stride=(1, 1), padding=(1, 1))
    (7): ReLU()
    (8): MaxPool2d(kernel_size=2, stride=2, padding=0, dilation=1, ceil_mode=False)
    (9): Flatten(start_dim=1, end_dim=-1)
    (10): Linear(in_features=2304, out_features=512, bias=True)
    (11): ReLU()
    (12): Linear(in_features=512, out_features=256, bias=True)
    (13): ReLU()
    (14): Linear(in_features=256, out_features=100, bias=True)
  )
)
INFO:__main__:CHILD MODEL LOSS: 2.235682210922241 with train time 38.81797170639038
INFO:__main__:CHILD MODEL ACCURACY: 0.4124
INFO:__main__:Policy gradient: -0.16236469149589539
INFO:__main__:
INFO:__main__:------ ITERATION 30 ------
INFO:__main__:Layers generated: [('64', '5', '0'), ('64', '1', '0')]
INFO:__main__:ChildCNNModel(
  (model): Sequential(
    (0): Conv2d(3, 128, kernel_size=(3, 3), stride=(1, 1), padding=(1, 1))
    (1): ReLU()
    (2): MaxPool2d(kernel_size=2, stride=2, padding=0, dilation=1, ceil_mode=False)
    (3): Conv2d(128, 64, kernel_size=(5, 5), stride=(1, 1))
    (4): ReLU()
    (5): MaxPool2d(kernel_size=2, stride=2, padding=0, dilation=1, ceil_mode=False)
    (6): Conv2d(64, 64, kernel_size=(1, 1), stride=(1, 1))
    (7): ReLU()
    (8): MaxPool2d(kernel_size=2, stride=2, padding=0, dilation=1, ceil_mode=False)
    (9): Flatten(start_dim=1, end_dim=-1)
    (10): Linear(in_features=576, out_features=512, bias=True)
    (11): ReLU()
    (12): Linear(in_features=512, out_features=256, bias=True)
    (13): ReLU()
    (14): Linear(in_features=256, out_features=100, bias=True)
  )
)
INFO:__main__:CHILD MODEL LOSS: 2.199646637916565 with train time 38.122395277023315
INFO:__main__:CHILD MODEL ACCURACY: 0.4272
INFO:__main__:Policy gradient: -0.03449958935379982
INFO:__main__:
INFO:__main__:------ ITERATION 31 ------
INFO:__main__:Layers generated: [('256', '5', '0'), ('256', '1', '1')]
INFO:__main__:ChildCNNModel(
  (model): Sequential(
    (0): Conv2d(3, 128, kernel_size=(3, 3), stride=(1, 1), padding=(1, 1))
    (1): ReLU()
    (2): MaxPool2d(kernel_size=2, stride=2, padding=0, dilation=1, ceil_mode=False)
    (3): Conv2d(128, 256, kernel_size=(5, 5), stride=(1, 1))
    (4): ReLU()
    (5): MaxPool2d(kernel_size=2, stride=2, padding=0, dilation=1, ceil_mode=False)
    (6): Conv2d(256, 256, kernel_size=(1, 1), stride=(1, 1), padding=(1, 1))
    (7): ReLU()
    (8): MaxPool2d(kernel_size=2, stride=2, padding=0, dilation=1, ceil_mode=False)
    (9): Flatten(start_dim=1, end_dim=-1)
    (10): Linear(in_features=4096, out_features=512, bias=True)
    (11): ReLU()
    (12): Linear(in_features=512, out_features=256, bias=True)
    (13): ReLU()
    (14): Linear(in_features=256, out_features=100, bias=True)
  )
)
INFO:__main__:CHILD MODEL LOSS: 1.9853498792648316 with train time 56.58974075317383
INFO:__main__:CHILD MODEL ACCURACY: 0.4601
INFO:__main__:Policy gradient: 0.22664518654346466
INFO:__main__:
INFO:__main__:------ ITERATION 32 ------
INFO:__main__:Layers generated: [('16', '5', '0'), ('128', '5', '2')]
INFO:__main__:ChildCNNModel(
  (model): Sequential(
    (0): Conv2d(3, 128, kernel_size=(3, 3), stride=(1, 1), padding=(1, 1))
    (1): ReLU()
    (2): MaxPool2d(kernel_size=2, stride=2, padding=0, dilation=1, ceil_mode=False)
    (3): Conv2d(128, 16, kernel_size=(5, 5), stride=(1, 1))
    (4): ReLU()
    (5): MaxPool2d(kernel_size=2, stride=2, padding=0, dilation=1, ceil_mode=False)
    (6): Conv2d(16, 128, kernel_size=(5, 5), stride=(1, 1), padding=(2, 2))
    (7): ReLU()
    (8): MaxPool2d(kernel_size=2, stride=2, padding=0, dilation=1, ceil_mode=False)
    (9): Flatten(start_dim=1, end_dim=-1)
    (10): Linear(in_features=1152, out_features=512, bias=True)
    (11): ReLU()
    (12): Linear(in_features=512, out_features=256, bias=True)
    (13): ReLU()
    (14): Linear(in_features=256, out_features=100, bias=True)
  )
)
INFO:__main__:CHILD MODEL LOSS: 2.649169753074646 with train time 37.886977672576904
INFO:__main__:CHILD MODEL ACCURACY: 0.3331
INFO:__main__:Policy gradient: -0.7263081073760986
INFO:__main__:
INFO:__main__:------ ITERATION 33 ------
INFO:__main__:Layers generated: [('64', '5', '0'), ('32', '5', '1')]
INFO:__main__:ChildCNNModel(
  (model): Sequential(
    (0): Conv2d(3, 128, kernel_size=(3, 3), stride=(1, 1), padding=(1, 1))
    (1): ReLU()
    (2): MaxPool2d(kernel_size=2, stride=2, padding=0, dilation=1, ceil_mode=False)
    (3): Conv2d(128, 64, kernel_size=(5, 5), stride=(1, 1))
    (4): ReLU()
    (5): MaxPool2d(kernel_size=2, stride=2, padding=0, dilation=1, ceil_mode=False)
    (6): Conv2d(64, 32, kernel_size=(5, 5), stride=(1, 1), padding=(1, 1))
    (7): ReLU()
    (8): MaxPool2d(kernel_size=2, stride=2, padding=0, dilation=1, ceil_mode=False)
    (9): Flatten(start_dim=1, end_dim=-1)
    (10): Linear(in_features=128, out_features=512, bias=True)
    (11): ReLU()
    (12): Linear(in_features=512, out_features=256, bias=True)
    (13): ReLU()
    (14): Linear(in_features=256, out_features=100, bias=True)
  )
)
INFO:__main__:CHILD MODEL LOSS: 2.375150029182434 with train time 38.43927884101868
INFO:__main__:CHILD MODEL ACCURACY: 0.3913
INFO:__main__:Policy gradient: -0.24962280690670013
INFO:__main__:
INFO:__main__:------ ITERATION 34 ------
INFO:__main__:Layers generated: [('256', '1', '0'), ('128', '1', '2')]
INFO:__main__:ChildCNNModel(
  (model): Sequential(
    (0): Conv2d(3, 128, kernel_size=(3, 3), stride=(1, 1), padding=(1, 1))
    (1): ReLU()
    (2): MaxPool2d(kernel_size=2, stride=2, padding=0, dilation=1, ceil_mode=False)
    (3): Conv2d(128, 256, kernel_size=(1, 1), stride=(1, 1))
    (4): ReLU()
    (5): MaxPool2d(kernel_size=2, stride=2, padding=0, dilation=1, ceil_mode=False)
    (6): Conv2d(256, 128, kernel_size=(1, 1), stride=(1, 1), padding=(2, 2))
    (7): ReLU()
    (8): MaxPool2d(kernel_size=2, stride=2, padding=0, dilation=1, ceil_mode=False)
    (9): Flatten(start_dim=1, end_dim=-1)
    (10): Linear(in_features=4608, out_features=512, bias=True)
    (11): ReLU()
    (12): Linear(in_features=512, out_features=256, bias=True)
    (13): ReLU()
    (14): Linear(in_features=256, out_features=100, bias=True)
  )
)
INFO:__main__:CHILD MODEL LOSS: 2.2349593420028686 with train time 41.47216773033142
INFO:__main__:CHILD MODEL ACCURACY: 0.4112
INFO:__main__:Policy gradient: -0.0754963830113411
INFO:__main__:
INFO:__main__:------ ITERATION 35 ------
INFO:__main__:Layers generated: [('16', '3', '2'), ('64', '1', '2')]
INFO:__main__:ChildCNNModel(
  (model): Sequential(
    (0): Conv2d(3, 128, kernel_size=(3, 3), stride=(1, 1), padding=(1, 1))
    (1): ReLU()
    (2): MaxPool2d(kernel_size=2, stride=2, padding=0, dilation=1, ceil_mode=False)
    (3): Conv2d(128, 16, kernel_size=(3, 3), stride=(1, 1), padding=(2, 2))
    (4): ReLU()
    (5): MaxPool2d(kernel_size=2, stride=2, padding=0, dilation=1, ceil_mode=False)
    (6): Conv2d(16, 64, kernel_size=(1, 1), stride=(1, 1), padding=(2, 2))
    (7): ReLU()
    (8): MaxPool2d(kernel_size=2, stride=2, padding=0, dilation=1, ceil_mode=False)
    (9): Flatten(start_dim=1, end_dim=-1)
    (10): Linear(in_features=2304, out_features=512, bias=True)
    (11): ReLU()
    (12): Linear(in_features=512, out_features=256, bias=True)
    (13): ReLU()
    (14): Linear(in_features=256, out_features=100, bias=True)
  )
)
INFO:__main__:CHILD MODEL LOSS: 2.3746229400634764 with train time 38.20359444618225
INFO:__main__:CHILD MODEL ACCURACY: 0.3856
INFO:__main__:Policy gradient: -0.25671955943107605
INFO:__main__:
INFO:__main__:------ ITERATION 36 ------
INFO:__main__:Layers generated: [('16', '5', '0'), ('64', '1', '0')]
INFO:__main__:ChildCNNModel(
  (model): Sequential(
    (0): Conv2d(3, 128, kernel_size=(3, 3), stride=(1, 1), padding=(1, 1))
    (1): ReLU()
    (2): MaxPool2d(kernel_size=2, stride=2, padding=0, dilation=1, ceil_mode=False)
    (3): Conv2d(128, 16, kernel_size=(5, 5), stride=(1, 1))
    (4): ReLU()
    (5): MaxPool2d(kernel_size=2, stride=2, padding=0, dilation=1, ceil_mode=False)
    (6): Conv2d(16, 64, kernel_size=(1, 1), stride=(1, 1))
    (7): ReLU()
    (8): MaxPool2d(kernel_size=2, stride=2, padding=0, dilation=1, ceil_mode=False)
    (9): Flatten(start_dim=1, end_dim=-1)
    (10): Linear(in_features=576, out_features=512, bias=True)
    (11): ReLU()
    (12): Linear(in_features=512, out_features=256, bias=True)
    (13): ReLU()
    (14): Linear(in_features=256, out_features=100, bias=True)
  )
)
INFO:__main__:CHILD MODEL LOSS: 2.415119332313538 with train time 37.42862296104431
INFO:__main__:CHILD MODEL ACCURACY: 0.3698
INFO:__main__:Policy gradient: -0.3489592373371124
INFO:__main__:
INFO:__main__:------ ITERATION 37 ------
INFO:__main__:Layers generated: [('64', '1', '0'), ('32', '1', '0')]
INFO:__main__:ChildCNNModel(
  (model): Sequential(
    (0): Conv2d(3, 128, kernel_size=(3, 3), stride=(1, 1), padding=(1, 1))
    (1): ReLU()
    (2): MaxPool2d(kernel_size=2, stride=2, padding=0, dilation=1, ceil_mode=False)
    (3): Conv2d(128, 64, kernel_size=(1, 1), stride=(1, 1))
    (4): ReLU()
    (5): MaxPool2d(kernel_size=2, stride=2, padding=0, dilation=1, ceil_mode=False)
    (6): Conv2d(64, 32, kernel_size=(1, 1), stride=(1, 1))
    (7): ReLU()
    (8): MaxPool2d(kernel_size=2, stride=2, padding=0, dilation=1, ceil_mode=False)
    (9): Flatten(start_dim=1, end_dim=-1)
    (10): Linear(in_features=512, out_features=512, bias=True)
    (11): ReLU()
    (12): Linear(in_features=512, out_features=256, bias=True)
    (13): ReLU()
    (14): Linear(in_features=256, out_features=100, bias=True)
  )
)
INFO:__main__:CHILD MODEL LOSS: 2.3859045724868775 with train time 36.16806960105896
INFO:__main__:CHILD MODEL ACCURACY: 0.3828
INFO:__main__:Policy gradient: -0.22622385621070862
INFO:__main__:
INFO:__main__:------ ITERATION 38 ------
INFO:__main__:Layers generated: [('16', '3', '0'), ('128', '3', '2')]
INFO:__main__:ChildCNNModel(
  (model): Sequential(
    (0): Conv2d(3, 128, kernel_size=(3, 3), stride=(1, 1), padding=(1, 1))
    (1): ReLU()
    (2): MaxPool2d(kernel_size=2, stride=2, padding=0, dilation=1, ceil_mode=False)
    (3): Conv2d(128, 16, kernel_size=(3, 3), stride=(1, 1))
    (4): ReLU()
    (5): MaxPool2d(kernel_size=2, stride=2, padding=0, dilation=1, ceil_mode=False)
    (6): Conv2d(16, 128, kernel_size=(3, 3), stride=(1, 1), padding=(2, 2))
    (7): ReLU()
    (8): MaxPool2d(kernel_size=2, stride=2, padding=0, dilation=1, ceil_mode=False)
    (9): Flatten(start_dim=1, end_dim=-1)
    (10): Linear(in_features=2048, out_features=512, bias=True)
    (11): ReLU()
    (12): Linear(in_features=512, out_features=256, bias=True)
    (13): ReLU()
    (14): Linear(in_features=256, out_features=100, bias=True)
  )
)
INFO:__main__:CHILD MODEL LOSS: 2.350080368041992 with train time 37.6671302318573
INFO:__main__:CHILD MODEL ACCURACY: 0.3911
INFO:__main__:Policy gradient: -0.13166628777980804
INFO:__main__:
INFO:__main__:------ ITERATION 39 ------
INFO:__main__:Layers generated: [('64', '3', '0'), ('256', '5', '1')]
INFO:__main__:ChildCNNModel(
  (model): Sequential(
    (0): Conv2d(3, 128, kernel_size=(3, 3), stride=(1, 1), padding=(1, 1))
    (1): ReLU()
    (2): MaxPool2d(kernel_size=2, stride=2, padding=0, dilation=1, ceil_mode=False)
    (3): Conv2d(128, 64, kernel_size=(3, 3), stride=(1, 1))
    (4): ReLU()
    (5): MaxPool2d(kernel_size=2, stride=2, padding=0, dilation=1, ceil_mode=False)
    (6): Conv2d(64, 256, kernel_size=(5, 5), stride=(1, 1), padding=(1, 1))
    (7): ReLU()
    (8): MaxPool2d(kernel_size=2, stride=2, padding=0, dilation=1, ceil_mode=False)
    (9): Flatten(start_dim=1, end_dim=-1)
    (10): Linear(in_features=1024, out_features=512, bias=True)
    (11): ReLU()
    (12): Linear(in_features=512, out_features=256, bias=True)
    (13): ReLU()
    (14): Linear(in_features=256, out_features=100, bias=True)
  )
)
INFO:__main__:CHILD MODEL LOSS: 2.066416115283966 with train time 42.199177980422974
INFO:__main__:CHILD MODEL ACCURACY: 0.4481
INFO:__main__:Policy gradient: 0.30411726236343384
INFO:__main__:
INFO:__main__:------ ITERATION 40 ------
INFO:__main__:Layers generated: [('32', '5', '2'), ('16', '3', '0')]
INFO:__main__:ChildCNNModel(
  (model): Sequential(
    (0): Conv2d(3, 128, kernel_size=(3, 3), stride=(1, 1), padding=(1, 1))
    (1): ReLU()
    (2): MaxPool2d(kernel_size=2, stride=2, padding=0, dilation=1, ceil_mode=False)
    (3): Conv2d(128, 32, kernel_size=(5, 5), stride=(1, 1), padding=(2, 2))
    (4): ReLU()
    (5): MaxPool2d(kernel_size=2, stride=2, padding=0, dilation=1, ceil_mode=False)
    (6): Conv2d(32, 16, kernel_size=(3, 3), stride=(1, 1))
    (7): ReLU()
    (8): MaxPool2d(kernel_size=2, stride=2, padding=0, dilation=1, ceil_mode=False)
    (9): Flatten(start_dim=1, end_dim=-1)
    (10): Linear(in_features=144, out_features=512, bias=True)
    (11): ReLU()
    (12): Linear(in_features=512, out_features=256, bias=True)
    (13): ReLU()
    (14): Linear(in_features=256, out_features=100, bias=True)
  )
)
INFO:__main__:CHILD MODEL LOSS: 2.4673647356033324 with train time 46.25457787513733
INFO:__main__:CHILD MODEL ACCURACY: 0.3641
INFO:__main__:Policy gradient: -0.3471347391605377
INFO:__main__:
INFO:__main__:------ ITERATION 41 ------
INFO:__main__:Layers generated: [('32', '5', '2'), ('256', '3', '2')]
INFO:__main__:ChildCNNModel(
  (model): Sequential(
    (0): Conv2d(3, 128, kernel_size=(3, 3), stride=(1, 1), padding=(1, 1))
    (1): ReLU()
    (2): MaxPool2d(kernel_size=2, stride=2, padding=0, dilation=1, ceil_mode=False)
    (3): Conv2d(128, 32, kernel_size=(5, 5), stride=(1, 1), padding=(2, 2))
    (4): ReLU()
    (5): MaxPool2d(kernel_size=2, stride=2, padding=0, dilation=1, ceil_mode=False)
    (6): Conv2d(32, 256, kernel_size=(3, 3), stride=(1, 1), padding=(2, 2))
    (7): ReLU()
    (8): MaxPool2d(kernel_size=2, stride=2, padding=0, dilation=1, ceil_mode=False)
    (9): Flatten(start_dim=1, end_dim=-1)
    (10): Linear(in_features=6400, out_features=512, bias=True)
    (11): ReLU()
    (12): Linear(in_features=512, out_features=256, bias=True)
    (13): ReLU()
    (14): Linear(in_features=256, out_features=100, bias=True)
  )
)
INFO:__main__:CHILD MODEL LOSS: 2.243121792316437 with train time 45.18284511566162
INFO:__main__:CHILD MODEL ACCURACY: 0.4186
INFO:__main__:Policy gradient: 0.08837129175662994
INFO:__main__:
INFO:__main__:------ ITERATION 42 ------
INFO:__main__:Layers generated: [('128', '5', '2'), ('128', '5', '1')]
INFO:__main__:ChildCNNModel(
  (model): Sequential(
    (0): Conv2d(3, 128, kernel_size=(3, 3), stride=(1, 1), padding=(1, 1))
    (1): ReLU()
    (2): MaxPool2d(kernel_size=2, stride=2, padding=0, dilation=1, ceil_mode=False)
    (3): Conv2d(128, 128, kernel_size=(5, 5), stride=(1, 1), padding=(2, 2))
    (4): ReLU()
    (5): MaxPool2d(kernel_size=2, stride=2, padding=0, dilation=1, ceil_mode=False)
    (6): Conv2d(128, 128, kernel_size=(5, 5), stride=(1, 1), padding=(1, 1))
    (7): ReLU()
    (8): MaxPool2d(kernel_size=2, stride=2, padding=0, dilation=1, ceil_mode=False)
    (9): Flatten(start_dim=1, end_dim=-1)
    (10): Linear(in_features=1152, out_features=512, bias=True)
    (11): ReLU()
    (12): Linear(in_features=512, out_features=256, bias=True)
    (13): ReLU()
    (14): Linear(in_features=256, out_features=100, bias=True)
  )
)
INFO:__main__:CHILD MODEL LOSS: 2.046540223121643 with train time 51.31209969520569
INFO:__main__:CHILD MODEL ACCURACY: 0.4433
INFO:__main__:Policy gradient: 0.26022592186927795
INFO:__main__:
INFO:__main__:------ ITERATION 43 ------
INFO:__main__:Layers generated: [('32', '3', '2'), ('32', '5', '2')]
INFO:__main__:ChildCNNModel(
  (model): Sequential(
    (0): Conv2d(3, 128, kernel_size=(3, 3), stride=(1, 1), padding=(1, 1))
    (1): ReLU()
    (2): MaxPool2d(kernel_size=2, stride=2, padding=0, dilation=1, ceil_mode=False)
    (3): Conv2d(128, 32, kernel_size=(3, 3), stride=(1, 1), padding=(2, 2))
    (4): ReLU()
    (5): MaxPool2d(kernel_size=2, stride=2, padding=0, dilation=1, ceil_mode=False)
    (6): Conv2d(32, 32, kernel_size=(5, 5), stride=(1, 1), padding=(2, 2))
    (7): ReLU()
    (8): MaxPool2d(kernel_size=2, stride=2, padding=0, dilation=1, ceil_mode=False)
    (9): Flatten(start_dim=1, end_dim=-1)
    (10): Linear(in_features=512, out_features=512, bias=True)
    (11): ReLU()
    (12): Linear(in_features=512, out_features=256, bias=True)
    (13): ReLU()
    (14): Linear(in_features=256, out_features=100, bias=True)
  )
)
INFO:__main__:CHILD MODEL LOSS: 2.2543415670394897 with train time 42.50270938873291
INFO:__main__:CHILD MODEL ACCURACY: 0.4016
INFO:__main__:Policy gradient: -0.07225173711776733
INFO:__main__:
INFO:__main__:------ ITERATION 44 ------
INFO:__main__:Layers generated: [('128', '5', '0'), ('128', '3', '1')]
INFO:__main__:ChildCNNModel(
  (model): Sequential(
    (0): Conv2d(3, 128, kernel_size=(3, 3), stride=(1, 1), padding=(1, 1))
    (1): ReLU()
    (2): MaxPool2d(kernel_size=2, stride=2, padding=0, dilation=1, ceil_mode=False)
    (3): Conv2d(128, 128, kernel_size=(5, 5), stride=(1, 1))
    (4): ReLU()
    (5): MaxPool2d(kernel_size=2, stride=2, padding=0, dilation=1, ceil_mode=False)
    (6): Conv2d(128, 128, kernel_size=(3, 3), stride=(1, 1), padding=(1, 1))
    (7): ReLU()
    (8): MaxPool2d(kernel_size=2, stride=2, padding=0, dilation=1, ceil_mode=False)
    (9): Flatten(start_dim=1, end_dim=-1)
    (10): Linear(in_features=1152, out_features=512, bias=True)
    (11): ReLU()
    (12): Linear(in_features=512, out_features=256, bias=True)
    (13): ReLU()
    (14): Linear(in_features=256, out_features=100, bias=True)
  )
)
INFO:__main__:CHILD MODEL LOSS: 2.1216024956703188 with train time 44.841888666152954
INFO:__main__:CHILD MODEL ACCURACY: 0.4353
INFO:__main__:Policy gradient: 0.18582667410373688
INFO:__main__:
INFO:__main__:------ ITERATION 45 ------
INFO:__main__:Layers generated: [('64', '3', '0'), ('64', '3', '2')]
INFO:__main__:ChildCNNModel(
  (model): Sequential(
    (0): Conv2d(3, 128, kernel_size=(3, 3), stride=(1, 1), padding=(1, 1))
    (1): ReLU()
    (2): MaxPool2d(kernel_size=2, stride=2, padding=0, dilation=1, ceil_mode=False)
    (3): Conv2d(128, 64, kernel_size=(3, 3), stride=(1, 1))
    (4): ReLU()
    (5): MaxPool2d(kernel_size=2, stride=2, padding=0, dilation=1, ceil_mode=False)
    (6): Conv2d(64, 64, kernel_size=(3, 3), stride=(1, 1), padding=(2, 2))
    (7): ReLU()
    (8): MaxPool2d(kernel_size=2, stride=2, padding=0, dilation=1, ceil_mode=False)
    (9): Flatten(start_dim=1, end_dim=-1)
    (10): Linear(in_features=1024, out_features=512, bias=True)
    (11): ReLU()
    (12): Linear(in_features=512, out_features=256, bias=True)
    (13): ReLU()
    (14): Linear(in_features=256, out_features=100, bias=True)
  )
)
INFO:__main__:CHILD MODEL LOSS: 2.143123291015625 with train time 41.49468922615051
INFO:__main__:CHILD MODEL ACCURACY: 0.4396
INFO:__main__:Policy gradient: 0.18640081584453583
INFO:__main__:
INFO:__main__:------ ITERATION 46 ------
INFO:__main__:Layers generated: [('64', '3', '0'), ('128', '5', '1')]
INFO:__main__:ChildCNNModel(
  (model): Sequential(
    (0): Conv2d(3, 128, kernel_size=(3, 3), stride=(1, 1), padding=(1, 1))
    (1): ReLU()
    (2): MaxPool2d(kernel_size=2, stride=2, padding=0, dilation=1, ceil_mode=False)
    (3): Conv2d(128, 64, kernel_size=(3, 3), stride=(1, 1))
    (4): ReLU()
    (5): MaxPool2d(kernel_size=2, stride=2, padding=0, dilation=1, ceil_mode=False)
    (6): Conv2d(64, 128, kernel_size=(5, 5), stride=(1, 1), padding=(1, 1))
    (7): ReLU()
    (8): MaxPool2d(kernel_size=2, stride=2, padding=0, dilation=1, ceil_mode=False)
    (9): Flatten(start_dim=1, end_dim=-1)
    (10): Linear(in_features=512, out_features=512, bias=True)
    (11): ReLU()
    (12): Linear(in_features=512, out_features=256, bias=True)
    (13): ReLU()
    (14): Linear(in_features=256, out_features=100, bias=True)
  )
)
INFO:__main__:CHILD MODEL LOSS: 2.1539362382888796 with train time 40.8559947013855
INFO:__main__:CHILD MODEL ACCURACY: 0.4259
INFO:__main__:Policy gradient: 0.07616160809993744
INFO:__main__:
INFO:__main__:------ ITERATION 47 ------
INFO:__main__:Layers generated: [('64', '1', '0'), ('32', '3', '2')]
INFO:__main__:ChildCNNModel(
  (model): Sequential(
    (0): Conv2d(3, 128, kernel_size=(3, 3), stride=(1, 1), padding=(1, 1))
    (1): ReLU()
    (2): MaxPool2d(kernel_size=2, stride=2, padding=0, dilation=1, ceil_mode=False)
    (3): Conv2d(128, 64, kernel_size=(1, 1), stride=(1, 1))
    (4): ReLU()
    (5): MaxPool2d(kernel_size=2, stride=2, padding=0, dilation=1, ceil_mode=False)
    (6): Conv2d(64, 32, kernel_size=(3, 3), stride=(1, 1), padding=(2, 2))
    (7): ReLU()
    (8): MaxPool2d(kernel_size=2, stride=2, padding=0, dilation=1, ceil_mode=False)
    (9): Flatten(start_dim=1, end_dim=-1)
    (10): Linear(in_features=800, out_features=512, bias=True)
    (11): ReLU()
    (12): Linear(in_features=512, out_features=256, bias=True)
    (13): ReLU()
    (14): Linear(in_features=256, out_features=100, bias=True)
  )
)
INFO:__main__:CHILD MODEL LOSS: 2.2279078130722048 with train time 40.70867967605591
INFO:__main__:CHILD MODEL ACCURACY: 0.4109
INFO:__main__:Policy gradient: -0.04212500527501106
INFO:__main__:
INFO:__main__:------ ITERATION 48 ------
INFO:__main__:Layers generated: [('16', '1', '2'), ('128', '5', '0')]
INFO:__main__:ChildCNNModel(
  (model): Sequential(
    (0): Conv2d(3, 128, kernel_size=(3, 3), stride=(1, 1), padding=(1, 1))
    (1): ReLU()
    (2): MaxPool2d(kernel_size=2, stride=2, padding=0, dilation=1, ceil_mode=False)
    (3): Conv2d(128, 16, kernel_size=(1, 1), stride=(1, 1), padding=(2, 2))
    (4): ReLU()
    (5): MaxPool2d(kernel_size=2, stride=2, padding=0, dilation=1, ceil_mode=False)
    (6): Conv2d(16, 128, kernel_size=(5, 5), stride=(1, 1))
    (7): ReLU()
    (8): MaxPool2d(kernel_size=2, stride=2, padding=0, dilation=1, ceil_mode=False)
    (9): Flatten(start_dim=1, end_dim=-1)
    (10): Linear(in_features=1152, out_features=512, bias=True)
    (11): ReLU()
    (12): Linear(in_features=512, out_features=256, bias=True)
    (13): ReLU()
    (14): Linear(in_features=256, out_features=100, bias=True)
  )
)
INFO:__main__:CHILD MODEL LOSS: 2.315683892726898 with train time 41.80158519744873
INFO:__main__:CHILD MODEL ACCURACY: 0.3967
INFO:__main__:Policy gradient: -0.14582926034927368
INFO:__main__:
INFO:__main__:------ ITERATION 49 ------
INFO:__main__:Layers generated: [('32', '3', '2'), ('16', '3', '2')]
INFO:__main__:ChildCNNModel(
  (model): Sequential(
    (0): Conv2d(3, 128, kernel_size=(3, 3), stride=(1, 1), padding=(1, 1))
    (1): ReLU()
    (2): MaxPool2d(kernel_size=2, stride=2, padding=0, dilation=1, ceil_mode=False)
    (3): Conv2d(128, 32, kernel_size=(3, 3), stride=(1, 1), padding=(2, 2))
    (4): ReLU()
    (5): MaxPool2d(kernel_size=2, stride=2, padding=0, dilation=1, ceil_mode=False)
    (6): Conv2d(32, 16, kernel_size=(3, 3), stride=(1, 1), padding=(2, 2))
    (7): ReLU()
    (8): MaxPool2d(kernel_size=2, stride=2, padding=0, dilation=1, ceil_mode=False)
    (9): Flatten(start_dim=1, end_dim=-1)
    (10): Linear(in_features=400, out_features=512, bias=True)
    (11): ReLU()
    (12): Linear(in_features=512, out_features=256, bias=True)
    (13): ReLU()
    (14): Linear(in_features=256, out_features=100, bias=True)
  )
)
INFO:__main__:CHILD MODEL LOSS: 2.2858227729797362 with train time 42.18183398246765
INFO:__main__:CHILD MODEL ACCURACY: 0.3929
INFO:__main__:Policy gradient: -0.15922676026821136
INFO:__main__:
INFO:__main__:------ ITERATION 50 ------
INFO:__main__:Layers generated: [('64', '1', '2'), ('64', '5', '0')]
INFO:__main__:ChildCNNModel(
  (model): Sequential(
    (0): Conv2d(3, 128, kernel_size=(3, 3), stride=(1, 1), padding=(1, 1))
    (1): ReLU()
    (2): MaxPool2d(kernel_size=2, stride=2, padding=0, dilation=1, ceil_mode=False)
    (3): Conv2d(128, 64, kernel_size=(1, 1), stride=(1, 1), padding=(2, 2))
    (4): ReLU()
    (5): MaxPool2d(kernel_size=2, stride=2, padding=0, dilation=1, ceil_mode=False)
    (6): Conv2d(64, 64, kernel_size=(5, 5), stride=(1, 1))
    (7): ReLU()
    (8): MaxPool2d(kernel_size=2, stride=2, padding=0, dilation=1, ceil_mode=False)
    (9): Flatten(start_dim=1, end_dim=-1)
    (10): Linear(in_features=576, out_features=512, bias=True)
    (11): ReLU()
    (12): Linear(in_features=512, out_features=256, bias=True)
    (13): ReLU()
    (14): Linear(in_features=256, out_features=100, bias=True)
  )
)
INFO:__main__:CHILD MODEL LOSS: 2.2647243189811705 with train time 42.86595344543457
INFO:__main__:CHILD MODEL ACCURACY: 0.4033
INFO:__main__:Policy gradient: -0.061278872191905975
INFO:__main__:
INFO:__main__:------ ITERATION 51 ------
INFO:__main__:Layers generated: [('256', '3', '2'), ('128', '1', '0')]
INFO:__main__:ChildCNNModel(
  (model): Sequential(
    (0): Conv2d(3, 128, kernel_size=(3, 3), stride=(1, 1), padding=(1, 1))
    (1): ReLU()
    (2): MaxPool2d(kernel_size=2, stride=2, padding=0, dilation=1, ceil_mode=False)
    (3): Conv2d(128, 256, kernel_size=(3, 3), stride=(1, 1), padding=(2, 2))
    (4): ReLU()
    (5): MaxPool2d(kernel_size=2, stride=2, padding=0, dilation=1, ceil_mode=False)
    (6): Conv2d(256, 128, kernel_size=(1, 1), stride=(1, 1))
    (7): ReLU()
    (8): MaxPool2d(kernel_size=2, stride=2, padding=0, dilation=1, ceil_mode=False)
    (9): Flatten(start_dim=1, end_dim=-1)
    (10): Linear(in_features=2048, out_features=512, bias=True)
    (11): ReLU()
    (12): Linear(in_features=512, out_features=256, bias=True)
    (13): ReLU()
    (14): Linear(in_features=256, out_features=100, bias=True)
  )
)
INFO:__main__:CHILD MODEL LOSS: 2.057621784687042 with train time 61.6278932094574
INFO:__main__:CHILD MODEL ACCURACY: 0.4527
INFO:__main__:Policy gradient: 0.3137880861759186
INFO:__main__:
INFO:__main__:------ ITERATION 52 ------
INFO:__main__:Layers generated: [('16', '5', '0'), ('64', '3', '0')]
INFO:__main__:ChildCNNModel(
  (model): Sequential(
    (0): Conv2d(3, 128, kernel_size=(3, 3), stride=(1, 1), padding=(1, 1))
    (1): ReLU()
    (2): MaxPool2d(kernel_size=2, stride=2, padding=0, dilation=1, ceil_mode=False)
    (3): Conv2d(128, 16, kernel_size=(5, 5), stride=(1, 1))
    (4): ReLU()
    (5): MaxPool2d(kernel_size=2, stride=2, padding=0, dilation=1, ceil_mode=False)
    (6): Conv2d(16, 64, kernel_size=(3, 3), stride=(1, 1))
    (7): ReLU()
    (8): MaxPool2d(kernel_size=2, stride=2, padding=0, dilation=1, ceil_mode=False)
    (9): Flatten(start_dim=1, end_dim=-1)
    (10): Linear(in_features=256, out_features=512, bias=True)
    (11): ReLU()
    (12): Linear(in_features=512, out_features=256, bias=True)
    (13): ReLU()
    (14): Linear(in_features=256, out_features=100, bias=True)
  )
)
INFO:__main__:CHILD MODEL LOSS: 2.4789695444107056 with train time 46.46614074707031
INFO:__main__:CHILD MODEL ACCURACY: 0.3783
INFO:__main__:Policy gradient: -0.2662624418735504
INFO:__main__:
INFO:__main__:------ ITERATION 53 ------
INFO:__main__:Layers generated: [('16', '5', '0'), ('64', '5', '1')]
INFO:__main__:ChildCNNModel(
  (model): Sequential(
    (0): Conv2d(3, 128, kernel_size=(3, 3), stride=(1, 1), padding=(1, 1))
    (1): ReLU()
    (2): MaxPool2d(kernel_size=2, stride=2, padding=0, dilation=1, ceil_mode=False)
    (3): Conv2d(128, 16, kernel_size=(5, 5), stride=(1, 1))
    (4): ReLU()
    (5): MaxPool2d(kernel_size=2, stride=2, padding=0, dilation=1, ceil_mode=False)
    (6): Conv2d(16, 64, kernel_size=(5, 5), stride=(1, 1), padding=(1, 1))
    (7): ReLU()
    (8): MaxPool2d(kernel_size=2, stride=2, padding=0, dilation=1, ceil_mode=False)
    (9): Flatten(start_dim=1, end_dim=-1)
    (10): Linear(in_features=256, out_features=512, bias=True)
    (11): ReLU()
    (12): Linear(in_features=512, out_features=256, bias=True)
    (13): ReLU()
    (14): Linear(in_features=256, out_features=100, bias=True)
  )
)
INFO:__main__:CHILD MODEL LOSS: 2.423250347137451 with train time 40.09215712547302
INFO:__main__:CHILD MODEL ACCURACY: 0.3721
INFO:__main__:Policy gradient: -0.2938464283943176
INFO:__main__:
INFO:__main__:------ ITERATION 54 ------
INFO:__main__:Layers generated: [('32', '3', '0'), ('128', '1', '1')]
INFO:__main__:ChildCNNModel(
  (model): Sequential(
    (0): Conv2d(3, 128, kernel_size=(3, 3), stride=(1, 1), padding=(1, 1))
    (1): ReLU()
    (2): MaxPool2d(kernel_size=2, stride=2, padding=0, dilation=1, ceil_mode=False)
    (3): Conv2d(128, 32, kernel_size=(3, 3), stride=(1, 1))
    (4): ReLU()
    (5): MaxPool2d(kernel_size=2, stride=2, padding=0, dilation=1, ceil_mode=False)
    (6): Conv2d(32, 128, kernel_size=(1, 1), stride=(1, 1), padding=(1, 1))
    (7): ReLU()
    (8): MaxPool2d(kernel_size=2, stride=2, padding=0, dilation=1, ceil_mode=False)
    (9): Flatten(start_dim=1, end_dim=-1)
    (10): Linear(in_features=2048, out_features=512, bias=True)
    (11): ReLU()
    (12): Linear(in_features=512, out_features=256, bias=True)
    (13): ReLU()
    (14): Linear(in_features=256, out_features=100, bias=True)
  )
)
INFO:__main__:CHILD MODEL LOSS: 2.192495580196381 with train time 37.10880947113037
INFO:__main__:CHILD MODEL ACCURACY: 0.4181
INFO:__main__:Policy gradient: 0.08383773267269135
INFO:__main__:
INFO:__main__:------ ITERATION 55 ------
INFO:__main__:Layers generated: [('256', '5', '0'), ('32', '3', '2')]
INFO:__main__:ChildCNNModel(
  (model): Sequential(
    (0): Conv2d(3, 128, kernel_size=(3, 3), stride=(1, 1), padding=(1, 1))
    (1): ReLU()
    (2): MaxPool2d(kernel_size=2, stride=2, padding=0, dilation=1, ceil_mode=False)
    (3): Conv2d(128, 256, kernel_size=(5, 5), stride=(1, 1))
    (4): ReLU()
    (5): MaxPool2d(kernel_size=2, stride=2, padding=0, dilation=1, ceil_mode=False)
    (6): Conv2d(256, 32, kernel_size=(3, 3), stride=(1, 1), padding=(2, 2))
    (7): ReLU()
    (8): MaxPool2d(kernel_size=2, stride=2, padding=0, dilation=1, ceil_mode=False)
    (9): Flatten(start_dim=1, end_dim=-1)
    (10): Linear(in_features=512, out_features=512, bias=True)
    (11): ReLU()
    (12): Linear(in_features=512, out_features=256, bias=True)
    (13): ReLU()
    (14): Linear(in_features=256, out_features=100, bias=True)
  )
)
INFO:__main__:CHILD MODEL LOSS: 2.0517356610298156 with train time 55.85832214355469
INFO:__main__:CHILD MODEL ACCURACY: 0.4396
INFO:__main__:Policy gradient: 0.22806580364704132
INFO:__main__:
INFO:__main__:------ ITERATION 56 ------
INFO:__main__:Layers generated: [('128', '5', '0'), ('128', '5', '1')]
INFO:__main__:ChildCNNModel(
  (model): Sequential(
    (0): Conv2d(3, 128, kernel_size=(3, 3), stride=(1, 1), padding=(1, 1))
    (1): ReLU()
    (2): MaxPool2d(kernel_size=2, stride=2, padding=0, dilation=1, ceil_mode=False)
    (3): Conv2d(128, 128, kernel_size=(5, 5), stride=(1, 1))
    (4): ReLU()
    (5): MaxPool2d(kernel_size=2, stride=2, padding=0, dilation=1, ceil_mode=False)
    (6): Conv2d(128, 128, kernel_size=(5, 5), stride=(1, 1), padding=(1, 1))
    (7): ReLU()
    (8): MaxPool2d(kernel_size=2, stride=2, padding=0, dilation=1, ceil_mode=False)
    (9): Flatten(start_dim=1, end_dim=-1)
    (10): Linear(in_features=512, out_features=512, bias=True)
    (11): ReLU()
    (12): Linear(in_features=512, out_features=256, bias=True)
    (13): ReLU()
    (14): Linear(in_features=256, out_features=100, bias=True)
  )
)
INFO:__main__:CHILD MODEL LOSS: 2.1525007491111756 with train time 42.910393953323364
INFO:__main__:CHILD MODEL ACCURACY: 0.4329
INFO:__main__:Policy gradient: 0.15668629109859467
INFO:__main__:
INFO:__main__:------ ITERATION 57 ------
INFO:__main__:Layers generated: [('128', '1', '2'), ('128', '3', '1')]
INFO:__main__:ChildCNNModel(
  (model): Sequential(
    (0): Conv2d(3, 128, kernel_size=(3, 3), stride=(1, 1), padding=(1, 1))
    (1): ReLU()
    (2): MaxPool2d(kernel_size=2, stride=2, padding=0, dilation=1, ceil_mode=False)
    (3): Conv2d(128, 128, kernel_size=(1, 1), stride=(1, 1), padding=(2, 2))
    (4): ReLU()
    (5): MaxPool2d(kernel_size=2, stride=2, padding=0, dilation=1, ceil_mode=False)
    (6): Conv2d(128, 128, kernel_size=(3, 3), stride=(1, 1), padding=(1, 1))
    (7): ReLU()
    (8): MaxPool2d(kernel_size=2, stride=2, padding=0, dilation=1, ceil_mode=False)
    (9): Flatten(start_dim=1, end_dim=-1)
    (10): Linear(in_features=3200, out_features=512, bias=True)
    (11): ReLU()
    (12): Linear(in_features=512, out_features=256, bias=True)
    (13): ReLU()
    (14): Linear(in_features=256, out_features=100, bias=True)
  )
)
INFO:__main__:CHILD MODEL LOSS: 2.006472843170166 with train time 47.58587074279785
INFO:__main__:CHILD MODEL ACCURACY: 0.4515
INFO:__main__:Policy gradient: 0.28728264570236206
INFO:__main__:
INFO:__main__:------ ITERATION 58 ------
INFO:__main__:Layers generated: [('128', '1', '1'), ('64', '5', '0')]
INFO:__main__:ChildCNNModel(
  (model): Sequential(
    (0): Conv2d(3, 128, kernel_size=(3, 3), stride=(1, 1), padding=(1, 1))
    (1): ReLU()
    (2): MaxPool2d(kernel_size=2, stride=2, padding=0, dilation=1, ceil_mode=False)
    (3): Conv2d(128, 128, kernel_size=(1, 1), stride=(1, 1), padding=(1, 1))
    (4): ReLU()
    (5): MaxPool2d(kernel_size=2, stride=2, padding=0, dilation=1, ceil_mode=False)
    (6): Conv2d(128, 64, kernel_size=(5, 5), stride=(1, 1))
    (7): ReLU()
    (8): MaxPool2d(kernel_size=2, stride=2, padding=0, dilation=1, ceil_mode=False)
    (9): Flatten(start_dim=1, end_dim=-1)
    (10): Linear(in_features=256, out_features=512, bias=True)
    (11): ReLU()
    (12): Linear(in_features=512, out_features=256, bias=True)
    (13): ReLU()
    (14): Linear(in_features=256, out_features=100, bias=True)
  )
)
INFO:__main__:CHILD MODEL LOSS: 2.2991297841072083 with train time 46.15842008590698
INFO:__main__:CHILD MODEL ACCURACY: 0.4084
INFO:__main__:Policy gradient: -0.07055137306451797
INFO:__main__:
INFO:__main__:------ ITERATION 59 ------
INFO:__main__:Layers generated: [('64', '3', '0'), ('128', '1', '0')]
INFO:__main__:ChildCNNModel(
  (model): Sequential(
    (0): Conv2d(3, 128, kernel_size=(3, 3), stride=(1, 1), padding=(1, 1))
    (1): ReLU()
    (2): MaxPool2d(kernel_size=2, stride=2, padding=0, dilation=1, ceil_mode=False)
    (3): Conv2d(128, 64, kernel_size=(3, 3), stride=(1, 1))
    (4): ReLU()
    (5): MaxPool2d(kernel_size=2, stride=2, padding=0, dilation=1, ceil_mode=False)
    (6): Conv2d(64, 128, kernel_size=(1, 1), stride=(1, 1))
    (7): ReLU()
    (8): MaxPool2d(kernel_size=2, stride=2, padding=0, dilation=1, ceil_mode=False)
    (9): Flatten(start_dim=1, end_dim=-1)
    (10): Linear(in_features=1152, out_features=512, bias=True)
    (11): ReLU()
    (12): Linear(in_features=512, out_features=256, bias=True)
    (13): ReLU()
    (14): Linear(in_features=256, out_features=100, bias=True)
  )
)
INFO:__main__:CHILD MODEL LOSS: 2.256563312530518 with train time 44.496289014816284
INFO:__main__:CHILD MODEL ACCURACY: 0.4052
INFO:__main__:Policy gradient: -0.0854719877243042
INFO:__main__:
INFO:__main__:------ ITERATION 60 ------
INFO:__main__:Layers generated: [('256', '3', '0'), ('16', '1', '0')]
INFO:__main__:ChildCNNModel(
  (model): Sequential(
    (0): Conv2d(3, 128, kernel_size=(3, 3), stride=(1, 1), padding=(1, 1))
    (1): ReLU()
    (2): MaxPool2d(kernel_size=2, stride=2, padding=0, dilation=1, ceil_mode=False)
    (3): Conv2d(128, 256, kernel_size=(3, 3), stride=(1, 1))
    (4): ReLU()
    (5): MaxPool2d(kernel_size=2, stride=2, padding=0, dilation=1, ceil_mode=False)
    (6): Conv2d(256, 16, kernel_size=(1, 1), stride=(1, 1))
    (7): ReLU()
    (8): MaxPool2d(kernel_size=2, stride=2, padding=0, dilation=1, ceil_mode=False)
    (9): Flatten(start_dim=1, end_dim=-1)
    (10): Linear(in_features=144, out_features=512, bias=True)
    (11): ReLU()
    (12): Linear(in_features=512, out_features=256, bias=True)
    (13): ReLU()
    (14): Linear(in_features=256, out_features=100, bias=True)
  )
)
INFO:__main__:CHILD MODEL LOSS: 2.5697184591293336 with train time 49.55205583572388
INFO:__main__:CHILD MODEL ACCURACY: 0.3561
INFO:__main__:Policy gradient: -0.4598805904388428
INFO:__main__:
INFO:__main__:------ ITERATION 61 ------
INFO:__main__:Layers generated: [('128', '3', '2'), ('64', '1', '1')]
INFO:__main__:ChildCNNModel(
  (model): Sequential(
    (0): Conv2d(3, 128, kernel_size=(3, 3), stride=(1, 1), padding=(1, 1))
    (1): ReLU()
    (2): MaxPool2d(kernel_size=2, stride=2, padding=0, dilation=1, ceil_mode=False)
    (3): Conv2d(128, 128, kernel_size=(3, 3), stride=(1, 1), padding=(2, 2))
    (4): ReLU()
    (5): MaxPool2d(kernel_size=2, stride=2, padding=0, dilation=1, ceil_mode=False)
    (6): Conv2d(128, 64, kernel_size=(1, 1), stride=(1, 1), padding=(1, 1))
    (7): ReLU()
    (8): MaxPool2d(kernel_size=2, stride=2, padding=0, dilation=1, ceil_mode=False)
    (9): Flatten(start_dim=1, end_dim=-1)
    (10): Linear(in_features=1600, out_features=512, bias=True)
    (11): ReLU()
    (12): Linear(in_features=512, out_features=256, bias=True)
    (13): ReLU()
    (14): Linear(in_features=256, out_features=100, bias=True)
  )
)
INFO:__main__:CHILD MODEL LOSS: 2.093035339832306 with train time 50.05872130393982
INFO:__main__:CHILD MODEL ACCURACY: 0.4365
INFO:__main__:Policy gradient: 0.20536501705646515
INFO:__main__:
INFO:__main__:------ ITERATION 62 ------
INFO:__main__:Layers generated: [('64', '5', '1'), ('256', '3', '2')]
INFO:__main__:ChildCNNModel(
  (model): Sequential(
    (0): Conv2d(3, 128, kernel_size=(3, 3), stride=(1, 1), padding=(1, 1))
    (1): ReLU()
    (2): MaxPool2d(kernel_size=2, stride=2, padding=0, dilation=1, ceil_mode=False)
    (3): Conv2d(128, 64, kernel_size=(5, 5), stride=(1, 1), padding=(1, 1))
    (4): ReLU()
    (5): MaxPool2d(kernel_size=2, stride=2, padding=0, dilation=1, ceil_mode=False)
    (6): Conv2d(64, 256, kernel_size=(3, 3), stride=(1, 1), padding=(2, 2))
    (7): ReLU()
    (8): MaxPool2d(kernel_size=2, stride=2, padding=0, dilation=1, ceil_mode=False)
    (9): Flatten(start_dim=1, end_dim=-1)
    (10): Linear(in_features=4096, out_features=512, bias=True)
    (11): ReLU()
    (12): Linear(in_features=512, out_features=256, bias=True)
    (13): ReLU()
    (14): Linear(in_features=256, out_features=100, bias=True)
  )
)
INFO:__main__:CHILD MODEL LOSS: 2.1777018489837645 with train time 47.85312342643738
INFO:__main__:CHILD MODEL ACCURACY: 0.4265
INFO:__main__:Policy gradient: 0.10467038303613663
INFO:__main__:
INFO:__main__:------ ITERATION 63 ------
INFO:__main__:Layers generated: [('256', '3', '1'), ('256', '3', '0')]
INFO:__main__:ChildCNNModel(
  (model): Sequential(
    (0): Conv2d(3, 128, kernel_size=(3, 3), stride=(1, 1), padding=(1, 1))
    (1): ReLU()
    (2): MaxPool2d(kernel_size=2, stride=2, padding=0, dilation=1, ceil_mode=False)
    (3): Conv2d(128, 256, kernel_size=(3, 3), stride=(1, 1), padding=(1, 1))
    (4): ReLU()
    (5): MaxPool2d(kernel_size=2, stride=2, padding=0, dilation=1, ceil_mode=False)
    (6): Conv2d(256, 256, kernel_size=(3, 3), stride=(1, 1))
    (7): ReLU()
    (8): MaxPool2d(kernel_size=2, stride=2, padding=0, dilation=1, ceil_mode=False)
    (9): Flatten(start_dim=1, end_dim=-1)
    (10): Linear(in_features=2304, out_features=512, bias=True)
    (11): ReLU()
    (12): Linear(in_features=512, out_features=256, bias=True)
    (13): ReLU()
    (14): Linear(in_features=256, out_features=100, bias=True)
  )
)
INFO:__main__:CHILD MODEL LOSS: 1.9594114966392517 with train time 54.3936402797699
INFO:__main__:CHILD MODEL ACCURACY: 0.4693
INFO:__main__:Policy gradient: 0.4259401261806488
INFO:__main__:
INFO:__main__:------ ITERATION 64 ------
INFO:__main__:Layers generated: [('16', '5', '2'), ('64', '3', '1')]
INFO:__main__:ChildCNNModel(
  (model): Sequential(
    (0): Conv2d(3, 128, kernel_size=(3, 3), stride=(1, 1), padding=(1, 1))
    (1): ReLU()
    (2): MaxPool2d(kernel_size=2, stride=2, padding=0, dilation=1, ceil_mode=False)
    (3): Conv2d(128, 16, kernel_size=(5, 5), stride=(1, 1), padding=(2, 2))
    (4): ReLU()
    (5): MaxPool2d(kernel_size=2, stride=2, padding=0, dilation=1, ceil_mode=False)
    (6): Conv2d(16, 64, kernel_size=(3, 3), stride=(1, 1), padding=(1, 1))
    (7): ReLU()
    (8): MaxPool2d(kernel_size=2, stride=2, padding=0, dilation=1, ceil_mode=False)
    (9): Flatten(start_dim=1, end_dim=-1)
    (10): Linear(in_features=1024, out_features=512, bias=True)
    (11): ReLU()
    (12): Linear(in_features=512, out_features=256, bias=True)
    (13): ReLU()
    (14): Linear(in_features=256, out_features=100, bias=True)
  )
)
INFO:__main__:CHILD MODEL LOSS: 2.408749697685242 with train time 44.82957887649536
INFO:__main__:CHILD MODEL ACCURACY: 0.3863
INFO:__main__:Policy gradient: -0.2455091029405594
INFO:__main__:
INFO:__main__:------ ITERATION 65 ------
INFO:__main__:Layers generated: [('128', '3', '1'), ('256', '5', '0')]
INFO:__main__:ChildCNNModel(
  (model): Sequential(
    (0): Conv2d(3, 128, kernel_size=(3, 3), stride=(1, 1), padding=(1, 1))
    (1): ReLU()
    (2): MaxPool2d(kernel_size=2, stride=2, padding=0, dilation=1, ceil_mode=False)
    (3): Conv2d(128, 128, kernel_size=(3, 3), stride=(1, 1), padding=(1, 1))
    (4): ReLU()
    (5): MaxPool2d(kernel_size=2, stride=2, padding=0, dilation=1, ceil_mode=False)
    (6): Conv2d(128, 256, kernel_size=(5, 5), stride=(1, 1))
    (7): ReLU()
    (8): MaxPool2d(kernel_size=2, stride=2, padding=0, dilation=1, ceil_mode=False)
    (9): Flatten(start_dim=1, end_dim=-1)
    (10): Linear(in_features=1024, out_features=512, bias=True)
    (11): ReLU()
    (12): Linear(in_features=512, out_features=256, bias=True)
    (13): ReLU()
    (14): Linear(in_features=256, out_features=100, bias=True)
  )
)
INFO:__main__:CHILD MODEL LOSS: 2.019129202365875 with train time 49.053760051727295
INFO:__main__:CHILD MODEL ACCURACY: 0.452
INFO:__main__:Policy gradient: 0.2756669819355011
INFO:__main__:
INFO:__main__:------ ITERATION 66 ------
INFO:__main__:Layers generated: [('32', '3', '2'), ('32', '1', '2')]
INFO:__main__:ChildCNNModel(
  (model): Sequential(
    (0): Conv2d(3, 128, kernel_size=(3, 3), stride=(1, 1), padding=(1, 1))
    (1): ReLU()
    (2): MaxPool2d(kernel_size=2, stride=2, padding=0, dilation=1, ceil_mode=False)
    (3): Conv2d(128, 32, kernel_size=(3, 3), stride=(1, 1), padding=(2, 2))
    (4): ReLU()
    (5): MaxPool2d(kernel_size=2, stride=2, padding=0, dilation=1, ceil_mode=False)
    (6): Conv2d(32, 32, kernel_size=(1, 1), stride=(1, 1), padding=(2, 2))
    (7): ReLU()
    (8): MaxPool2d(kernel_size=2, stride=2, padding=0, dilation=1, ceil_mode=False)
    (9): Flatten(start_dim=1, end_dim=-1)
    (10): Linear(in_features=1152, out_features=512, bias=True)
    (11): ReLU()
    (12): Linear(in_features=512, out_features=256, bias=True)
    (13): ReLU()
    (14): Linear(in_features=256, out_features=100, bias=True)
  )
)
INFO:__main__:CHILD MODEL LOSS: 2.31849067401886 with train time 46.03044414520264
INFO:__main__:CHILD MODEL ACCURACY: 0.3975
INFO:__main__:Policy gradient: -0.17133961617946625
INFO:__main__:
INFO:__main__:------ ITERATION 67 ------
INFO:__main__:Layers generated: [('256', '5', '0'), ('128', '3', '1')]
INFO:__main__:ChildCNNModel(
  (model): Sequential(
    (0): Conv2d(3, 128, kernel_size=(3, 3), stride=(1, 1), padding=(1, 1))
    (1): ReLU()
    (2): MaxPool2d(kernel_size=2, stride=2, padding=0, dilation=1, ceil_mode=False)
    (3): Conv2d(128, 256, kernel_size=(5, 5), stride=(1, 1))
    (4): ReLU()
    (5): MaxPool2d(kernel_size=2, stride=2, padding=0, dilation=1, ceil_mode=False)
    (6): Conv2d(256, 128, kernel_size=(3, 3), stride=(1, 1), padding=(1, 1))
    (7): ReLU()
    (8): MaxPool2d(kernel_size=2, stride=2, padding=0, dilation=1, ceil_mode=False)
    (9): Flatten(start_dim=1, end_dim=-1)
    (10): Linear(in_features=1152, out_features=512, bias=True)
    (11): ReLU()
    (12): Linear(in_features=512, out_features=256, bias=True)
    (13): ReLU()
    (14): Linear(in_features=256, out_features=100, bias=True)
  )
)
INFO:__main__:CHILD MODEL LOSS: 2.062546865940094 with train time 56.84175729751587
INFO:__main__:CHILD MODEL ACCURACY: 0.4468
INFO:__main__:Policy gradient: 0.22110417485237122
INFO:__main__:
INFO:__main__:------ ITERATION 68 ------
INFO:__main__:Layers generated: [('64', '3', '2'), ('256', '5', '2')]
INFO:__main__:ChildCNNModel(
  (model): Sequential(
    (0): Conv2d(3, 128, kernel_size=(3, 3), stride=(1, 1), padding=(1, 1))
    (1): ReLU()
    (2): MaxPool2d(kernel_size=2, stride=2, padding=0, dilation=1, ceil_mode=False)
    (3): Conv2d(128, 64, kernel_size=(3, 3), stride=(1, 1), padding=(2, 2))
    (4): ReLU()
    (5): MaxPool2d(kernel_size=2, stride=2, padding=0, dilation=1, ceil_mode=False)
    (6): Conv2d(64, 256, kernel_size=(5, 5), stride=(1, 1), padding=(2, 2))
    (7): ReLU()
    (8): MaxPool2d(kernel_size=2, stride=2, padding=0, dilation=1, ceil_mode=False)
    (9): Flatten(start_dim=1, end_dim=-1)
    (10): Linear(in_features=4096, out_features=512, bias=True)
    (11): ReLU()
    (12): Linear(in_features=512, out_features=256, bias=True)
    (13): ReLU()
    (14): Linear(in_features=256, out_features=100, bias=True)
  )
)
INFO:__main__:CHILD MODEL LOSS: 1.9816926245689392 with train time 48.89305400848389
INFO:__main__:CHILD MODEL ACCURACY: 0.4474
INFO:__main__:Policy gradient: 0.18824729323387146
INFO:__main__:
INFO:__main__:------ ITERATION 69 ------
INFO:__main__:Layers generated: [('32', '3', '1'), ('256', '5', '0')]
INFO:__main__:ChildCNNModel(
  (model): Sequential(
    (0): Conv2d(3, 128, kernel_size=(3, 3), stride=(1, 1), padding=(1, 1))
    (1): ReLU()
    (2): MaxPool2d(kernel_size=2, stride=2, padding=0, dilation=1, ceil_mode=False)
    (3): Conv2d(128, 32, kernel_size=(3, 3), stride=(1, 1), padding=(1, 1))
    (4): ReLU()
    (5): MaxPool2d(kernel_size=2, stride=2, padding=0, dilation=1, ceil_mode=False)
    (6): Conv2d(32, 256, kernel_size=(5, 5), stride=(1, 1))
    (7): ReLU()
    (8): MaxPool2d(kernel_size=2, stride=2, padding=0, dilation=1, ceil_mode=False)
    (9): Flatten(start_dim=1, end_dim=-1)
    (10): Linear(in_features=1024, out_features=512, bias=True)
    (11): ReLU()
    (12): Linear(in_features=512, out_features=256, bias=True)
    (13): ReLU()
    (14): Linear(in_features=256, out_features=100, bias=True)
  )
)
INFO:__main__:CHILD MODEL LOSS: 2.077266459941864 with train time 44.08120369911194
INFO:__main__:CHILD MODEL ACCURACY: 0.4345
INFO:__main__:Policy gradient: 0.08980011194944382
INFO:__main__:
INFO:__main__:------ ITERATION 70 ------
INFO:__main__:Layers generated: [('32', '3', '0'), ('128', '5', '2')]
INFO:__main__:ChildCNNModel(
  (model): Sequential(
    (0): Conv2d(3, 128, kernel_size=(3, 3), stride=(1, 1), padding=(1, 1))
    (1): ReLU()
    (2): MaxPool2d(kernel_size=2, stride=2, padding=0, dilation=1, ceil_mode=False)
    (3): Conv2d(128, 32, kernel_size=(3, 3), stride=(1, 1))
    (4): ReLU()
    (5): MaxPool2d(kernel_size=2, stride=2, padding=0, dilation=1, ceil_mode=False)
    (6): Conv2d(32, 128, kernel_size=(5, 5), stride=(1, 1), padding=(2, 2))
    (7): ReLU()
    (8): MaxPool2d(kernel_size=2, stride=2, padding=0, dilation=1, ceil_mode=False)
    (9): Flatten(start_dim=1, end_dim=-1)
    (10): Linear(in_features=1152, out_features=512, bias=True)
    (11): ReLU()
    (12): Linear(in_features=512, out_features=256, bias=True)
    (13): ReLU()
    (14): Linear(in_features=256, out_features=100, bias=True)
  )
)
INFO:__main__:CHILD MODEL LOSS: 2.1017211804389953 with train time 44.22453498840332
INFO:__main__:CHILD MODEL ACCURACY: 0.4302
INFO:__main__:Policy gradient: 0.04398253932595253
INFO:__main__:
INFO:__main__:------ ITERATION 71 ------
INFO:__main__:Layers generated: [('16', '5', '2'), ('32', '3', '1')]
INFO:__main__:ChildCNNModel(
  (model): Sequential(
    (0): Conv2d(3, 128, kernel_size=(3, 3), stride=(1, 1), padding=(1, 1))
    (1): ReLU()
    (2): MaxPool2d(kernel_size=2, stride=2, padding=0, dilation=1, ceil_mode=False)
    (3): Conv2d(128, 16, kernel_size=(5, 5), stride=(1, 1), padding=(2, 2))
    (4): ReLU()
    (5): MaxPool2d(kernel_size=2, stride=2, padding=0, dilation=1, ceil_mode=False)
    (6): Conv2d(16, 32, kernel_size=(3, 3), stride=(1, 1), padding=(1, 1))
    (7): ReLU()
    (8): MaxPool2d(kernel_size=2, stride=2, padding=0, dilation=1, ceil_mode=False)
    (9): Flatten(start_dim=1, end_dim=-1)
    (10): Linear(in_features=512, out_features=512, bias=True)
    (11): ReLU()
    (12): Linear(in_features=512, out_features=256, bias=True)
    (13): ReLU()
    (14): Linear(in_features=256, out_features=100, bias=True)
  )
)
INFO:__main__:CHILD MODEL LOSS: 2.4682614765167235 with train time 45.71213746070862
INFO:__main__:CHILD MODEL ACCURACY: 0.3673
INFO:__main__:Policy gradient: -0.44523411989212036
INFO:__main__:
INFO:__main__:------ ITERATION 72 ------
INFO:__main__:Layers generated: [('32', '1', '1'), ('256', '1', '0')]
INFO:__main__:ChildCNNModel(
  (model): Sequential(
    (0): Conv2d(3, 128, kernel_size=(3, 3), stride=(1, 1), padding=(1, 1))
    (1): ReLU()
    (2): MaxPool2d(kernel_size=2, stride=2, padding=0, dilation=1, ceil_mode=False)
    (3): Conv2d(128, 32, kernel_size=(1, 1), stride=(1, 1), padding=(1, 1))
    (4): ReLU()
    (5): MaxPool2d(kernel_size=2, stride=2, padding=0, dilation=1, ceil_mode=False)
    (6): Conv2d(32, 256, kernel_size=(1, 1), stride=(1, 1))
    (7): ReLU()
    (8): MaxPool2d(kernel_size=2, stride=2, padding=0, dilation=1, ceil_mode=False)
    (9): Flatten(start_dim=1, end_dim=-1)
    (10): Linear(in_features=4096, out_features=512, bias=True)
    (11): ReLU()
    (12): Linear(in_features=512, out_features=256, bias=True)
    (13): ReLU()
    (14): Linear(in_features=256, out_features=100, bias=True)
  )
)
INFO:__main__:CHILD MODEL LOSS: 2.3203142042160034 with train time 45.16023898124695
INFO:__main__:CHILD MODEL ACCURACY: 0.4029
INFO:__main__:Policy gradient: -0.13353921473026276
INFO:__main__:
INFO:__main__:------ ITERATION 73 ------
INFO:__main__:Layers generated: [('64', '3', '1'), ('128', '5', '1')]
INFO:__main__:ChildCNNModel(
  (model): Sequential(
    (0): Conv2d(3, 128, kernel_size=(3, 3), stride=(1, 1), padding=(1, 1))
    (1): ReLU()
    (2): MaxPool2d(kernel_size=2, stride=2, padding=0, dilation=1, ceil_mode=False)
    (3): Conv2d(128, 64, kernel_size=(3, 3), stride=(1, 1), padding=(1, 1))
    (4): ReLU()
    (5): MaxPool2d(kernel_size=2, stride=2, padding=0, dilation=1, ceil_mode=False)
    (6): Conv2d(64, 128, kernel_size=(5, 5), stride=(1, 1), padding=(1, 1))
    (7): ReLU()
    (8): MaxPool2d(kernel_size=2, stride=2, padding=0, dilation=1, ceil_mode=False)
    (9): Flatten(start_dim=1, end_dim=-1)
    (10): Linear(in_features=1152, out_features=512, bias=True)
    (11): ReLU()
    (12): Linear(in_features=512, out_features=256, bias=True)
    (13): ReLU()
    (14): Linear(in_features=256, out_features=100, bias=True)
  )
)
INFO:__main__:CHILD MODEL LOSS: 2.0249095993041992 with train time 44.898001194000244
INFO:__main__:CHILD MODEL ACCURACY: 0.4436
INFO:__main__:Policy gradient: 0.20152895152568817
INFO:__main__:
INFO:__main__:------ ITERATION 74 ------
INFO:__main__:Layers generated: [('64', '5', '1'), ('128', '5', '0')]
INFO:__main__:ChildCNNModel(
  (model): Sequential(
    (0): Conv2d(3, 128, kernel_size=(3, 3), stride=(1, 1), padding=(1, 1))
    (1): ReLU()
    (2): MaxPool2d(kernel_size=2, stride=2, padding=0, dilation=1, ceil_mode=False)
    (3): Conv2d(128, 64, kernel_size=(5, 5), stride=(1, 1), padding=(1, 1))
    (4): ReLU()
    (5): MaxPool2d(kernel_size=2, stride=2, padding=0, dilation=1, ceil_mode=False)
    (6): Conv2d(64, 128, kernel_size=(5, 5), stride=(1, 1))
    (7): ReLU()
    (8): MaxPool2d(kernel_size=2, stride=2, padding=0, dilation=1, ceil_mode=False)
    (9): Flatten(start_dim=1, end_dim=-1)
    (10): Linear(in_features=128, out_features=512, bias=True)
    (11): ReLU()
    (12): Linear(in_features=512, out_features=256, bias=True)
    (13): ReLU()
    (14): Linear(in_features=256, out_features=100, bias=True)
  )
)
INFO:__main__:CHILD MODEL LOSS: 2.2512613444328307 with train time 46.411683797836304
INFO:__main__:CHILD MODEL ACCURACY: 0.408
INFO:__main__:Policy gradient: -0.08855864405632019
INFO:__main__:
INFO:__main__:------ ITERATION 75 ------
INFO:__main__:Layers generated: [('256', '5', '0'), ('32', '1', '0')]
INFO:__main__:ChildCNNModel(
  (model): Sequential(
    (0): Conv2d(3, 128, kernel_size=(3, 3), stride=(1, 1), padding=(1, 1))
    (1): ReLU()
    (2): MaxPool2d(kernel_size=2, stride=2, padding=0, dilation=1, ceil_mode=False)
    (3): Conv2d(128, 256, kernel_size=(5, 5), stride=(1, 1))
    (4): ReLU()
    (5): MaxPool2d(kernel_size=2, stride=2, padding=0, dilation=1, ceil_mode=False)
    (6): Conv2d(256, 32, kernel_size=(1, 1), stride=(1, 1))
    (7): ReLU()
    (8): MaxPool2d(kernel_size=2, stride=2, padding=0, dilation=1, ceil_mode=False)
    (9): Flatten(start_dim=1, end_dim=-1)
    (10): Linear(in_features=288, out_features=512, bias=True)
    (11): ReLU()
    (12): Linear(in_features=512, out_features=256, bias=True)
    (13): ReLU()
    (14): Linear(in_features=256, out_features=100, bias=True)
  )
)
INFO:__main__:CHILD MODEL LOSS: 2.2478222723007204 with train time 54.60688090324402
INFO:__main__:CHILD MODEL ACCURACY: 0.4044
INFO:__main__:Policy gradient: -0.1129513755440712
INFO:__main__:
INFO:__main__:------ ITERATION 76 ------
INFO:__main__:Layers generated: [('32', '1', '2'), ('256', '1', '0')]
INFO:__main__:ChildCNNModel(
  (model): Sequential(
    (0): Conv2d(3, 128, kernel_size=(3, 3), stride=(1, 1), padding=(1, 1))
    (1): ReLU()
    (2): MaxPool2d(kernel_size=2, stride=2, padding=0, dilation=1, ceil_mode=False)
    (3): Conv2d(128, 32, kernel_size=(1, 1), stride=(1, 1), padding=(2, 2))
    (4): ReLU()
    (5): MaxPool2d(kernel_size=2, stride=2, padding=0, dilation=1, ceil_mode=False)
    (6): Conv2d(32, 256, kernel_size=(1, 1), stride=(1, 1))
    (7): ReLU()
    (8): MaxPool2d(kernel_size=2, stride=2, padding=0, dilation=1, ceil_mode=False)
    (9): Flatten(start_dim=1, end_dim=-1)
    (10): Linear(in_features=6400, out_features=512, bias=True)
    (11): ReLU()
    (12): Linear(in_features=512, out_features=256, bias=True)
    (13): ReLU()
    (14): Linear(in_features=256, out_features=100, bias=True)
  )
)
INFO:__main__:CHILD MODEL LOSS: 2.30767217874527 with train time 42.20959830284119
INFO:__main__:CHILD MODEL ACCURACY: 0.4014
INFO:__main__:Policy gradient: -0.12685896456241608
INFO:__main__:
INFO:__main__:------ ITERATION 77 ------
INFO:__main__:Layers generated: [('32', '3', '1'), ('128', '5', '2')]
INFO:__main__:ChildCNNModel(
  (model): Sequential(
    (0): Conv2d(3, 128, kernel_size=(3, 3), stride=(1, 1), padding=(1, 1))
    (1): ReLU()
    (2): MaxPool2d(kernel_size=2, stride=2, padding=0, dilation=1, ceil_mode=False)
    (3): Conv2d(128, 32, kernel_size=(3, 3), stride=(1, 1), padding=(1, 1))
    (4): ReLU()
    (5): MaxPool2d(kernel_size=2, stride=2, padding=0, dilation=1, ceil_mode=False)
    (6): Conv2d(32, 128, kernel_size=(5, 5), stride=(1, 1), padding=(2, 2))
    (7): ReLU()
    (8): MaxPool2d(kernel_size=2, stride=2, padding=0, dilation=1, ceil_mode=False)
    (9): Flatten(start_dim=1, end_dim=-1)
    (10): Linear(in_features=2048, out_features=512, bias=True)
    (11): ReLU()
    (12): Linear(in_features=512, out_features=256, bias=True)
    (13): ReLU()
    (14): Linear(in_features=256, out_features=100, bias=True)
  )
)
INFO:__main__:CHILD MODEL LOSS: 1.9971546368598938 with train time 44.62619233131409
INFO:__main__:CHILD MODEL ACCURACY: 0.4443
INFO:__main__:Policy gradient: 0.21834059059619904
INFO:__main__:
INFO:__main__:------ ITERATION 78 ------
INFO:__main__:Layers generated: [('64', '5', '0'), ('64', '5', '1')]
INFO:__main__:ChildCNNModel(
  (model): Sequential(
    (0): Conv2d(3, 128, kernel_size=(3, 3), stride=(1, 1), padding=(1, 1))
    (1): ReLU()
    (2): MaxPool2d(kernel_size=2, stride=2, padding=0, dilation=1, ceil_mode=False)
    (3): Conv2d(128, 64, kernel_size=(5, 5), stride=(1, 1))
    (4): ReLU()
    (5): MaxPool2d(kernel_size=2, stride=2, padding=0, dilation=1, ceil_mode=False)
    (6): Conv2d(64, 64, kernel_size=(5, 5), stride=(1, 1), padding=(1, 1))
    (7): ReLU()
    (8): MaxPool2d(kernel_size=2, stride=2, padding=0, dilation=1, ceil_mode=False)
    (9): Flatten(start_dim=1, end_dim=-1)
    (10): Linear(in_features=256, out_features=512, bias=True)
    (11): ReLU()
    (12): Linear(in_features=512, out_features=256, bias=True)
    (13): ReLU()
    (14): Linear(in_features=256, out_features=100, bias=True)
  )
)
INFO:__main__:CHILD MODEL LOSS: 2.2546843094825744 with train time 44.73487639427185
INFO:__main__:CHILD MODEL ACCURACY: 0.4076
INFO:__main__:Policy gradient: -0.07959285378456116
INFO:__main__:
INFO:__main__:------ ITERATION 79 ------
INFO:__main__:Layers generated: [('32', '5', '1'), ('128', '3', '0')]
INFO:__main__:ChildCNNModel(
  (model): Sequential(
    (0): Conv2d(3, 128, kernel_size=(3, 3), stride=(1, 1), padding=(1, 1))
    (1): ReLU()
    (2): MaxPool2d(kernel_size=2, stride=2, padding=0, dilation=1, ceil_mode=False)
    (3): Conv2d(128, 32, kernel_size=(5, 5), stride=(1, 1), padding=(1, 1))
    (4): ReLU()
    (5): MaxPool2d(kernel_size=2, stride=2, padding=0, dilation=1, ceil_mode=False)
    (6): Conv2d(32, 128, kernel_size=(3, 3), stride=(1, 1))
    (7): ReLU()
    (8): MaxPool2d(kernel_size=2, stride=2, padding=0, dilation=1, ceil_mode=False)
    (9): Flatten(start_dim=1, end_dim=-1)
    (10): Linear(in_features=512, out_features=512, bias=True)
    (11): ReLU()
    (12): Linear(in_features=512, out_features=256, bias=True)
    (13): ReLU()
    (14): Linear(in_features=256, out_features=100, bias=True)
  )
)
INFO:__main__:CHILD MODEL LOSS: 2.2973223428726195 with train time 43.90562295913696
INFO:__main__:CHILD MODEL ACCURACY: 0.4058
INFO:__main__:Policy gradient: -0.08968423306941986
INFO:__main__:
INFO:__main__:------ ITERATION 80 ------
INFO:__main__:Layers generated: [('128', '1', '2'), ('64', '3', '0')]
INFO:__main__:ChildCNNModel(
  (model): Sequential(
    (0): Conv2d(3, 128, kernel_size=(3, 3), stride=(1, 1), padding=(1, 1))
    (1): ReLU()
    (2): MaxPool2d(kernel_size=2, stride=2, padding=0, dilation=1, ceil_mode=False)
    (3): Conv2d(128, 128, kernel_size=(1, 1), stride=(1, 1), padding=(2, 2))
    (4): ReLU()
    (5): MaxPool2d(kernel_size=2, stride=2, padding=0, dilation=1, ceil_mode=False)
    (6): Conv2d(128, 64, kernel_size=(3, 3), stride=(1, 1))
    (7): ReLU()
    (8): MaxPool2d(kernel_size=2, stride=2, padding=0, dilation=1, ceil_mode=False)
    (9): Flatten(start_dim=1, end_dim=-1)
    (10): Linear(in_features=1024, out_features=512, bias=True)
    (11): ReLU()
    (12): Linear(in_features=512, out_features=256, bias=True)
    (13): ReLU()
    (14): Linear(in_features=256, out_features=100, bias=True)
  )
)
INFO:__main__:CHILD MODEL LOSS: 2.1437997913360594 with train time 41.169663190841675
INFO:__main__:CHILD MODEL ACCURACY: 0.4353
INFO:__main__:Policy gradient: 0.13850152492523193
INFO:__main__:
INFO:__main__:------ ITERATION 81 ------
INFO:__main__:Layers generated: [('256', '3', '0'), ('32', '3', '0')]
INFO:__main__:ChildCNNModel(
  (model): Sequential(
    (0): Conv2d(3, 128, kernel_size=(3, 3), stride=(1, 1), padding=(1, 1))
    (1): ReLU()
    (2): MaxPool2d(kernel_size=2, stride=2, padding=0, dilation=1, ceil_mode=False)
    (3): Conv2d(128, 256, kernel_size=(3, 3), stride=(1, 1))
    (4): ReLU()
    (5): MaxPool2d(kernel_size=2, stride=2, padding=0, dilation=1, ceil_mode=False)
    (6): Conv2d(256, 32, kernel_size=(3, 3), stride=(1, 1))
    (7): ReLU()
    (8): MaxPool2d(kernel_size=2, stride=2, padding=0, dilation=1, ceil_mode=False)
    (9): Flatten(start_dim=1, end_dim=-1)
    (10): Linear(in_features=128, out_features=512, bias=True)
    (11): ReLU()
    (12): Linear(in_features=512, out_features=256, bias=True)
    (13): ReLU()
    (14): Linear(in_features=256, out_features=100, bias=True)
  )
)
INFO:__main__:CHILD MODEL LOSS: 2.4446098642349243 with train time 45.267356395721436
INFO:__main__:CHILD MODEL ACCURACY: 0.3697
INFO:__main__:Policy gradient: -0.3623895049095154
INFO:__main__:
INFO:__main__:------ ITERATION 82 ------
INFO:__main__:Layers generated: [('64', '3', '1'), ('16', '5', '0')]
INFO:__main__:ChildCNNModel(
  (model): Sequential(
    (0): Conv2d(3, 128, kernel_size=(3, 3), stride=(1, 1), padding=(1, 1))
    (1): ReLU()
    (2): MaxPool2d(kernel_size=2, stride=2, padding=0, dilation=1, ceil_mode=False)
    (3): Conv2d(128, 64, kernel_size=(3, 3), stride=(1, 1), padding=(1, 1))
    (4): ReLU()
    (5): MaxPool2d(kernel_size=2, stride=2, padding=0, dilation=1, ceil_mode=False)
    (6): Conv2d(64, 16, kernel_size=(5, 5), stride=(1, 1))
    (7): ReLU()
    (8): MaxPool2d(kernel_size=2, stride=2, padding=0, dilation=1, ceil_mode=False)
    (9): Flatten(start_dim=1, end_dim=-1)
    (10): Linear(in_features=64, out_features=512, bias=True)
    (11): ReLU()
    (12): Linear(in_features=512, out_features=256, bias=True)
    (13): ReLU()
    (14): Linear(in_features=256, out_features=100, bias=True)
  )
)
INFO:__main__:CHILD MODEL LOSS: 2.5150547523498537 with train time 38.029871702194214
INFO:__main__:CHILD MODEL ACCURACY: 0.3615
INFO:__main__:Policy gradient: -0.39668959379196167
INFO:__main__:
INFO:__main__:------ ITERATION 83 ------
INFO:__main__:Layers generated: [('64', '5', '1'), ('16', '5', '1')]
INFO:__main__:ChildCNNModel(
  (model): Sequential(
    (0): Conv2d(3, 128, kernel_size=(3, 3), stride=(1, 1), padding=(1, 1))
    (1): ReLU()
    (2): MaxPool2d(kernel_size=2, stride=2, padding=0, dilation=1, ceil_mode=False)
    (3): Conv2d(128, 64, kernel_size=(5, 5), stride=(1, 1), padding=(1, 1))
    (4): ReLU()
    (5): MaxPool2d(kernel_size=2, stride=2, padding=0, dilation=1, ceil_mode=False)
    (6): Conv2d(64, 16, kernel_size=(5, 5), stride=(1, 1), padding=(1, 1))
    (7): ReLU()
    (8): MaxPool2d(kernel_size=2, stride=2, padding=0, dilation=1, ceil_mode=False)
    (9): Flatten(start_dim=1, end_dim=-1)
    (10): Linear(in_features=64, out_features=512, bias=True)
    (11): ReLU()
    (12): Linear(in_features=512, out_features=256, bias=True)
    (13): ReLU()
    (14): Linear(in_features=256, out_features=100, bias=True)
  )
)
INFO:__main__:CHILD MODEL LOSS: 2.490385895729065 with train time 39.806044578552246
INFO:__main__:CHILD MODEL ACCURACY: 0.3646
INFO:__main__:Policy gradient: -0.3404392898082733
INFO:__main__:
INFO:__main__:------ ITERATION 84 ------
INFO:__main__:Layers generated: [('32', '5', '2'), ('64', '1', '0')]
INFO:__main__:ChildCNNModel(
  (model): Sequential(
    (0): Conv2d(3, 128, kernel_size=(3, 3), stride=(1, 1), padding=(1, 1))
    (1): ReLU()
    (2): MaxPool2d(kernel_size=2, stride=2, padding=0, dilation=1, ceil_mode=False)
    (3): Conv2d(128, 32, kernel_size=(5, 5), stride=(1, 1), padding=(2, 2))
    (4): ReLU()
    (5): MaxPool2d(kernel_size=2, stride=2, padding=0, dilation=1, ceil_mode=False)
    (6): Conv2d(32, 64, kernel_size=(1, 1), stride=(1, 1))
    (7): ReLU()
    (8): MaxPool2d(kernel_size=2, stride=2, padding=0, dilation=1, ceil_mode=False)
    (9): Flatten(start_dim=1, end_dim=-1)
    (10): Linear(in_features=1024, out_features=512, bias=True)
    (11): ReLU()
    (12): Linear(in_features=512, out_features=256, bias=True)
    (13): ReLU()
    (14): Linear(in_features=256, out_features=100, bias=True)
  )
)
INFO:__main__:CHILD MODEL LOSS: 2.1922154359817503 with train time 39.51281380653381
INFO:__main__:CHILD MODEL ACCURACY: 0.4167
INFO:__main__:Policy gradient: 0.09522164613008499
INFO:__main__:
INFO:__main__:------ ITERATION 85 ------
INFO:__main__:Layers generated: [('256', '5', '2'), ('32', '3', '0')]
INFO:__main__:ChildCNNModel(
  (model): Sequential(
    (0): Conv2d(3, 128, kernel_size=(3, 3), stride=(1, 1), padding=(1, 1))
    (1): ReLU()
    (2): MaxPool2d(kernel_size=2, stride=2, padding=0, dilation=1, ceil_mode=False)
    (3): Conv2d(128, 256, kernel_size=(5, 5), stride=(1, 1), padding=(2, 2))
    (4): ReLU()
    (5): MaxPool2d(kernel_size=2, stride=2, padding=0, dilation=1, ceil_mode=False)
    (6): Conv2d(256, 32, kernel_size=(3, 3), stride=(1, 1))
    (7): ReLU()
    (8): MaxPool2d(kernel_size=2, stride=2, padding=0, dilation=1, ceil_mode=False)
    (9): Flatten(start_dim=1, end_dim=-1)
    (10): Linear(in_features=288, out_features=512, bias=True)
    (11): ReLU()
    (12): Linear(in_features=512, out_features=256, bias=True)
    (13): ReLU()
    (14): Linear(in_features=256, out_features=100, bias=True)
  )
)
INFO:__main__:CHILD MODEL LOSS: 2.2838952393531797 with train time 68.04459619522095
INFO:__main__:CHILD MODEL ACCURACY: 0.4037
INFO:__main__:Policy gradient: -0.010595116764307022
INFO:__main__:
INFO:__main__:------ ITERATION 86 ------
INFO:__main__:Layers generated: [('32', '3', '0'), ('64', '3', '0')]
INFO:__main__:ChildCNNModel(
  (model): Sequential(
    (0): Conv2d(3, 128, kernel_size=(3, 3), stride=(1, 1), padding=(1, 1))
    (1): ReLU()
    (2): MaxPool2d(kernel_size=2, stride=2, padding=0, dilation=1, ceil_mode=False)
    (3): Conv2d(128, 32, kernel_size=(3, 3), stride=(1, 1))
    (4): ReLU()
    (5): MaxPool2d(kernel_size=2, stride=2, padding=0, dilation=1, ceil_mode=False)
    (6): Conv2d(32, 64, kernel_size=(3, 3), stride=(1, 1))
    (7): ReLU()
    (8): MaxPool2d(kernel_size=2, stride=2, padding=0, dilation=1, ceil_mode=False)
    (9): Flatten(start_dim=1, end_dim=-1)
    (10): Linear(in_features=256, out_features=512, bias=True)
    (11): ReLU()
    (12): Linear(in_features=512, out_features=256, bias=True)
    (13): ReLU()
    (14): Linear(in_features=256, out_features=100, bias=True)
  )
)
INFO:__main__:CHILD MODEL LOSS: 2.4314821949005125 with train time 37.31932091712952
INFO:__main__:CHILD MODEL ACCURACY: 0.3817
INFO:__main__:Policy gradient: -0.16951441764831543
INFO:__main__:
INFO:__main__:------ ITERATION 87 ------
INFO:__main__:Layers generated: [('64', '1', '0'), ('16', '3', '2')]
INFO:__main__:ChildCNNModel(
  (model): Sequential(
    (0): Conv2d(3, 128, kernel_size=(3, 3), stride=(1, 1), padding=(1, 1))
    (1): ReLU()
    (2): MaxPool2d(kernel_size=2, stride=2, padding=0, dilation=1, ceil_mode=False)
    (3): Conv2d(128, 64, kernel_size=(1, 1), stride=(1, 1))
    (4): ReLU()
    (5): MaxPool2d(kernel_size=2, stride=2, padding=0, dilation=1, ceil_mode=False)
    (6): Conv2d(64, 16, kernel_size=(3, 3), stride=(1, 1), padding=(2, 2))
    (7): ReLU()
    (8): MaxPool2d(kernel_size=2, stride=2, padding=0, dilation=1, ceil_mode=False)
    (9): Flatten(start_dim=1, end_dim=-1)
    (10): Linear(in_features=400, out_features=512, bias=True)
    (11): ReLU()
    (12): Linear(in_features=512, out_features=256, bias=True)
    (13): ReLU()
    (14): Linear(in_features=256, out_features=100, bias=True)
  )
)
INFO:__main__:CHILD MODEL LOSS: 2.4064511861801146 with train time 37.547905683517456
INFO:__main__:CHILD MODEL ACCURACY: 0.3793
INFO:__main__:Policy gradient: -0.17655669152736664
INFO:__main__:
INFO:__main__:------ ITERATION 88 ------
INFO:__main__:Layers generated: [('16', '1', '2'), ('16', '5', '1')]
INFO:__main__:ChildCNNModel(
  (model): Sequential(
    (0): Conv2d(3, 128, kernel_size=(3, 3), stride=(1, 1), padding=(1, 1))
    (1): ReLU()
    (2): MaxPool2d(kernel_size=2, stride=2, padding=0, dilation=1, ceil_mode=False)
    (3): Conv2d(128, 16, kernel_size=(1, 1), stride=(1, 1), padding=(2, 2))
    (4): ReLU()
    (5): MaxPool2d(kernel_size=2, stride=2, padding=0, dilation=1, ceil_mode=False)
    (6): Conv2d(16, 16, kernel_size=(5, 5), stride=(1, 1), padding=(1, 1))
    (7): ReLU()
    (8): MaxPool2d(kernel_size=2, stride=2, padding=0, dilation=1, ceil_mode=False)
    (9): Flatten(start_dim=1, end_dim=-1)
    (10): Linear(in_features=256, out_features=512, bias=True)
    (11): ReLU()
    (12): Linear(in_features=512, out_features=256, bias=True)
    (13): ReLU()
    (14): Linear(in_features=256, out_features=100, bias=True)
  )
)
INFO:__main__:CHILD MODEL LOSS: 2.551955319404602 with train time 37.31533360481262
INFO:__main__:CHILD MODEL ACCURACY: 0.3589
INFO:__main__:Policy gradient: -0.34170636534690857
INFO:__main__:
INFO:__main__:------ ITERATION 89 ------
INFO:__main__:Layers generated: [('128', '1', '0'), ('64', '5', '0')]
INFO:__main__:ChildCNNModel(
  (model): Sequential(
    (0): Conv2d(3, 128, kernel_size=(3, 3), stride=(1, 1), padding=(1, 1))
    (1): ReLU()
    (2): MaxPool2d(kernel_size=2, stride=2, padding=0, dilation=1, ceil_mode=False)
    (3): Conv2d(128, 128, kernel_size=(1, 1), stride=(1, 1))
    (4): ReLU()
    (5): MaxPool2d(kernel_size=2, stride=2, padding=0, dilation=1, ceil_mode=False)
    (6): Conv2d(128, 64, kernel_size=(5, 5), stride=(1, 1))
    (7): ReLU()
    (8): MaxPool2d(kernel_size=2, stride=2, padding=0, dilation=1, ceil_mode=False)
    (9): Flatten(start_dim=1, end_dim=-1)
    (10): Linear(in_features=256, out_features=512, bias=True)
    (11): ReLU()
    (12): Linear(in_features=512, out_features=256, bias=True)
    (13): ReLU()
    (14): Linear(in_features=256, out_features=100, bias=True)
  )
)
INFO:__main__:CHILD MODEL LOSS: 2.280507409095764 with train time 38.4449999332428
INFO:__main__:CHILD MODEL ACCURACY: 0.4099
INFO:__main__:Policy gradient: 0.10099073499441147
INFO:__main__:
INFO:__main__:------ ITERATION 90 ------
INFO:__main__:Layers generated: [('32', '5', '1'), ('32', '5', '1')]
INFO:__main__:ChildCNNModel(
  (model): Sequential(
    (0): Conv2d(3, 128, kernel_size=(3, 3), stride=(1, 1), padding=(1, 1))
    (1): ReLU()
    (2): MaxPool2d(kernel_size=2, stride=2, padding=0, dilation=1, ceil_mode=False)
    (3): Conv2d(128, 32, kernel_size=(5, 5), stride=(1, 1), padding=(1, 1))
    (4): ReLU()
    (5): MaxPool2d(kernel_size=2, stride=2, padding=0, dilation=1, ceil_mode=False)
    (6): Conv2d(32, 32, kernel_size=(5, 5), stride=(1, 1), padding=(1, 1))
    (7): ReLU()
    (8): MaxPool2d(kernel_size=2, stride=2, padding=0, dilation=1, ceil_mode=False)
    (9): Flatten(start_dim=1, end_dim=-1)
    (10): Linear(in_features=128, out_features=512, bias=True)
    (11): ReLU()
    (12): Linear(in_features=512, out_features=256, bias=True)
    (13): ReLU()
    (14): Linear(in_features=256, out_features=100, bias=True)
  )
)
INFO:__main__:CHILD MODEL LOSS: 2.448367299079895 with train time 38.80442261695862
INFO:__main__:CHILD MODEL ACCURACY: 0.3668
INFO:__main__:Policy gradient: -0.25124213099479675
INFO:__main__:
INFO:__main__:------ ITERATION 91 ------
INFO:__main__:Layers generated: [('256', '5', '0'), ('16', '3', '0')]
INFO:__main__:ChildCNNModel(
  (model): Sequential(
    (0): Conv2d(3, 128, kernel_size=(3, 3), stride=(1, 1), padding=(1, 1))
    (1): ReLU()
    (2): MaxPool2d(kernel_size=2, stride=2, padding=0, dilation=1, ceil_mode=False)
    (3): Conv2d(128, 256, kernel_size=(5, 5), stride=(1, 1))
    (4): ReLU()
    (5): MaxPool2d(kernel_size=2, stride=2, padding=0, dilation=1, ceil_mode=False)
    (6): Conv2d(256, 16, kernel_size=(3, 3), stride=(1, 1))
    (7): ReLU()
    (8): MaxPool2d(kernel_size=2, stride=2, padding=0, dilation=1, ceil_mode=False)
    (9): Flatten(start_dim=1, end_dim=-1)
    (10): Linear(in_features=64, out_features=512, bias=True)
    (11): ReLU()
    (12): Linear(in_features=512, out_features=256, bias=True)
    (13): ReLU()
    (14): Linear(in_features=256, out_features=100, bias=True)
  )
)
INFO:__main__:CHILD MODEL LOSS: 2.567938697814941 with train time 53.84758424758911
INFO:__main__:CHILD MODEL ACCURACY: 0.3434
INFO:__main__:Policy gradient: -0.38562917709350586
INFO:__main__:
INFO:__main__:------ ITERATION 92 ------
INFO:__main__:Layers generated: [('16', '1', '2'), ('64', '3', '1')]
INFO:__main__:ChildCNNModel(
  (model): Sequential(
    (0): Conv2d(3, 128, kernel_size=(3, 3), stride=(1, 1), padding=(1, 1))
    (1): ReLU()
    (2): MaxPool2d(kernel_size=2, stride=2, padding=0, dilation=1, ceil_mode=False)
    (3): Conv2d(128, 16, kernel_size=(1, 1), stride=(1, 1), padding=(2, 2))
    (4): ReLU()
    (5): MaxPool2d(kernel_size=2, stride=2, padding=0, dilation=1, ceil_mode=False)
    (6): Conv2d(16, 64, kernel_size=(3, 3), stride=(1, 1), padding=(1, 1))
    (7): ReLU()
    (8): MaxPool2d(kernel_size=2, stride=2, padding=0, dilation=1, ceil_mode=False)
    (9): Flatten(start_dim=1, end_dim=-1)
    (10): Linear(in_features=1600, out_features=512, bias=True)
    (11): ReLU()
    (12): Linear(in_features=512, out_features=256, bias=True)
    (13): ReLU()
    (14): Linear(in_features=256, out_features=100, bias=True)
  )
)
INFO:__main__:CHILD MODEL LOSS: 2.295764627456665 with train time 37.361305475234985
INFO:__main__:CHILD MODEL ACCURACY: 0.4003
INFO:__main__:Policy gradient: 0.08509285002946854
INFO:__main__:
INFO:__main__:------ ITERATION 93 ------
INFO:__main__:Layers generated: [('64', '5', '2'), ('16', '3', '1')]
INFO:__main__:ChildCNNModel(
  (model): Sequential(
    (0): Conv2d(3, 128, kernel_size=(3, 3), stride=(1, 1), padding=(1, 1))
    (1): ReLU()
    (2): MaxPool2d(kernel_size=2, stride=2, padding=0, dilation=1, ceil_mode=False)
    (3): Conv2d(128, 64, kernel_size=(5, 5), stride=(1, 1), padding=(2, 2))
    (4): ReLU()
    (5): MaxPool2d(kernel_size=2, stride=2, padding=0, dilation=1, ceil_mode=False)
    (6): Conv2d(64, 16, kernel_size=(3, 3), stride=(1, 1), padding=(1, 1))
    (7): ReLU()
    (8): MaxPool2d(kernel_size=2, stride=2, padding=0, dilation=1, ceil_mode=False)
    (9): Flatten(start_dim=1, end_dim=-1)
    (10): Linear(in_features=256, out_features=512, bias=True)
    (11): ReLU()
    (12): Linear(in_features=512, out_features=256, bias=True)
    (13): ReLU()
    (14): Linear(in_features=256, out_features=100, bias=True)
  )
)
INFO:__main__:CHILD MODEL LOSS: 2.1952795057296752 with train time 40.63924026489258
INFO:__main__:CHILD MODEL ACCURACY: 0.4156
INFO:__main__:Policy gradient: 0.18904222548007965
INFO:__main__:
INFO:__main__:------ ITERATION 94 ------
INFO:__main__:Layers generated: [('128', '1', '1'), ('32', '3', '2')]
INFO:__main__:ChildCNNModel(
  (model): Sequential(
    (0): Conv2d(3, 128, kernel_size=(3, 3), stride=(1, 1), padding=(1, 1))
    (1): ReLU()
    (2): MaxPool2d(kernel_size=2, stride=2, padding=0, dilation=1, ceil_mode=False)
    (3): Conv2d(128, 128, kernel_size=(1, 1), stride=(1, 1), padding=(1, 1))
    (4): ReLU()
    (5): MaxPool2d(kernel_size=2, stride=2, padding=0, dilation=1, ceil_mode=False)
    (6): Conv2d(128, 32, kernel_size=(3, 3), stride=(1, 1), padding=(2, 2))
    (7): ReLU()
    (8): MaxPool2d(kernel_size=2, stride=2, padding=0, dilation=1, ceil_mode=False)
    (9): Flatten(start_dim=1, end_dim=-1)
    (10): Linear(in_features=800, out_features=512, bias=True)
    (11): ReLU()
    (12): Linear(in_features=512, out_features=256, bias=True)
    (13): ReLU()
    (14): Linear(in_features=256, out_features=100, bias=True)
  )
)
INFO:__main__:CHILD MODEL LOSS: 2.2157787952423096 with train time 40.0414674282074
INFO:__main__:CHILD MODEL ACCURACY: 0.4105
INFO:__main__:Policy gradient: 0.1386668086051941
INFO:__main__:
INFO:__main__:------ ITERATION 95 ------
INFO:__main__:Layers generated: [('256', '3', '2'), ('128', '5', '0')]
INFO:__main__:ChildCNNModel(
  (model): Sequential(
    (0): Conv2d(3, 128, kernel_size=(3, 3), stride=(1, 1), padding=(1, 1))
    (1): ReLU()
    (2): MaxPool2d(kernel_size=2, stride=2, padding=0, dilation=1, ceil_mode=False)
    (3): Conv2d(128, 256, kernel_size=(3, 3), stride=(1, 1), padding=(2, 2))
    (4): ReLU()
    (5): MaxPool2d(kernel_size=2, stride=2, padding=0, dilation=1, ceil_mode=False)
    (6): Conv2d(256, 128, kernel_size=(5, 5), stride=(1, 1))
    (7): ReLU()
    (8): MaxPool2d(kernel_size=2, stride=2, padding=0, dilation=1, ceil_mode=False)
    (9): Flatten(start_dim=1, end_dim=-1)
    (10): Linear(in_features=512, out_features=512, bias=True)
    (11): ReLU()
    (12): Linear(in_features=512, out_features=256, bias=True)
    (13): ReLU()
    (14): Linear(in_features=256, out_features=100, bias=True)
  )
)
INFO:__main__:CHILD MODEL LOSS: 2.0079678144454958 with train time 64.4649670124054
INFO:__main__:CHILD MODEL ACCURACY: 0.4461
INFO:__main__:Policy gradient: 0.3676537871360779
INFO:__main__:
INFO:__main__:------ ITERATION 96 ------
INFO:__main__:Layers generated: [('32', '3', '2'), ('128', '3', '2')]
INFO:__main__:ChildCNNModel(
  (model): Sequential(
    (0): Conv2d(3, 128, kernel_size=(3, 3), stride=(1, 1), padding=(1, 1))
    (1): ReLU()
    (2): MaxPool2d(kernel_size=2, stride=2, padding=0, dilation=1, ceil_mode=False)
    (3): Conv2d(128, 32, kernel_size=(3, 3), stride=(1, 1), padding=(2, 2))
    (4): ReLU()
    (5): MaxPool2d(kernel_size=2, stride=2, padding=0, dilation=1, ceil_mode=False)
    (6): Conv2d(32, 128, kernel_size=(3, 3), stride=(1, 1), padding=(2, 2))
    (7): ReLU()
    (8): MaxPool2d(kernel_size=2, stride=2, padding=0, dilation=1, ceil_mode=False)
    (9): Flatten(start_dim=1, end_dim=-1)
    (10): Linear(in_features=3200, out_features=512, bias=True)
    (11): ReLU()
    (12): Linear(in_features=512, out_features=256, bias=True)
    (13): ReLU()
    (14): Linear(in_features=256, out_features=100, bias=True)
  )
)
INFO:__main__:CHILD MODEL LOSS: 1.9627490620613097 with train time 39.44479417800903
INFO:__main__:CHILD MODEL ACCURACY: 0.4535
INFO:__main__:Policy gradient: 0.38711875677108765
INFO:__main__:
INFO:__main__:------ ITERATION 97 ------
INFO:__main__:Layers generated: [('32', '5', '0'), ('16', '5', '1')]
INFO:__main__:ChildCNNModel(
  (model): Sequential(
    (0): Conv2d(3, 128, kernel_size=(3, 3), stride=(1, 1), padding=(1, 1))
    (1): ReLU()
    (2): MaxPool2d(kernel_size=2, stride=2, padding=0, dilation=1, ceil_mode=False)
    (3): Conv2d(128, 32, kernel_size=(5, 5), stride=(1, 1))
    (4): ReLU()
    (5): MaxPool2d(kernel_size=2, stride=2, padding=0, dilation=1, ceil_mode=False)
    (6): Conv2d(32, 16, kernel_size=(5, 5), stride=(1, 1), padding=(1, 1))
    (7): ReLU()
    (8): MaxPool2d(kernel_size=2, stride=2, padding=0, dilation=1, ceil_mode=False)
    (9): Flatten(start_dim=1, end_dim=-1)
    (10): Linear(in_features=64, out_features=512, bias=True)
    (11): ReLU()
    (12): Linear(in_features=512, out_features=256, bias=True)
    (13): ReLU()
    (14): Linear(in_features=256, out_features=100, bias=True)
  )
)
INFO:__main__:CHILD MODEL LOSS: 2.524253791809082 with train time 41.20232892036438
INFO:__main__:CHILD MODEL ACCURACY: 0.3532
INFO:__main__:Policy gradient: -0.41011545062065125
INFO:__main__:
INFO:__main__:------ ITERATION 98 ------
INFO:__main__:Layers generated: [('128', '5', '1'), ('128', '5', '0')]
INFO:__main__:ChildCNNModel(
  (model): Sequential(
    (0): Conv2d(3, 128, kernel_size=(3, 3), stride=(1, 1), padding=(1, 1))
    (1): ReLU()
    (2): MaxPool2d(kernel_size=2, stride=2, padding=0, dilation=1, ceil_mode=False)
    (3): Conv2d(128, 128, kernel_size=(5, 5), stride=(1, 1), padding=(1, 1))
    (4): ReLU()
    (5): MaxPool2d(kernel_size=2, stride=2, padding=0, dilation=1, ceil_mode=False)
    (6): Conv2d(128, 128, kernel_size=(5, 5), stride=(1, 1))
    (7): ReLU()
    (8): MaxPool2d(kernel_size=2, stride=2, padding=0, dilation=1, ceil_mode=False)
    (9): Flatten(start_dim=1, end_dim=-1)
    (10): Linear(in_features=128, out_features=512, bias=True)
    (11): ReLU()
    (12): Linear(in_features=512, out_features=256, bias=True)
    (13): ReLU()
    (14): Linear(in_features=256, out_features=100, bias=True)
  )
)
INFO:__main__:CHILD MODEL LOSS: 2.3123111357688906 with train time 50.76237511634827
INFO:__main__:CHILD MODEL ACCURACY: 0.3947
INFO:__main__:Policy gradient: -0.039595212787389755
INFO:__main__:
INFO:__main__:------ ITERATION 99 ------
INFO:__main__:Layers generated: [('32', '5', '1'), ('128', '3', '2')]
INFO:__main__:ChildCNNModel(
  (model): Sequential(
    (0): Conv2d(3, 128, kernel_size=(3, 3), stride=(1, 1), padding=(1, 1))
    (1): ReLU()
    (2): MaxPool2d(kernel_size=2, stride=2, padding=0, dilation=1, ceil_mode=False)
    (3): Conv2d(128, 32, kernel_size=(5, 5), stride=(1, 1), padding=(1, 1))
    (4): ReLU()
    (5): MaxPool2d(kernel_size=2, stride=2, padding=0, dilation=1, ceil_mode=False)
    (6): Conv2d(32, 128, kernel_size=(3, 3), stride=(1, 1), padding=(2, 2))
    (7): ReLU()
    (8): MaxPool2d(kernel_size=2, stride=2, padding=0, dilation=1, ceil_mode=False)
    (9): Flatten(start_dim=1, end_dim=-1)
    (10): Linear(in_features=2048, out_features=512, bias=True)
    (11): ReLU()
    (12): Linear(in_features=512, out_features=256, bias=True)
    (13): ReLU()
    (14): Linear(in_features=256, out_features=100, bias=True)
  )
)
INFO:__main__:CHILD MODEL LOSS: 2.201618534088135 with train time 46.695051193237305
INFO:__main__:CHILD MODEL ACCURACY: 0.4134
INFO:__main__:Policy gradient: 0.10502621531486511
INFO:__main__:
INFO:__main__:------ ITERATION 100 ------
INFO:__main__:Layers generated: [('256', '5', '1'), ('128', '5', '0')]
INFO:__main__:ChildCNNModel(
  (model): Sequential(
    (0): Conv2d(3, 128, kernel_size=(3, 3), stride=(1, 1), padding=(1, 1))
    (1): ReLU()
    (2): MaxPool2d(kernel_size=2, stride=2, padding=0, dilation=1, ceil_mode=False)
    (3): Conv2d(128, 256, kernel_size=(5, 5), stride=(1, 1), padding=(1, 1))
    (4): ReLU()
    (5): MaxPool2d(kernel_size=2, stride=2, padding=0, dilation=1, ceil_mode=False)
    (6): Conv2d(256, 128, kernel_size=(5, 5), stride=(1, 1))
    (7): ReLU()
    (8): MaxPool2d(kernel_size=2, stride=2, padding=0, dilation=1, ceil_mode=False)
    (9): Flatten(start_dim=1, end_dim=-1)
    (10): Linear(in_features=128, out_features=512, bias=True)
    (11): ReLU()
    (12): Linear(in_features=512, out_features=256, bias=True)
    (13): ReLU()
    (14): Linear(in_features=256, out_features=100, bias=True)
  )
)
INFO:__main__:CHILD MODEL LOSS: 2.0891280636787415 with train time 64.56856536865234
INFO:__main__:CHILD MODEL ACCURACY: 0.4377
INFO:__main__:Policy gradient: 0.2805164158344269
INFO:__main__:
INFO:__main__:------ ITERATION 101 ------
INFO:__main__:Layers generated: [('16', '5', '1'), ('256', '5', '2')]
INFO:__main__:ChildCNNModel(
  (model): Sequential(
    (0): Conv2d(3, 128, kernel_size=(3, 3), stride=(1, 1), padding=(1, 1))
    (1): ReLU()
    (2): MaxPool2d(kernel_size=2, stride=2, padding=0, dilation=1, ceil_mode=False)
    (3): Conv2d(128, 16, kernel_size=(5, 5), stride=(1, 1), padding=(1, 1))
    (4): ReLU()
    (5): MaxPool2d(kernel_size=2, stride=2, padding=0, dilation=1, ceil_mode=False)
    (6): Conv2d(16, 256, kernel_size=(5, 5), stride=(1, 1), padding=(2, 2))
    (7): ReLU()
    (8): MaxPool2d(kernel_size=2, stride=2, padding=0, dilation=1, ceil_mode=False)
    (9): Flatten(start_dim=1, end_dim=-1)
    (10): Linear(in_features=2304, out_features=512, bias=True)
    (11): ReLU()
    (12): Linear(in_features=512, out_features=256, bias=True)
    (13): ReLU()
    (14): Linear(in_features=256, out_features=100, bias=True)
  )
)
INFO:__main__:CHILD MODEL LOSS: 2.310459440231323 with train time 47.038938999176025
INFO:__main__:CHILD MODEL ACCURACY: 0.3995
INFO:__main__:Policy gradient: -0.0395280160009861
INFO:__main__:
INFO:__main__:------ ITERATION 102 ------
INFO:__main__:Layers generated: [('32', '3', '0'), ('64', '1', '1')]
INFO:__main__:ChildCNNModel(
  (model): Sequential(
    (0): Conv2d(3, 128, kernel_size=(3, 3), stride=(1, 1), padding=(1, 1))
    (1): ReLU()
    (2): MaxPool2d(kernel_size=2, stride=2, padding=0, dilation=1, ceil_mode=False)
    (3): Conv2d(128, 32, kernel_size=(3, 3), stride=(1, 1))
    (4): ReLU()
    (5): MaxPool2d(kernel_size=2, stride=2, padding=0, dilation=1, ceil_mode=False)
    (6): Conv2d(32, 64, kernel_size=(1, 1), stride=(1, 1), padding=(1, 1))
    (7): ReLU()
    (8): MaxPool2d(kernel_size=2, stride=2, padding=0, dilation=1, ceil_mode=False)
    (9): Flatten(start_dim=1, end_dim=-1)
    (10): Linear(in_features=1024, out_features=512, bias=True)
    (11): ReLU()
    (12): Linear(in_features=512, out_features=256, bias=True)
    (13): ReLU()
    (14): Linear(in_features=256, out_features=100, bias=True)
  )
)
INFO:__main__:CHILD MODEL LOSS: 2.292944808959961 with train time 45.58607339859009
INFO:__main__:CHILD MODEL ACCURACY: 0.4071
INFO:__main__:Policy gradient: 0.024100162088871002
INFO:__main__:
INFO:__main__:------ ITERATION 103 ------
INFO:__main__:Layers generated: [('256', '1', '1'), ('64', '5', '1')]
INFO:__main__:ChildCNNModel(
  (model): Sequential(
    (0): Conv2d(3, 128, kernel_size=(3, 3), stride=(1, 1), padding=(1, 1))
    (1): ReLU()
    (2): MaxPool2d(kernel_size=2, stride=2, padding=0, dilation=1, ceil_mode=False)
    (3): Conv2d(128, 256, kernel_size=(1, 1), stride=(1, 1), padding=(1, 1))
    (4): ReLU()
    (5): MaxPool2d(kernel_size=2, stride=2, padding=0, dilation=1, ceil_mode=False)
    (6): Conv2d(256, 64, kernel_size=(5, 5), stride=(1, 1), padding=(1, 1))
    (7): ReLU()
    (8): MaxPool2d(kernel_size=2, stride=2, padding=0, dilation=1, ceil_mode=False)
    (9): Flatten(start_dim=1, end_dim=-1)
    (10): Linear(in_features=576, out_features=512, bias=True)
    (11): ReLU()
    (12): Linear(in_features=512, out_features=256, bias=True)
    (13): ReLU()
    (14): Linear(in_features=256, out_features=100, bias=True)
  )
)
INFO:__main__:CHILD MODEL LOSS: 2.0869924330711367 with train time 49.75021433830261
INFO:__main__:CHILD MODEL ACCURACY: 0.4455
INFO:__main__:Policy gradient: 0.3256712555885315
INFO:__main__:
INFO:__main__:------ ITERATION 104 ------
INFO:__main__:Layers generated: [('16', '5', '1'), ('256', '3', '0')]
INFO:__main__:ChildCNNModel(
  (model): Sequential(
    (0): Conv2d(3, 128, kernel_size=(3, 3), stride=(1, 1), padding=(1, 1))
    (1): ReLU()
    (2): MaxPool2d(kernel_size=2, stride=2, padding=0, dilation=1, ceil_mode=False)
    (3): Conv2d(128, 16, kernel_size=(5, 5), stride=(1, 1), padding=(1, 1))
    (4): ReLU()
    (5): MaxPool2d(kernel_size=2, stride=2, padding=0, dilation=1, ceil_mode=False)
    (6): Conv2d(16, 256, kernel_size=(3, 3), stride=(1, 1))
    (7): ReLU()
    (8): MaxPool2d(kernel_size=2, stride=2, padding=0, dilation=1, ceil_mode=False)
    (9): Flatten(start_dim=1, end_dim=-1)
    (10): Linear(in_features=1024, out_features=512, bias=True)
    (11): ReLU()
    (12): Linear(in_features=512, out_features=256, bias=True)
    (13): ReLU()
    (14): Linear(in_features=256, out_features=100, bias=True)
  )
)
INFO:__main__:CHILD MODEL LOSS: 2.391782545089722 with train time 43.463829040527344
INFO:__main__:CHILD MODEL ACCURACY: 0.3751
INFO:__main__:Policy gradient: -0.263237863779068
INFO:__main__:
INFO:__main__:------ ITERATION 105 ------
INFO:__main__:Layers generated: [('256', '5', '2'), ('256', '1', '0')]
INFO:__main__:ChildCNNModel(
  (model): Sequential(
    (0): Conv2d(3, 128, kernel_size=(3, 3), stride=(1, 1), padding=(1, 1))
    (1): ReLU()
    (2): MaxPool2d(kernel_size=2, stride=2, padding=0, dilation=1, ceil_mode=False)
    (3): Conv2d(128, 256, kernel_size=(5, 5), stride=(1, 1), padding=(2, 2))
    (4): ReLU()
    (5): MaxPool2d(kernel_size=2, stride=2, padding=0, dilation=1, ceil_mode=False)
    (6): Conv2d(256, 256, kernel_size=(1, 1), stride=(1, 1))
    (7): ReLU()
    (8): MaxPool2d(kernel_size=2, stride=2, padding=0, dilation=1, ceil_mode=False)
    (9): Flatten(start_dim=1, end_dim=-1)
    (10): Linear(in_features=4096, out_features=512, bias=True)
    (11): ReLU()
    (12): Linear(in_features=512, out_features=256, bias=True)
    (13): ReLU()
    (14): Linear(in_features=256, out_features=100, bias=True)
  )
)
INFO:__main__:CHILD MODEL LOSS: 1.9061637678146361 with train time 70.0940842628479
INFO:__main__:CHILD MODEL ACCURACY: 0.4703
INFO:__main__:Policy gradient: 0.4831269085407257
INFO:__main__:
INFO:__main__:------ ITERATION 106 ------
INFO:__main__:Layers generated: [('32', '1', '2'), ('256', '5', '0')]
INFO:__main__:ChildCNNModel(
  (model): Sequential(
    (0): Conv2d(3, 128, kernel_size=(3, 3), stride=(1, 1), padding=(1, 1))
    (1): ReLU()
    (2): MaxPool2d(kernel_size=2, stride=2, padding=0, dilation=1, ceil_mode=False)
    (3): Conv2d(128, 32, kernel_size=(1, 1), stride=(1, 1), padding=(2, 2))
    (4): ReLU()
    (5): MaxPool2d(kernel_size=2, stride=2, padding=0, dilation=1, ceil_mode=False)
    (6): Conv2d(32, 256, kernel_size=(5, 5), stride=(1, 1))
    (7): ReLU()
    (8): MaxPool2d(kernel_size=2, stride=2, padding=0, dilation=1, ceil_mode=False)
    (9): Flatten(start_dim=1, end_dim=-1)
    (10): Linear(in_features=2304, out_features=512, bias=True)
    (11): ReLU()
    (12): Linear(in_features=512, out_features=256, bias=True)
    (13): ReLU()
    (14): Linear(in_features=256, out_features=100, bias=True)
  )
)
INFO:__main__:CHILD MODEL LOSS: 2.0201317591667176 with train time 39.76450204849243
INFO:__main__:CHILD MODEL ACCURACY: 0.4537
INFO:__main__:Policy gradient: 0.31995561718940735
INFO:__main__:
INFO:__main__:------ ITERATION 107 ------
INFO:__main__:Layers generated: [('64', '5', '2'), ('256', '3', '0')]
INFO:__main__:ChildCNNModel(
  (model): Sequential(
    (0): Conv2d(3, 128, kernel_size=(3, 3), stride=(1, 1), padding=(1, 1))
    (1): ReLU()
    (2): MaxPool2d(kernel_size=2, stride=2, padding=0, dilation=1, ceil_mode=False)
    (3): Conv2d(128, 64, kernel_size=(5, 5), stride=(1, 1), padding=(2, 2))
    (4): ReLU()
    (5): MaxPool2d(kernel_size=2, stride=2, padding=0, dilation=1, ceil_mode=False)
    (6): Conv2d(64, 256, kernel_size=(3, 3), stride=(1, 1))
    (7): ReLU()
    (8): MaxPool2d(kernel_size=2, stride=2, padding=0, dilation=1, ceil_mode=False)
    (9): Flatten(start_dim=1, end_dim=-1)
    (10): Linear(in_features=2304, out_features=512, bias=True)
    (11): ReLU()
    (12): Linear(in_features=512, out_features=256, bias=True)
    (13): ReLU()
    (14): Linear(in_features=256, out_features=100, bias=True)
  )
)
INFO:__main__:CHILD MODEL LOSS: 1.9159125208854675 with train time 42.972962856292725
INFO:__main__:CHILD MODEL ACCURACY: 0.4707
INFO:__main__:Policy gradient: 0.3837260901927948
INFO:__main__:
INFO:__main__:------ ITERATION 108 ------
INFO:__main__:Layers generated: [('256', '5', '2'), ('16', '1', '1')]
INFO:__main__:ChildCNNModel(
  (model): Sequential(
    (0): Conv2d(3, 128, kernel_size=(3, 3), stride=(1, 1), padding=(1, 1))
    (1): ReLU()
    (2): MaxPool2d(kernel_size=2, stride=2, padding=0, dilation=1, ceil_mode=False)
    (3): Conv2d(128, 256, kernel_size=(5, 5), stride=(1, 1), padding=(2, 2))
    (4): ReLU()
    (5): MaxPool2d(kernel_size=2, stride=2, padding=0, dilation=1, ceil_mode=False)
    (6): Conv2d(256, 16, kernel_size=(1, 1), stride=(1, 1), padding=(1, 1))
    (7): ReLU()
    (8): MaxPool2d(kernel_size=2, stride=2, padding=0, dilation=1, ceil_mode=False)
    (9): Flatten(start_dim=1, end_dim=-1)
    (10): Linear(in_features=400, out_features=512, bias=True)
    (11): ReLU()
    (12): Linear(in_features=512, out_features=256, bias=True)
    (13): ReLU()
    (14): Linear(in_features=256, out_features=100, bias=True)
  )
)
INFO:__main__:CHILD MODEL LOSS: 2.2520486488342284 with train time 67.83073616027832
INFO:__main__:CHILD MODEL ACCURACY: 0.4013
INFO:__main__:Policy gradient: -0.1609596163034439
INFO:__main__:
INFO:__main__:------ ITERATION 109 ------
INFO:__main__:Layers generated: [('32', '3', '0'), ('16', '3', '0')]
INFO:__main__:ChildCNNModel(
  (model): Sequential(
    (0): Conv2d(3, 128, kernel_size=(3, 3), stride=(1, 1), padding=(1, 1))
    (1): ReLU()
    (2): MaxPool2d(kernel_size=2, stride=2, padding=0, dilation=1, ceil_mode=False)
    (3): Conv2d(128, 32, kernel_size=(3, 3), stride=(1, 1))
    (4): ReLU()
    (5): MaxPool2d(kernel_size=2, stride=2, padding=0, dilation=1, ceil_mode=False)
    (6): Conv2d(32, 16, kernel_size=(3, 3), stride=(1, 1))
    (7): ReLU()
    (8): MaxPool2d(kernel_size=2, stride=2, padding=0, dilation=1, ceil_mode=False)
    (9): Flatten(start_dim=1, end_dim=-1)
    (10): Linear(in_features=64, out_features=512, bias=True)
    (11): ReLU()
    (12): Linear(in_features=512, out_features=256, bias=True)
    (13): ReLU()
    (14): Linear(in_features=256, out_features=100, bias=True)
  )
)
INFO:__main__:CHILD MODEL LOSS: 2.63616220664978 with train time 38.72584867477417
INFO:__main__:CHILD MODEL ACCURACY: 0.3382
INFO:__main__:Policy gradient: -0.6251911520957947
INFO:__main__:
INFO:__main__:------ ITERATION 110 ------
INFO:__main__:Layers generated: [('32', '5', '2'), ('64', '5', '2')]
INFO:__main__:ChildCNNModel(
  (model): Sequential(
    (0): Conv2d(3, 128, kernel_size=(3, 3), stride=(1, 1), padding=(1, 1))
    (1): ReLU()
    (2): MaxPool2d(kernel_size=2, stride=2, padding=0, dilation=1, ceil_mode=False)
    (3): Conv2d(128, 32, kernel_size=(5, 5), stride=(1, 1), padding=(2, 2))
    (4): ReLU()
    (5): MaxPool2d(kernel_size=2, stride=2, padding=0, dilation=1, ceil_mode=False)
    (6): Conv2d(32, 64, kernel_size=(5, 5), stride=(1, 1), padding=(2, 2))
    (7): ReLU()
    (8): MaxPool2d(kernel_size=2, stride=2, padding=0, dilation=1, ceil_mode=False)
    (9): Flatten(start_dim=1, end_dim=-1)
    (10): Linear(in_features=1024, out_features=512, bias=True)
    (11): ReLU()
    (12): Linear(in_features=512, out_features=256, bias=True)
    (13): ReLU()
    (14): Linear(in_features=256, out_features=100, bias=True)
  )
)
INFO:__main__:CHILD MODEL LOSS: 2.230764672756195 with train time 42.24154567718506
INFO:__main__:CHILD MODEL ACCURACY: 0.4122
INFO:__main__:Policy gradient: 0.006908821873366833
INFO:__main__:
INFO:__main__:------ ITERATION 111 ------
INFO:__main__:Layers generated: [('32', '5', '0'), ('128', '3', '2')]
INFO:__main__:ChildCNNModel(
  (model): Sequential(
    (0): Conv2d(3, 128, kernel_size=(3, 3), stride=(1, 1), padding=(1, 1))
    (1): ReLU()
    (2): MaxPool2d(kernel_size=2, stride=2, padding=0, dilation=1, ceil_mode=False)
    (3): Conv2d(128, 32, kernel_size=(5, 5), stride=(1, 1))
    (4): ReLU()
    (5): MaxPool2d(kernel_size=2, stride=2, padding=0, dilation=1, ceil_mode=False)
    (6): Conv2d(32, 128, kernel_size=(3, 3), stride=(1, 1), padding=(2, 2))
    (7): ReLU()
    (8): MaxPool2d(kernel_size=2, stride=2, padding=0, dilation=1, ceil_mode=False)
    (9): Flatten(start_dim=1, end_dim=-1)
    (10): Linear(in_features=2048, out_features=512, bias=True)
    (11): ReLU()
    (12): Linear(in_features=512, out_features=256, bias=True)
    (13): ReLU()
    (14): Linear(in_features=256, out_features=100, bias=True)
  )
)
INFO:__main__:CHILD MODEL LOSS: 2.1746601490974427 with train time 40.70704221725464
INFO:__main__:CHILD MODEL ACCURACY: 0.4262
INFO:__main__:Policy gradient: 0.10832113772630692
INFO:__main__:
INFO:__main__:------ ITERATION 112 ------
INFO:__main__:Layers generated: [('16', '1', '2'), ('256', '1', '1')]
INFO:__main__:ChildCNNModel(
  (model): Sequential(
    (0): Conv2d(3, 128, kernel_size=(3, 3), stride=(1, 1), padding=(1, 1))
    (1): ReLU()
    (2): MaxPool2d(kernel_size=2, stride=2, padding=0, dilation=1, ceil_mode=False)
    (3): Conv2d(128, 16, kernel_size=(1, 1), stride=(1, 1), padding=(2, 2))
    (4): ReLU()
    (5): MaxPool2d(kernel_size=2, stride=2, padding=0, dilation=1, ceil_mode=False)
    (6): Conv2d(16, 256, kernel_size=(1, 1), stride=(1, 1), padding=(1, 1))
    (7): ReLU()
    (8): MaxPool2d(kernel_size=2, stride=2, padding=0, dilation=1, ceil_mode=False)
    (9): Flatten(start_dim=1, end_dim=-1)
    (10): Linear(in_features=9216, out_features=512, bias=True)
    (11): ReLU()
    (12): Linear(in_features=512, out_features=256, bias=True)
    (13): ReLU()
    (14): Linear(in_features=256, out_features=100, bias=True)
  )
)
INFO:__main__:CHILD MODEL LOSS: 2.6005930490493774 with train time 41.52584481239319
INFO:__main__:CHILD MODEL ACCURACY: 0.3452
INFO:__main__:Policy gradient: -0.555067241191864
INFO:__main__:
INFO:__main__:------ ITERATION 113 ------
INFO:__main__:Layers generated: [('256', '1', '1'), ('256', '1', '2')]
INFO:__main__:ChildCNNModel(
  (model): Sequential(
    (0): Conv2d(3, 128, kernel_size=(3, 3), stride=(1, 1), padding=(1, 1))
    (1): ReLU()
    (2): MaxPool2d(kernel_size=2, stride=2, padding=0, dilation=1, ceil_mode=False)
    (3): Conv2d(128, 256, kernel_size=(1, 1), stride=(1, 1), padding=(1, 1))
    (4): ReLU()
    (5): MaxPool2d(kernel_size=2, stride=2, padding=0, dilation=1, ceil_mode=False)
    (6): Conv2d(256, 256, kernel_size=(1, 1), stride=(1, 1), padding=(2, 2))
    (7): ReLU()
    (8): MaxPool2d(kernel_size=2, stride=2, padding=0, dilation=1, ceil_mode=False)
    (9): Flatten(start_dim=1, end_dim=-1)
    (10): Linear(in_features=9216, out_features=512, bias=True)
    (11): ReLU()
    (12): Linear(in_features=512, out_features=256, bias=True)
    (13): ReLU()
    (14): Linear(in_features=256, out_features=100, bias=True)
  )
)
INFO:__main__:CHILD MODEL LOSS: 2.059319931030273 with train time 53.90280103683472
INFO:__main__:CHILD MODEL ACCURACY: 0.4441
INFO:__main__:Policy gradient: 0.3038055896759033
INFO:__main__:
INFO:__main__:------ ITERATION 114 ------
INFO:__main__:Layers generated: [('256', '5', '2'), ('128', '1', '2')]
INFO:__main__:ChildCNNModel(
  (model): Sequential(
    (0): Conv2d(3, 128, kernel_size=(3, 3), stride=(1, 1), padding=(1, 1))
    (1): ReLU()
    (2): MaxPool2d(kernel_size=2, stride=2, padding=0, dilation=1, ceil_mode=False)
    (3): Conv2d(128, 256, kernel_size=(5, 5), stride=(1, 1), padding=(2, 2))
    (4): ReLU()
    (5): MaxPool2d(kernel_size=2, stride=2, padding=0, dilation=1, ceil_mode=False)
    (6): Conv2d(256, 128, kernel_size=(1, 1), stride=(1, 1), padding=(2, 2))
    (7): ReLU()
    (8): MaxPool2d(kernel_size=2, stride=2, padding=0, dilation=1, ceil_mode=False)
    (9): Flatten(start_dim=1, end_dim=-1)
    (10): Linear(in_features=4608, out_features=512, bias=True)
    (11): ReLU()
    (12): Linear(in_features=512, out_features=256, bias=True)
    (13): ReLU()
    (14): Linear(in_features=256, out_features=100, bias=True)
  )
)
INFO:__main__:CHILD MODEL LOSS: 1.9956835417747498 with train time 71.25807213783264
INFO:__main__:CHILD MODEL ACCURACY: 0.4419
INFO:__main__:Policy gradient: 0.2279714196920395
INFO:__main__:
INFO:__main__:------ ITERATION 115 ------
INFO:__main__:Layers generated: [('64', '3', '2'), ('16', '5', '1')]
INFO:__main__:ChildCNNModel(
  (model): Sequential(
    (0): Conv2d(3, 128, kernel_size=(3, 3), stride=(1, 1), padding=(1, 1))
    (1): ReLU()
    (2): MaxPool2d(kernel_size=2, stride=2, padding=0, dilation=1, ceil_mode=False)
    (3): Conv2d(128, 64, kernel_size=(3, 3), stride=(1, 1), padding=(2, 2))
    (4): ReLU()
    (5): MaxPool2d(kernel_size=2, stride=2, padding=0, dilation=1, ceil_mode=False)
    (6): Conv2d(64, 16, kernel_size=(5, 5), stride=(1, 1), padding=(1, 1))
    (7): ReLU()
    (8): MaxPool2d(kernel_size=2, stride=2, padding=0, dilation=1, ceil_mode=False)
    (9): Flatten(start_dim=1, end_dim=-1)
    (10): Linear(in_features=144, out_features=512, bias=True)
    (11): ReLU()
    (12): Linear(in_features=512, out_features=256, bias=True)
    (13): ReLU()
    (14): Linear(in_features=256, out_features=100, bias=True)
  )
)
INFO:__main__:CHILD MODEL LOSS: 2.314481339454651 with train time 41.379603147506714
INFO:__main__:CHILD MODEL ACCURACY: 0.3992
INFO:__main__:Policy gradient: -0.10434059798717499
INFO:__main__:
INFO:__main__:------ ITERATION 116 ------
INFO:__main__:Layers generated: [('32', '1', '0'), ('32', '3', '0')]
INFO:__main__:ChildCNNModel(
  (model): Sequential(
    (0): Conv2d(3, 128, kernel_size=(3, 3), stride=(1, 1), padding=(1, 1))
    (1): ReLU()
    (2): MaxPool2d(kernel_size=2, stride=2, padding=0, dilation=1, ceil_mode=False)
    (3): Conv2d(128, 32, kernel_size=(1, 1), stride=(1, 1))
    (4): ReLU()
    (5): MaxPool2d(kernel_size=2, stride=2, padding=0, dilation=1, ceil_mode=False)
    (6): Conv2d(32, 32, kernel_size=(3, 3), stride=(1, 1))
    (7): ReLU()
    (8): MaxPool2d(kernel_size=2, stride=2, padding=0, dilation=1, ceil_mode=False)
    (9): Flatten(start_dim=1, end_dim=-1)
    (10): Linear(in_features=288, out_features=512, bias=True)
    (11): ReLU()
    (12): Linear(in_features=512, out_features=256, bias=True)
    (13): ReLU()
    (14): Linear(in_features=256, out_features=100, bias=True)
  )
)
INFO:__main__:CHILD MODEL LOSS: 2.5024482889175417 with train time 39.089200496673584
INFO:__main__:CHILD MODEL ACCURACY: 0.3676
INFO:__main__:Policy gradient: -0.3512454330921173
INFO:__main__:
INFO:__main__:------ ITERATION 117 ------
INFO:__main__:Layers generated: [('256', '3', '0'), ('128', '5', '0')]
INFO:__main__:ChildCNNModel(
  (model): Sequential(
    (0): Conv2d(3, 128, kernel_size=(3, 3), stride=(1, 1), padding=(1, 1))
    (1): ReLU()
    (2): MaxPool2d(kernel_size=2, stride=2, padding=0, dilation=1, ceil_mode=False)
    (3): Conv2d(128, 256, kernel_size=(3, 3), stride=(1, 1))
    (4): ReLU()
    (5): MaxPool2d(kernel_size=2, stride=2, padding=0, dilation=1, ceil_mode=False)
    (6): Conv2d(256, 128, kernel_size=(5, 5), stride=(1, 1))
    (7): ReLU()
    (8): MaxPool2d(kernel_size=2, stride=2, padding=0, dilation=1, ceil_mode=False)
    (9): Flatten(start_dim=1, end_dim=-1)
    (10): Linear(in_features=128, out_features=512, bias=True)
    (11): ReLU()
    (12): Linear(in_features=512, out_features=256, bias=True)
    (13): ReLU()
    (14): Linear(in_features=256, out_features=100, bias=True)
  )
)
INFO:__main__:CHILD MODEL LOSS: 2.1264577150344848 with train time 48.07284140586853
INFO:__main__:CHILD MODEL ACCURACY: 0.426
INFO:__main__:Policy gradient: 0.13698677718639374
INFO:__main__:
INFO:__main__:------ ITERATION 118 ------
INFO:__main__:Layers generated: [('256', '5', '2'), ('128', '5', '0')]
INFO:__main__:ChildCNNModel(
  (model): Sequential(
    (0): Conv2d(3, 128, kernel_size=(3, 3), stride=(1, 1), padding=(1, 1))
    (1): ReLU()
    (2): MaxPool2d(kernel_size=2, stride=2, padding=0, dilation=1, ceil_mode=False)
    (3): Conv2d(128, 256, kernel_size=(5, 5), stride=(1, 1), padding=(2, 2))
    (4): ReLU()
    (5): MaxPool2d(kernel_size=2, stride=2, padding=0, dilation=1, ceil_mode=False)
    (6): Conv2d(256, 128, kernel_size=(5, 5), stride=(1, 1))
    (7): ReLU()
    (8): MaxPool2d(kernel_size=2, stride=2, padding=0, dilation=1, ceil_mode=False)
    (9): Flatten(start_dim=1, end_dim=-1)
    (10): Linear(in_features=512, out_features=512, bias=True)
    (11): ReLU()
    (12): Linear(in_features=512, out_features=256, bias=True)
    (13): ReLU()
    (14): Linear(in_features=256, out_features=100, bias=True)
  )
)
INFO:__main__:CHILD MODEL LOSS: 2.097592857837677 with train time 71.03564953804016
INFO:__main__:CHILD MODEL ACCURACY: 0.4326
INFO:__main__:Policy gradient: 0.1644071489572525
INFO:__main__:
INFO:__main__:------ ITERATION 119 ------
INFO:__main__:Layers generated: [('256', '5', '2'), ('16', '5', '0')]
INFO:__main__:ChildCNNModel(
  (model): Sequential(
    (0): Conv2d(3, 128, kernel_size=(3, 3), stride=(1, 1), padding=(1, 1))
    (1): ReLU()
    (2): MaxPool2d(kernel_size=2, stride=2, padding=0, dilation=1, ceil_mode=False)
    (3): Conv2d(128, 256, kernel_size=(5, 5), stride=(1, 1), padding=(2, 2))
    (4): ReLU()
    (5): MaxPool2d(kernel_size=2, stride=2, padding=0, dilation=1, ceil_mode=False)
    (6): Conv2d(256, 16, kernel_size=(5, 5), stride=(1, 1))
    (7): ReLU()
    (8): MaxPool2d(kernel_size=2, stride=2, padding=0, dilation=1, ceil_mode=False)
    (9): Flatten(start_dim=1, end_dim=-1)
    (10): Linear(in_features=64, out_features=512, bias=True)
    (11): ReLU()
    (12): Linear(in_features=512, out_features=256, bias=True)
    (13): ReLU()
    (14): Linear(in_features=256, out_features=100, bias=True)
  )
)
INFO:__main__:CHILD MODEL LOSS: 2.527736107826233 with train time 72.87353301048279
INFO:__main__:CHILD MODEL ACCURACY: 0.3521
INFO:__main__:Policy gradient: -0.4488878846168518
INFO:__main__:
INFO:__main__:------ ITERATION 120 ------
INFO:__main__:Layers generated: [('256', '5', '2'), ('128', '3', '0')]
INFO:__main__:ChildCNNModel(
  (model): Sequential(
    (0): Conv2d(3, 128, kernel_size=(3, 3), stride=(1, 1), padding=(1, 1))
    (1): ReLU()
    (2): MaxPool2d(kernel_size=2, stride=2, padding=0, dilation=1, ceil_mode=False)
    (3): Conv2d(128, 256, kernel_size=(5, 5), stride=(1, 1), padding=(2, 2))
    (4): ReLU()
    (5): MaxPool2d(kernel_size=2, stride=2, padding=0, dilation=1, ceil_mode=False)
    (6): Conv2d(256, 128, kernel_size=(3, 3), stride=(1, 1))
    (7): ReLU()
    (8): MaxPool2d(kernel_size=2, stride=2, padding=0, dilation=1, ceil_mode=False)
    (9): Flatten(start_dim=1, end_dim=-1)
    (10): Linear(in_features=1152, out_features=512, bias=True)
    (11): ReLU()
    (12): Linear(in_features=512, out_features=256, bias=True)
    (13): ReLU()
    (14): Linear(in_features=256, out_features=100, bias=True)
  )
)
INFO:__main__:CHILD MODEL LOSS: 2.0447316608428956 with train time 68.92717242240906
INFO:__main__:CHILD MODEL ACCURACY: 0.4453
INFO:__main__:Policy gradient: 0.27807435393333435
INFO:__main__:
INFO:__main__:------ ITERATION 121 ------
INFO:__main__:Layers generated: [('16', '3', '2'), ('16', '3', '2')]
INFO:__main__:ChildCNNModel(
  (model): Sequential(
    (0): Conv2d(3, 128, kernel_size=(3, 3), stride=(1, 1), padding=(1, 1))
    (1): ReLU()
    (2): MaxPool2d(kernel_size=2, stride=2, padding=0, dilation=1, ceil_mode=False)
    (3): Conv2d(128, 16, kernel_size=(3, 3), stride=(1, 1), padding=(2, 2))
    (4): ReLU()
    (5): MaxPool2d(kernel_size=2, stride=2, padding=0, dilation=1, ceil_mode=False)
    (6): Conv2d(16, 16, kernel_size=(3, 3), stride=(1, 1), padding=(2, 2))
    (7): ReLU()
    (8): MaxPool2d(kernel_size=2, stride=2, padding=0, dilation=1, ceil_mode=False)
    (9): Flatten(start_dim=1, end_dim=-1)
    (10): Linear(in_features=400, out_features=512, bias=True)
    (11): ReLU()
    (12): Linear(in_features=512, out_features=256, bias=True)
    (13): ReLU()
    (14): Linear(in_features=256, out_features=100, bias=True)
  )
)
INFO:__main__:CHILD MODEL LOSS: 2.353840033531189 with train time 41.992985248565674
INFO:__main__:CHILD MODEL ACCURACY: 0.3949
INFO:__main__:Policy gradient: -0.11336563527584076
INFO:__main__:
INFO:__main__:------ ITERATION 122 ------
INFO:__main__:Layers generated: [('32', '5', '1'), ('256', '3', '0')]
INFO:__main__:ChildCNNModel(
  (model): Sequential(
    (0): Conv2d(3, 128, kernel_size=(3, 3), stride=(1, 1), padding=(1, 1))
    (1): ReLU()
    (2): MaxPool2d(kernel_size=2, stride=2, padding=0, dilation=1, ceil_mode=False)
    (3): Conv2d(128, 32, kernel_size=(5, 5), stride=(1, 1), padding=(1, 1))
    (4): ReLU()
    (5): MaxPool2d(kernel_size=2, stride=2, padding=0, dilation=1, ceil_mode=False)
    (6): Conv2d(32, 256, kernel_size=(3, 3), stride=(1, 1))
    (7): ReLU()
    (8): MaxPool2d(kernel_size=2, stride=2, padding=0, dilation=1, ceil_mode=False)
    (9): Flatten(start_dim=1, end_dim=-1)
    (10): Linear(in_features=1024, out_features=512, bias=True)
    (11): ReLU()
    (12): Linear(in_features=512, out_features=256, bias=True)
    (13): ReLU()
    (14): Linear(in_features=256, out_features=100, bias=True)
  )
)
INFO:__main__:CHILD MODEL LOSS: 2.178653995513916 with train time 42.5673553943634
INFO:__main__:CHILD MODEL ACCURACY: 0.423
INFO:__main__:Policy gradient: 0.1155642494559288
INFO:__main__:
INFO:__main__:------ ITERATION 123 ------
INFO:__main__:Layers generated: [('256', '1', '1'), ('256', '3', '2')]
INFO:__main__:ChildCNNModel(
  (model): Sequential(
    (0): Conv2d(3, 128, kernel_size=(3, 3), stride=(1, 1), padding=(1, 1))
    (1): ReLU()
    (2): MaxPool2d(kernel_size=2, stride=2, padding=0, dilation=1, ceil_mode=False)
    (3): Conv2d(128, 256, kernel_size=(1, 1), stride=(1, 1), padding=(1, 1))
    (4): ReLU()
    (5): MaxPool2d(kernel_size=2, stride=2, padding=0, dilation=1, ceil_mode=False)
    (6): Conv2d(256, 256, kernel_size=(3, 3), stride=(1, 1), padding=(2, 2))
    (7): ReLU()
    (8): MaxPool2d(kernel_size=2, stride=2, padding=0, dilation=1, ceil_mode=False)
    (9): Flatten(start_dim=1, end_dim=-1)
    (10): Linear(in_features=6400, out_features=512, bias=True)
    (11): ReLU()
    (12): Linear(in_features=512, out_features=256, bias=True)
    (13): ReLU()
    (14): Linear(in_features=256, out_features=100, bias=True)
  )
)
INFO:__main__:CHILD MODEL LOSS: 1.8612342109680176 with train time 58.59200882911682
INFO:__main__:CHILD MODEL ACCURACY: 0.4801
INFO:__main__:Policy gradient: 0.5382636785507202
INFO:__main__:
INFO:__main__:------ ITERATION 124 ------
INFO:__main__:Layers generated: [('128', '3', '0'), ('256', '1', '2')]
INFO:__main__:ChildCNNModel(
  (model): Sequential(
    (0): Conv2d(3, 128, kernel_size=(3, 3), stride=(1, 1), padding=(1, 1))
    (1): ReLU()
    (2): MaxPool2d(kernel_size=2, stride=2, padding=0, dilation=1, ceil_mode=False)
    (3): Conv2d(128, 128, kernel_size=(3, 3), stride=(1, 1))
    (4): ReLU()
    (5): MaxPool2d(kernel_size=2, stride=2, padding=0, dilation=1, ceil_mode=False)
    (6): Conv2d(128, 256, kernel_size=(1, 1), stride=(1, 1), padding=(2, 2))
    (7): ReLU()
    (8): MaxPool2d(kernel_size=2, stride=2, padding=0, dilation=1, ceil_mode=False)
    (9): Flatten(start_dim=1, end_dim=-1)
    (10): Linear(in_features=6400, out_features=512, bias=True)
    (11): ReLU()
    (12): Linear(in_features=512, out_features=256, bias=True)
    (13): ReLU()
    (14): Linear(in_features=256, out_features=100, bias=True)
  )
)
INFO:__main__:CHILD MODEL LOSS: 2.054070548057556 with train time 45.629714012145996
INFO:__main__:CHILD MODEL ACCURACY: 0.4539
INFO:__main__:Policy gradient: 0.2737703025341034
INFO:__main__:
INFO:__main__:------ ITERATION 125 ------
INFO:__main__:Layers generated: [('32', '3', '2'), ('128', '1', '2')]
INFO:__main__:ChildCNNModel(
  (model): Sequential(
    (0): Conv2d(3, 128, kernel_size=(3, 3), stride=(1, 1), padding=(1, 1))
    (1): ReLU()
    (2): MaxPool2d(kernel_size=2, stride=2, padding=0, dilation=1, ceil_mode=False)
    (3): Conv2d(128, 32, kernel_size=(3, 3), stride=(1, 1), padding=(2, 2))
    (4): ReLU()
    (5): MaxPool2d(kernel_size=2, stride=2, padding=0, dilation=1, ceil_mode=False)
    (6): Conv2d(32, 128, kernel_size=(1, 1), stride=(1, 1), padding=(2, 2))
    (7): ReLU()
    (8): MaxPool2d(kernel_size=2, stride=2, padding=0, dilation=1, ceil_mode=False)
    (9): Flatten(start_dim=1, end_dim=-1)
    (10): Linear(in_features=4608, out_features=512, bias=True)
    (11): ReLU()
    (12): Linear(in_features=512, out_features=256, bias=True)
    (13): ReLU()
    (14): Linear(in_features=256, out_features=100, bias=True)
  )
)
INFO:__main__:CHILD MODEL LOSS: 2.3065973858833315 with train time 43.27714800834656
INFO:__main__:CHILD MODEL ACCURACY: 0.3969
INFO:__main__:Policy gradient: -0.1748197376728058
INFO:__main__:
INFO:__main__:------ ITERATION 126 ------
INFO:__main__:Layers generated: [('128', '1', '2'), ('128', '5', '1')]
INFO:__main__:ChildCNNModel(
  (model): Sequential(
    (0): Conv2d(3, 128, kernel_size=(3, 3), stride=(1, 1), padding=(1, 1))
    (1): ReLU()
    (2): MaxPool2d(kernel_size=2, stride=2, padding=0, dilation=1, ceil_mode=False)
    (3): Conv2d(128, 128, kernel_size=(1, 1), stride=(1, 1), padding=(2, 2))
    (4): ReLU()
    (5): MaxPool2d(kernel_size=2, stride=2, padding=0, dilation=1, ceil_mode=False)
    (6): Conv2d(128, 128, kernel_size=(5, 5), stride=(1, 1), padding=(1, 1))
    (7): ReLU()
    (8): MaxPool2d(kernel_size=2, stride=2, padding=0, dilation=1, ceil_mode=False)
    (9): Flatten(start_dim=1, end_dim=-1)
    (10): Linear(in_features=2048, out_features=512, bias=True)
    (11): ReLU()
    (12): Linear(in_features=512, out_features=256, bias=True)
    (13): ReLU()
    (14): Linear(in_features=256, out_features=100, bias=True)
  )
)
INFO:__main__:CHILD MODEL LOSS: 1.939873577594757 with train time 46.253392457962036
INFO:__main__:CHILD MODEL ACCURACY: 0.4612
INFO:__main__:Policy gradient: 0.32509830594062805
INFO:__main__:
INFO:__main__:------ ITERATION 127 ------
INFO:__main__:Layers generated: [('128', '1', '2'), ('32', '5', '2')]
INFO:__main__:ChildCNNModel(
  (model): Sequential(
    (0): Conv2d(3, 128, kernel_size=(3, 3), stride=(1, 1), padding=(1, 1))
    (1): ReLU()
    (2): MaxPool2d(kernel_size=2, stride=2, padding=0, dilation=1, ceil_mode=False)
    (3): Conv2d(128, 128, kernel_size=(1, 1), stride=(1, 1), padding=(2, 2))
    (4): ReLU()
    (5): MaxPool2d(kernel_size=2, stride=2, padding=0, dilation=1, ceil_mode=False)
    (6): Conv2d(128, 32, kernel_size=(5, 5), stride=(1, 1), padding=(2, 2))
    (7): ReLU()
    (8): MaxPool2d(kernel_size=2, stride=2, padding=0, dilation=1, ceil_mode=False)
    (9): Flatten(start_dim=1, end_dim=-1)
    (10): Linear(in_features=800, out_features=512, bias=True)
    (11): ReLU()
    (12): Linear(in_features=512, out_features=256, bias=True)
    (13): ReLU()
    (14): Linear(in_features=256, out_features=100, bias=True)
  )
)
INFO:__main__:CHILD MODEL LOSS: 2.1570682373046877 with train time 45.23640012741089
INFO:__main__:CHILD MODEL ACCURACY: 0.4255
INFO:__main__:Policy gradient: 0.023734139278531075
INFO:__main__:
INFO:__main__:------ ITERATION 128 ------
INFO:__main__:Layers generated: [('128', '3', '0'), ('256', '3', '0')]
INFO:__main__:ChildCNNModel(
  (model): Sequential(
    (0): Conv2d(3, 128, kernel_size=(3, 3), stride=(1, 1), padding=(1, 1))
    (1): ReLU()
    (2): MaxPool2d(kernel_size=2, stride=2, padding=0, dilation=1, ceil_mode=False)
    (3): Conv2d(128, 128, kernel_size=(3, 3), stride=(1, 1))
    (4): ReLU()
    (5): MaxPool2d(kernel_size=2, stride=2, padding=0, dilation=1, ceil_mode=False)
    (6): Conv2d(128, 256, kernel_size=(3, 3), stride=(1, 1))
    (7): ReLU()
    (8): MaxPool2d(kernel_size=2, stride=2, padding=0, dilation=1, ceil_mode=False)
    (9): Flatten(start_dim=1, end_dim=-1)
    (10): Linear(in_features=1024, out_features=512, bias=True)
    (11): ReLU()
    (12): Linear(in_features=512, out_features=256, bias=True)
    (13): ReLU()
    (14): Linear(in_features=256, out_features=100, bias=True)
  )
)
INFO:__main__:CHILD MODEL LOSS: 2.1313919677734376 with train time 43.86647057533264
INFO:__main__:CHILD MODEL ACCURACY: 0.4326
INFO:__main__:Policy gradient: 0.07224830985069275
INFO:__main__:
INFO:__main__:------ ITERATION 129 ------
INFO:__main__:Layers generated: [('128', '3', '2'), ('128', '3', '0')]
INFO:__main__:ChildCNNModel(
  (model): Sequential(
    (0): Conv2d(3, 128, kernel_size=(3, 3), stride=(1, 1), padding=(1, 1))
    (1): ReLU()
    (2): MaxPool2d(kernel_size=2, stride=2, padding=0, dilation=1, ceil_mode=False)
    (3): Conv2d(128, 128, kernel_size=(3, 3), stride=(1, 1), padding=(2, 2))
    (4): ReLU()
    (5): MaxPool2d(kernel_size=2, stride=2, padding=0, dilation=1, ceil_mode=False)
    (6): Conv2d(128, 128, kernel_size=(3, 3), stride=(1, 1))
    (7): ReLU()
    (8): MaxPool2d(kernel_size=2, stride=2, padding=0, dilation=1, ceil_mode=False)
    (9): Flatten(start_dim=1, end_dim=-1)
    (10): Linear(in_features=1152, out_features=512, bias=True)
    (11): ReLU()
    (12): Linear(in_features=512, out_features=256, bias=True)
    (13): ReLU()
    (14): Linear(in_features=256, out_features=100, bias=True)
  )
)
INFO:__main__:CHILD MODEL LOSS: 2.0840943312644957 with train time 47.39716815948486
INFO:__main__:CHILD MODEL ACCURACY: 0.4202
INFO:__main__:Policy gradient: -0.02423512563109398
INFO:__main__:
INFO:__main__:------ ITERATION 130 ------
INFO:__main__:Layers generated: [('32', '5', '2'), ('64', '5', '0')]
INFO:__main__:ChildCNNModel(
  (model): Sequential(
    (0): Conv2d(3, 128, kernel_size=(3, 3), stride=(1, 1), padding=(1, 1))
    (1): ReLU()
    (2): MaxPool2d(kernel_size=2, stride=2, padding=0, dilation=1, ceil_mode=False)
    (3): Conv2d(128, 32, kernel_size=(5, 5), stride=(1, 1), padding=(2, 2))
    (4): ReLU()
    (5): MaxPool2d(kernel_size=2, stride=2, padding=0, dilation=1, ceil_mode=False)
    (6): Conv2d(32, 64, kernel_size=(5, 5), stride=(1, 1))
    (7): ReLU()
    (8): MaxPool2d(kernel_size=2, stride=2, padding=0, dilation=1, ceil_mode=False)
    (9): Flatten(start_dim=1, end_dim=-1)
    (10): Linear(in_features=256, out_features=512, bias=True)
    (11): ReLU()
    (12): Linear(in_features=512, out_features=256, bias=True)
    (13): ReLU()
    (14): Linear(in_features=256, out_features=100, bias=True)
  )
)
INFO:__main__:CHILD MODEL LOSS: 2.230554950714111 with train time 42.72045683860779
INFO:__main__:CHILD MODEL ACCURACY: 0.4
INFO:__main__:Policy gradient: -0.16715915501117706
INFO:__main__:
INFO:__main__:------ ITERATION 131 ------
INFO:__main__:Layers generated: [('128', '1', '0'), ('256', '1', '2')]
INFO:__main__:ChildCNNModel(
  (model): Sequential(
    (0): Conv2d(3, 128, kernel_size=(3, 3), stride=(1, 1), padding=(1, 1))
    (1): ReLU()
    (2): MaxPool2d(kernel_size=2, stride=2, padding=0, dilation=1, ceil_mode=False)
    (3): Conv2d(128, 128, kernel_size=(1, 1), stride=(1, 1))
    (4): ReLU()
    (5): MaxPool2d(kernel_size=2, stride=2, padding=0, dilation=1, ceil_mode=False)
    (6): Conv2d(128, 256, kernel_size=(1, 1), stride=(1, 1), padding=(2, 2))
    (7): ReLU()
    (8): MaxPool2d(kernel_size=2, stride=2, padding=0, dilation=1, ceil_mode=False)
    (9): Flatten(start_dim=1, end_dim=-1)
    (10): Linear(in_features=9216, out_features=512, bias=True)
    (11): ReLU()
    (12): Linear(in_features=512, out_features=256, bias=True)
    (13): ReLU()
    (14): Linear(in_features=256, out_features=100, bias=True)
  )
)
INFO:__main__:CHILD MODEL LOSS: 2.206421139240265 with train time 44.9093873500824
INFO:__main__:CHILD MODEL ACCURACY: 0.4241
INFO:__main__:Policy gradient: 0.023702165111899376
INFO:__main__:
INFO:__main__:------ ITERATION 132 ------
INFO:__main__:Layers generated: [('256', '3', '0'), ('64', '5', '0')]
INFO:__main__:ChildCNNModel(
  (model): Sequential(
    (0): Conv2d(3, 128, kernel_size=(3, 3), stride=(1, 1), padding=(1, 1))
    (1): ReLU()
    (2): MaxPool2d(kernel_size=2, stride=2, padding=0, dilation=1, ceil_mode=False)
    (3): Conv2d(128, 256, kernel_size=(3, 3), stride=(1, 1))
    (4): ReLU()
    (5): MaxPool2d(kernel_size=2, stride=2, padding=0, dilation=1, ceil_mode=False)
    (6): Conv2d(256, 64, kernel_size=(5, 5), stride=(1, 1))
    (7): ReLU()
    (8): MaxPool2d(kernel_size=2, stride=2, padding=0, dilation=1, ceil_mode=False)
    (9): Flatten(start_dim=1, end_dim=-1)
    (10): Linear(in_features=64, out_features=512, bias=True)
    (11): ReLU()
    (12): Linear(in_features=512, out_features=256, bias=True)
    (13): ReLU()
    (14): Linear(in_features=256, out_features=100, bias=True)
  )
)
INFO:__main__:CHILD MODEL LOSS: 2.2189981002807615 with train time 47.51999020576477
INFO:__main__:CHILD MODEL ACCURACY: 0.4204
INFO:__main__:Policy gradient: -0.006227349396795034
INFO:__main__:
INFO:__main__:------ ITERATION 133 ------
INFO:__main__:Layers generated: [('128', '3', '0'), ('16', '1', '0')]
INFO:__main__:ChildCNNModel(
  (model): Sequential(
    (0): Conv2d(3, 128, kernel_size=(3, 3), stride=(1, 1), padding=(1, 1))
    (1): ReLU()
    (2): MaxPool2d(kernel_size=2, stride=2, padding=0, dilation=1, ceil_mode=False)
    (3): Conv2d(128, 128, kernel_size=(3, 3), stride=(1, 1))
    (4): ReLU()
    (5): MaxPool2d(kernel_size=2, stride=2, padding=0, dilation=1, ceil_mode=False)
    (6): Conv2d(128, 16, kernel_size=(1, 1), stride=(1, 1))
    (7): ReLU()
    (8): MaxPool2d(kernel_size=2, stride=2, padding=0, dilation=1, ceil_mode=False)
    (9): Flatten(start_dim=1, end_dim=-1)
    (10): Linear(in_features=144, out_features=512, bias=True)
    (11): ReLU()
    (12): Linear(in_features=512, out_features=256, bias=True)
    (13): ReLU()
    (14): Linear(in_features=256, out_features=100, bias=True)
  )
)
INFO:__main__:CHILD MODEL LOSS: 2.5208085145950316 with train time 42.795907974243164
INFO:__main__:CHILD MODEL ACCURACY: 0.3598
INFO:__main__:Policy gradient: -0.5001145601272583
INFO:__main__:
INFO:__main__:------ ITERATION 134 ------
INFO:__main__:Layers generated: [('16', '5', '2'), ('64', '3', '1')]
INFO:__main__:ChildCNNModel(
  (model): Sequential(
    (0): Conv2d(3, 128, kernel_size=(3, 3), stride=(1, 1), padding=(1, 1))
    (1): ReLU()
    (2): MaxPool2d(kernel_size=2, stride=2, padding=0, dilation=1, ceil_mode=False)
    (3): Conv2d(128, 16, kernel_size=(5, 5), stride=(1, 1), padding=(2, 2))
    (4): ReLU()
    (5): MaxPool2d(kernel_size=2, stride=2, padding=0, dilation=1, ceil_mode=False)
    (6): Conv2d(16, 64, kernel_size=(3, 3), stride=(1, 1), padding=(1, 1))
    (7): ReLU()
    (8): MaxPool2d(kernel_size=2, stride=2, padding=0, dilation=1, ceil_mode=False)
    (9): Flatten(start_dim=1, end_dim=-1)
    (10): Linear(in_features=1024, out_features=512, bias=True)
    (11): ReLU()
    (12): Linear(in_features=512, out_features=256, bias=True)
    (13): ReLU()
    (14): Linear(in_features=256, out_features=100, bias=True)
  )
)
INFO:__main__:CHILD MODEL LOSS: 2.255637662410736 with train time 42.51537370681763
INFO:__main__:CHILD MODEL ACCURACY: 0.4097
INFO:__main__:Policy gradient: -0.040271416306495667
INFO:__main__:
INFO:__main__:------ ITERATION 135 ------
INFO:__main__:Layers generated: [('256', '5', '1'), ('32', '1', '1')]
INFO:__main__:ChildCNNModel(
  (model): Sequential(
    (0): Conv2d(3, 128, kernel_size=(3, 3), stride=(1, 1), padding=(1, 1))
    (1): ReLU()
    (2): MaxPool2d(kernel_size=2, stride=2, padding=0, dilation=1, ceil_mode=False)
    (3): Conv2d(128, 256, kernel_size=(5, 5), stride=(1, 1), padding=(1, 1))
    (4): ReLU()
    (5): MaxPool2d(kernel_size=2, stride=2, padding=0, dilation=1, ceil_mode=False)
    (6): Conv2d(256, 32, kernel_size=(1, 1), stride=(1, 1), padding=(1, 1))
    (7): ReLU()
    (8): MaxPool2d(kernel_size=2, stride=2, padding=0, dilation=1, ceil_mode=False)
    (9): Flatten(start_dim=1, end_dim=-1)
    (10): Linear(in_features=512, out_features=512, bias=True)
    (11): ReLU()
    (12): Linear(in_features=512, out_features=256, bias=True)
    (13): ReLU()
    (14): Linear(in_features=256, out_features=100, bias=True)
  )
)
INFO:__main__:CHILD MODEL LOSS: 2.1369200506210326 with train time 60.12061882019043
INFO:__main__:CHILD MODEL ACCURACY: 0.4332
INFO:__main__:Policy gradient: 0.15557587146759033
INFO:__main__:
INFO:__main__:------ ITERATION 136 ------
INFO:__main__:Layers generated: [('32', '1', '0'), ('256', '1', '0')]
INFO:__main__:ChildCNNModel(
  (model): Sequential(
    (0): Conv2d(3, 128, kernel_size=(3, 3), stride=(1, 1), padding=(1, 1))
    (1): ReLU()
    (2): MaxPool2d(kernel_size=2, stride=2, padding=0, dilation=1, ceil_mode=False)
    (3): Conv2d(128, 32, kernel_size=(1, 1), stride=(1, 1))
    (4): ReLU()
    (5): MaxPool2d(kernel_size=2, stride=2, padding=0, dilation=1, ceil_mode=False)
    (6): Conv2d(32, 256, kernel_size=(1, 1), stride=(1, 1))
    (7): ReLU()
    (8): MaxPool2d(kernel_size=2, stride=2, padding=0, dilation=1, ceil_mode=False)
    (9): Flatten(start_dim=1, end_dim=-1)
    (10): Linear(in_features=4096, out_features=512, bias=True)
    (11): ReLU()
    (12): Linear(in_features=512, out_features=256, bias=True)
    (13): ReLU()
    (14): Linear(in_features=256, out_features=100, bias=True)
  )
)
INFO:__main__:CHILD MODEL LOSS: 2.229195550918579 with train time 40.499228954315186
INFO:__main__:CHILD MODEL ACCURACY: 0.422
INFO:__main__:Policy gradient: 0.04527432844042778
INFO:__main__:
INFO:__main__:------ ITERATION 137 ------
INFO:__main__:Layers generated: [('64', '1', '0'), ('64', '1', '1')]
INFO:__main__:ChildCNNModel(
  (model): Sequential(
    (0): Conv2d(3, 128, kernel_size=(3, 3), stride=(1, 1), padding=(1, 1))
    (1): ReLU()
    (2): MaxPool2d(kernel_size=2, stride=2, padding=0, dilation=1, ceil_mode=False)
    (3): Conv2d(128, 64, kernel_size=(1, 1), stride=(1, 1))
    (4): ReLU()
    (5): MaxPool2d(kernel_size=2, stride=2, padding=0, dilation=1, ceil_mode=False)
    (6): Conv2d(64, 64, kernel_size=(1, 1), stride=(1, 1), padding=(1, 1))
    (7): ReLU()
    (8): MaxPool2d(kernel_size=2, stride=2, padding=0, dilation=1, ceil_mode=False)
    (9): Flatten(start_dim=1, end_dim=-1)
    (10): Linear(in_features=1600, out_features=512, bias=True)
    (11): ReLU()
    (12): Linear(in_features=512, out_features=256, bias=True)
    (13): ReLU()
    (14): Linear(in_features=256, out_features=100, bias=True)
  )
)
INFO:__main__:CHILD MODEL LOSS: 2.366849540710449 with train time 41.290480852127075
INFO:__main__:CHILD MODEL ACCURACY: 0.3877
INFO:__main__:Policy gradient: -0.22770509123802185
INFO:__main__:
INFO:__main__:------ ITERATION 138 ------
INFO:__main__:Layers generated: [('16', '3', '2'), ('128', '3', '1')]
INFO:__main__:ChildCNNModel(
  (model): Sequential(
    (0): Conv2d(3, 128, kernel_size=(3, 3), stride=(1, 1), padding=(1, 1))
    (1): ReLU()
    (2): MaxPool2d(kernel_size=2, stride=2, padding=0, dilation=1, ceil_mode=False)
    (3): Conv2d(128, 16, kernel_size=(3, 3), stride=(1, 1), padding=(2, 2))
    (4): ReLU()
    (5): MaxPool2d(kernel_size=2, stride=2, padding=0, dilation=1, ceil_mode=False)
    (6): Conv2d(16, 128, kernel_size=(3, 3), stride=(1, 1), padding=(1, 1))
    (7): ReLU()
    (8): MaxPool2d(kernel_size=2, stride=2, padding=0, dilation=1, ceil_mode=False)
    (9): Flatten(start_dim=1, end_dim=-1)
    (10): Linear(in_features=2048, out_features=512, bias=True)
    (11): ReLU()
    (12): Linear(in_features=512, out_features=256, bias=True)
    (13): ReLU()
    (14): Linear(in_features=256, out_features=100, bias=True)
  )
)
INFO:__main__:CHILD MODEL LOSS: 2.1040109581947326 with train time 46.25531315803528
INFO:__main__:CHILD MODEL ACCURACY: 0.4419
INFO:__main__:Policy gradient: 0.21465370059013367
INFO:__main__:
INFO:__main__:------ ITERATION 139 ------
INFO:__main__:Layers generated: [('128', '3', '2'), ('32', '1', '1')]
INFO:__main__:ChildCNNModel(
  (model): Sequential(
    (0): Conv2d(3, 128, kernel_size=(3, 3), stride=(1, 1), padding=(1, 1))
    (1): ReLU()
    (2): MaxPool2d(kernel_size=2, stride=2, padding=0, dilation=1, ceil_mode=False)
    (3): Conv2d(128, 128, kernel_size=(3, 3), stride=(1, 1), padding=(2, 2))
    (4): ReLU()
    (5): MaxPool2d(kernel_size=2, stride=2, padding=0, dilation=1, ceil_mode=False)
    (6): Conv2d(128, 32, kernel_size=(1, 1), stride=(1, 1), padding=(1, 1))
    (7): ReLU()
    (8): MaxPool2d(kernel_size=2, stride=2, padding=0, dilation=1, ceil_mode=False)
    (9): Flatten(start_dim=1, end_dim=-1)
    (10): Linear(in_features=800, out_features=512, bias=True)
    (11): ReLU()
    (12): Linear(in_features=512, out_features=256, bias=True)
    (13): ReLU()
    (14): Linear(in_features=256, out_features=100, bias=True)
  )
)
INFO:__main__:CHILD MODEL LOSS: 2.18826655626297 with train time 49.259690046310425
INFO:__main__:CHILD MODEL ACCURACY: 0.4167
INFO:__main__:Policy gradient: -0.0008388276910409331
INFO:__main__:
INFO:__main__:------ ITERATION 140 ------
INFO:__main__:Layers generated: [('64', '5', '2'), ('64', '5', '2')]
INFO:__main__:ChildCNNModel(
  (model): Sequential(
    (0): Conv2d(3, 128, kernel_size=(3, 3), stride=(1, 1), padding=(1, 1))
    (1): ReLU()
    (2): MaxPool2d(kernel_size=2, stride=2, padding=0, dilation=1, ceil_mode=False)
    (3): Conv2d(128, 64, kernel_size=(5, 5), stride=(1, 1), padding=(2, 2))
    (4): ReLU()
    (5): MaxPool2d(kernel_size=2, stride=2, padding=0, dilation=1, ceil_mode=False)
    (6): Conv2d(64, 64, kernel_size=(5, 5), stride=(1, 1), padding=(2, 2))
    (7): ReLU()
    (8): MaxPool2d(kernel_size=2, stride=2, padding=0, dilation=1, ceil_mode=False)
    (9): Flatten(start_dim=1, end_dim=-1)
    (10): Linear(in_features=1024, out_features=512, bias=True)
    (11): ReLU()
    (12): Linear(in_features=512, out_features=256, bias=True)
    (13): ReLU()
    (14): Linear(in_features=256, out_features=100, bias=True)
  )
)
INFO:__main__:CHILD MODEL LOSS: 2.06232084608078 with train time 47.75116991996765
INFO:__main__:CHILD MODEL ACCURACY: 0.4402
INFO:__main__:Policy gradient: 0.15465766191482544
INFO:__main__:
INFO:__main__:------ ITERATION 141 ------
INFO:__main__:Layers generated: [('128', '1', '2'), ('16', '1', '2')]
INFO:__main__:ChildCNNModel(
  (model): Sequential(
    (0): Conv2d(3, 128, kernel_size=(3, 3), stride=(1, 1), padding=(1, 1))
    (1): ReLU()
    (2): MaxPool2d(kernel_size=2, stride=2, padding=0, dilation=1, ceil_mode=False)
    (3): Conv2d(128, 128, kernel_size=(1, 1), stride=(1, 1), padding=(2, 2))
    (4): ReLU()
    (5): MaxPool2d(kernel_size=2, stride=2, padding=0, dilation=1, ceil_mode=False)
    (6): Conv2d(128, 16, kernel_size=(1, 1), stride=(1, 1), padding=(2, 2))
    (7): ReLU()
    (8): MaxPool2d(kernel_size=2, stride=2, padding=0, dilation=1, ceil_mode=False)
    (9): Flatten(start_dim=1, end_dim=-1)
    (10): Linear(in_features=784, out_features=512, bias=True)
    (11): ReLU()
    (12): Linear(in_features=512, out_features=256, bias=True)
    (13): ReLU()
    (14): Linear(in_features=256, out_features=100, bias=True)
  )
)
INFO:__main__:CHILD MODEL LOSS: 2.5322516508102417 with train time 42.2751829624176
INFO:__main__:CHILD MODEL ACCURACY: 0.3543
INFO:__main__:Policy gradient: -0.5053398013114929
INFO:__main__:
INFO:__main__:------ ITERATION 142 ------
INFO:__main__:Layers generated: [('64', '5', '2'), ('64', '5', '0')]
INFO:__main__:ChildCNNModel(
  (model): Sequential(
    (0): Conv2d(3, 128, kernel_size=(3, 3), stride=(1, 1), padding=(1, 1))
    (1): ReLU()
    (2): MaxPool2d(kernel_size=2, stride=2, padding=0, dilation=1, ceil_mode=False)
    (3): Conv2d(128, 64, kernel_size=(5, 5), stride=(1, 1), padding=(2, 2))
    (4): ReLU()
    (5): MaxPool2d(kernel_size=2, stride=2, padding=0, dilation=1, ceil_mode=False)
    (6): Conv2d(64, 64, kernel_size=(5, 5), stride=(1, 1))
    (7): ReLU()
    (8): MaxPool2d(kernel_size=2, stride=2, padding=0, dilation=1, ceil_mode=False)
    (9): Flatten(start_dim=1, end_dim=-1)
    (10): Linear(in_features=256, out_features=512, bias=True)
    (11): ReLU()
    (12): Linear(in_features=512, out_features=256, bias=True)
    (13): ReLU()
    (14): Linear(in_features=256, out_features=100, bias=True)
  )
)
INFO:__main__:CHILD MODEL LOSS: 2.17823117685318 with train time 42.043354749679565
INFO:__main__:CHILD MODEL ACCURACY: 0.4208
INFO:__main__:Policy gradient: 0.05527468025684357
INFO:__main__:
INFO:__main__:------ ITERATION 143 ------
INFO:__main__:Layers generated: [('16', '5', '2'), ('128', '3', '2')]
INFO:__main__:ChildCNNModel(
  (model): Sequential(
    (0): Conv2d(3, 128, kernel_size=(3, 3), stride=(1, 1), padding=(1, 1))
    (1): ReLU()
    (2): MaxPool2d(kernel_size=2, stride=2, padding=0, dilation=1, ceil_mode=False)
    (3): Conv2d(128, 16, kernel_size=(5, 5), stride=(1, 1), padding=(2, 2))
    (4): ReLU()
    (5): MaxPool2d(kernel_size=2, stride=2, padding=0, dilation=1, ceil_mode=False)
    (6): Conv2d(16, 128, kernel_size=(3, 3), stride=(1, 1), padding=(2, 2))
    (7): ReLU()
    (8): MaxPool2d(kernel_size=2, stride=2, padding=0, dilation=1, ceil_mode=False)
    (9): Flatten(start_dim=1, end_dim=-1)
    (10): Linear(in_features=3200, out_features=512, bias=True)
    (11): ReLU()
    (12): Linear(in_features=512, out_features=256, bias=True)
    (13): ReLU()
    (14): Linear(in_features=256, out_features=100, bias=True)
  )
)
INFO:__main__:CHILD MODEL LOSS: 2.2899258589744567 with train time 40.80906105041504
INFO:__main__:CHILD MODEL ACCURACY: 0.3965
INFO:__main__:Policy gradient: -0.12298598140478134
INFO:__main__:
INFO:__main__:------ ITERATION 144 ------
INFO:__main__:Layers generated: [('64', '5', '2'), ('256', '3', '2')]
INFO:__main__:ChildCNNModel(
  (model): Sequential(
    (0): Conv2d(3, 128, kernel_size=(3, 3), stride=(1, 1), padding=(1, 1))
    (1): ReLU()
    (2): MaxPool2d(kernel_size=2, stride=2, padding=0, dilation=1, ceil_mode=False)
    (3): Conv2d(128, 64, kernel_size=(5, 5), stride=(1, 1), padding=(2, 2))
    (4): ReLU()
    (5): MaxPool2d(kernel_size=2, stride=2, padding=0, dilation=1, ceil_mode=False)
    (6): Conv2d(64, 256, kernel_size=(3, 3), stride=(1, 1), padding=(2, 2))
    (7): ReLU()
    (8): MaxPool2d(kernel_size=2, stride=2, padding=0, dilation=1, ceil_mode=False)
    (9): Flatten(start_dim=1, end_dim=-1)
    (10): Linear(in_features=6400, out_features=512, bias=True)
    (11): ReLU()
    (12): Linear(in_features=512, out_features=256, bias=True)
    (13): ReLU()
    (14): Linear(in_features=256, out_features=100, bias=True)
  )
)
INFO:__main__:CHILD MODEL LOSS: 1.9138896865844726 with train time 45.42520213127136
INFO:__main__:CHILD MODEL ACCURACY: 0.4533
INFO:__main__:Policy gradient: 0.27997949719429016
INFO:__main__:
INFO:__main__:------ ITERATION 145 ------
INFO:__main__:Layers generated: [('32', '3', '0'), ('64', '3', '0')]
INFO:__main__:ChildCNNModel(
  (model): Sequential(
    (0): Conv2d(3, 128, kernel_size=(3, 3), stride=(1, 1), padding=(1, 1))
    (1): ReLU()
    (2): MaxPool2d(kernel_size=2, stride=2, padding=0, dilation=1, ceil_mode=False)
    (3): Conv2d(128, 32, kernel_size=(3, 3), stride=(1, 1))
    (4): ReLU()
    (5): MaxPool2d(kernel_size=2, stride=2, padding=0, dilation=1, ceil_mode=False)
    (6): Conv2d(32, 64, kernel_size=(3, 3), stride=(1, 1))
    (7): ReLU()
    (8): MaxPool2d(kernel_size=2, stride=2, padding=0, dilation=1, ceil_mode=False)
    (9): Flatten(start_dim=1, end_dim=-1)
    (10): Linear(in_features=256, out_features=512, bias=True)
    (11): ReLU()
    (12): Linear(in_features=512, out_features=256, bias=True)
    (13): ReLU()
    (14): Linear(in_features=256, out_features=100, bias=True)
  )
)
INFO:__main__:CHILD MODEL LOSS: 2.4371241130828856 with train time 38.830315828323364
INFO:__main__:CHILD MODEL ACCURACY: 0.376
INFO:__main__:Policy gradient: -0.29523950815200806
INFO:__main__:
INFO:__main__:------ ITERATION 146 ------
INFO:__main__:Layers generated: [('256', '3', '2'), ('128', '3', '1')]
INFO:__main__:ChildCNNModel(
  (model): Sequential(
    (0): Conv2d(3, 128, kernel_size=(3, 3), stride=(1, 1), padding=(1, 1))
    (1): ReLU()
    (2): MaxPool2d(kernel_size=2, stride=2, padding=0, dilation=1, ceil_mode=False)
    (3): Conv2d(128, 256, kernel_size=(3, 3), stride=(1, 1), padding=(2, 2))
    (4): ReLU()
    (5): MaxPool2d(kernel_size=2, stride=2, padding=0, dilation=1, ceil_mode=False)
    (6): Conv2d(256, 128, kernel_size=(3, 3), stride=(1, 1), padding=(1, 1))
    (7): ReLU()
    (8): MaxPool2d(kernel_size=2, stride=2, padding=0, dilation=1, ceil_mode=False)
    (9): Flatten(start_dim=1, end_dim=-1)
    (10): Linear(in_features=2048, out_features=512, bias=True)
    (11): ReLU()
    (12): Linear(in_features=512, out_features=256, bias=True)
    (13): ReLU()
    (14): Linear(in_features=256, out_features=100, bias=True)
  )
)
INFO:__main__:CHILD MODEL LOSS: 2.0425348505973817 with train time 65.05458641052246
INFO:__main__:CHILD MODEL ACCURACY: 0.4533
INFO:__main__:Policy gradient: 0.2987683117389679
INFO:__main__:
INFO:__main__:------ ITERATION 147 ------
INFO:__main__:Layers generated: [('256', '3', '1'), ('16', '3', '0')]
INFO:__main__:ChildCNNModel(
  (model): Sequential(
    (0): Conv2d(3, 128, kernel_size=(3, 3), stride=(1, 1), padding=(1, 1))
    (1): ReLU()
    (2): MaxPool2d(kernel_size=2, stride=2, padding=0, dilation=1, ceil_mode=False)
    (3): Conv2d(128, 256, kernel_size=(3, 3), stride=(1, 1), padding=(1, 1))
    (4): ReLU()
    (5): MaxPool2d(kernel_size=2, stride=2, padding=0, dilation=1, ceil_mode=False)
    (6): Conv2d(256, 16, kernel_size=(3, 3), stride=(1, 1))
    (7): ReLU()
    (8): MaxPool2d(kernel_size=2, stride=2, padding=0, dilation=1, ceil_mode=False)
    (9): Flatten(start_dim=1, end_dim=-1)
    (10): Linear(in_features=144, out_features=512, bias=True)
    (11): ReLU()
    (12): Linear(in_features=512, out_features=256, bias=True)
    (13): ReLU()
    (14): Linear(in_features=256, out_features=100, bias=True)
  )
)
INFO:__main__:CHILD MODEL LOSS: 2.458803797721863 with train time 49.1421902179718
INFO:__main__:CHILD MODEL ACCURACY: 0.3751
INFO:__main__:Policy gradient: -0.32107535004615784
INFO:__main__:
INFO:__main__:------ ITERATION 148 ------
INFO:__main__:Layers generated: [('256', '1', '2'), ('16', '3', '1')]
INFO:__main__:ChildCNNModel(
  (model): Sequential(
    (0): Conv2d(3, 128, kernel_size=(3, 3), stride=(1, 1), padding=(1, 1))
    (1): ReLU()
    (2): MaxPool2d(kernel_size=2, stride=2, padding=0, dilation=1, ceil_mode=False)
    (3): Conv2d(128, 256, kernel_size=(1, 1), stride=(1, 1), padding=(2, 2))
    (4): ReLU()
    (5): MaxPool2d(kernel_size=2, stride=2, padding=0, dilation=1, ceil_mode=False)
    (6): Conv2d(256, 16, kernel_size=(3, 3), stride=(1, 1), padding=(1, 1))
    (7): ReLU()
    (8): MaxPool2d(kernel_size=2, stride=2, padding=0, dilation=1, ceil_mode=False)
    (9): Flatten(start_dim=1, end_dim=-1)
    (10): Linear(in_features=400, out_features=512, bias=True)
    (11): ReLU()
    (12): Linear(in_features=512, out_features=256, bias=True)
    (13): ReLU()
    (14): Linear(in_features=256, out_features=100, bias=True)
  )
)
INFO:__main__:CHILD MODEL LOSS: 2.264825168132782 with train time 47.72349286079407
INFO:__main__:CHILD MODEL ACCURACY: 0.4118
INFO:__main__:Policy gradient: -0.001385219395160675
INFO:__main__:
INFO:__main__:------ ITERATION 149 ------
INFO:__main__:Layers generated: [('256', '5', '2'), ('256', '1', '2')]
INFO:__main__:ChildCNNModel(
  (model): Sequential(
    (0): Conv2d(3, 128, kernel_size=(3, 3), stride=(1, 1), padding=(1, 1))
    (1): ReLU()
    (2): MaxPool2d(kernel_size=2, stride=2, padding=0, dilation=1, ceil_mode=False)
    (3): Conv2d(128, 256, kernel_size=(5, 5), stride=(1, 1), padding=(2, 2))
    (4): ReLU()
    (5): MaxPool2d(kernel_size=2, stride=2, padding=0, dilation=1, ceil_mode=False)
    (6): Conv2d(256, 256, kernel_size=(1, 1), stride=(1, 1), padding=(2, 2))
    (7): ReLU()
    (8): MaxPool2d(kernel_size=2, stride=2, padding=0, dilation=1, ceil_mode=False)
    (9): Flatten(start_dim=1, end_dim=-1)
    (10): Linear(in_features=9216, out_features=512, bias=True)
    (11): ReLU()
    (12): Linear(in_features=512, out_features=256, bias=True)
    (13): ReLU()
    (14): Linear(in_features=256, out_features=100, bias=True)
  )
)
INFO:__main__:CHILD MODEL LOSS: 2.008572789669037 with train time 76.98552870750427
INFO:__main__:CHILD MODEL ACCURACY: 0.4567
INFO:__main__:Policy gradient: 0.3189046382904053
INFO:__main__:
INFO:__main__:------ ITERATION 150 ------
INFO:__main__:Layers generated: [('64', '3', '0'), ('64', '5', '1')]
INFO:__main__:ChildCNNModel(
  (model): Sequential(
    (0): Conv2d(3, 128, kernel_size=(3, 3), stride=(1, 1), padding=(1, 1))
    (1): ReLU()
    (2): MaxPool2d(kernel_size=2, stride=2, padding=0, dilation=1, ceil_mode=False)
    (3): Conv2d(128, 64, kernel_size=(3, 3), stride=(1, 1))
    (4): ReLU()
    (5): MaxPool2d(kernel_size=2, stride=2, padding=0, dilation=1, ceil_mode=False)
    (6): Conv2d(64, 64, kernel_size=(5, 5), stride=(1, 1), padding=(1, 1))
    (7): ReLU()
    (8): MaxPool2d(kernel_size=2, stride=2, padding=0, dilation=1, ceil_mode=False)
    (9): Flatten(start_dim=1, end_dim=-1)
    (10): Linear(in_features=256, out_features=512, bias=True)
    (11): ReLU()
    (12): Linear(in_features=512, out_features=256, bias=True)
    (13): ReLU()
    (14): Linear(in_features=256, out_features=100, bias=True)
  )
)
INFO:__main__:CHILD MODEL LOSS: 2.2545714802742003 with train time 39.414060831069946
INFO:__main__:CHILD MODEL ACCURACY: 0.4106
INFO:__main__:Policy gradient: -0.04175548255443573
INFO:__main__:
INFO:__main__:------ ITERATION 151 ------
INFO:__main__:Layers generated: [('256', '5', '0'), ('32', '1', '2')]
INFO:__main__:ChildCNNModel(
  (model): Sequential(
    (0): Conv2d(3, 128, kernel_size=(3, 3), stride=(1, 1), padding=(1, 1))
    (1): ReLU()
    (2): MaxPool2d(kernel_size=2, stride=2, padding=0, dilation=1, ceil_mode=False)
    (3): Conv2d(128, 256, kernel_size=(5, 5), stride=(1, 1))
    (4): ReLU()
    (5): MaxPool2d(kernel_size=2, stride=2, padding=0, dilation=1, ceil_mode=False)
    (6): Conv2d(256, 32, kernel_size=(1, 1), stride=(1, 1), padding=(2, 2))
    (7): ReLU()
    (8): MaxPool2d(kernel_size=2, stride=2, padding=0, dilation=1, ceil_mode=False)
    (9): Flatten(start_dim=1, end_dim=-1)
    (10): Linear(in_features=800, out_features=512, bias=True)
    (11): ReLU()
    (12): Linear(in_features=512, out_features=256, bias=True)
    (13): ReLU()
    (14): Linear(in_features=256, out_features=100, bias=True)
  )
)
INFO:__main__:CHILD MODEL LOSS: 2.266001263141632 with train time 54.33963871002197
INFO:__main__:CHILD MODEL ACCURACY: 0.4168
INFO:__main__:Policy gradient: 0.007407583296298981
INFO:__main__:
INFO:__main__:------ ITERATION 152 ------
INFO:__main__:Layers generated: [('16', '5', '2'), ('64', '3', '1')]
INFO:__main__:ChildCNNModel(
  (model): Sequential(
    (0): Conv2d(3, 128, kernel_size=(3, 3), stride=(1, 1), padding=(1, 1))
    (1): ReLU()
    (2): MaxPool2d(kernel_size=2, stride=2, padding=0, dilation=1, ceil_mode=False)
    (3): Conv2d(128, 16, kernel_size=(5, 5), stride=(1, 1), padding=(2, 2))
    (4): ReLU()
    (5): MaxPool2d(kernel_size=2, stride=2, padding=0, dilation=1, ceil_mode=False)
    (6): Conv2d(16, 64, kernel_size=(3, 3), stride=(1, 1), padding=(1, 1))
    (7): ReLU()
    (8): MaxPool2d(kernel_size=2, stride=2, padding=0, dilation=1, ceil_mode=False)
    (9): Flatten(start_dim=1, end_dim=-1)
    (10): Linear(in_features=1024, out_features=512, bias=True)
    (11): ReLU()
    (12): Linear(in_features=512, out_features=256, bias=True)
    (13): ReLU()
    (14): Linear(in_features=256, out_features=100, bias=True)
  )
)
INFO:__main__:CHILD MODEL LOSS: 2.3328596453666686 with train time 41.27032661437988
INFO:__main__:CHILD MODEL ACCURACY: 0.3998
INFO:__main__:Policy gradient: -0.12140952050685883
INFO:__main__:
INFO:__main__:------ ITERATION 153 ------
INFO:__main__:Layers generated: [('64', '5', '1'), ('64', '5', '2')]
INFO:__main__:ChildCNNModel(
  (model): Sequential(
    (0): Conv2d(3, 128, kernel_size=(3, 3), stride=(1, 1), padding=(1, 1))
    (1): ReLU()
    (2): MaxPool2d(kernel_size=2, stride=2, padding=0, dilation=1, ceil_mode=False)
    (3): Conv2d(128, 64, kernel_size=(5, 5), stride=(1, 1), padding=(1, 1))
    (4): ReLU()
    (5): MaxPool2d(kernel_size=2, stride=2, padding=0, dilation=1, ceil_mode=False)
    (6): Conv2d(64, 64, kernel_size=(5, 5), stride=(1, 1), padding=(2, 2))
    (7): ReLU()
    (8): MaxPool2d(kernel_size=2, stride=2, padding=0, dilation=1, ceil_mode=False)
    (9): Flatten(start_dim=1, end_dim=-1)
    (10): Linear(in_features=576, out_features=512, bias=True)
    (11): ReLU()
    (12): Linear(in_features=512, out_features=256, bias=True)
    (13): ReLU()
    (14): Linear(in_features=256, out_features=100, bias=True)
  )
)
INFO:__main__:CHILD MODEL LOSS: 2.150404994010925 with train time 41.830087184906006
INFO:__main__:CHILD MODEL ACCURACY: 0.4254
INFO:__main__:Policy gradient: 0.07718082517385483
INFO:__main__:
INFO:__main__:------ ITERATION 154 ------
INFO:__main__:Layers generated: [('128', '3', '1'), ('64', '5', '0')]
INFO:__main__:ChildCNNModel(
  (model): Sequential(
    (0): Conv2d(3, 128, kernel_size=(3, 3), stride=(1, 1), padding=(1, 1))
    (1): ReLU()
    (2): MaxPool2d(kernel_size=2, stride=2, padding=0, dilation=1, ceil_mode=False)
    (3): Conv2d(128, 128, kernel_size=(3, 3), stride=(1, 1), padding=(1, 1))
    (4): ReLU()
    (5): MaxPool2d(kernel_size=2, stride=2, padding=0, dilation=1, ceil_mode=False)
    (6): Conv2d(128, 64, kernel_size=(5, 5), stride=(1, 1))
    (7): ReLU()
    (8): MaxPool2d(kernel_size=2, stride=2, padding=0, dilation=1, ceil_mode=False)
    (9): Flatten(start_dim=1, end_dim=-1)
    (10): Linear(in_features=256, out_features=512, bias=True)
    (11): ReLU()
    (12): Linear(in_features=512, out_features=256, bias=True)
    (13): ReLU()
    (14): Linear(in_features=256, out_features=100, bias=True)
  )
)
INFO:__main__:CHILD MODEL LOSS: 2.1823879742622374 with train time 42.68556308746338
INFO:__main__:CHILD MODEL ACCURACY: 0.4263
INFO:__main__:Policy gradient: 0.08072017133235931
INFO:__main__:
INFO:__main__:------ ITERATION 155 ------
INFO:__main__:Layers generated: [('32', '1', '1'), ('256', '5', '0')]
INFO:__main__:ChildCNNModel(
  (model): Sequential(
    (0): Conv2d(3, 128, kernel_size=(3, 3), stride=(1, 1), padding=(1, 1))
    (1): ReLU()
    (2): MaxPool2d(kernel_size=2, stride=2, padding=0, dilation=1, ceil_mode=False)
    (3): Conv2d(128, 32, kernel_size=(1, 1), stride=(1, 1), padding=(1, 1))
    (4): ReLU()
    (5): MaxPool2d(kernel_size=2, stride=2, padding=0, dilation=1, ceil_mode=False)
    (6): Conv2d(32, 256, kernel_size=(5, 5), stride=(1, 1))
    (7): ReLU()
    (8): MaxPool2d(kernel_size=2, stride=2, padding=0, dilation=1, ceil_mode=False)
    (9): Flatten(start_dim=1, end_dim=-1)
    (10): Linear(in_features=1024, out_features=512, bias=True)
    (11): ReLU()
    (12): Linear(in_features=512, out_features=256, bias=True)
    (13): ReLU()
    (14): Linear(in_features=256, out_features=100, bias=True)
  )
)
INFO:__main__:CHILD MODEL LOSS: 2.2187368750572203 with train time 39.23341917991638
INFO:__main__:CHILD MODEL ACCURACY: 0.4207
INFO:__main__:Policy gradient: 0.03356603533029556
INFO:__main__:
INFO:__main__:------ ITERATION 156 ------
INFO:__main__:Layers generated: [('128', '1', '2'), ('128', '5', '2')]
INFO:__main__:ChildCNNModel(
  (model): Sequential(
    (0): Conv2d(3, 128, kernel_size=(3, 3), stride=(1, 1), padding=(1, 1))
    (1): ReLU()
    (2): MaxPool2d(kernel_size=2, stride=2, padding=0, dilation=1, ceil_mode=False)
    (3): Conv2d(128, 128, kernel_size=(1, 1), stride=(1, 1), padding=(2, 2))
    (4): ReLU()
    (5): MaxPool2d(kernel_size=2, stride=2, padding=0, dilation=1, ceil_mode=False)
    (6): Conv2d(128, 128, kernel_size=(5, 5), stride=(1, 1), padding=(2, 2))
    (7): ReLU()
    (8): MaxPool2d(kernel_size=2, stride=2, padding=0, dilation=1, ceil_mode=False)
    (9): Flatten(start_dim=1, end_dim=-1)
    (10): Linear(in_features=3200, out_features=512, bias=True)
    (11): ReLU()
    (12): Linear(in_features=512, out_features=256, bias=True)
    (13): ReLU()
    (14): Linear(in_features=256, out_features=100, bias=True)
  )
)
INFO:__main__:CHILD MODEL LOSS: 1.891308621406555 with train time 46.111891746520996
INFO:__main__:CHILD MODEL ACCURACY: 0.4714
INFO:__main__:Policy gradient: 0.38850826025009155
INFO:__main__:
INFO:__main__:------ ITERATION 157 ------
INFO:__main__:Layers generated: [('64', '1', '2'), ('32', '5', '1')]
INFO:__main__:ChildCNNModel(
  (model): Sequential(
    (0): Conv2d(3, 128, kernel_size=(3, 3), stride=(1, 1), padding=(1, 1))
    (1): ReLU()
    (2): MaxPool2d(kernel_size=2, stride=2, padding=0, dilation=1, ceil_mode=False)
    (3): Conv2d(128, 64, kernel_size=(1, 1), stride=(1, 1), padding=(2, 2))
    (4): ReLU()
    (5): MaxPool2d(kernel_size=2, stride=2, padding=0, dilation=1, ceil_mode=False)
    (6): Conv2d(64, 32, kernel_size=(5, 5), stride=(1, 1), padding=(1, 1))
    (7): ReLU()
    (8): MaxPool2d(kernel_size=2, stride=2, padding=0, dilation=1, ceil_mode=False)
    (9): Flatten(start_dim=1, end_dim=-1)
    (10): Linear(in_features=512, out_features=512, bias=True)
    (11): ReLU()
    (12): Linear(in_features=512, out_features=256, bias=True)
    (13): ReLU()
    (14): Linear(in_features=256, out_features=100, bias=True)
  )
)
INFO:__main__:CHILD MODEL LOSS: 2.2748128600120543 with train time 39.9195294380188
INFO:__main__:CHILD MODEL ACCURACY: 0.4056
INFO:__main__:Policy gradient: -0.12900246679782867
INFO:__main__:
INFO:__main__:------ ITERATION 158 ------
INFO:__main__:Layers generated: [('256', '5', '2'), ('64', '5', '2')]
INFO:__main__:ChildCNNModel(
  (model): Sequential(
    (0): Conv2d(3, 128, kernel_size=(3, 3), stride=(1, 1), padding=(1, 1))
    (1): ReLU()
    (2): MaxPool2d(kernel_size=2, stride=2, padding=0, dilation=1, ceil_mode=False)
    (3): Conv2d(128, 256, kernel_size=(5, 5), stride=(1, 1), padding=(2, 2))
    (4): ReLU()
    (5): MaxPool2d(kernel_size=2, stride=2, padding=0, dilation=1, ceil_mode=False)
    (6): Conv2d(256, 64, kernel_size=(5, 5), stride=(1, 1), padding=(2, 2))
    (7): ReLU()
    (8): MaxPool2d(kernel_size=2, stride=2, padding=0, dilation=1, ceil_mode=False)
    (9): Flatten(start_dim=1, end_dim=-1)
    (10): Linear(in_features=1024, out_features=512, bias=True)
    (11): ReLU()
    (12): Linear(in_features=512, out_features=256, bias=True)
    (13): ReLU()
    (14): Linear(in_features=256, out_features=100, bias=True)
  )
)
INFO:__main__:CHILD MODEL LOSS: 2.046115128993988 with train time 71.94910979270935
INFO:__main__:CHILD MODEL ACCURACY: 0.4341
INFO:__main__:Policy gradient: 0.08997257798910141
INFO:__main__:
INFO:__main__:------ ITERATION 159 ------
INFO:__main__:Layers generated: [('128', '5', '0'), ('256', '3', '2')]
INFO:__main__:ChildCNNModel(
  (model): Sequential(
    (0): Conv2d(3, 128, kernel_size=(3, 3), stride=(1, 1), padding=(1, 1))
    (1): ReLU()
    (2): MaxPool2d(kernel_size=2, stride=2, padding=0, dilation=1, ceil_mode=False)
    (3): Conv2d(128, 128, kernel_size=(5, 5), stride=(1, 1))
    (4): ReLU()
    (5): MaxPool2d(kernel_size=2, stride=2, padding=0, dilation=1, ceil_mode=False)
    (6): Conv2d(128, 256, kernel_size=(3, 3), stride=(1, 1), padding=(2, 2))
    (7): ReLU()
    (8): MaxPool2d(kernel_size=2, stride=2, padding=0, dilation=1, ceil_mode=False)
    (9): Flatten(start_dim=1, end_dim=-1)
    (10): Linear(in_features=4096, out_features=512, bias=True)
    (11): ReLU()
    (12): Linear(in_features=512, out_features=256, bias=True)
    (13): ReLU()
    (14): Linear(in_features=256, out_features=100, bias=True)
  )
)
INFO:__main__:CHILD MODEL LOSS: 2.002220797538757 with train time 45.72397255897522
INFO:__main__:CHILD MODEL ACCURACY: 0.4464
INFO:__main__:Policy gradient: 0.16981403529644012
INFO:__main__:
INFO:__main__:------ ITERATION 160 ------
INFO:__main__:Layers generated: [('16', '5', '1'), ('32', '3', '2')]
INFO:__main__:ChildCNNModel(
  (model): Sequential(
    (0): Conv2d(3, 128, kernel_size=(3, 3), stride=(1, 1), padding=(1, 1))
    (1): ReLU()
    (2): MaxPool2d(kernel_size=2, stride=2, padding=0, dilation=1, ceil_mode=False)
    (3): Conv2d(128, 16, kernel_size=(5, 5), stride=(1, 1), padding=(1, 1))
    (4): ReLU()
    (5): MaxPool2d(kernel_size=2, stride=2, padding=0, dilation=1, ceil_mode=False)
    (6): Conv2d(16, 32, kernel_size=(3, 3), stride=(1, 1), padding=(2, 2))
    (7): ReLU()
    (8): MaxPool2d(kernel_size=2, stride=2, padding=0, dilation=1, ceil_mode=False)
    (9): Flatten(start_dim=1, end_dim=-1)
    (10): Linear(in_features=512, out_features=512, bias=True)
    (11): ReLU()
    (12): Linear(in_features=512, out_features=256, bias=True)
    (13): ReLU()
    (14): Linear(in_features=256, out_features=100, bias=True)
  )
)
INFO:__main__:CHILD MODEL LOSS: 2.4405778856277465 with train time 40.12548875808716
INFO:__main__:CHILD MODEL ACCURACY: 0.3754
INFO:__main__:Policy gradient: -0.39546406269073486
INFO:__main__:
INFO:__main__:------ ITERATION 161 ------
INFO:__main__:Layers generated: [('64', '1', '1'), ('256', '3', '2')]
INFO:__main__:ChildCNNModel(
  (model): Sequential(
    (0): Conv2d(3, 128, kernel_size=(3, 3), stride=(1, 1), padding=(1, 1))
    (1): ReLU()
    (2): MaxPool2d(kernel_size=2, stride=2, padding=0, dilation=1, ceil_mode=False)
    (3): Conv2d(128, 64, kernel_size=(1, 1), stride=(1, 1), padding=(1, 1))
    (4): ReLU()
    (5): MaxPool2d(kernel_size=2, stride=2, padding=0, dilation=1, ceil_mode=False)
    (6): Conv2d(64, 256, kernel_size=(3, 3), stride=(1, 1), padding=(2, 2))
    (7): ReLU()
    (8): MaxPool2d(kernel_size=2, stride=2, padding=0, dilation=1, ceil_mode=False)
    (9): Flatten(start_dim=1, end_dim=-1)
    (10): Linear(in_features=6400, out_features=512, bias=True)
    (11): ReLU()
    (12): Linear(in_features=512, out_features=256, bias=True)
    (13): ReLU()
    (14): Linear(in_features=256, out_features=100, bias=True)
  )
)
INFO:__main__:CHILD MODEL LOSS: 1.9029704213142395 with train time 43.801881074905396
INFO:__main__:CHILD MODEL ACCURACY: 0.4626
INFO:__main__:Policy gradient: 0.31740424036979675
INFO:__main__:
INFO:__main__:------ ITERATION 162 ------
INFO:__main__:Layers generated: [('256', '3', '1'), ('32', '5', '1')]
INFO:__main__:ChildCNNModel(
  (model): Sequential(
    (0): Conv2d(3, 128, kernel_size=(3, 3), stride=(1, 1), padding=(1, 1))
    (1): ReLU()
    (2): MaxPool2d(kernel_size=2, stride=2, padding=0, dilation=1, ceil_mode=False)
    (3): Conv2d(128, 256, kernel_size=(3, 3), stride=(1, 1), padding=(1, 1))
    (4): ReLU()
    (5): MaxPool2d(kernel_size=2, stride=2, padding=0, dilation=1, ceil_mode=False)
    (6): Conv2d(256, 32, kernel_size=(5, 5), stride=(1, 1), padding=(1, 1))
    (7): ReLU()
    (8): MaxPool2d(kernel_size=2, stride=2, padding=0, dilation=1, ceil_mode=False)
    (9): Flatten(start_dim=1, end_dim=-1)
    (10): Linear(in_features=288, out_features=512, bias=True)
    (11): ReLU()
    (12): Linear(in_features=512, out_features=256, bias=True)
    (13): ReLU()
    (14): Linear(in_features=256, out_features=100, bias=True)
  )
)
INFO:__main__:CHILD MODEL LOSS: 2.097405824184418 with train time 56.27740168571472
INFO:__main__:CHILD MODEL ACCURACY: 0.451
INFO:__main__:Policy gradient: 0.21540014445781708
INFO:__main__:
INFO:__main__:------ ITERATION 163 ------
INFO:__main__:Layers generated: [('32', '1', '0'), ('256', '1', '2')]
INFO:__main__:ChildCNNModel(
  (model): Sequential(
    (0): Conv2d(3, 128, kernel_size=(3, 3), stride=(1, 1), padding=(1, 1))
    (1): ReLU()
    (2): MaxPool2d(kernel_size=2, stride=2, padding=0, dilation=1, ceil_mode=False)
    (3): Conv2d(128, 32, kernel_size=(1, 1), stride=(1, 1))
    (4): ReLU()
    (5): MaxPool2d(kernel_size=2, stride=2, padding=0, dilation=1, ceil_mode=False)
    (6): Conv2d(32, 256, kernel_size=(1, 1), stride=(1, 1), padding=(2, 2))
    (7): ReLU()
    (8): MaxPool2d(kernel_size=2, stride=2, padding=0, dilation=1, ceil_mode=False)
    (9): Flatten(start_dim=1, end_dim=-1)
    (10): Linear(in_features=9216, out_features=512, bias=True)
    (11): ReLU()
    (12): Linear(in_features=512, out_features=256, bias=True)
    (13): ReLU()
    (14): Linear(in_features=256, out_features=100, bias=True)
  )
)
INFO:__main__:CHILD MODEL LOSS: 2.381672043800354 with train time 40.82146692276001
INFO:__main__:CHILD MODEL ACCURACY: 0.3821
INFO:__main__:Policy gradient: -0.3507463335990906
INFO:__main__:
INFO:__main__:------ ITERATION 164 ------
INFO:__main__:Layers generated: [('256', '3', '2'), ('256', '3', '0')]
INFO:__main__:ChildCNNModel(
  (model): Sequential(
    (0): Conv2d(3, 128, kernel_size=(3, 3), stride=(1, 1), padding=(1, 1))
    (1): ReLU()
    (2): MaxPool2d(kernel_size=2, stride=2, padding=0, dilation=1, ceil_mode=False)
    (3): Conv2d(128, 256, kernel_size=(3, 3), stride=(1, 1), padding=(2, 2))
    (4): ReLU()
    (5): MaxPool2d(kernel_size=2, stride=2, padding=0, dilation=1, ceil_mode=False)
    (6): Conv2d(256, 256, kernel_size=(3, 3), stride=(1, 1))
    (7): ReLU()
    (8): MaxPool2d(kernel_size=2, stride=2, padding=0, dilation=1, ceil_mode=False)
    (9): Flatten(start_dim=1, end_dim=-1)
    (10): Linear(in_features=2304, out_features=512, bias=True)
    (11): ReLU()
    (12): Linear(in_features=512, out_features=256, bias=True)
    (13): ReLU()
    (14): Linear(in_features=256, out_features=100, bias=True)
  )
)
INFO:__main__:CHILD MODEL LOSS: 1.9584373664855956 with train time 66.50389504432678
INFO:__main__:CHILD MODEL ACCURACY: 0.4619
INFO:__main__:Policy gradient: 0.28269273042678833
INFO:__main__:
INFO:__main__:------ ITERATION 165 ------
INFO:__main__:Layers generated: [('128', '1', '0'), ('128', '5', '0')]
INFO:__main__:ChildCNNModel(
  (model): Sequential(
    (0): Conv2d(3, 128, kernel_size=(3, 3), stride=(1, 1), padding=(1, 1))
    (1): ReLU()
    (2): MaxPool2d(kernel_size=2, stride=2, padding=0, dilation=1, ceil_mode=False)
    (3): Conv2d(128, 128, kernel_size=(1, 1), stride=(1, 1))
    (4): ReLU()
    (5): MaxPool2d(kernel_size=2, stride=2, padding=0, dilation=1, ceil_mode=False)
    (6): Conv2d(128, 128, kernel_size=(5, 5), stride=(1, 1))
    (7): ReLU()
    (8): MaxPool2d(kernel_size=2, stride=2, padding=0, dilation=1, ceil_mode=False)
    (9): Flatten(start_dim=1, end_dim=-1)
    (10): Linear(in_features=512, out_features=512, bias=True)
    (11): ReLU()
    (12): Linear(in_features=512, out_features=256, bias=True)
    (13): ReLU()
    (14): Linear(in_features=256, out_features=100, bias=True)
  )
)
INFO:__main__:CHILD MODEL LOSS: 2.143777889251709 with train time 40.41609311103821
INFO:__main__:CHILD MODEL ACCURACY: 0.4311
INFO:__main__:Policy gradient: 0.037731099873781204
INFO:__main__:
INFO:__main__:------ ITERATION 166 ------
INFO:__main__:Layers generated: [('128', '5', '2'), ('32', '5', '1')]
INFO:__main__:ChildCNNModel(
  (model): Sequential(
    (0): Conv2d(3, 128, kernel_size=(3, 3), stride=(1, 1), padding=(1, 1))
    (1): ReLU()
    (2): MaxPool2d(kernel_size=2, stride=2, padding=0, dilation=1, ceil_mode=False)
    (3): Conv2d(128, 128, kernel_size=(5, 5), stride=(1, 1), padding=(2, 2))
    (4): ReLU()
    (5): MaxPool2d(kernel_size=2, stride=2, padding=0, dilation=1, ceil_mode=False)
    (6): Conv2d(128, 32, kernel_size=(5, 5), stride=(1, 1), padding=(1, 1))
    (7): ReLU()
    (8): MaxPool2d(kernel_size=2, stride=2, padding=0, dilation=1, ceil_mode=False)
    (9): Flatten(start_dim=1, end_dim=-1)
    (10): Linear(in_features=288, out_features=512, bias=True)
    (11): ReLU()
    (12): Linear(in_features=512, out_features=256, bias=True)
    (13): ReLU()
    (14): Linear(in_features=256, out_features=100, bias=True)
  )
)
INFO:__main__:CHILD MODEL LOSS: 2.3069517312049865 with train time 48.70970392227173
INFO:__main__:CHILD MODEL ACCURACY: 0.3999
INFO:__main__:Policy gradient: -0.20051585137844086
INFO:__main__:
INFO:__main__:------ ITERATION 167 ------
INFO:__main__:Layers generated: [('128', '5', '2'), ('64', '3', '1')]
INFO:__main__:ChildCNNModel(
  (model): Sequential(
    (0): Conv2d(3, 128, kernel_size=(3, 3), stride=(1, 1), padding=(1, 1))
    (1): ReLU()
    (2): MaxPool2d(kernel_size=2, stride=2, padding=0, dilation=1, ceil_mode=False)
    (3): Conv2d(128, 128, kernel_size=(5, 5), stride=(1, 1), padding=(2, 2))
    (4): ReLU()
    (5): MaxPool2d(kernel_size=2, stride=2, padding=0, dilation=1, ceil_mode=False)
    (6): Conv2d(128, 64, kernel_size=(3, 3), stride=(1, 1), padding=(1, 1))
    (7): ReLU()
    (8): MaxPool2d(kernel_size=2, stride=2, padding=0, dilation=1, ceil_mode=False)
    (9): Flatten(start_dim=1, end_dim=-1)
    (10): Linear(in_features=1024, out_features=512, bias=True)
    (11): ReLU()
    (12): Linear(in_features=512, out_features=256, bias=True)
    (13): ReLU()
    (14): Linear(in_features=256, out_features=100, bias=True)
  )
)
INFO:__main__:CHILD MODEL LOSS: 2.05227383852005 with train time 48.57072997093201
INFO:__main__:CHILD MODEL ACCURACY: 0.4462
INFO:__main__:Policy gradient: 0.15777501463890076
INFO:__main__:
INFO:__main__:------ ITERATION 168 ------
INFO:__main__:Layers generated: [('128', '5', '0'), ('128', '5', '2')]
INFO:__main__:ChildCNNModel(
  (model): Sequential(
    (0): Conv2d(3, 128, kernel_size=(3, 3), stride=(1, 1), padding=(1, 1))
    (1): ReLU()
    (2): MaxPool2d(kernel_size=2, stride=2, padding=0, dilation=1, ceil_mode=False)
    (3): Conv2d(128, 128, kernel_size=(5, 5), stride=(1, 1))
    (4): ReLU()
    (5): MaxPool2d(kernel_size=2, stride=2, padding=0, dilation=1, ceil_mode=False)
    (6): Conv2d(128, 128, kernel_size=(5, 5), stride=(1, 1), padding=(2, 2))
    (7): ReLU()
    (8): MaxPool2d(kernel_size=2, stride=2, padding=0, dilation=1, ceil_mode=False)
    (9): Flatten(start_dim=1, end_dim=-1)
    (10): Linear(in_features=1152, out_features=512, bias=True)
    (11): ReLU()
    (12): Linear(in_features=512, out_features=256, bias=True)
    (13): ReLU()
    (14): Linear(in_features=256, out_features=100, bias=True)
  )
)
INFO:__main__:CHILD MODEL LOSS: 2.1138715443611145 with train time 44.566731214523315
INFO:__main__:CHILD MODEL ACCURACY: 0.4348
INFO:__main__:Policy gradient: 0.05976435914635658
INFO:__main__:
INFO:__main__:------ ITERATION 169 ------
INFO:__main__:Layers generated: [('64', '5', '0'), ('32', '5', '2')]
INFO:__main__:ChildCNNModel(
  (model): Sequential(
    (0): Conv2d(3, 128, kernel_size=(3, 3), stride=(1, 1), padding=(1, 1))
    (1): ReLU()
    (2): MaxPool2d(kernel_size=2, stride=2, padding=0, dilation=1, ceil_mode=False)
    (3): Conv2d(128, 64, kernel_size=(5, 5), stride=(1, 1))
    (4): ReLU()
    (5): MaxPool2d(kernel_size=2, stride=2, padding=0, dilation=1, ceil_mode=False)
    (6): Conv2d(64, 32, kernel_size=(5, 5), stride=(1, 1), padding=(2, 2))
    (7): ReLU()
    (8): MaxPool2d(kernel_size=2, stride=2, padding=0, dilation=1, ceil_mode=False)
    (9): Flatten(start_dim=1, end_dim=-1)
    (10): Linear(in_features=288, out_features=512, bias=True)
    (11): ReLU()
    (12): Linear(in_features=512, out_features=256, bias=True)
    (13): ReLU()
    (14): Linear(in_features=256, out_features=100, bias=True)
  )
)
INFO:__main__:CHILD MODEL LOSS: 2.2090568451881407 with train time 40.706854820251465
INFO:__main__:CHILD MODEL ACCURACY: 0.4106
INFO:__main__:Policy gradient: -0.1181710883975029
INFO:__main__:
INFO:__main__:------ ITERATION 170 ------
INFO:__main__:Layers generated: [('256', '3', '0'), ('16', '5', '1')]
INFO:__main__:ChildCNNModel(
  (model): Sequential(
    (0): Conv2d(3, 128, kernel_size=(3, 3), stride=(1, 1), padding=(1, 1))
    (1): ReLU()
    (2): MaxPool2d(kernel_size=2, stride=2, padding=0, dilation=1, ceil_mode=False)
    (3): Conv2d(128, 256, kernel_size=(3, 3), stride=(1, 1))
    (4): ReLU()
    (5): MaxPool2d(kernel_size=2, stride=2, padding=0, dilation=1, ceil_mode=False)
    (6): Conv2d(256, 16, kernel_size=(5, 5), stride=(1, 1), padding=(1, 1))
    (7): ReLU()
    (8): MaxPool2d(kernel_size=2, stride=2, padding=0, dilation=1, ceil_mode=False)
    (9): Flatten(start_dim=1, end_dim=-1)
    (10): Linear(in_features=64, out_features=512, bias=True)
    (11): ReLU()
    (12): Linear(in_features=512, out_features=256, bias=True)
    (13): ReLU()
    (14): Linear(in_features=256, out_features=100, bias=True)
  )
)
INFO:__main__:CHILD MODEL LOSS: 2.3828559408187866 with train time 51.93054699897766
INFO:__main__:CHILD MODEL ACCURACY: 0.3707
INFO:__main__:Policy gradient: -0.4421146810054779
INFO:__main__:
INFO:__main__:------ ITERATION 171 ------
INFO:__main__:Layers generated: [('256', '5', '2'), ('64', '1', '1')]
INFO:__main__:ChildCNNModel(
  (model): Sequential(
    (0): Conv2d(3, 128, kernel_size=(3, 3), stride=(1, 1), padding=(1, 1))
    (1): ReLU()
    (2): MaxPool2d(kernel_size=2, stride=2, padding=0, dilation=1, ceil_mode=False)
    (3): Conv2d(128, 256, kernel_size=(5, 5), stride=(1, 1), padding=(2, 2))
    (4): ReLU()
    (5): MaxPool2d(kernel_size=2, stride=2, padding=0, dilation=1, ceil_mode=False)
    (6): Conv2d(256, 64, kernel_size=(1, 1), stride=(1, 1), padding=(1, 1))
    (7): ReLU()
    (8): MaxPool2d(kernel_size=2, stride=2, padding=0, dilation=1, ceil_mode=False)
    (9): Flatten(start_dim=1, end_dim=-1)
    (10): Linear(in_features=1600, out_features=512, bias=True)
    (11): ReLU()
    (12): Linear(in_features=512, out_features=256, bias=True)
    (13): ReLU()
    (14): Linear(in_features=256, out_features=100, bias=True)
  )
)
INFO:__main__:CHILD MODEL LOSS: 2.0202178325653075 with train time 67.92840600013733
INFO:__main__:CHILD MODEL ACCURACY: 0.4522
INFO:__main__:Policy gradient: 0.23772937059402466
INFO:__main__:
INFO:__main__:------ ITERATION 172 ------
INFO:__main__:Layers generated: [('256', '5', '2'), ('128', '3', '1')]
INFO:__main__:ChildCNNModel(
  (model): Sequential(
    (0): Conv2d(3, 128, kernel_size=(3, 3), stride=(1, 1), padding=(1, 1))
    (1): ReLU()
    (2): MaxPool2d(kernel_size=2, stride=2, padding=0, dilation=1, ceil_mode=False)
    (3): Conv2d(128, 256, kernel_size=(5, 5), stride=(1, 1), padding=(2, 2))
    (4): ReLU()
    (5): MaxPool2d(kernel_size=2, stride=2, padding=0, dilation=1, ceil_mode=False)
    (6): Conv2d(256, 128, kernel_size=(3, 3), stride=(1, 1), padding=(1, 1))
    (7): ReLU()
    (8): MaxPool2d(kernel_size=2, stride=2, padding=0, dilation=1, ceil_mode=False)
    (9): Flatten(start_dim=1, end_dim=-1)
    (10): Linear(in_features=2048, out_features=512, bias=True)
    (11): ReLU()
    (12): Linear(in_features=512, out_features=256, bias=True)
    (13): ReLU()
    (14): Linear(in_features=256, out_features=100, bias=True)
  )
)
INFO:__main__:CHILD MODEL LOSS: 1.9713817830085754 with train time 71.14570569992065
INFO:__main__:CHILD MODEL ACCURACY: 0.4596
INFO:__main__:Policy gradient: 0.2597169578075409
INFO:__main__:
INFO:__main__:------ ITERATION 173 ------
INFO:__main__:Layers generated: [('32', '5', '2'), ('64', '5', '2')]
INFO:__main__:ChildCNNModel(
  (model): Sequential(
    (0): Conv2d(3, 128, kernel_size=(3, 3), stride=(1, 1), padding=(1, 1))
    (1): ReLU()
    (2): MaxPool2d(kernel_size=2, stride=2, padding=0, dilation=1, ceil_mode=False)
    (3): Conv2d(128, 32, kernel_size=(5, 5), stride=(1, 1), padding=(2, 2))
    (4): ReLU()
    (5): MaxPool2d(kernel_size=2, stride=2, padding=0, dilation=1, ceil_mode=False)
    (6): Conv2d(32, 64, kernel_size=(5, 5), stride=(1, 1), padding=(2, 2))
    (7): ReLU()
    (8): MaxPool2d(kernel_size=2, stride=2, padding=0, dilation=1, ceil_mode=False)
    (9): Flatten(start_dim=1, end_dim=-1)
    (10): Linear(in_features=1024, out_features=512, bias=True)
    (11): ReLU()
    (12): Linear(in_features=512, out_features=256, bias=True)
    (13): ReLU()
    (14): Linear(in_features=256, out_features=100, bias=True)
  )
)
INFO:__main__:CHILD MODEL LOSS: 2.1227348675727846 with train time 41.1143684387207
INFO:__main__:CHILD MODEL ACCURACY: 0.4313
INFO:__main__:Policy gradient: 0.03134562820196152
INFO:__main__:
INFO:__main__:------ ITERATION 174 ------
INFO:__main__:Layers generated: [('128', '5', '1'), ('128', '3', '1')]
INFO:__main__:ChildCNNModel(
  (model): Sequential(
    (0): Conv2d(3, 128, kernel_size=(3, 3), stride=(1, 1), padding=(1, 1))
    (1): ReLU()
    (2): MaxPool2d(kernel_size=2, stride=2, padding=0, dilation=1, ceil_mode=False)
    (3): Conv2d(128, 128, kernel_size=(5, 5), stride=(1, 1), padding=(1, 1))
    (4): ReLU()
    (5): MaxPool2d(kernel_size=2, stride=2, padding=0, dilation=1, ceil_mode=False)
    (6): Conv2d(128, 128, kernel_size=(3, 3), stride=(1, 1), padding=(1, 1))
    (7): ReLU()
    (8): MaxPool2d(kernel_size=2, stride=2, padding=0, dilation=1, ceil_mode=False)
    (9): Flatten(start_dim=1, end_dim=-1)
    (10): Linear(in_features=1152, out_features=512, bias=True)
    (11): ReLU()
    (12): Linear(in_features=512, out_features=256, bias=True)
    (13): ReLU()
    (14): Linear(in_features=256, out_features=100, bias=True)
  )
)
INFO:__main__:CHILD MODEL LOSS: 2.0730127992630005 with train time 45.99742603302002
INFO:__main__:CHILD MODEL ACCURACY: 0.4369
INFO:__main__:Policy gradient: 0.07335049659013748
INFO:__main__:
INFO:__main__:------ ITERATION 175 ------
INFO:__main__:Layers generated: [('128', '5', '2'), ('256', '5', '2')]
INFO:__main__:ChildCNNModel(
  (model): Sequential(
    (0): Conv2d(3, 128, kernel_size=(3, 3), stride=(1, 1), padding=(1, 1))
    (1): ReLU()
    (2): MaxPool2d(kernel_size=2, stride=2, padding=0, dilation=1, ceil_mode=False)
    (3): Conv2d(128, 128, kernel_size=(5, 5), stride=(1, 1), padding=(2, 2))
    (4): ReLU()
    (5): MaxPool2d(kernel_size=2, stride=2, padding=0, dilation=1, ceil_mode=False)
    (6): Conv2d(128, 256, kernel_size=(5, 5), stride=(1, 1), padding=(2, 2))
    (7): ReLU()
    (8): MaxPool2d(kernel_size=2, stride=2, padding=0, dilation=1, ceil_mode=False)
    (9): Flatten(start_dim=1, end_dim=-1)
    (10): Linear(in_features=4096, out_features=512, bias=True)
    (11): ReLU()
    (12): Linear(in_features=512, out_features=256, bias=True)
    (13): ReLU()
    (14): Linear(in_features=256, out_features=100, bias=True)
  )
)
INFO:__main__:CHILD MODEL LOSS: 1.974020974636078 with train time 57.90731692314148
INFO:__main__:CHILD MODEL ACCURACY: 0.4476
INFO:__main__:Policy gradient: 0.12895320355892181
INFO:__main__:
INFO:__main__:------ ITERATION 176 ------
INFO:__main__:Layers generated: [('64', '1', '1'), ('64', '5', '0')]
INFO:__main__:ChildCNNModel(
  (model): Sequential(
    (0): Conv2d(3, 128, kernel_size=(3, 3), stride=(1, 1), padding=(1, 1))
    (1): ReLU()
    (2): MaxPool2d(kernel_size=2, stride=2, padding=0, dilation=1, ceil_mode=False)
    (3): Conv2d(128, 64, kernel_size=(1, 1), stride=(1, 1), padding=(1, 1))
    (4): ReLU()
    (5): MaxPool2d(kernel_size=2, stride=2, padding=0, dilation=1, ceil_mode=False)
    (6): Conv2d(64, 64, kernel_size=(5, 5), stride=(1, 1))
    (7): ReLU()
    (8): MaxPool2d(kernel_size=2, stride=2, padding=0, dilation=1, ceil_mode=False)
    (9): Flatten(start_dim=1, end_dim=-1)
    (10): Linear(in_features=256, out_features=512, bias=True)
    (11): ReLU()
    (12): Linear(in_features=512, out_features=256, bias=True)
    (13): ReLU()
    (14): Linear(in_features=256, out_features=100, bias=True)
  )
)
INFO:__main__:CHILD MODEL LOSS: 2.3556986379623415 with train time 43.76914405822754
INFO:__main__:CHILD MODEL ACCURACY: 0.4023
INFO:__main__:Policy gradient: -0.21070198714733124
INFO:__main__:
INFO:__main__:------ ITERATION 177 ------
INFO:__main__:Layers generated: [('256', '3', '1'), ('256', '5', '0')]
INFO:__main__:ChildCNNModel(
  (model): Sequential(
    (0): Conv2d(3, 128, kernel_size=(3, 3), stride=(1, 1), padding=(1, 1))
    (1): ReLU()
    (2): MaxPool2d(kernel_size=2, stride=2, padding=0, dilation=1, ceil_mode=False)
    (3): Conv2d(128, 256, kernel_size=(3, 3), stride=(1, 1), padding=(1, 1))
    (4): ReLU()
    (5): MaxPool2d(kernel_size=2, stride=2, padding=0, dilation=1, ceil_mode=False)
    (6): Conv2d(256, 256, kernel_size=(5, 5), stride=(1, 1))
    (7): ReLU()
    (8): MaxPool2d(kernel_size=2, stride=2, padding=0, dilation=1, ceil_mode=False)
    (9): Flatten(start_dim=1, end_dim=-1)
    (10): Linear(in_features=1024, out_features=512, bias=True)
    (11): ReLU()
    (12): Linear(in_features=512, out_features=256, bias=True)
    (13): ReLU()
    (14): Linear(in_features=256, out_features=100, bias=True)
  )
)
INFO:__main__:CHILD MODEL LOSS: 1.9009431385993958 with train time 56.017210721969604
INFO:__main__:CHILD MODEL ACCURACY: 0.4722
INFO:__main__:Policy gradient: 0.33635440468788147
INFO:__main__:
INFO:__main__:------ ITERATION 178 ------
INFO:__main__:Layers generated: [('16', '5', '0'), ('64', '1', '2')]
INFO:__main__:ChildCNNModel(
  (model): Sequential(
    (0): Conv2d(3, 128, kernel_size=(3, 3), stride=(1, 1), padding=(1, 1))
    (1): ReLU()
    (2): MaxPool2d(kernel_size=2, stride=2, padding=0, dilation=1, ceil_mode=False)
    (3): Conv2d(128, 16, kernel_size=(5, 5), stride=(1, 1))
    (4): ReLU()
    (5): MaxPool2d(kernel_size=2, stride=2, padding=0, dilation=1, ceil_mode=False)
    (6): Conv2d(16, 64, kernel_size=(1, 1), stride=(1, 1), padding=(2, 2))
    (7): ReLU()
    (8): MaxPool2d(kernel_size=2, stride=2, padding=0, dilation=1, ceil_mode=False)
    (9): Flatten(start_dim=1, end_dim=-1)
    (10): Linear(in_features=1600, out_features=512, bias=True)
    (11): ReLU()
    (12): Linear(in_features=512, out_features=256, bias=True)
    (13): ReLU()
    (14): Linear(in_features=256, out_features=100, bias=True)
  )
)
INFO:__main__:CHILD MODEL LOSS: 2.4876601333618162 with train time 45.19142293930054
INFO:__main__:CHILD MODEL ACCURACY: 0.3695
INFO:__main__:Policy gradient: -0.47801297903060913
INFO:__main__:
INFO:__main__:------ ITERATION 179 ------
INFO:__main__:Layers generated: [('16', '1', '0'), ('256', '5', '2')]
INFO:__main__:ChildCNNModel(
  (model): Sequential(
    (0): Conv2d(3, 128, kernel_size=(3, 3), stride=(1, 1), padding=(1, 1))
    (1): ReLU()
    (2): MaxPool2d(kernel_size=2, stride=2, padding=0, dilation=1, ceil_mode=False)
    (3): Conv2d(128, 16, kernel_size=(1, 1), stride=(1, 1))
    (4): ReLU()
    (5): MaxPool2d(kernel_size=2, stride=2, padding=0, dilation=1, ceil_mode=False)
    (6): Conv2d(16, 256, kernel_size=(5, 5), stride=(1, 1), padding=(2, 2))
    (7): ReLU()
    (8): MaxPool2d(kernel_size=2, stride=2, padding=0, dilation=1, ceil_mode=False)
    (9): Flatten(start_dim=1, end_dim=-1)
    (10): Linear(in_features=4096, out_features=512, bias=True)
    (11): ReLU()
    (12): Linear(in_features=512, out_features=256, bias=True)
    (13): ReLU()
    (14): Linear(in_features=256, out_features=100, bias=True)
  )
)
INFO:__main__:CHILD MODEL LOSS: 2.1413027210235596 with train time 45.452093839645386
INFO:__main__:CHILD MODEL ACCURACY: 0.4219
INFO:__main__:Policy gradient: -0.028346115723252296
INFO:__main__:
INFO:__main__:------ ITERATION 180 ------
INFO:__main__:Layers generated: [('64', '3', '2'), ('32', '3', '2')]
INFO:__main__:ChildCNNModel(
  (model): Sequential(
    (0): Conv2d(3, 128, kernel_size=(3, 3), stride=(1, 1), padding=(1, 1))
    (1): ReLU()
    (2): MaxPool2d(kernel_size=2, stride=2, padding=0, dilation=1, ceil_mode=False)
    (3): Conv2d(128, 64, kernel_size=(3, 3), stride=(1, 1), padding=(2, 2))
    (4): ReLU()
    (5): MaxPool2d(kernel_size=2, stride=2, padding=0, dilation=1, ceil_mode=False)
    (6): Conv2d(64, 32, kernel_size=(3, 3), stride=(1, 1), padding=(2, 2))
    (7): ReLU()
    (8): MaxPool2d(kernel_size=2, stride=2, padding=0, dilation=1, ceil_mode=False)
    (9): Flatten(start_dim=1, end_dim=-1)
    (10): Linear(in_features=800, out_features=512, bias=True)
    (11): ReLU()
    (12): Linear(in_features=512, out_features=256, bias=True)
    (13): ReLU()
    (14): Linear(in_features=256, out_features=100, bias=True)
  )
)
INFO:__main__:CHILD MODEL LOSS: 2.0911872262954714 with train time 46.69688844680786
INFO:__main__:CHILD MODEL ACCURACY: 0.4271
INFO:__main__:Policy gradient: 0.013105124235153198
INFO:__main__:
INFO:__main__:------ ITERATION 181 ------
INFO:__main__:Layers generated: [('256', '5', '2'), ('128', '3', '1')]
INFO:__main__:ChildCNNModel(
  (model): Sequential(
    (0): Conv2d(3, 128, kernel_size=(3, 3), stride=(1, 1), padding=(1, 1))
    (1): ReLU()
    (2): MaxPool2d(kernel_size=2, stride=2, padding=0, dilation=1, ceil_mode=False)
    (3): Conv2d(128, 256, kernel_size=(5, 5), stride=(1, 1), padding=(2, 2))
    (4): ReLU()
    (5): MaxPool2d(kernel_size=2, stride=2, padding=0, dilation=1, ceil_mode=False)
    (6): Conv2d(256, 128, kernel_size=(3, 3), stride=(1, 1), padding=(1, 1))
    (7): ReLU()
    (8): MaxPool2d(kernel_size=2, stride=2, padding=0, dilation=1, ceil_mode=False)
    (9): Flatten(start_dim=1, end_dim=-1)
    (10): Linear(in_features=2048, out_features=512, bias=True)
    (11): ReLU()
    (12): Linear(in_features=512, out_features=256, bias=True)
    (13): ReLU()
    (14): Linear(in_features=256, out_features=100, bias=True)
  )
)
INFO:__main__:CHILD MODEL LOSS: 2.070012185096741 with train time 71.32605051994324
INFO:__main__:CHILD MODEL ACCURACY: 0.4444
INFO:__main__:Policy gradient: 0.13441750407218933
INFO:__main__:
INFO:__main__:------ ITERATION 182 ------
INFO:__main__:Layers generated: [('16', '3', '0'), ('32', '1', '2')]
INFO:__main__:ChildCNNModel(
  (model): Sequential(
    (0): Conv2d(3, 128, kernel_size=(3, 3), stride=(1, 1), padding=(1, 1))
    (1): ReLU()
    (2): MaxPool2d(kernel_size=2, stride=2, padding=0, dilation=1, ceil_mode=False)
    (3): Conv2d(128, 16, kernel_size=(3, 3), stride=(1, 1))
    (4): ReLU()
    (5): MaxPool2d(kernel_size=2, stride=2, padding=0, dilation=1, ceil_mode=False)
    (6): Conv2d(16, 32, kernel_size=(1, 1), stride=(1, 1), padding=(2, 2))
    (7): ReLU()
    (8): MaxPool2d(kernel_size=2, stride=2, padding=0, dilation=1, ceil_mode=False)
    (9): Flatten(start_dim=1, end_dim=-1)
    (10): Linear(in_features=800, out_features=512, bias=True)
    (11): ReLU()
    (12): Linear(in_features=512, out_features=256, bias=True)
    (13): ReLU()
    (14): Linear(in_features=256, out_features=100, bias=True)
  )
)
INFO:__main__:CHILD MODEL LOSS: 2.444843850135803 with train time 43.817466259002686
INFO:__main__:CHILD MODEL ACCURACY: 0.3797
INFO:__main__:Policy gradient: -0.3918193578720093
INFO:__main__:
INFO:__main__:------ ITERATION 183 ------
INFO:__main__:Layers generated: [('32', '5', '0'), ('256', '5', '0')]
INFO:__main__:ChildCNNModel(
  (model): Sequential(
    (0): Conv2d(3, 128, kernel_size=(3, 3), stride=(1, 1), padding=(1, 1))
    (1): ReLU()
    (2): MaxPool2d(kernel_size=2, stride=2, padding=0, dilation=1, ceil_mode=False)
    (3): Conv2d(128, 32, kernel_size=(5, 5), stride=(1, 1))
    (4): ReLU()
    (5): MaxPool2d(kernel_size=2, stride=2, padding=0, dilation=1, ceil_mode=False)
    (6): Conv2d(32, 256, kernel_size=(5, 5), stride=(1, 1))
    (7): ReLU()
    (8): MaxPool2d(kernel_size=2, stride=2, padding=0, dilation=1, ceil_mode=False)
    (9): Flatten(start_dim=1, end_dim=-1)
    (10): Linear(in_features=256, out_features=512, bias=True)
    (11): ReLU()
    (12): Linear(in_features=512, out_features=256, bias=True)
    (13): ReLU()
    (14): Linear(in_features=256, out_features=100, bias=True)
  )
)
INFO:__main__:CHILD MODEL LOSS: 2.1784387073516847 with train time 45.381202697753906
INFO:__main__:CHILD MODEL ACCURACY: 0.4149
INFO:__main__:Policy gradient: -0.057567745447158813
INFO:__main__:
INFO:__main__:------ ITERATION 184 ------
INFO:__main__:Layers generated: [('16', '1', '2'), ('16', '3', '2')]
INFO:__main__:ChildCNNModel(
  (model): Sequential(
    (0): Conv2d(3, 128, kernel_size=(3, 3), stride=(1, 1), padding=(1, 1))
    (1): ReLU()
    (2): MaxPool2d(kernel_size=2, stride=2, padding=0, dilation=1, ceil_mode=False)
    (3): Conv2d(128, 16, kernel_size=(1, 1), stride=(1, 1), padding=(2, 2))
    (4): ReLU()
    (5): MaxPool2d(kernel_size=2, stride=2, padding=0, dilation=1, ceil_mode=False)
    (6): Conv2d(16, 16, kernel_size=(3, 3), stride=(1, 1), padding=(2, 2))
    (7): ReLU()
    (8): MaxPool2d(kernel_size=2, stride=2, padding=0, dilation=1, ceil_mode=False)
    (9): Flatten(start_dim=1, end_dim=-1)
    (10): Linear(in_features=576, out_features=512, bias=True)
    (11): ReLU()
    (12): Linear(in_features=512, out_features=256, bias=True)
    (13): ReLU()
    (14): Linear(in_features=256, out_features=100, bias=True)
  )
)
INFO:__main__:CHILD MODEL LOSS: 2.5922127618789674 with train time 44.466867208480835
INFO:__main__:CHILD MODEL ACCURACY: 0.3439
INFO:__main__:Policy gradient: -0.6443018913269043
INFO:__main__:
INFO:__main__:------ ITERATION 185 ------
INFO:__main__:Layers generated: [('128', '3', '2'), ('256', '5', '0')]
INFO:__main__:ChildCNNModel(
  (model): Sequential(
    (0): Conv2d(3, 128, kernel_size=(3, 3), stride=(1, 1), padding=(1, 1))
    (1): ReLU()
    (2): MaxPool2d(kernel_size=2, stride=2, padding=0, dilation=1, ceil_mode=False)
    (3): Conv2d(128, 128, kernel_size=(3, 3), stride=(1, 1), padding=(2, 2))
    (4): ReLU()
    (5): MaxPool2d(kernel_size=2, stride=2, padding=0, dilation=1, ceil_mode=False)
    (6): Conv2d(128, 256, kernel_size=(5, 5), stride=(1, 1))
    (7): ReLU()
    (8): MaxPool2d(kernel_size=2, stride=2, padding=0, dilation=1, ceil_mode=False)
    (9): Flatten(start_dim=1, end_dim=-1)
    (10): Linear(in_features=1024, out_features=512, bias=True)
    (11): ReLU()
    (12): Linear(in_features=512, out_features=256, bias=True)
    (13): ReLU()
    (14): Linear(in_features=256, out_features=100, bias=True)
  )
)
INFO:__main__:CHILD MODEL LOSS: 1.9449498820304871 with train time 51.739055156707764
INFO:__main__:CHILD MODEL ACCURACY: 0.4634
INFO:__main__:Policy gradient: 0.3450638949871063
INFO:__main__:
INFO:__main__:------ ITERATION 186 ------
INFO:__main__:Layers generated: [('256', '1', '2'), ('16', '3', '0')]
INFO:__main__:ChildCNNModel(
  (model): Sequential(
    (0): Conv2d(3, 128, kernel_size=(3, 3), stride=(1, 1), padding=(1, 1))
    (1): ReLU()
    (2): MaxPool2d(kernel_size=2, stride=2, padding=0, dilation=1, ceil_mode=False)
    (3): Conv2d(128, 256, kernel_size=(1, 1), stride=(1, 1), padding=(2, 2))
    (4): ReLU()
    (5): MaxPool2d(kernel_size=2, stride=2, padding=0, dilation=1, ceil_mode=False)
    (6): Conv2d(256, 16, kernel_size=(3, 3), stride=(1, 1))
    (7): ReLU()
    (8): MaxPool2d(kernel_size=2, stride=2, padding=0, dilation=1, ceil_mode=False)
    (9): Flatten(start_dim=1, end_dim=-1)
    (10): Linear(in_features=256, out_features=512, bias=True)
    (11): ReLU()
    (12): Linear(in_features=512, out_features=256, bias=True)
    (13): ReLU()
    (14): Linear(in_features=256, out_features=100, bias=True)
  )
)
INFO:__main__:CHILD MODEL LOSS: 2.568652356147766 with train time 50.479137897491455
INFO:__main__:CHILD MODEL ACCURACY: 0.3593
INFO:__main__:Policy gradient: -0.4748665392398834
INFO:__main__:
INFO:__main__:------ ITERATION 187 ------
INFO:__main__:Layers generated: [('128', '5', '0'), ('16', '5', '2')]
INFO:__main__:ChildCNNModel(
  (model): Sequential(
    (0): Conv2d(3, 128, kernel_size=(3, 3), stride=(1, 1), padding=(1, 1))
    (1): ReLU()
    (2): MaxPool2d(kernel_size=2, stride=2, padding=0, dilation=1, ceil_mode=False)
    (3): Conv2d(128, 128, kernel_size=(5, 5), stride=(1, 1))
    (4): ReLU()
    (5): MaxPool2d(kernel_size=2, stride=2, padding=0, dilation=1, ceil_mode=False)
    (6): Conv2d(128, 16, kernel_size=(5, 5), stride=(1, 1), padding=(2, 2))
    (7): ReLU()
    (8): MaxPool2d(kernel_size=2, stride=2, padding=0, dilation=1, ceil_mode=False)
    (9): Flatten(start_dim=1, end_dim=-1)
    (10): Linear(in_features=144, out_features=512, bias=True)
    (11): ReLU()
    (12): Linear(in_features=512, out_features=256, bias=True)
    (13): ReLU()
    (14): Linear(in_features=256, out_features=100, bias=True)
  )
)
INFO:__main__:CHILD MODEL LOSS: 2.3265418825149538 with train time 44.7206244468689
INFO:__main__:CHILD MODEL ACCURACY: 0.398
INFO:__main__:Policy gradient: -0.11362189799547195
INFO:__main__:
INFO:__main__:------ ITERATION 188 ------
INFO:__main__:Layers generated: [('256', '5', '0'), ('32', '5', '2')]
INFO:__main__:ChildCNNModel(
  (model): Sequential(
    (0): Conv2d(3, 128, kernel_size=(3, 3), stride=(1, 1), padding=(1, 1))
    (1): ReLU()
    (2): MaxPool2d(kernel_size=2, stride=2, padding=0, dilation=1, ceil_mode=False)
    (3): Conv2d(128, 256, kernel_size=(5, 5), stride=(1, 1))
    (4): ReLU()
    (5): MaxPool2d(kernel_size=2, stride=2, padding=0, dilation=1, ceil_mode=False)
    (6): Conv2d(256, 32, kernel_size=(5, 5), stride=(1, 1), padding=(2, 2))
    (7): ReLU()
    (8): MaxPool2d(kernel_size=2, stride=2, padding=0, dilation=1, ceil_mode=False)
    (9): Flatten(start_dim=1, end_dim=-1)
    (10): Linear(in_features=288, out_features=512, bias=True)
    (11): ReLU()
    (12): Linear(in_features=512, out_features=256, bias=True)
    (13): ReLU()
    (14): Linear(in_features=256, out_features=100, bias=True)
  )
)
INFO:__main__:CHILD MODEL LOSS: 2.259356728553772 with train time 61.1672260761261
INFO:__main__:CHILD MODEL ACCURACY: 0.4049
INFO:__main__:Policy gradient: -0.047530923038721085
INFO:__main__:
INFO:__main__:------ ITERATION 189 ------
INFO:__main__:Layers generated: [('128', '1', '2'), ('32', '3', '0')]
INFO:__main__:ChildCNNModel(
  (model): Sequential(
    (0): Conv2d(3, 128, kernel_size=(3, 3), stride=(1, 1), padding=(1, 1))
    (1): ReLU()
    (2): MaxPool2d(kernel_size=2, stride=2, padding=0, dilation=1, ceil_mode=False)
    (3): Conv2d(128, 128, kernel_size=(1, 1), stride=(1, 1), padding=(2, 2))
    (4): ReLU()
    (5): MaxPool2d(kernel_size=2, stride=2, padding=0, dilation=1, ceil_mode=False)
    (6): Conv2d(128, 32, kernel_size=(3, 3), stride=(1, 1))
    (7): ReLU()
    (8): MaxPool2d(kernel_size=2, stride=2, padding=0, dilation=1, ceil_mode=False)
    (9): Flatten(start_dim=1, end_dim=-1)
    (10): Linear(in_features=512, out_features=512, bias=True)
    (11): ReLU()
    (12): Linear(in_features=512, out_features=256, bias=True)
    (13): ReLU()
    (14): Linear(in_features=256, out_features=100, bias=True)
  )
)
INFO:__main__:CHILD MODEL LOSS: 2.2813630738258364 with train time 44.89918398857117
INFO:__main__:CHILD MODEL ACCURACY: 0.4132
INFO:__main__:Policy gradient: 0.018170997500419617
INFO:__main__:
INFO:__main__:------ ITERATION 190 ------
INFO:__main__:Layers generated: [('256', '3', '0'), ('16', '1', '1')]
INFO:__main__:ChildCNNModel(
  (model): Sequential(
    (0): Conv2d(3, 128, kernel_size=(3, 3), stride=(1, 1), padding=(1, 1))
    (1): ReLU()
    (2): MaxPool2d(kernel_size=2, stride=2, padding=0, dilation=1, ceil_mode=False)
    (3): Conv2d(128, 256, kernel_size=(3, 3), stride=(1, 1))
    (4): ReLU()
    (5): MaxPool2d(kernel_size=2, stride=2, padding=0, dilation=1, ceil_mode=False)
    (6): Conv2d(256, 16, kernel_size=(1, 1), stride=(1, 1), padding=(1, 1))
    (7): ReLU()
    (8): MaxPool2d(kernel_size=2, stride=2, padding=0, dilation=1, ceil_mode=False)
    (9): Flatten(start_dim=1, end_dim=-1)
    (10): Linear(in_features=256, out_features=512, bias=True)
    (11): ReLU()
    (12): Linear(in_features=512, out_features=256, bias=True)
    (13): ReLU()
    (14): Linear(in_features=256, out_features=100, bias=True)
  )
)
INFO:__main__:CHILD MODEL LOSS: 2.2701656837463378 with train time 47.453065633773804
INFO:__main__:CHILD MODEL ACCURACY: 0.3977
INFO:__main__:Policy gradient: -0.11443110555410385
INFO:__main__:
INFO:__main__:------ ITERATION 191 ------
INFO:__main__:Layers generated: [('64', '3', '2'), ('16', '5', '0')]
INFO:__main__:ChildCNNModel(
  (model): Sequential(
    (0): Conv2d(3, 128, kernel_size=(3, 3), stride=(1, 1), padding=(1, 1))
    (1): ReLU()
    (2): MaxPool2d(kernel_size=2, stride=2, padding=0, dilation=1, ceil_mode=False)
    (3): Conv2d(128, 64, kernel_size=(3, 3), stride=(1, 1), padding=(2, 2))
    (4): ReLU()
    (5): MaxPool2d(kernel_size=2, stride=2, padding=0, dilation=1, ceil_mode=False)
    (6): Conv2d(64, 16, kernel_size=(5, 5), stride=(1, 1))
    (7): ReLU()
    (8): MaxPool2d(kernel_size=2, stride=2, padding=0, dilation=1, ceil_mode=False)
    (9): Flatten(start_dim=1, end_dim=-1)
    (10): Linear(in_features=64, out_features=512, bias=True)
    (11): ReLU()
    (12): Linear(in_features=512, out_features=256, bias=True)
    (13): ReLU()
    (14): Linear(in_features=256, out_features=100, bias=True)
  )
)
INFO:__main__:CHILD MODEL LOSS: 2.635889759063721 with train time 43.27234601974487
INFO:__main__:CHILD MODEL ACCURACY: 0.3363
INFO:__main__:Policy gradient: -0.5525435209274292
INFO:__main__:
INFO:__main__:------ ITERATION 192 ------
INFO:__main__:Layers generated: [('16', '1', '2'), ('128', '5', '2')]
INFO:__main__:ChildCNNModel(
  (model): Sequential(
    (0): Conv2d(3, 128, kernel_size=(3, 3), stride=(1, 1), padding=(1, 1))
    (1): ReLU()
    (2): MaxPool2d(kernel_size=2, stride=2, padding=0, dilation=1, ceil_mode=False)
    (3): Conv2d(128, 16, kernel_size=(1, 1), stride=(1, 1), padding=(2, 2))
    (4): ReLU()
    (5): MaxPool2d(kernel_size=2, stride=2, padding=0, dilation=1, ceil_mode=False)
    (6): Conv2d(16, 128, kernel_size=(5, 5), stride=(1, 1), padding=(2, 2))
    (7): ReLU()
    (8): MaxPool2d(kernel_size=2, stride=2, padding=0, dilation=1, ceil_mode=False)
    (9): Flatten(start_dim=1, end_dim=-1)
    (10): Linear(in_features=3200, out_features=512, bias=True)
    (11): ReLU()
    (12): Linear(in_features=512, out_features=256, bias=True)
    (13): ReLU()
    (14): Linear(in_features=256, out_features=100, bias=True)
  )
)
INFO:__main__:CHILD MODEL LOSS: 2.2489814023971557 with train time 42.31540846824646
INFO:__main__:CHILD MODEL ACCURACY: 0.4068
INFO:__main__:Policy gradient: 0.03328661620616913
INFO:__main__:
INFO:__main__:------ ITERATION 193 ------
INFO:__main__:Layers generated: [('64', '1', '1'), ('256', '3', '2')]
INFO:__main__:ChildCNNModel(
  (model): Sequential(
    (0): Conv2d(3, 128, kernel_size=(3, 3), stride=(1, 1), padding=(1, 1))
    (1): ReLU()
    (2): MaxPool2d(kernel_size=2, stride=2, padding=0, dilation=1, ceil_mode=False)
    (3): Conv2d(128, 64, kernel_size=(1, 1), stride=(1, 1), padding=(1, 1))
    (4): ReLU()
    (5): MaxPool2d(kernel_size=2, stride=2, padding=0, dilation=1, ceil_mode=False)
    (6): Conv2d(64, 256, kernel_size=(3, 3), stride=(1, 1), padding=(2, 2))
    (7): ReLU()
    (8): MaxPool2d(kernel_size=2, stride=2, padding=0, dilation=1, ceil_mode=False)
    (9): Flatten(start_dim=1, end_dim=-1)
    (10): Linear(in_features=6400, out_features=512, bias=True)
    (11): ReLU()
    (12): Linear(in_features=512, out_features=256, bias=True)
    (13): ReLU()
    (14): Linear(in_features=256, out_features=100, bias=True)
  )
)
INFO:__main__:CHILD MODEL LOSS: 1.9181558356285096 with train time 44.682135343551636
INFO:__main__:CHILD MODEL ACCURACY: 0.4664
INFO:__main__:Policy gradient: 0.4640195667743683
INFO:__main__:
INFO:__main__:------ ITERATION 194 ------
INFO:__main__:Layers generated: [('128', '3', '1'), ('64', '1', '2')]
INFO:__main__:ChildCNNModel(
  (model): Sequential(
    (0): Conv2d(3, 128, kernel_size=(3, 3), stride=(1, 1), padding=(1, 1))
    (1): ReLU()
    (2): MaxPool2d(kernel_size=2, stride=2, padding=0, dilation=1, ceil_mode=False)
    (3): Conv2d(128, 128, kernel_size=(3, 3), stride=(1, 1), padding=(1, 1))
    (4): ReLU()
    (5): MaxPool2d(kernel_size=2, stride=2, padding=0, dilation=1, ceil_mode=False)
    (6): Conv2d(128, 64, kernel_size=(1, 1), stride=(1, 1), padding=(2, 2))
    (7): ReLU()
    (8): MaxPool2d(kernel_size=2, stride=2, padding=0, dilation=1, ceil_mode=False)
    (9): Flatten(start_dim=1, end_dim=-1)
    (10): Linear(in_features=2304, out_features=512, bias=True)
    (11): ReLU()
    (12): Linear(in_features=512, out_features=256, bias=True)
    (13): ReLU()
    (14): Linear(in_features=256, out_features=100, bias=True)
  )
)
INFO:__main__:CHILD MODEL LOSS: 2.2136234374046326 with train time 44.798736333847046
INFO:__main__:CHILD MODEL ACCURACY: 0.4208
INFO:__main__:Policy gradient: 0.08684320002794266
INFO:__main__:
INFO:__main__:------ ITERATION 195 ------
INFO:__main__:Layers generated: [('32', '1', '1'), ('32', '5', '1')]
INFO:__main__:ChildCNNModel(
  (model): Sequential(
    (0): Conv2d(3, 128, kernel_size=(3, 3), stride=(1, 1), padding=(1, 1))
    (1): ReLU()
    (2): MaxPool2d(kernel_size=2, stride=2, padding=0, dilation=1, ceil_mode=False)
    (3): Conv2d(128, 32, kernel_size=(1, 1), stride=(1, 1), padding=(1, 1))
    (4): ReLU()
    (5): MaxPool2d(kernel_size=2, stride=2, padding=0, dilation=1, ceil_mode=False)
    (6): Conv2d(32, 32, kernel_size=(5, 5), stride=(1, 1), padding=(1, 1))
    (7): ReLU()
    (8): MaxPool2d(kernel_size=2, stride=2, padding=0, dilation=1, ceil_mode=False)
    (9): Flatten(start_dim=1, end_dim=-1)
    (10): Linear(in_features=288, out_features=512, bias=True)
    (11): ReLU()
    (12): Linear(in_features=512, out_features=256, bias=True)
    (13): ReLU()
    (14): Linear(in_features=256, out_features=100, bias=True)
  )
)
INFO:__main__:CHILD MODEL LOSS: 2.425148773193359 with train time 41.08258271217346
INFO:__main__:CHILD MODEL ACCURACY: 0.3834
INFO:__main__:Policy gradient: -0.2304362803697586
INFO:__main__:
INFO:__main__:------ ITERATION 196 ------
INFO:__main__:Layers generated: [('128', '1', '2'), ('64', '1', '2')]
INFO:__main__:ChildCNNModel(
  (model): Sequential(
    (0): Conv2d(3, 128, kernel_size=(3, 3), stride=(1, 1), padding=(1, 1))
    (1): ReLU()
    (2): MaxPool2d(kernel_size=2, stride=2, padding=0, dilation=1, ceil_mode=False)
    (3): Conv2d(128, 128, kernel_size=(1, 1), stride=(1, 1), padding=(2, 2))
    (4): ReLU()
    (5): MaxPool2d(kernel_size=2, stride=2, padding=0, dilation=1, ceil_mode=False)
    (6): Conv2d(128, 64, kernel_size=(1, 1), stride=(1, 1), padding=(2, 2))
    (7): ReLU()
    (8): MaxPool2d(kernel_size=2, stride=2, padding=0, dilation=1, ceil_mode=False)
    (9): Flatten(start_dim=1, end_dim=-1)
    (10): Linear(in_features=3136, out_features=512, bias=True)
    (11): ReLU()
    (12): Linear(in_features=512, out_features=256, bias=True)
    (13): ReLU()
    (14): Linear(in_features=256, out_features=100, bias=True)
  )
)
INFO:__main__:CHILD MODEL LOSS: 2.253364450454712 with train time 45.24077272415161
INFO:__main__:CHILD MODEL ACCURACY: 0.4046
INFO:__main__:Policy gradient: -0.022331183776259422
INFO:__main__:
INFO:__main__:------ ITERATION 197 ------
INFO:__main__:Layers generated: [('128', '5', '1'), ('256', '3', '0')]
INFO:__main__:ChildCNNModel(
  (model): Sequential(
    (0): Conv2d(3, 128, kernel_size=(3, 3), stride=(1, 1), padding=(1, 1))
    (1): ReLU()
    (2): MaxPool2d(kernel_size=2, stride=2, padding=0, dilation=1, ceil_mode=False)
    (3): Conv2d(128, 128, kernel_size=(5, 5), stride=(1, 1), padding=(1, 1))
    (4): ReLU()
    (5): MaxPool2d(kernel_size=2, stride=2, padding=0, dilation=1, ceil_mode=False)
    (6): Conv2d(128, 256, kernel_size=(3, 3), stride=(1, 1))
    (7): ReLU()
    (8): MaxPool2d(kernel_size=2, stride=2, padding=0, dilation=1, ceil_mode=False)
    (9): Flatten(start_dim=1, end_dim=-1)
    (10): Linear(in_features=1024, out_features=512, bias=True)
    (11): ReLU()
    (12): Linear(in_features=512, out_features=256, bias=True)
    (13): ReLU()
    (14): Linear(in_features=256, out_features=100, bias=True)
  )
)
INFO:__main__:CHILD MODEL LOSS: 2.082697768688202 with train time 47.070093393325806
INFO:__main__:CHILD MODEL ACCURACY: 0.4438
INFO:__main__:Policy gradient: 0.2684449553489685
INFO:__main__:
INFO:__main__:------ ITERATION 198 ------
INFO:__main__:Layers generated: [('128', '3', '2'), ('256', '5', '2')]
INFO:__main__:ChildCNNModel(
  (model): Sequential(
    (0): Conv2d(3, 128, kernel_size=(3, 3), stride=(1, 1), padding=(1, 1))
    (1): ReLU()
    (2): MaxPool2d(kernel_size=2, stride=2, padding=0, dilation=1, ceil_mode=False)
    (3): Conv2d(128, 128, kernel_size=(3, 3), stride=(1, 1), padding=(2, 2))
    (4): ReLU()
    (5): MaxPool2d(kernel_size=2, stride=2, padding=0, dilation=1, ceil_mode=False)
    (6): Conv2d(128, 256, kernel_size=(5, 5), stride=(1, 1), padding=(2, 2))
    (7): ReLU()
    (8): MaxPool2d(kernel_size=2, stride=2, padding=0, dilation=1, ceil_mode=False)
    (9): Flatten(start_dim=1, end_dim=-1)
    (10): Linear(in_features=4096, out_features=512, bias=True)
    (11): ReLU()
    (12): Linear(in_features=512, out_features=256, bias=True)
    (13): ReLU()
    (14): Linear(in_features=256, out_features=100, bias=True)
  )
)
INFO:__main__:CHILD MODEL LOSS: 1.9364787497520446 with train time 56.7043571472168
INFO:__main__:CHILD MODEL ACCURACY: 0.4576
INFO:__main__:Policy gradient: 0.31343942880630493
INFO:__main__:
INFO:__main__:------ ITERATION 199 ------
INFO:__main__:Layers generated: [('64', '3', '2'), ('64', '3', '1')]
INFO:__main__:ChildCNNModel(
  (model): Sequential(
    (0): Conv2d(3, 128, kernel_size=(3, 3), stride=(1, 1), padding=(1, 1))
    (1): ReLU()
    (2): MaxPool2d(kernel_size=2, stride=2, padding=0, dilation=1, ceil_mode=False)
    (3): Conv2d(128, 64, kernel_size=(3, 3), stride=(1, 1), padding=(2, 2))
    (4): ReLU()
    (5): MaxPool2d(kernel_size=2, stride=2, padding=0, dilation=1, ceil_mode=False)
    (6): Conv2d(64, 64, kernel_size=(3, 3), stride=(1, 1), padding=(1, 1))
    (7): ReLU()
    (8): MaxPool2d(kernel_size=2, stride=2, padding=0, dilation=1, ceil_mode=False)
    (9): Flatten(start_dim=1, end_dim=-1)
    (10): Linear(in_features=1024, out_features=512, bias=True)
    (11): ReLU()
    (12): Linear(in_features=512, out_features=256, bias=True)
    (13): ReLU()
    (14): Linear(in_features=256, out_features=100, bias=True)
  )
)
INFO:__main__:CHILD MODEL LOSS: 2.120665003299713 with train time 43.384807109832764
INFO:__main__:CHILD MODEL ACCURACY: 0.4414
INFO:__main__:Policy gradient: 0.1794777512550354
INFO:__main__:
INFO:__main__:------ ITERATION 200 ------
INFO:__main__:Layers generated: [('16', '3', '0'), ('256', '1', '2')]
INFO:__main__:ChildCNNModel(
  (model): Sequential(
    (0): Conv2d(3, 128, kernel_size=(3, 3), stride=(1, 1), padding=(1, 1))
    (1): ReLU()
    (2): MaxPool2d(kernel_size=2, stride=2, padding=0, dilation=1, ceil_mode=False)
    (3): Conv2d(128, 16, kernel_size=(3, 3), stride=(1, 1))
    (4): ReLU()
    (5): MaxPool2d(kernel_size=2, stride=2, padding=0, dilation=1, ceil_mode=False)
    (6): Conv2d(16, 256, kernel_size=(1, 1), stride=(1, 1), padding=(2, 2))
    (7): ReLU()
    (8): MaxPool2d(kernel_size=2, stride=2, padding=0, dilation=1, ceil_mode=False)
    (9): Flatten(start_dim=1, end_dim=-1)
    (10): Linear(in_features=6400, out_features=512, bias=True)
    (11): ReLU()
    (12): Linear(in_features=512, out_features=256, bias=True)
    (13): ReLU()
    (14): Linear(in_features=256, out_features=100, bias=True)
  )
)
INFO:__main__:CHILD MODEL LOSS: 4.6054899005889895 with train time 42.855172634124756
INFO:__main__:CHILD MODEL ACCURACY: 0.01
INFO:__main__:Policy gradient: -3.25905442237854
INFO:__main__:
INFO:__main__:------ ITERATION 201 ------
INFO:__main__:Layers generated: [('256', '5', '0'), ('64', '3', '1')]
INFO:__main__:ChildCNNModel(
  (model): Sequential(
    (0): Conv2d(3, 128, kernel_size=(3, 3), stride=(1, 1), padding=(1, 1))
    (1): ReLU()
    (2): MaxPool2d(kernel_size=2, stride=2, padding=0, dilation=1, ceil_mode=False)
    (3): Conv2d(128, 256, kernel_size=(5, 5), stride=(1, 1))
    (4): ReLU()
    (5): MaxPool2d(kernel_size=2, stride=2, padding=0, dilation=1, ceil_mode=False)
    (6): Conv2d(256, 64, kernel_size=(3, 3), stride=(1, 1), padding=(1, 1))
    (7): ReLU()
    (8): MaxPool2d(kernel_size=2, stride=2, padding=0, dilation=1, ceil_mode=False)
    (9): Flatten(start_dim=1, end_dim=-1)
    (10): Linear(in_features=576, out_features=512, bias=True)
    (11): ReLU()
    (12): Linear(in_features=512, out_features=256, bias=True)
    (13): ReLU()
    (14): Linear(in_features=256, out_features=100, bias=True)
  )
)
INFO:__main__:CHILD MODEL LOSS: 2.1240313057899476 with train time 54.44230556488037
INFO:__main__:CHILD MODEL ACCURACY: 0.434
INFO:__main__:Policy gradient: 0.4078066349029541
INFO:__main__:
INFO:__main__:------ ITERATION 202 ------
INFO:__main__:Layers generated: [('256', '5', '0'), ('256', '5', '0')]
INFO:__main__:ChildCNNModel(
  (model): Sequential(
    (0): Conv2d(3, 128, kernel_size=(3, 3), stride=(1, 1), padding=(1, 1))
    (1): ReLU()
    (2): MaxPool2d(kernel_size=2, stride=2, padding=0, dilation=1, ceil_mode=False)
    (3): Conv2d(128, 256, kernel_size=(5, 5), stride=(1, 1))
    (4): ReLU()
    (5): MaxPool2d(kernel_size=2, stride=2, padding=0, dilation=1, ceil_mode=False)
    (6): Conv2d(256, 256, kernel_size=(5, 5), stride=(1, 1))
    (7): ReLU()
    (8): MaxPool2d(kernel_size=2, stride=2, padding=0, dilation=1, ceil_mode=False)
    (9): Flatten(start_dim=1, end_dim=-1)
    (10): Linear(in_features=256, out_features=512, bias=True)
    (11): ReLU()
    (12): Linear(in_features=512, out_features=256, bias=True)
    (13): ReLU()
    (14): Linear(in_features=256, out_features=100, bias=True)
  )
)
INFO:__main__:CHILD MODEL LOSS: 2.0484943799972535 with train time 57.93886733055115
INFO:__main__:CHILD MODEL ACCURACY: 0.4324
INFO:__main__:Policy gradient: 0.34711185097694397
INFO:__main__:
INFO:__main__:------ ITERATION 203 ------
INFO:__main__:Layers generated: [('128', '3', '2'), ('32', '1', '2')]
INFO:__main__:ChildCNNModel(
  (model): Sequential(
    (0): Conv2d(3, 128, kernel_size=(3, 3), stride=(1, 1), padding=(1, 1))
    (1): ReLU()
    (2): MaxPool2d(kernel_size=2, stride=2, padding=0, dilation=1, ceil_mode=False)
    (3): Conv2d(128, 128, kernel_size=(3, 3), stride=(1, 1), padding=(2, 2))
    (4): ReLU()
    (5): MaxPool2d(kernel_size=2, stride=2, padding=0, dilation=1, ceil_mode=False)
    (6): Conv2d(128, 32, kernel_size=(1, 1), stride=(1, 1), padding=(2, 2))
    (7): ReLU()
    (8): MaxPool2d(kernel_size=2, stride=2, padding=0, dilation=1, ceil_mode=False)
    (9): Flatten(start_dim=1, end_dim=-1)
    (10): Linear(in_features=1152, out_features=512, bias=True)
    (11): ReLU()
    (12): Linear(in_features=512, out_features=256, bias=True)
    (13): ReLU()
    (14): Linear(in_features=256, out_features=100, bias=True)
  )
)
INFO:__main__:CHILD MODEL LOSS: 2.172335073471069 with train time 46.7998571395874
INFO:__main__:CHILD MODEL ACCURACY: 0.4162
INFO:__main__:Policy gradient: 0.21280363202095032
INFO:__main__:
INFO:__main__:------ ITERATION 204 ------
INFO:__main__:Layers generated: [('32', '3', '0'), ('256', '1', '2')]
INFO:__main__:ChildCNNModel(
  (model): Sequential(
    (0): Conv2d(3, 128, kernel_size=(3, 3), stride=(1, 1), padding=(1, 1))
    (1): ReLU()
    (2): MaxPool2d(kernel_size=2, stride=2, padding=0, dilation=1, ceil_mode=False)
    (3): Conv2d(128, 32, kernel_size=(3, 3), stride=(1, 1))
    (4): ReLU()
    (5): MaxPool2d(kernel_size=2, stride=2, padding=0, dilation=1, ceil_mode=False)
    (6): Conv2d(32, 256, kernel_size=(1, 1), stride=(1, 1), padding=(2, 2))
    (7): ReLU()
    (8): MaxPool2d(kernel_size=2, stride=2, padding=0, dilation=1, ceil_mode=False)
    (9): Flatten(start_dim=1, end_dim=-1)
    (10): Linear(in_features=6400, out_features=512, bias=True)
    (11): ReLU()
    (12): Linear(in_features=512, out_features=256, bias=True)
    (13): ReLU()
    (14): Linear(in_features=256, out_features=100, bias=True)
  )
)
INFO:__main__:CHILD MODEL LOSS: 2.2235488567352295 with train time 42.58894681930542
INFO:__main__:CHILD MODEL ACCURACY: 0.4051
INFO:__main__:Policy gradient: 0.11096081137657166
INFO:__main__:
INFO:__main__:------ ITERATION 205 ------
INFO:__main__:Layers generated: [('128', '1', '2'), ('256', '3', '1')]
INFO:__main__:ChildCNNModel(
  (model): Sequential(
    (0): Conv2d(3, 128, kernel_size=(3, 3), stride=(1, 1), padding=(1, 1))
    (1): ReLU()
    (2): MaxPool2d(kernel_size=2, stride=2, padding=0, dilation=1, ceil_mode=False)
    (3): Conv2d(128, 128, kernel_size=(1, 1), stride=(1, 1), padding=(2, 2))
    (4): ReLU()
    (5): MaxPool2d(kernel_size=2, stride=2, padding=0, dilation=1, ceil_mode=False)
    (6): Conv2d(128, 256, kernel_size=(3, 3), stride=(1, 1), padding=(1, 1))
    (7): ReLU()
    (8): MaxPool2d(kernel_size=2, stride=2, padding=0, dilation=1, ceil_mode=False)
    (9): Flatten(start_dim=1, end_dim=-1)
    (10): Linear(in_features=6400, out_features=512, bias=True)
    (11): ReLU()
    (12): Linear(in_features=512, out_features=256, bias=True)
    (13): ReLU()
    (14): Linear(in_features=256, out_features=100, bias=True)
  )
)
INFO:__main__:CHILD MODEL LOSS: 1.9235504536628723 with train time 47.4804482460022
INFO:__main__:CHILD MODEL ACCURACY: 0.4649
INFO:__main__:Policy gradient: 0.5391049385070801
INFO:__main__:
INFO:__main__:------ ITERATION 206 ------
INFO:__main__:Layers generated: [('64', '5', '1'), ('16', '1', '1')]
INFO:__main__:ChildCNNModel(
  (model): Sequential(
    (0): Conv2d(3, 128, kernel_size=(3, 3), stride=(1, 1), padding=(1, 1))
    (1): ReLU()
    (2): MaxPool2d(kernel_size=2, stride=2, padding=0, dilation=1, ceil_mode=False)
    (3): Conv2d(128, 64, kernel_size=(5, 5), stride=(1, 1), padding=(1, 1))
    (4): ReLU()
    (5): MaxPool2d(kernel_size=2, stride=2, padding=0, dilation=1, ceil_mode=False)
    (6): Conv2d(64, 16, kernel_size=(1, 1), stride=(1, 1), padding=(1, 1))
    (7): ReLU()
    (8): MaxPool2d(kernel_size=2, stride=2, padding=0, dilation=1, ceil_mode=False)
    (9): Flatten(start_dim=1, end_dim=-1)
    (10): Linear(in_features=256, out_features=512, bias=True)
    (11): ReLU()
    (12): Linear(in_features=512, out_features=256, bias=True)
    (13): ReLU()
    (14): Linear(in_features=256, out_features=100, bias=True)
  )
)
INFO:__main__:CHILD MODEL LOSS: 2.3448374094963076 with train time 43.179813385009766
INFO:__main__:CHILD MODEL ACCURACY: 0.3932
INFO:__main__:Policy gradient: -0.05437704548239708
INFO:__main__:
INFO:__main__:------ ITERATION 207 ------
INFO:__main__:Layers generated: [('256', '1', '0'), ('256', '3', '1')]
INFO:__main__:ChildCNNModel(
  (model): Sequential(
    (0): Conv2d(3, 128, kernel_size=(3, 3), stride=(1, 1), padding=(1, 1))
    (1): ReLU()
    (2): MaxPool2d(kernel_size=2, stride=2, padding=0, dilation=1, ceil_mode=False)
    (3): Conv2d(128, 256, kernel_size=(1, 1), stride=(1, 1))
    (4): ReLU()
    (5): MaxPool2d(kernel_size=2, stride=2, padding=0, dilation=1, ceil_mode=False)
    (6): Conv2d(256, 256, kernel_size=(3, 3), stride=(1, 1), padding=(1, 1))
    (7): ReLU()
    (8): MaxPool2d(kernel_size=2, stride=2, padding=0, dilation=1, ceil_mode=False)
    (9): Flatten(start_dim=1, end_dim=-1)
    (10): Linear(in_features=4096, out_features=512, bias=True)
    (11): ReLU()
    (12): Linear(in_features=512, out_features=256, bias=True)
    (13): ReLU()
    (14): Linear(in_features=256, out_features=100, bias=True)
  )
)
INFO:__main__:CHILD MODEL LOSS: 1.903467146396637 with train time 47.65003037452698
INFO:__main__:CHILD MODEL ACCURACY: 0.4661
INFO:__main__:Policy gradient: 0.5153709650039673
INFO:__main__:
INFO:__main__:------ ITERATION 208 ------
INFO:__main__:Layers generated: [('64', '3', '1'), ('256', '1', '2')]
INFO:__main__:ChildCNNModel(
  (model): Sequential(
    (0): Conv2d(3, 128, kernel_size=(3, 3), stride=(1, 1), padding=(1, 1))
    (1): ReLU()
    (2): MaxPool2d(kernel_size=2, stride=2, padding=0, dilation=1, ceil_mode=False)
    (3): Conv2d(128, 64, kernel_size=(3, 3), stride=(1, 1), padding=(1, 1))
    (4): ReLU()
    (5): MaxPool2d(kernel_size=2, stride=2, padding=0, dilation=1, ceil_mode=False)
    (6): Conv2d(64, 256, kernel_size=(1, 1), stride=(1, 1), padding=(2, 2))
    (7): ReLU()
    (8): MaxPool2d(kernel_size=2, stride=2, padding=0, dilation=1, ceil_mode=False)
    (9): Flatten(start_dim=1, end_dim=-1)
    (10): Linear(in_features=9216, out_features=512, bias=True)
    (11): ReLU()
    (12): Linear(in_features=512, out_features=256, bias=True)
    (13): ReLU()
    (14): Linear(in_features=256, out_features=100, bias=True)
  )
)
INFO:__main__:CHILD MODEL LOSS: 2.1439831252098083 with train time 44.21342182159424
INFO:__main__:CHILD MODEL ACCURACY: 0.4366
INFO:__main__:Policy gradient: 0.2319512814283371
INFO:__main__:
INFO:__main__:------ ITERATION 209 ------
INFO:__main__:Layers generated: [('32', '1', '2'), ('256', '5', '0')]
INFO:__main__:ChildCNNModel(
  (model): Sequential(
    (0): Conv2d(3, 128, kernel_size=(3, 3), stride=(1, 1), padding=(1, 1))
    (1): ReLU()
    (2): MaxPool2d(kernel_size=2, stride=2, padding=0, dilation=1, ceil_mode=False)
    (3): Conv2d(128, 32, kernel_size=(1, 1), stride=(1, 1), padding=(2, 2))
    (4): ReLU()
    (5): MaxPool2d(kernel_size=2, stride=2, padding=0, dilation=1, ceil_mode=False)
    (6): Conv2d(32, 256, kernel_size=(5, 5), stride=(1, 1))
    (7): ReLU()
    (8): MaxPool2d(kernel_size=2, stride=2, padding=0, dilation=1, ceil_mode=False)
    (9): Flatten(start_dim=1, end_dim=-1)
    (10): Linear(in_features=2304, out_features=512, bias=True)
    (11): ReLU()
    (12): Linear(in_features=512, out_features=256, bias=True)
    (13): ReLU()
    (14): Linear(in_features=256, out_features=100, bias=True)
  )
)
INFO:__main__:CHILD MODEL LOSS: 2.090546317577362 with train time 42.0099835395813
INFO:__main__:CHILD MODEL ACCURACY: 0.4406
INFO:__main__:Policy gradient: 0.24234075844287872
INFO:__main__:
INFO:__main__:------ ITERATION 210 ------
INFO:__main__:Layers generated: [('16', '3', '1'), ('128', '3', '2')]
INFO:__main__:ChildCNNModel(
  (model): Sequential(
    (0): Conv2d(3, 128, kernel_size=(3, 3), stride=(1, 1), padding=(1, 1))
    (1): ReLU()
    (2): MaxPool2d(kernel_size=2, stride=2, padding=0, dilation=1, ceil_mode=False)
    (3): Conv2d(128, 16, kernel_size=(3, 3), stride=(1, 1), padding=(1, 1))
    (4): ReLU()
    (5): MaxPool2d(kernel_size=2, stride=2, padding=0, dilation=1, ceil_mode=False)
    (6): Conv2d(16, 128, kernel_size=(3, 3), stride=(1, 1), padding=(2, 2))
    (7): ReLU()
    (8): MaxPool2d(kernel_size=2, stride=2, padding=0, dilation=1, ceil_mode=False)
    (9): Flatten(start_dim=1, end_dim=-1)
    (10): Linear(in_features=3200, out_features=512, bias=True)
    (11): ReLU()
    (12): Linear(in_features=512, out_features=256, bias=True)
    (13): ReLU()
    (14): Linear(in_features=256, out_features=100, bias=True)
  )
)
INFO:__main__:CHILD MODEL LOSS: 2.1047632808685304 with train time 40.88333225250244
INFO:__main__:CHILD MODEL ACCURACY: 0.4332
INFO:__main__:Policy gradient: 0.16808301210403442
INFO:__main__:
INFO:__main__:------ ITERATION 211 ------
INFO:__main__:Layers generated: [('128', '3', '0'), ('256', '5', '1')]
INFO:__main__:ChildCNNModel(
  (model): Sequential(
    (0): Conv2d(3, 128, kernel_size=(3, 3), stride=(1, 1), padding=(1, 1))
    (1): ReLU()
    (2): MaxPool2d(kernel_size=2, stride=2, padding=0, dilation=1, ceil_mode=False)
    (3): Conv2d(128, 128, kernel_size=(3, 3), stride=(1, 1))
    (4): ReLU()
    (5): MaxPool2d(kernel_size=2, stride=2, padding=0, dilation=1, ceil_mode=False)
    (6): Conv2d(128, 256, kernel_size=(5, 5), stride=(1, 1), padding=(1, 1))
    (7): ReLU()
    (8): MaxPool2d(kernel_size=2, stride=2, padding=0, dilation=1, ceil_mode=False)
    (9): Flatten(start_dim=1, end_dim=-1)
    (10): Linear(in_features=1024, out_features=512, bias=True)
    (11): ReLU()
    (12): Linear(in_features=512, out_features=256, bias=True)
    (13): ReLU()
    (14): Linear(in_features=256, out_features=100, bias=True)
  )
)
INFO:__main__:CHILD MODEL LOSS: 2.0242850856781005 with train time 44.70482063293457
INFO:__main__:CHILD MODEL ACCURACY: 0.4495
INFO:__main__:Policy gradient: 0.2495918720960617
INFO:__main__:
INFO:__main__:------ ITERATION 212 ------
INFO:__main__:Layers generated: [('128', '3', '2'), ('16', '3', '2')]
INFO:__main__:ChildCNNModel(
  (model): Sequential(
    (0): Conv2d(3, 128, kernel_size=(3, 3), stride=(1, 1), padding=(1, 1))
    (1): ReLU()
    (2): MaxPool2d(kernel_size=2, stride=2, padding=0, dilation=1, ceil_mode=False)
    (3): Conv2d(128, 128, kernel_size=(3, 3), stride=(1, 1), padding=(2, 2))
    (4): ReLU()
    (5): MaxPool2d(kernel_size=2, stride=2, padding=0, dilation=1, ceil_mode=False)
    (6): Conv2d(128, 16, kernel_size=(3, 3), stride=(1, 1), padding=(2, 2))
    (7): ReLU()
    (8): MaxPool2d(kernel_size=2, stride=2, padding=0, dilation=1, ceil_mode=False)
    (9): Flatten(start_dim=1, end_dim=-1)
    (10): Linear(in_features=400, out_features=512, bias=True)
    (11): ReLU()
    (12): Linear(in_features=512, out_features=256, bias=True)
    (13): ReLU()
    (14): Linear(in_features=256, out_features=100, bias=True)
  )
)
INFO:__main__:CHILD MODEL LOSS: 2.1612120299339295 with train time 46.9795196056366
INFO:__main__:CHILD MODEL ACCURACY: 0.4242
INFO:__main__:Policy gradient: 0.04901241138577461
INFO:__main__:
INFO:__main__:------ ITERATION 213 ------
INFO:__main__:Layers generated: [('64', '5', '2'), ('64', '5', '2')]
INFO:__main__:ChildCNNModel(
  (model): Sequential(
    (0): Conv2d(3, 128, kernel_size=(3, 3), stride=(1, 1), padding=(1, 1))
    (1): ReLU()
    (2): MaxPool2d(kernel_size=2, stride=2, padding=0, dilation=1, ceil_mode=False)
    (3): Conv2d(128, 64, kernel_size=(5, 5), stride=(1, 1), padding=(2, 2))
    (4): ReLU()
    (5): MaxPool2d(kernel_size=2, stride=2, padding=0, dilation=1, ceil_mode=False)
    (6): Conv2d(64, 64, kernel_size=(5, 5), stride=(1, 1), padding=(2, 2))
    (7): ReLU()
    (8): MaxPool2d(kernel_size=2, stride=2, padding=0, dilation=1, ceil_mode=False)
    (9): Flatten(start_dim=1, end_dim=-1)
    (10): Linear(in_features=1024, out_features=512, bias=True)
    (11): ReLU()
    (12): Linear(in_features=512, out_features=256, bias=True)
    (13): ReLU()
    (14): Linear(in_features=256, out_features=100, bias=True)
  )
)
INFO:__main__:CHILD MODEL LOSS: 2.0963847227096557 with train time 44.378475189208984
INFO:__main__:CHILD MODEL ACCURACY: 0.4298
INFO:__main__:Policy gradient: 0.07318726927042007
INFO:__main__:
INFO:__main__:------ ITERATION 214 ------
INFO:__main__:Layers generated: [('256', '5', '0'), ('64', '5', '2')]
INFO:__main__:ChildCNNModel(
  (model): Sequential(
    (0): Conv2d(3, 128, kernel_size=(3, 3), stride=(1, 1), padding=(1, 1))
    (1): ReLU()
    (2): MaxPool2d(kernel_size=2, stride=2, padding=0, dilation=1, ceil_mode=False)
    (3): Conv2d(128, 256, kernel_size=(5, 5), stride=(1, 1))
    (4): ReLU()
    (5): MaxPool2d(kernel_size=2, stride=2, padding=0, dilation=1, ceil_mode=False)
    (6): Conv2d(256, 64, kernel_size=(5, 5), stride=(1, 1), padding=(2, 2))
    (7): ReLU()
    (8): MaxPool2d(kernel_size=2, stride=2, padding=0, dilation=1, ceil_mode=False)
    (9): Flatten(start_dim=1, end_dim=-1)
    (10): Linear(in_features=576, out_features=512, bias=True)
    (11): ReLU()
    (12): Linear(in_features=512, out_features=256, bias=True)
    (13): ReLU()
    (14): Linear(in_features=256, out_features=100, bias=True)
  )
)
INFO:__main__:CHILD MODEL LOSS: 2.02784783744812 with train time 56.28544592857361
INFO:__main__:CHILD MODEL ACCURACY: 0.4481
INFO:__main__:Policy gradient: 0.18949957191944122
INFO:__main__:
INFO:__main__:------ ITERATION 215 ------
INFO:__main__:Layers generated: [('32', '3', '2'), ('64', '5', '0')]
INFO:__main__:ChildCNNModel(
  (model): Sequential(
    (0): Conv2d(3, 128, kernel_size=(3, 3), stride=(1, 1), padding=(1, 1))
    (1): ReLU()
    (2): MaxPool2d(kernel_size=2, stride=2, padding=0, dilation=1, ceil_mode=False)
    (3): Conv2d(128, 32, kernel_size=(3, 3), stride=(1, 1), padding=(2, 2))
    (4): ReLU()
    (5): MaxPool2d(kernel_size=2, stride=2, padding=0, dilation=1, ceil_mode=False)
    (6): Conv2d(32, 64, kernel_size=(5, 5), stride=(1, 1))
    (7): ReLU()
    (8): MaxPool2d(kernel_size=2, stride=2, padding=0, dilation=1, ceil_mode=False)
    (9): Flatten(start_dim=1, end_dim=-1)
    (10): Linear(in_features=256, out_features=512, bias=True)
    (11): ReLU()
    (12): Linear(in_features=512, out_features=256, bias=True)
    (13): ReLU()
    (14): Linear(in_features=256, out_features=100, bias=True)
  )
)
INFO:__main__:CHILD MODEL LOSS: 2.326825620651245 with train time 42.53144407272339
INFO:__main__:CHILD MODEL ACCURACY: 0.3984
INFO:__main__:Policy gradient: -0.1732059121131897
INFO:__main__:
INFO:__main__:------ ITERATION 216 ------
INFO:__main__:Layers generated: [('64', '5', '2'), ('16', '5', '2')]
INFO:__main__:ChildCNNModel(
  (model): Sequential(
    (0): Conv2d(3, 128, kernel_size=(3, 3), stride=(1, 1), padding=(1, 1))
    (1): ReLU()
    (2): MaxPool2d(kernel_size=2, stride=2, padding=0, dilation=1, ceil_mode=False)
    (3): Conv2d(128, 64, kernel_size=(5, 5), stride=(1, 1), padding=(2, 2))
    (4): ReLU()
    (5): MaxPool2d(kernel_size=2, stride=2, padding=0, dilation=1, ceil_mode=False)
    (6): Conv2d(64, 16, kernel_size=(5, 5), stride=(1, 1), padding=(2, 2))
    (7): ReLU()
    (8): MaxPool2d(kernel_size=2, stride=2, padding=0, dilation=1, ceil_mode=False)
    (9): Flatten(start_dim=1, end_dim=-1)
    (10): Linear(in_features=256, out_features=512, bias=True)
    (11): ReLU()
    (12): Linear(in_features=512, out_features=256, bias=True)
    (13): ReLU()
    (14): Linear(in_features=256, out_features=100, bias=True)
  )
)
INFO:__main__:CHILD MODEL LOSS: 2.197042308807373 with train time 44.0964937210083
INFO:__main__:CHILD MODEL ACCURACY: 0.4122
INFO:__main__:Policy gradient: -0.055853839963674545
INFO:__main__:
INFO:__main__:------ ITERATION 217 ------
INFO:__main__:Layers generated: [('256', '3', '2'), ('256', '5', '2')]
INFO:__main__:ChildCNNModel(
  (model): Sequential(
    (0): Conv2d(3, 128, kernel_size=(3, 3), stride=(1, 1), padding=(1, 1))
    (1): ReLU()
    (2): MaxPool2d(kernel_size=2, stride=2, padding=0, dilation=1, ceil_mode=False)
    (3): Conv2d(128, 256, kernel_size=(3, 3), stride=(1, 1), padding=(2, 2))
    (4): ReLU()
    (5): MaxPool2d(kernel_size=2, stride=2, padding=0, dilation=1, ceil_mode=False)
    (6): Conv2d(256, 256, kernel_size=(5, 5), stride=(1, 1), padding=(2, 2))
    (7): ReLU()
    (8): MaxPool2d(kernel_size=2, stride=2, padding=0, dilation=1, ceil_mode=False)
    (9): Flatten(start_dim=1, end_dim=-1)
    (10): Linear(in_features=4096, out_features=512, bias=True)
    (11): ReLU()
    (12): Linear(in_features=512, out_features=256, bias=True)
    (13): ReLU()
    (14): Linear(in_features=256, out_features=100, bias=True)
  )
)
INFO:__main__:CHILD MODEL LOSS: 1.8276157908439636 with train time 83.64455795288086
INFO:__main__:CHILD MODEL ACCURACY: 0.4668
INFO:__main__:Policy gradient: 0.31250834465026855
INFO:__main__:
INFO:__main__:------ ITERATION 218 ------
INFO:__main__:Layers generated: [('16', '5', '2'), ('128', '3', '2')]
INFO:__main__:ChildCNNModel(
  (model): Sequential(
    (0): Conv2d(3, 128, kernel_size=(3, 3), stride=(1, 1), padding=(1, 1))
    (1): ReLU()
    (2): MaxPool2d(kernel_size=2, stride=2, padding=0, dilation=1, ceil_mode=False)
    (3): Conv2d(128, 16, kernel_size=(5, 5), stride=(1, 1), padding=(2, 2))
    (4): ReLU()
    (5): MaxPool2d(kernel_size=2, stride=2, padding=0, dilation=1, ceil_mode=False)
    (6): Conv2d(16, 128, kernel_size=(3, 3), stride=(1, 1), padding=(2, 2))
    (7): ReLU()
    (8): MaxPool2d(kernel_size=2, stride=2, padding=0, dilation=1, ceil_mode=False)
    (9): Flatten(start_dim=1, end_dim=-1)
    (10): Linear(in_features=3200, out_features=512, bias=True)
    (11): ReLU()
    (12): Linear(in_features=512, out_features=256, bias=True)
    (13): ReLU()
    (14): Linear(in_features=256, out_features=100, bias=True)
  )
)
INFO:__main__:CHILD MODEL LOSS: 3.132818672180176 with train time 42.73831748962402
INFO:__main__:CHILD MODEL ACCURACY: 0.2461
INFO:__main__:Policy gradient: -1.302153468132019
INFO:__main__:
INFO:__main__:------ ITERATION 219 ------
INFO:__main__:Layers generated: [('128', '3', '0'), ('128', '1', '1')]
INFO:__main__:ChildCNNModel(
  (model): Sequential(
    (0): Conv2d(3, 128, kernel_size=(3, 3), stride=(1, 1), padding=(1, 1))
    (1): ReLU()
    (2): MaxPool2d(kernel_size=2, stride=2, padding=0, dilation=1, ceil_mode=False)
    (3): Conv2d(128, 128, kernel_size=(3, 3), stride=(1, 1))
    (4): ReLU()
    (5): MaxPool2d(kernel_size=2, stride=2, padding=0, dilation=1, ceil_mode=False)
    (6): Conv2d(128, 128, kernel_size=(1, 1), stride=(1, 1), padding=(1, 1))
    (7): ReLU()
    (8): MaxPool2d(kernel_size=2, stride=2, padding=0, dilation=1, ceil_mode=False)
    (9): Flatten(start_dim=1, end_dim=-1)
    (10): Linear(in_features=2048, out_features=512, bias=True)
    (11): ReLU()
    (12): Linear(in_features=512, out_features=256, bias=True)
    (13): ReLU()
    (14): Linear(in_features=256, out_features=100, bias=True)
  )
)
INFO:__main__:CHILD MODEL LOSS: 2.135888207435608 with train time 43.68506574630737
INFO:__main__:CHILD MODEL ACCURACY: 0.4303
INFO:__main__:Policy gradient: 0.1871432065963745
INFO:__main__:
INFO:__main__:------ ITERATION 220 ------
INFO:__main__:Layers generated: [('64', '1', '2'), ('128', '5', '0')]
INFO:__main__:ChildCNNModel(
  (model): Sequential(
    (0): Conv2d(3, 128, kernel_size=(3, 3), stride=(1, 1), padding=(1, 1))
    (1): ReLU()
    (2): MaxPool2d(kernel_size=2, stride=2, padding=0, dilation=1, ceil_mode=False)
    (3): Conv2d(128, 64, kernel_size=(1, 1), stride=(1, 1), padding=(2, 2))
    (4): ReLU()
    (5): MaxPool2d(kernel_size=2, stride=2, padding=0, dilation=1, ceil_mode=False)
    (6): Conv2d(64, 128, kernel_size=(5, 5), stride=(1, 1))
    (7): ReLU()
    (8): MaxPool2d(kernel_size=2, stride=2, padding=0, dilation=1, ceil_mode=False)
    (9): Flatten(start_dim=1, end_dim=-1)
    (10): Linear(in_features=1152, out_features=512, bias=True)
    (11): ReLU()
    (12): Linear(in_features=512, out_features=256, bias=True)
    (13): ReLU()
    (14): Linear(in_features=256, out_features=100, bias=True)
  )
)
INFO:__main__:CHILD MODEL LOSS: 2.1761965417861937 with train time 42.53125023841858
INFO:__main__:CHILD MODEL ACCURACY: 0.4203
INFO:__main__:Policy gradient: 0.08339892327785492
INFO:__main__:
INFO:__main__:------ ITERATION 221 ------
INFO:__main__:Layers generated: [('32', '1', '2'), ('32', '3', '2')]
INFO:__main__:ChildCNNModel(
  (model): Sequential(
    (0): Conv2d(3, 128, kernel_size=(3, 3), stride=(1, 1), padding=(1, 1))
    (1): ReLU()
    (2): MaxPool2d(kernel_size=2, stride=2, padding=0, dilation=1, ceil_mode=False)
    (3): Conv2d(128, 32, kernel_size=(1, 1), stride=(1, 1), padding=(2, 2))
    (4): ReLU()
    (5): MaxPool2d(kernel_size=2, stride=2, padding=0, dilation=1, ceil_mode=False)
    (6): Conv2d(32, 32, kernel_size=(3, 3), stride=(1, 1), padding=(2, 2))
    (7): ReLU()
    (8): MaxPool2d(kernel_size=2, stride=2, padding=0, dilation=1, ceil_mode=False)
    (9): Flatten(start_dim=1, end_dim=-1)
    (10): Linear(in_features=1152, out_features=512, bias=True)
    (11): ReLU()
    (12): Linear(in_features=512, out_features=256, bias=True)
    (13): ReLU()
    (14): Linear(in_features=256, out_features=100, bias=True)
  )
)
INFO:__main__:CHILD MODEL LOSS: 2.3422887053489685 with train time 40.9323148727417
INFO:__main__:CHILD MODEL ACCURACY: 0.3867
INFO:__main__:Policy gradient: -0.18287549912929535
INFO:__main__:
INFO:__main__:------ ITERATION 222 ------
INFO:__main__:Layers generated: [('64', '1', '2'), ('128', '5', '0')]
INFO:__main__:ChildCNNModel(
  (model): Sequential(
    (0): Conv2d(3, 128, kernel_size=(3, 3), stride=(1, 1), padding=(1, 1))
    (1): ReLU()
    (2): MaxPool2d(kernel_size=2, stride=2, padding=0, dilation=1, ceil_mode=False)
    (3): Conv2d(128, 64, kernel_size=(1, 1), stride=(1, 1), padding=(2, 2))
    (4): ReLU()
    (5): MaxPool2d(kernel_size=2, stride=2, padding=0, dilation=1, ceil_mode=False)
    (6): Conv2d(64, 128, kernel_size=(5, 5), stride=(1, 1))
    (7): ReLU()
    (8): MaxPool2d(kernel_size=2, stride=2, padding=0, dilation=1, ceil_mode=False)
    (9): Flatten(start_dim=1, end_dim=-1)
    (10): Linear(in_features=1152, out_features=512, bias=True)
    (11): ReLU()
    (12): Linear(in_features=512, out_features=256, bias=True)
    (13): ReLU()
    (14): Linear(in_features=256, out_features=100, bias=True)
  )
)
INFO:__main__:CHILD MODEL LOSS: 2.103417553424835 with train time 42.45853781700134
INFO:__main__:CHILD MODEL ACCURACY: 0.437
INFO:__main__:Policy gradient: 0.2095060497522354
INFO:__main__:
INFO:__main__:------ ITERATION 223 ------
INFO:__main__:Layers generated: [('64', '5', '0'), ('64', '1', '1')]
INFO:__main__:ChildCNNModel(
  (model): Sequential(
    (0): Conv2d(3, 128, kernel_size=(3, 3), stride=(1, 1), padding=(1, 1))
    (1): ReLU()
    (2): MaxPool2d(kernel_size=2, stride=2, padding=0, dilation=1, ceil_mode=False)
    (3): Conv2d(128, 64, kernel_size=(5, 5), stride=(1, 1))
    (4): ReLU()
    (5): MaxPool2d(kernel_size=2, stride=2, padding=0, dilation=1, ceil_mode=False)
    (6): Conv2d(64, 64, kernel_size=(1, 1), stride=(1, 1), padding=(1, 1))
    (7): ReLU()
    (8): MaxPool2d(kernel_size=2, stride=2, padding=0, dilation=1, ceil_mode=False)
    (9): Flatten(start_dim=1, end_dim=-1)
    (10): Linear(in_features=1024, out_features=512, bias=True)
    (11): ReLU()
    (12): Linear(in_features=512, out_features=256, bias=True)
    (13): ReLU()
    (14): Linear(in_features=256, out_features=100, bias=True)
  )
)
INFO:__main__:CHILD MODEL LOSS: 2.1727371048927306 with train time 44.17232060432434
INFO:__main__:CHILD MODEL ACCURACY: 0.4252
INFO:__main__:Policy gradient: 0.11067420244216919
INFO:__main__:
INFO:__main__:------ ITERATION 224 ------
INFO:__main__:Layers generated: [('256', '5', '2'), ('128', '3', '2')]
INFO:__main__:ChildCNNModel(
  (model): Sequential(
    (0): Conv2d(3, 128, kernel_size=(3, 3), stride=(1, 1), padding=(1, 1))
    (1): ReLU()
    (2): MaxPool2d(kernel_size=2, stride=2, padding=0, dilation=1, ceil_mode=False)
    (3): Conv2d(128, 256, kernel_size=(5, 5), stride=(1, 1), padding=(2, 2))
    (4): ReLU()
    (5): MaxPool2d(kernel_size=2, stride=2, padding=0, dilation=1, ceil_mode=False)
    (6): Conv2d(256, 128, kernel_size=(3, 3), stride=(1, 1), padding=(2, 2))
    (7): ReLU()
    (8): MaxPool2d(kernel_size=2, stride=2, padding=0, dilation=1, ceil_mode=False)
    (9): Flatten(start_dim=1, end_dim=-1)
    (10): Linear(in_features=3200, out_features=512, bias=True)
    (11): ReLU()
    (12): Linear(in_features=512, out_features=256, bias=True)
    (13): ReLU()
    (14): Linear(in_features=256, out_features=100, bias=True)
  )
)
INFO:__main__:CHILD MODEL LOSS: 1.9214096918106078 with train time 73.55122900009155
INFO:__main__:CHILD MODEL ACCURACY: 0.4592
INFO:__main__:Policy gradient: 0.30855420231819153
INFO:__main__:
INFO:__main__:------ ITERATION 225 ------
INFO:__main__:Layers generated: [('64', '1', '1'), ('256', '1', '1')]
INFO:__main__:ChildCNNModel(
  (model): Sequential(
    (0): Conv2d(3, 128, kernel_size=(3, 3), stride=(1, 1), padding=(1, 1))
    (1): ReLU()
    (2): MaxPool2d(kernel_size=2, stride=2, padding=0, dilation=1, ceil_mode=False)
    (3): Conv2d(128, 64, kernel_size=(1, 1), stride=(1, 1), padding=(1, 1))
    (4): ReLU()
    (5): MaxPool2d(kernel_size=2, stride=2, padding=0, dilation=1, ceil_mode=False)
    (6): Conv2d(64, 256, kernel_size=(1, 1), stride=(1, 1), padding=(1, 1))
    (7): ReLU()
    (8): MaxPool2d(kernel_size=2, stride=2, padding=0, dilation=1, ceil_mode=False)
    (9): Flatten(start_dim=1, end_dim=-1)
    (10): Linear(in_features=6400, out_features=512, bias=True)
    (11): ReLU()
    (12): Linear(in_features=512, out_features=256, bias=True)
    (13): ReLU()
    (14): Linear(in_features=256, out_features=100, bias=True)
  )
)
INFO:__main__:CHILD MODEL LOSS: 2.1967760190963745 with train time 46.39420175552368
INFO:__main__:CHILD MODEL ACCURACY: 0.4145
INFO:__main__:Policy gradient: -0.016632061451673508
INFO:__main__:
INFO:__main__:------ ITERATION 226 ------
INFO:__main__:Layers generated: [('32', '5', '0'), ('256', '5', '2')]
INFO:__main__:ChildCNNModel(
  (model): Sequential(
    (0): Conv2d(3, 128, kernel_size=(3, 3), stride=(1, 1), padding=(1, 1))
    (1): ReLU()
    (2): MaxPool2d(kernel_size=2, stride=2, padding=0, dilation=1, ceil_mode=False)
    (3): Conv2d(128, 32, kernel_size=(5, 5), stride=(1, 1))
    (4): ReLU()
    (5): MaxPool2d(kernel_size=2, stride=2, padding=0, dilation=1, ceil_mode=False)
    (6): Conv2d(32, 256, kernel_size=(5, 5), stride=(1, 1), padding=(2, 2))
    (7): ReLU()
    (8): MaxPool2d(kernel_size=2, stride=2, padding=0, dilation=1, ceil_mode=False)
    (9): Flatten(start_dim=1, end_dim=-1)
    (10): Linear(in_features=2304, out_features=512, bias=True)
    (11): ReLU()
    (12): Linear(in_features=512, out_features=256, bias=True)
    (13): ReLU()
    (14): Linear(in_features=256, out_features=100, bias=True)
  )
)
INFO:__main__:CHILD MODEL LOSS: 2.234002567768097 with train time 46.274102449417114
INFO:__main__:CHILD MODEL ACCURACY: 0.4138
INFO:__main__:Policy gradient: -0.018585070967674255
INFO:__main__:
INFO:__main__:------ ITERATION 227 ------
INFO:__main__:Layers generated: [('128', '3', '2'), ('256', '5', '1')]
INFO:__main__:ChildCNNModel(
  (model): Sequential(
    (0): Conv2d(3, 128, kernel_size=(3, 3), stride=(1, 1), padding=(1, 1))
    (1): ReLU()
    (2): MaxPool2d(kernel_size=2, stride=2, padding=0, dilation=1, ceil_mode=False)
    (3): Conv2d(128, 128, kernel_size=(3, 3), stride=(1, 1), padding=(2, 2))
    (4): ReLU()
    (5): MaxPool2d(kernel_size=2, stride=2, padding=0, dilation=1, ceil_mode=False)
    (6): Conv2d(128, 256, kernel_size=(5, 5), stride=(1, 1), padding=(1, 1))
    (7): ReLU()
    (8): MaxPool2d(kernel_size=2, stride=2, padding=0, dilation=1, ceil_mode=False)
    (9): Flatten(start_dim=1, end_dim=-1)
    (10): Linear(in_features=2304, out_features=512, bias=True)
    (11): ReLU()
    (12): Linear(in_features=512, out_features=256, bias=True)
    (13): ReLU()
    (14): Linear(in_features=256, out_features=100, bias=True)
  )
)
INFO:__main__:CHILD MODEL LOSS: 1.9879003682136536 with train time 53.784252882003784
INFO:__main__:CHILD MODEL ACCURACY: 0.4621
INFO:__main__:Policy gradient: 0.3199968934059143
INFO:__main__:
INFO:__main__:------ ITERATION 228 ------
INFO:__main__:Layers generated: [('32', '5', '1'), ('32', '1', '2')]
INFO:__main__:ChildCNNModel(
  (model): Sequential(
    (0): Conv2d(3, 128, kernel_size=(3, 3), stride=(1, 1), padding=(1, 1))
    (1): ReLU()
    (2): MaxPool2d(kernel_size=2, stride=2, padding=0, dilation=1, ceil_mode=False)
    (3): Conv2d(128, 32, kernel_size=(5, 5), stride=(1, 1), padding=(1, 1))
    (4): ReLU()
    (5): MaxPool2d(kernel_size=2, stride=2, padding=0, dilation=1, ceil_mode=False)
    (6): Conv2d(32, 32, kernel_size=(1, 1), stride=(1, 1), padding=(2, 2))
    (7): ReLU()
    (8): MaxPool2d(kernel_size=2, stride=2, padding=0, dilation=1, ceil_mode=False)
    (9): Flatten(start_dim=1, end_dim=-1)
    (10): Linear(in_features=800, out_features=512, bias=True)
    (11): ReLU()
    (12): Linear(in_features=512, out_features=256, bias=True)
    (13): ReLU()
    (14): Linear(in_features=256, out_features=100, bias=True)
  )
)
INFO:__main__:CHILD MODEL LOSS: 2.318407690048218 with train time 45.23515439033508
INFO:__main__:CHILD MODEL ACCURACY: 0.4026
INFO:__main__:Policy gradient: -0.15229924023151398
INFO:__main__:
INFO:__main__:------ ITERATION 229 ------
INFO:__main__:Layers generated: [('64', '3', '2'), ('64', '3', '2')]
INFO:__main__:ChildCNNModel(
  (model): Sequential(
    (0): Conv2d(3, 128, kernel_size=(3, 3), stride=(1, 1), padding=(1, 1))
    (1): ReLU()
    (2): MaxPool2d(kernel_size=2, stride=2, padding=0, dilation=1, ceil_mode=False)
    (3): Conv2d(128, 64, kernel_size=(3, 3), stride=(1, 1), padding=(2, 2))
    (4): ReLU()
    (5): MaxPool2d(kernel_size=2, stride=2, padding=0, dilation=1, ceil_mode=False)
    (6): Conv2d(64, 64, kernel_size=(3, 3), stride=(1, 1), padding=(2, 2))
    (7): ReLU()
    (8): MaxPool2d(kernel_size=2, stride=2, padding=0, dilation=1, ceil_mode=False)
    (9): Flatten(start_dim=1, end_dim=-1)
    (10): Linear(in_features=1600, out_features=512, bias=True)
    (11): ReLU()
    (12): Linear(in_features=512, out_features=256, bias=True)
    (13): ReLU()
    (14): Linear(in_features=256, out_features=100, bias=True)
  )
)
INFO:__main__:CHILD MODEL LOSS: 2.0684263195991517 with train time 46.8696551322937
INFO:__main__:CHILD MODEL ACCURACY: 0.4351
INFO:__main__:Policy gradient: 0.1066870242357254
INFO:__main__:
INFO:__main__:------ ITERATION 230 ------
INFO:__main__:Layers generated: [('256', '1', '2'), ('256', '5', '2')]
INFO:__main__:ChildCNNModel(
  (model): Sequential(
    (0): Conv2d(3, 128, kernel_size=(3, 3), stride=(1, 1), padding=(1, 1))
    (1): ReLU()
    (2): MaxPool2d(kernel_size=2, stride=2, padding=0, dilation=1, ceil_mode=False)
    (3): Conv2d(128, 256, kernel_size=(1, 1), stride=(1, 1), padding=(2, 2))
    (4): ReLU()
    (5): MaxPool2d(kernel_size=2, stride=2, padding=0, dilation=1, ceil_mode=False)
    (6): Conv2d(256, 256, kernel_size=(5, 5), stride=(1, 1), padding=(2, 2))
    (7): ReLU()
    (8): MaxPool2d(kernel_size=2, stride=2, padding=0, dilation=1, ceil_mode=False)
    (9): Flatten(start_dim=1, end_dim=-1)
    (10): Linear(in_features=6400, out_features=512, bias=True)
    (11): ReLU()
    (12): Linear(in_features=512, out_features=256, bias=True)
    (13): ReLU()
    (14): Linear(in_features=256, out_features=100, bias=True)
  )
)
INFO:__main__:CHILD MODEL LOSS: 1.8125396404266358 with train time 76.96341061592102
INFO:__main__:CHILD MODEL ACCURACY: 0.4805
INFO:__main__:Policy gradient: 0.41037705540657043
INFO:__main__:
INFO:__main__:------ ITERATION 231 ------
INFO:__main__:Layers generated: [('256', '3', '2'), ('16', '5', '2')]
INFO:__main__:ChildCNNModel(
  (model): Sequential(
    (0): Conv2d(3, 128, kernel_size=(3, 3), stride=(1, 1), padding=(1, 1))
    (1): ReLU()
    (2): MaxPool2d(kernel_size=2, stride=2, padding=0, dilation=1, ceil_mode=False)
    (3): Conv2d(128, 256, kernel_size=(3, 3), stride=(1, 1), padding=(2, 2))
    (4): ReLU()
    (5): MaxPool2d(kernel_size=2, stride=2, padding=0, dilation=1, ceil_mode=False)
    (6): Conv2d(256, 16, kernel_size=(5, 5), stride=(1, 1), padding=(2, 2))
    (7): ReLU()
    (8): MaxPool2d(kernel_size=2, stride=2, padding=0, dilation=1, ceil_mode=False)
    (9): Flatten(start_dim=1, end_dim=-1)
    (10): Linear(in_features=256, out_features=512, bias=True)
    (11): ReLU()
    (12): Linear(in_features=512, out_features=256, bias=True)
    (13): ReLU()
    (14): Linear(in_features=256, out_features=100, bias=True)
  )
)
INFO:__main__:CHILD MODEL LOSS: 2.1778292927742005 with train time 67.5478286743164
INFO:__main__:CHILD MODEL ACCURACY: 0.4196
INFO:__main__:Policy gradient: -0.052261125296354294
INFO:__main__:
INFO:__main__:------ ITERATION 232 ------
INFO:__main__:Layers generated: [('128', '5', '1'), ('16', '3', '2')]
INFO:__main__:ChildCNNModel(
  (model): Sequential(
    (0): Conv2d(3, 128, kernel_size=(3, 3), stride=(1, 1), padding=(1, 1))
    (1): ReLU()
    (2): MaxPool2d(kernel_size=2, stride=2, padding=0, dilation=1, ceil_mode=False)
    (3): Conv2d(128, 128, kernel_size=(5, 5), stride=(1, 1), padding=(1, 1))
    (4): ReLU()
    (5): MaxPool2d(kernel_size=2, stride=2, padding=0, dilation=1, ceil_mode=False)
    (6): Conv2d(128, 16, kernel_size=(3, 3), stride=(1, 1), padding=(2, 2))
    (7): ReLU()
    (8): MaxPool2d(kernel_size=2, stride=2, padding=0, dilation=1, ceil_mode=False)
    (9): Flatten(start_dim=1, end_dim=-1)
    (10): Linear(in_features=256, out_features=512, bias=True)
    (11): ReLU()
    (12): Linear(in_features=512, out_features=256, bias=True)
    (13): ReLU()
    (14): Linear(in_features=256, out_features=100, bias=True)
  )
)
INFO:__main__:CHILD MODEL LOSS: 2.2021073126792907 with train time 49.42759442329407
INFO:__main__:CHILD MODEL ACCURACY: 0.4185
INFO:__main__:Policy gradient: -0.05741596594452858
INFO:__main__:
INFO:__main__:------ ITERATION 233 ------
INFO:__main__:Layers generated: [('64', '5', '0'), ('256', '3', '2')]
INFO:__main__:ChildCNNModel(
  (model): Sequential(
    (0): Conv2d(3, 128, kernel_size=(3, 3), stride=(1, 1), padding=(1, 1))
    (1): ReLU()
    (2): MaxPool2d(kernel_size=2, stride=2, padding=0, dilation=1, ceil_mode=False)
    (3): Conv2d(128, 64, kernel_size=(5, 5), stride=(1, 1))
    (4): ReLU()
    (5): MaxPool2d(kernel_size=2, stride=2, padding=0, dilation=1, ceil_mode=False)
    (6): Conv2d(64, 256, kernel_size=(3, 3), stride=(1, 1), padding=(2, 2))
    (7): ReLU()
    (8): MaxPool2d(kernel_size=2, stride=2, padding=0, dilation=1, ceil_mode=False)
    (9): Flatten(start_dim=1, end_dim=-1)
    (10): Linear(in_features=4096, out_features=512, bias=True)
    (11): ReLU()
    (12): Linear(in_features=512, out_features=256, bias=True)
    (13): ReLU()
    (14): Linear(in_features=256, out_features=100, bias=True)
  )
)
INFO:__main__:CHILD MODEL LOSS: 2.085791593551636 with train time 46.89505386352539
INFO:__main__:CHILD MODEL ACCURACY: 0.4457
INFO:__main__:Policy gradient: 0.1368587613105774
INFO:__main__:
INFO:__main__:------ ITERATION 234 ------
INFO:__main__:Layers generated: [('64', '3', '0'), ('64', '3', '0')]
INFO:__main__:ChildCNNModel(
  (model): Sequential(
    (0): Conv2d(3, 128, kernel_size=(3, 3), stride=(1, 1), padding=(1, 1))
    (1): ReLU()
    (2): MaxPool2d(kernel_size=2, stride=2, padding=0, dilation=1, ceil_mode=False)
    (3): Conv2d(128, 64, kernel_size=(3, 3), stride=(1, 1))
    (4): ReLU()
    (5): MaxPool2d(kernel_size=2, stride=2, padding=0, dilation=1, ceil_mode=False)
    (6): Conv2d(64, 64, kernel_size=(3, 3), stride=(1, 1))
    (7): ReLU()
    (8): MaxPool2d(kernel_size=2, stride=2, padding=0, dilation=1, ceil_mode=False)
    (9): Flatten(start_dim=1, end_dim=-1)
    (10): Linear(in_features=256, out_features=512, bias=True)
    (11): ReLU()
    (12): Linear(in_features=512, out_features=256, bias=True)
    (13): ReLU()
    (14): Linear(in_features=256, out_features=100, bias=True)
  )
)
INFO:__main__:CHILD MODEL LOSS: 2.4498222494125366 with train time 44.85293364524841
INFO:__main__:CHILD MODEL ACCURACY: 0.386
INFO:__main__:Policy gradient: -0.29100513458251953
INFO:__main__:
INFO:__main__:------ ITERATION 235 ------
INFO:__main__:Layers generated: [('64', '3', '0'), ('32', '1', '1')]
INFO:__main__:ChildCNNModel(
  (model): Sequential(
    (0): Conv2d(3, 128, kernel_size=(3, 3), stride=(1, 1), padding=(1, 1))
    (1): ReLU()
    (2): MaxPool2d(kernel_size=2, stride=2, padding=0, dilation=1, ceil_mode=False)
    (3): Conv2d(128, 64, kernel_size=(3, 3), stride=(1, 1))
    (4): ReLU()
    (5): MaxPool2d(kernel_size=2, stride=2, padding=0, dilation=1, ceil_mode=False)
    (6): Conv2d(64, 32, kernel_size=(1, 1), stride=(1, 1), padding=(1, 1))
    (7): ReLU()
    (8): MaxPool2d(kernel_size=2, stride=2, padding=0, dilation=1, ceil_mode=False)
    (9): Flatten(start_dim=1, end_dim=-1)
    (10): Linear(in_features=512, out_features=512, bias=True)
    (11): ReLU()
    (12): Linear(in_features=512, out_features=256, bias=True)
    (13): ReLU()
    (14): Linear(in_features=256, out_features=100, bias=True)
  )
)
INFO:__main__:CHILD MODEL LOSS: 2.2509578309059144 with train time 45.16935682296753
INFO:__main__:CHILD MODEL ACCURACY: 0.4168
INFO:__main__:Policy gradient: -0.05167979747056961
INFO:__main__:
INFO:__main__:------ ITERATION 236 ------
INFO:__main__:Layers generated: [('32', '5', '0'), ('128', '5', '2')]
INFO:__main__:ChildCNNModel(
  (model): Sequential(
    (0): Conv2d(3, 128, kernel_size=(3, 3), stride=(1, 1), padding=(1, 1))
    (1): ReLU()
    (2): MaxPool2d(kernel_size=2, stride=2, padding=0, dilation=1, ceil_mode=False)
    (3): Conv2d(128, 32, kernel_size=(5, 5), stride=(1, 1))
    (4): ReLU()
    (5): MaxPool2d(kernel_size=2, stride=2, padding=0, dilation=1, ceil_mode=False)
    (6): Conv2d(32, 128, kernel_size=(5, 5), stride=(1, 1), padding=(2, 2))
    (7): ReLU()
    (8): MaxPool2d(kernel_size=2, stride=2, padding=0, dilation=1, ceil_mode=False)
    (9): Flatten(start_dim=1, end_dim=-1)
    (10): Linear(in_features=1152, out_features=512, bias=True)
    (11): ReLU()
    (12): Linear(in_features=512, out_features=256, bias=True)
    (13): ReLU()
    (14): Linear(in_features=256, out_features=100, bias=True)
  )
)
INFO:__main__:CHILD MODEL LOSS: 2.3149865589141845 with train time 45.00208306312561
INFO:__main__:CHILD MODEL ACCURACY: 0.391
INFO:__main__:Policy gradient: -0.23019185662269592
INFO:__main__:
INFO:__main__:------ ITERATION 237 ------
INFO:__main__:Layers generated: [('32', '5', '2'), ('128', '5', '0')]
INFO:__main__:ChildCNNModel(
  (model): Sequential(
    (0): Conv2d(3, 128, kernel_size=(3, 3), stride=(1, 1), padding=(1, 1))
    (1): ReLU()
    (2): MaxPool2d(kernel_size=2, stride=2, padding=0, dilation=1, ceil_mode=False)
    (3): Conv2d(128, 32, kernel_size=(5, 5), stride=(1, 1), padding=(2, 2))
    (4): ReLU()
    (5): MaxPool2d(kernel_size=2, stride=2, padding=0, dilation=1, ceil_mode=False)
    (6): Conv2d(32, 128, kernel_size=(5, 5), stride=(1, 1))
    (7): ReLU()
    (8): MaxPool2d(kernel_size=2, stride=2, padding=0, dilation=1, ceil_mode=False)
    (9): Flatten(start_dim=1, end_dim=-1)
    (10): Linear(in_features=512, out_features=512, bias=True)
    (11): ReLU()
    (12): Linear(in_features=512, out_features=256, bias=True)
    (13): ReLU()
    (14): Linear(in_features=256, out_features=100, bias=True)
  )
)
INFO:__main__:CHILD MODEL LOSS: 2.1658042454719544 with train time 46.48075866699219
INFO:__main__:CHILD MODEL ACCURACY: 0.4205
INFO:__main__:Policy gradient: 0.008928770199418068
INFO:__main__:
INFO:__main__:------ ITERATION 238 ------
INFO:__main__:Layers generated: [('64', '5', '0'), ('64', '5', '0')]
INFO:__main__:ChildCNNModel(
  (model): Sequential(
    (0): Conv2d(3, 128, kernel_size=(3, 3), stride=(1, 1), padding=(1, 1))
    (1): ReLU()
    (2): MaxPool2d(kernel_size=2, stride=2, padding=0, dilation=1, ceil_mode=False)
    (3): Conv2d(128, 64, kernel_size=(5, 5), stride=(1, 1))
    (4): ReLU()
    (5): MaxPool2d(kernel_size=2, stride=2, padding=0, dilation=1, ceil_mode=False)
    (6): Conv2d(64, 64, kernel_size=(5, 5), stride=(1, 1))
    (7): ReLU()
    (8): MaxPool2d(kernel_size=2, stride=2, padding=0, dilation=1, ceil_mode=False)
    (9): Flatten(start_dim=1, end_dim=-1)
    (10): Linear(in_features=64, out_features=512, bias=True)
    (11): ReLU()
    (12): Linear(in_features=512, out_features=256, bias=True)
    (13): ReLU()
    (14): Linear(in_features=256, out_features=100, bias=True)
  )
)
INFO:__main__:CHILD MODEL LOSS: 2.2754992985725404 with train time 46.48120141029358
INFO:__main__:CHILD MODEL ACCURACY: 0.403
INFO:__main__:Policy gradient: -0.11261390894651413
INFO:__main__:
INFO:__main__:------ ITERATION 239 ------
INFO:__main__:Layers generated: [('256', '3', '2'), ('16', '5', '0')]
INFO:__main__:ChildCNNModel(
  (model): Sequential(
    (0): Conv2d(3, 128, kernel_size=(3, 3), stride=(1, 1), padding=(1, 1))
    (1): ReLU()
    (2): MaxPool2d(kernel_size=2, stride=2, padding=0, dilation=1, ceil_mode=False)
    (3): Conv2d(128, 256, kernel_size=(3, 3), stride=(1, 1), padding=(2, 2))
    (4): ReLU()
    (5): MaxPool2d(kernel_size=2, stride=2, padding=0, dilation=1, ceil_mode=False)
    (6): Conv2d(256, 16, kernel_size=(5, 5), stride=(1, 1))
    (7): ReLU()
    (8): MaxPool2d(kernel_size=2, stride=2, padding=0, dilation=1, ceil_mode=False)
    (9): Flatten(start_dim=1, end_dim=-1)
    (10): Linear(in_features=64, out_features=512, bias=True)
    (11): ReLU()
    (12): Linear(in_features=512, out_features=256, bias=True)
    (13): ReLU()
    (14): Linear(in_features=256, out_features=100, bias=True)
  )
)
INFO:__main__:CHILD MODEL LOSS: 2.3692163190841673 with train time 66.89934825897217
INFO:__main__:CHILD MODEL ACCURACY: 0.3749
INFO:__main__:Policy gradient: -0.33901941776275635
INFO:__main__:
INFO:__main__:------ ITERATION 240 ------
INFO:__main__:Layers generated: [('256', '1', '1'), ('128', '3', '2')]
INFO:__main__:ChildCNNModel(
  (model): Sequential(
    (0): Conv2d(3, 128, kernel_size=(3, 3), stride=(1, 1), padding=(1, 1))
    (1): ReLU()
    (2): MaxPool2d(kernel_size=2, stride=2, padding=0, dilation=1, ceil_mode=False)
    (3): Conv2d(128, 256, kernel_size=(1, 1), stride=(1, 1), padding=(1, 1))
    (4): ReLU()
    (5): MaxPool2d(kernel_size=2, stride=2, padding=0, dilation=1, ceil_mode=False)
    (6): Conv2d(256, 128, kernel_size=(3, 3), stride=(1, 1), padding=(2, 2))
    (7): ReLU()
    (8): MaxPool2d(kernel_size=2, stride=2, padding=0, dilation=1, ceil_mode=False)
    (9): Flatten(start_dim=1, end_dim=-1)
    (10): Linear(in_features=3200, out_features=512, bias=True)
    (11): ReLU()
    (12): Linear(in_features=512, out_features=256, bias=True)
    (13): ReLU()
    (14): Linear(in_features=256, out_features=100, bias=True)
  )
)
INFO:__main__:CHILD MODEL LOSS: 1.9508806176185607 with train time 50.69584274291992
INFO:__main__:CHILD MODEL ACCURACY: 0.4585
INFO:__main__:Policy gradient: 0.3329777717590332
INFO:__main__:
INFO:__main__:------ ITERATION 241 ------
INFO:__main__:Layers generated: [('128', '3', '2'), ('128', '1', '2')]
INFO:__main__:ChildCNNModel(
  (model): Sequential(
    (0): Conv2d(3, 128, kernel_size=(3, 3), stride=(1, 1), padding=(1, 1))
    (1): ReLU()
    (2): MaxPool2d(kernel_size=2, stride=2, padding=0, dilation=1, ceil_mode=False)
    (3): Conv2d(128, 128, kernel_size=(3, 3), stride=(1, 1), padding=(2, 2))
    (4): ReLU()
    (5): MaxPool2d(kernel_size=2, stride=2, padding=0, dilation=1, ceil_mode=False)
    (6): Conv2d(128, 128, kernel_size=(1, 1), stride=(1, 1), padding=(2, 2))
    (7): ReLU()
    (8): MaxPool2d(kernel_size=2, stride=2, padding=0, dilation=1, ceil_mode=False)
    (9): Flatten(start_dim=1, end_dim=-1)
    (10): Linear(in_features=4608, out_features=512, bias=True)
    (11): ReLU()
    (12): Linear(in_features=512, out_features=256, bias=True)
    (13): ReLU()
    (14): Linear(in_features=256, out_features=100, bias=True)
  )
)
INFO:__main__:CHILD MODEL LOSS: 2.082869598388672 with train time 49.30883240699768
INFO:__main__:CHILD MODEL ACCURACY: 0.4443
INFO:__main__:Policy gradient: 0.1896238625049591
INFO:__main__:
INFO:__main__:------ ITERATION 242 ------
INFO:__main__:Layers generated: [('64', '1', '2'), ('32', '5', '2')]
INFO:__main__:ChildCNNModel(
  (model): Sequential(
    (0): Conv2d(3, 128, kernel_size=(3, 3), stride=(1, 1), padding=(1, 1))
    (1): ReLU()
    (2): MaxPool2d(kernel_size=2, stride=2, padding=0, dilation=1, ceil_mode=False)
    (3): Conv2d(128, 64, kernel_size=(1, 1), stride=(1, 1), padding=(2, 2))
    (4): ReLU()
    (5): MaxPool2d(kernel_size=2, stride=2, padding=0, dilation=1, ceil_mode=False)
    (6): Conv2d(64, 32, kernel_size=(5, 5), stride=(1, 1), padding=(2, 2))
    (7): ReLU()
    (8): MaxPool2d(kernel_size=2, stride=2, padding=0, dilation=1, ceil_mode=False)
    (9): Flatten(start_dim=1, end_dim=-1)
    (10): Linear(in_features=800, out_features=512, bias=True)
    (11): ReLU()
    (12): Linear(in_features=512, out_features=256, bias=True)
    (13): ReLU()
    (14): Linear(in_features=256, out_features=100, bias=True)
  )
)
INFO:__main__:CHILD MODEL LOSS: 2.179922924518585 with train time 43.24028015136719
INFO:__main__:CHILD MODEL ACCURACY: 0.428
INFO:__main__:Policy gradient: 0.05386612191796303
INFO:__main__:
INFO:__main__:------ ITERATION 243 ------
INFO:__main__:Layers generated: [('128', '1', '2'), ('64', '3', '1')]
INFO:__main__:ChildCNNModel(
  (model): Sequential(
    (0): Conv2d(3, 128, kernel_size=(3, 3), stride=(1, 1), padding=(1, 1))
    (1): ReLU()
    (2): MaxPool2d(kernel_size=2, stride=2, padding=0, dilation=1, ceil_mode=False)
    (3): Conv2d(128, 128, kernel_size=(1, 1), stride=(1, 1), padding=(2, 2))
    (4): ReLU()
    (5): MaxPool2d(kernel_size=2, stride=2, padding=0, dilation=1, ceil_mode=False)
    (6): Conv2d(128, 64, kernel_size=(3, 3), stride=(1, 1), padding=(1, 1))
    (7): ReLU()
    (8): MaxPool2d(kernel_size=2, stride=2, padding=0, dilation=1, ceil_mode=False)
    (9): Flatten(start_dim=1, end_dim=-1)
    (10): Linear(in_features=1600, out_features=512, bias=True)
    (11): ReLU()
    (12): Linear(in_features=512, out_features=256, bias=True)
    (13): ReLU()
    (14): Linear(in_features=256, out_features=100, bias=True)
  )
)
INFO:__main__:CHILD MODEL LOSS: 2.0838454446792603 with train time 45.96294593811035
INFO:__main__:CHILD MODEL ACCURACY: 0.4368
INFO:__main__:Policy gradient: 0.11161506921052933
INFO:__main__:
INFO:__main__:------ ITERATION 244 ------
INFO:__main__:Layers generated: [('64', '5', '1'), ('128', '1', '1')]
INFO:__main__:ChildCNNModel(
  (model): Sequential(
    (0): Conv2d(3, 128, kernel_size=(3, 3), stride=(1, 1), padding=(1, 1))
    (1): ReLU()
    (2): MaxPool2d(kernel_size=2, stride=2, padding=0, dilation=1, ceil_mode=False)
    (3): Conv2d(128, 64, kernel_size=(5, 5), stride=(1, 1), padding=(1, 1))
    (4): ReLU()
    (5): MaxPool2d(kernel_size=2, stride=2, padding=0, dilation=1, ceil_mode=False)
    (6): Conv2d(64, 128, kernel_size=(1, 1), stride=(1, 1), padding=(1, 1))
    (7): ReLU()
    (8): MaxPool2d(kernel_size=2, stride=2, padding=0, dilation=1, ceil_mode=False)
    (9): Flatten(start_dim=1, end_dim=-1)
    (10): Linear(in_features=2048, out_features=512, bias=True)
    (11): ReLU()
    (12): Linear(in_features=512, out_features=256, bias=True)
    (13): ReLU()
    (14): Linear(in_features=256, out_features=100, bias=True)
  )
)
INFO:__main__:CHILD MODEL LOSS: 2.079517997741699 with train time 44.39011025428772
INFO:__main__:CHILD MODEL ACCURACY: 0.4362
INFO:__main__:Policy gradient: 0.10226868093013763
INFO:__main__:
INFO:__main__:------ ITERATION 245 ------
INFO:__main__:Layers generated: [('256', '5', '2'), ('128', '3', '0')]
INFO:__main__:ChildCNNModel(
  (model): Sequential(
    (0): Conv2d(3, 128, kernel_size=(3, 3), stride=(1, 1), padding=(1, 1))
    (1): ReLU()
    (2): MaxPool2d(kernel_size=2, stride=2, padding=0, dilation=1, ceil_mode=False)
    (3): Conv2d(128, 256, kernel_size=(5, 5), stride=(1, 1), padding=(2, 2))
    (4): ReLU()
    (5): MaxPool2d(kernel_size=2, stride=2, padding=0, dilation=1, ceil_mode=False)
    (6): Conv2d(256, 128, kernel_size=(3, 3), stride=(1, 1))
    (7): ReLU()
    (8): MaxPool2d(kernel_size=2, stride=2, padding=0, dilation=1, ceil_mode=False)
    (9): Flatten(start_dim=1, end_dim=-1)
    (10): Linear(in_features=1152, out_features=512, bias=True)
    (11): ReLU()
    (12): Linear(in_features=512, out_features=256, bias=True)
    (13): ReLU()
    (14): Linear(in_features=256, out_features=100, bias=True)
  )
)
INFO:__main__:CHILD MODEL LOSS: 2.052901041030884 with train time 69.33350610733032
INFO:__main__:CHILD MODEL ACCURACY: 0.4416
INFO:__main__:Policy gradient: 0.11755164712667465
INFO:__main__:
INFO:__main__:------ ITERATION 246 ------
INFO:__main__:Layers generated: [('64', '1', '1'), ('64', '3', '1')]
INFO:__main__:ChildCNNModel(
  (model): Sequential(
    (0): Conv2d(3, 128, kernel_size=(3, 3), stride=(1, 1), padding=(1, 1))
    (1): ReLU()
    (2): MaxPool2d(kernel_size=2, stride=2, padding=0, dilation=1, ceil_mode=False)
    (3): Conv2d(128, 64, kernel_size=(1, 1), stride=(1, 1), padding=(1, 1))
    (4): ReLU()
    (5): MaxPool2d(kernel_size=2, stride=2, padding=0, dilation=1, ceil_mode=False)
    (6): Conv2d(64, 64, kernel_size=(3, 3), stride=(1, 1), padding=(1, 1))
    (7): ReLU()
    (8): MaxPool2d(kernel_size=2, stride=2, padding=0, dilation=1, ceil_mode=False)
    (9): Flatten(start_dim=1, end_dim=-1)
    (10): Linear(in_features=1024, out_features=512, bias=True)
    (11): ReLU()
    (12): Linear(in_features=512, out_features=256, bias=True)
    (13): ReLU()
    (14): Linear(in_features=256, out_features=100, bias=True)
  )
)
INFO:__main__:CHILD MODEL LOSS: 2.1802029595375063 with train time 42.35854697227478
INFO:__main__:CHILD MODEL ACCURACY: 0.4184
INFO:__main__:Policy gradient: -0.05561990663409233
INFO:__main__:
INFO:__main__:------ ITERATION 247 ------
INFO:__main__:Layers generated: [('32', '5', '1'), ('32', '3', '1')]
INFO:__main__:ChildCNNModel(
  (model): Sequential(
    (0): Conv2d(3, 128, kernel_size=(3, 3), stride=(1, 1), padding=(1, 1))
    (1): ReLU()
    (2): MaxPool2d(kernel_size=2, stride=2, padding=0, dilation=1, ceil_mode=False)
    (3): Conv2d(128, 32, kernel_size=(5, 5), stride=(1, 1), padding=(1, 1))
    (4): ReLU()
    (5): MaxPool2d(kernel_size=2, stride=2, padding=0, dilation=1, ceil_mode=False)
    (6): Conv2d(32, 32, kernel_size=(3, 3), stride=(1, 1), padding=(1, 1))
    (7): ReLU()
    (8): MaxPool2d(kernel_size=2, stride=2, padding=0, dilation=1, ceil_mode=False)
    (9): Flatten(start_dim=1, end_dim=-1)
    (10): Linear(in_features=288, out_features=512, bias=True)
    (11): ReLU()
    (12): Linear(in_features=512, out_features=256, bias=True)
    (13): ReLU()
    (14): Linear(in_features=256, out_features=100, bias=True)
  )
)
INFO:__main__:CHILD MODEL LOSS: 2.315794602394104 with train time 42.81550145149231
INFO:__main__:CHILD MODEL ACCURACY: 0.3946
INFO:__main__:Policy gradient: -0.25498339533805847
INFO:__main__:
INFO:__main__:------ ITERATION 248 ------
INFO:__main__:Layers generated: [('16', '3', '2'), ('256', '5', '1')]
INFO:__main__:ChildCNNModel(
  (model): Sequential(
    (0): Conv2d(3, 128, kernel_size=(3, 3), stride=(1, 1), padding=(1, 1))
    (1): ReLU()
    (2): MaxPool2d(kernel_size=2, stride=2, padding=0, dilation=1, ceil_mode=False)
    (3): Conv2d(128, 16, kernel_size=(3, 3), stride=(1, 1), padding=(2, 2))
    (4): ReLU()
    (5): MaxPool2d(kernel_size=2, stride=2, padding=0, dilation=1, ceil_mode=False)
    (6): Conv2d(16, 256, kernel_size=(5, 5), stride=(1, 1), padding=(1, 1))
    (7): ReLU()
    (8): MaxPool2d(kernel_size=2, stride=2, padding=0, dilation=1, ceil_mode=False)
    (9): Flatten(start_dim=1, end_dim=-1)
    (10): Linear(in_features=2304, out_features=512, bias=True)
    (11): ReLU()
    (12): Linear(in_features=512, out_features=256, bias=True)
    (13): ReLU()
    (14): Linear(in_features=256, out_features=100, bias=True)
  )
)
INFO:__main__:CHILD MODEL LOSS: 1.9790453066825866 with train time 43.978153228759766
INFO:__main__:CHILD MODEL ACCURACY: 0.4578
INFO:__main__:Policy gradient: 0.2747572660446167
INFO:__main__:
INFO:__main__:------ ITERATION 249 ------
INFO:__main__:Layers generated: [('32', '3', '2'), ('128', '3', '2')]
INFO:__main__:ChildCNNModel(
  (model): Sequential(
    (0): Conv2d(3, 128, kernel_size=(3, 3), stride=(1, 1), padding=(1, 1))
    (1): ReLU()
    (2): MaxPool2d(kernel_size=2, stride=2, padding=0, dilation=1, ceil_mode=False)
    (3): Conv2d(128, 32, kernel_size=(3, 3), stride=(1, 1), padding=(2, 2))
    (4): ReLU()
    (5): MaxPool2d(kernel_size=2, stride=2, padding=0, dilation=1, ceil_mode=False)
    (6): Conv2d(32, 128, kernel_size=(3, 3), stride=(1, 1), padding=(2, 2))
    (7): ReLU()
    (8): MaxPool2d(kernel_size=2, stride=2, padding=0, dilation=1, ceil_mode=False)
    (9): Flatten(start_dim=1, end_dim=-1)
    (10): Linear(in_features=3200, out_features=512, bias=True)
    (11): ReLU()
    (12): Linear(in_features=512, out_features=256, bias=True)
    (13): ReLU()
    (14): Linear(in_features=256, out_features=100, bias=True)
  )
)
INFO:__main__:CHILD MODEL LOSS: 1.9580538144111634 with train time 44.03368663787842
INFO:__main__:CHILD MODEL ACCURACY: 0.4515
INFO:__main__:Policy gradient: 0.18331147730350494
INFO:__main__:
INFO:__main__:------ ITERATION 250 ------
INFO:__main__:Layers generated: [('16', '3', '2'), ('32', '5', '0')]
INFO:__main__:ChildCNNModel(
  (model): Sequential(
    (0): Conv2d(3, 128, kernel_size=(3, 3), stride=(1, 1), padding=(1, 1))
    (1): ReLU()
    (2): MaxPool2d(kernel_size=2, stride=2, padding=0, dilation=1, ceil_mode=False)
    (3): Conv2d(128, 16, kernel_size=(3, 3), stride=(1, 1), padding=(2, 2))
    (4): ReLU()
    (5): MaxPool2d(kernel_size=2, stride=2, padding=0, dilation=1, ceil_mode=False)
    (6): Conv2d(16, 32, kernel_size=(5, 5), stride=(1, 1))
    (7): ReLU()
    (8): MaxPool2d(kernel_size=2, stride=2, padding=0, dilation=1, ceil_mode=False)
    (9): Flatten(start_dim=1, end_dim=-1)
    (10): Linear(in_features=128, out_features=512, bias=True)
    (11): ReLU()
    (12): Linear(in_features=512, out_features=256, bias=True)
    (13): ReLU()
    (14): Linear(in_features=256, out_features=100, bias=True)
  )
)
INFO:__main__:CHILD MODEL LOSS: 2.5916674871444703 with train time 43.07890248298645
INFO:__main__:CHILD MODEL ACCURACY: 0.3545
INFO:__main__:Policy gradient: -0.6141115427017212
INFO:__main__:
INFO:__main__:------ ITERATION 251 ------
INFO:__main__:Layers generated: [('256', '5', '1'), ('256', '1', '2')]
INFO:__main__:ChildCNNModel(
  (model): Sequential(
    (0): Conv2d(3, 128, kernel_size=(3, 3), stride=(1, 1), padding=(1, 1))
    (1): ReLU()
    (2): MaxPool2d(kernel_size=2, stride=2, padding=0, dilation=1, ceil_mode=False)
    (3): Conv2d(128, 256, kernel_size=(5, 5), stride=(1, 1), padding=(1, 1))
    (4): ReLU()
    (5): MaxPool2d(kernel_size=2, stride=2, padding=0, dilation=1, ceil_mode=False)
    (6): Conv2d(256, 256, kernel_size=(1, 1), stride=(1, 1), padding=(2, 2))
    (7): ReLU()
    (8): MaxPool2d(kernel_size=2, stride=2, padding=0, dilation=1, ceil_mode=False)
    (9): Flatten(start_dim=1, end_dim=-1)
    (10): Linear(in_features=6400, out_features=512, bias=True)
    (11): ReLU()
    (12): Linear(in_features=512, out_features=256, bias=True)
    (13): ReLU()
    (14): Linear(in_features=256, out_features=100, bias=True)
  )
)
INFO:__main__:CHILD MODEL LOSS: 1.9166267504692078 with train time 67.32784461975098
INFO:__main__:CHILD MODEL ACCURACY: 0.4718
INFO:__main__:Policy gradient: 0.37547919154167175
INFO:__main__:
INFO:__main__:------ ITERATION 252 ------
INFO:__main__:Layers generated: [('256', '5', '0'), ('256', '5', '2')]
INFO:__main__:ChildCNNModel(
  (model): Sequential(
    (0): Conv2d(3, 128, kernel_size=(3, 3), stride=(1, 1), padding=(1, 1))
    (1): ReLU()
    (2): MaxPool2d(kernel_size=2, stride=2, padding=0, dilation=1, ceil_mode=False)
    (3): Conv2d(128, 256, kernel_size=(5, 5), stride=(1, 1))
    (4): ReLU()
    (5): MaxPool2d(kernel_size=2, stride=2, padding=0, dilation=1, ceil_mode=False)
    (6): Conv2d(256, 256, kernel_size=(5, 5), stride=(1, 1), padding=(2, 2))
    (7): ReLU()
    (8): MaxPool2d(kernel_size=2, stride=2, padding=0, dilation=1, ceil_mode=False)
    (9): Flatten(start_dim=1, end_dim=-1)
    (10): Linear(in_features=2304, out_features=512, bias=True)
    (11): ReLU()
    (12): Linear(in_features=512, out_features=256, bias=True)
    (13): ReLU()
    (14): Linear(in_features=256, out_features=100, bias=True)
  )
)
INFO:__main__:CHILD MODEL LOSS: 2.0694358167648317 with train time 65.70290327072144
INFO:__main__:CHILD MODEL ACCURACY: 0.4407
INFO:__main__:Policy gradient: 0.09578894823789597
INFO:__main__:
INFO:__main__:------ ITERATION 253 ------
INFO:__main__:Layers generated: [('16', '5', '2'), ('64', '5', '0')]
INFO:__main__:ChildCNNModel(
  (model): Sequential(
    (0): Conv2d(3, 128, kernel_size=(3, 3), stride=(1, 1), padding=(1, 1))
    (1): ReLU()
    (2): MaxPool2d(kernel_size=2, stride=2, padding=0, dilation=1, ceil_mode=False)
    (3): Conv2d(128, 16, kernel_size=(5, 5), stride=(1, 1), padding=(2, 2))
    (4): ReLU()
    (5): MaxPool2d(kernel_size=2, stride=2, padding=0, dilation=1, ceil_mode=False)
    (6): Conv2d(16, 64, kernel_size=(5, 5), stride=(1, 1))
    (7): ReLU()
    (8): MaxPool2d(kernel_size=2, stride=2, padding=0, dilation=1, ceil_mode=False)
    (9): Flatten(start_dim=1, end_dim=-1)
    (10): Linear(in_features=256, out_features=512, bias=True)
    (11): ReLU()
    (12): Linear(in_features=512, out_features=256, bias=True)
    (13): ReLU()
    (14): Linear(in_features=256, out_features=100, bias=True)
  )
)
INFO:__main__:CHILD MODEL LOSS: 2.3144720950126647 with train time 43.22693657875061
INFO:__main__:CHILD MODEL ACCURACY: 0.3898
INFO:__main__:Policy gradient: -0.2881926894187927
INFO:__main__:
INFO:__main__:------ ITERATION 254 ------
INFO:__main__:Layers generated: [('16', '1', '0'), ('64', '5', '1')]
INFO:__main__:ChildCNNModel(
  (model): Sequential(
    (0): Conv2d(3, 128, kernel_size=(3, 3), stride=(1, 1), padding=(1, 1))
    (1): ReLU()
    (2): MaxPool2d(kernel_size=2, stride=2, padding=0, dilation=1, ceil_mode=False)
    (3): Conv2d(128, 16, kernel_size=(1, 1), stride=(1, 1))
    (4): ReLU()
    (5): MaxPool2d(kernel_size=2, stride=2, padding=0, dilation=1, ceil_mode=False)
    (6): Conv2d(16, 64, kernel_size=(5, 5), stride=(1, 1), padding=(1, 1))
    (7): ReLU()
    (8): MaxPool2d(kernel_size=2, stride=2, padding=0, dilation=1, ceil_mode=False)
    (9): Flatten(start_dim=1, end_dim=-1)
    (10): Linear(in_features=576, out_features=512, bias=True)
    (11): ReLU()
    (12): Linear(in_features=512, out_features=256, bias=True)
    (13): ReLU()
    (14): Linear(in_features=256, out_features=100, bias=True)
  )
)
INFO:__main__:CHILD MODEL LOSS: 2.350194362640381 with train time 41.57297110557556
INFO:__main__:CHILD MODEL ACCURACY: 0.3928
INFO:__main__:Policy gradient: -0.256747305393219
INFO:__main__:
INFO:__main__:------ ITERATION 255 ------
INFO:__main__:Layers generated: [('256', '1', '0'), ('128', '5', '0')]
INFO:__main__:ChildCNNModel(
  (model): Sequential(
    (0): Conv2d(3, 128, kernel_size=(3, 3), stride=(1, 1), padding=(1, 1))
    (1): ReLU()
    (2): MaxPool2d(kernel_size=2, stride=2, padding=0, dilation=1, ceil_mode=False)
    (3): Conv2d(128, 256, kernel_size=(1, 1), stride=(1, 1))
    (4): ReLU()
    (5): MaxPool2d(kernel_size=2, stride=2, padding=0, dilation=1, ceil_mode=False)
    (6): Conv2d(256, 128, kernel_size=(5, 5), stride=(1, 1))
    (7): ReLU()
    (8): MaxPool2d(kernel_size=2, stride=2, padding=0, dilation=1, ceil_mode=False)
    (9): Flatten(start_dim=1, end_dim=-1)
    (10): Linear(in_features=512, out_features=512, bias=True)
    (11): ReLU()
    (12): Linear(in_features=512, out_features=256, bias=True)
    (13): ReLU()
    (14): Linear(in_features=256, out_features=100, bias=True)
  )
)
INFO:__main__:CHILD MODEL LOSS: 2.0796309027671813 with train time 46.687527656555176
INFO:__main__:CHILD MODEL ACCURACY: 0.4431
INFO:__main__:Policy gradient: 0.16871167719364166
INFO:__main__:
INFO:__main__:------ ITERATION 256 ------
INFO:__main__:Layers generated: [('256', '5', '2'), ('16', '1', '2')]
INFO:__main__:ChildCNNModel(
  (model): Sequential(
    (0): Conv2d(3, 128, kernel_size=(3, 3), stride=(1, 1), padding=(1, 1))
    (1): ReLU()
    (2): MaxPool2d(kernel_size=2, stride=2, padding=0, dilation=1, ceil_mode=False)
    (3): Conv2d(128, 256, kernel_size=(5, 5), stride=(1, 1), padding=(2, 2))
    (4): ReLU()
    (5): MaxPool2d(kernel_size=2, stride=2, padding=0, dilation=1, ceil_mode=False)
    (6): Conv2d(256, 16, kernel_size=(1, 1), stride=(1, 1), padding=(2, 2))
    (7): ReLU()
    (8): MaxPool2d(kernel_size=2, stride=2, padding=0, dilation=1, ceil_mode=False)
    (9): Flatten(start_dim=1, end_dim=-1)
    (10): Linear(in_features=576, out_features=512, bias=True)
    (11): ReLU()
    (12): Linear(in_features=512, out_features=256, bias=True)
    (13): ReLU()
    (14): Linear(in_features=256, out_features=100, bias=True)
  )
)
INFO:__main__:CHILD MODEL LOSS: 2.223888669013977 with train time 67.16958045959473
INFO:__main__:CHILD MODEL ACCURACY: 0.4065
INFO:__main__:Policy gradient: -0.12962864339351654
INFO:__main__:
INFO:__main__:------ ITERATION 257 ------
INFO:__main__:Layers generated: [('64', '3', '2'), ('64', '5', '2')]
INFO:__main__:ChildCNNModel(
  (model): Sequential(
    (0): Conv2d(3, 128, kernel_size=(3, 3), stride=(1, 1), padding=(1, 1))
    (1): ReLU()
    (2): MaxPool2d(kernel_size=2, stride=2, padding=0, dilation=1, ceil_mode=False)
    (3): Conv2d(128, 64, kernel_size=(3, 3), stride=(1, 1), padding=(2, 2))
    (4): ReLU()
    (5): MaxPool2d(kernel_size=2, stride=2, padding=0, dilation=1, ceil_mode=False)
    (6): Conv2d(64, 64, kernel_size=(5, 5), stride=(1, 1), padding=(2, 2))
    (7): ReLU()
    (8): MaxPool2d(kernel_size=2, stride=2, padding=0, dilation=1, ceil_mode=False)
    (9): Flatten(start_dim=1, end_dim=-1)
    (10): Linear(in_features=1024, out_features=512, bias=True)
    (11): ReLU()
    (12): Linear(in_features=512, out_features=256, bias=True)
    (13): ReLU()
    (14): Linear(in_features=256, out_features=100, bias=True)
  )
)
INFO:__main__:CHILD MODEL LOSS: 2.097024132728577 with train time 44.631422996520996
INFO:__main__:CHILD MODEL ACCURACY: 0.4354
INFO:__main__:Policy gradient: 0.0910886749625206
INFO:__main__:
INFO:__main__:------ ITERATION 258 ------
INFO:__main__:Layers generated: [('64', '5', '0'), ('32', '5', '1')]
INFO:__main__:ChildCNNModel(
  (model): Sequential(
    (0): Conv2d(3, 128, kernel_size=(3, 3), stride=(1, 1), padding=(1, 1))
    (1): ReLU()
    (2): MaxPool2d(kernel_size=2, stride=2, padding=0, dilation=1, ceil_mode=False)
    (3): Conv2d(128, 64, kernel_size=(5, 5), stride=(1, 1))
    (4): ReLU()
    (5): MaxPool2d(kernel_size=2, stride=2, padding=0, dilation=1, ceil_mode=False)
    (6): Conv2d(64, 32, kernel_size=(5, 5), stride=(1, 1), padding=(1, 1))
    (7): ReLU()
    (8): MaxPool2d(kernel_size=2, stride=2, padding=0, dilation=1, ceil_mode=False)
    (9): Flatten(start_dim=1, end_dim=-1)
    (10): Linear(in_features=128, out_features=512, bias=True)
    (11): ReLU()
    (12): Linear(in_features=512, out_features=256, bias=True)
    (13): ReLU()
    (14): Linear(in_features=256, out_features=100, bias=True)
  )
)
INFO:__main__:CHILD MODEL LOSS: 2.325582869529724 with train time 43.577311754226685
INFO:__main__:CHILD MODEL ACCURACY: 0.3908
INFO:__main__:Policy gradient: -0.24481956660747528
INFO:__main__:
INFO:__main__:------ ITERATION 259 ------
INFO:__main__:Layers generated: [('128', '3', '2'), ('64', '5', '0')]
INFO:__main__:ChildCNNModel(
  (model): Sequential(
    (0): Conv2d(3, 128, kernel_size=(3, 3), stride=(1, 1), padding=(1, 1))
    (1): ReLU()
    (2): MaxPool2d(kernel_size=2, stride=2, padding=0, dilation=1, ceil_mode=False)
    (3): Conv2d(128, 128, kernel_size=(3, 3), stride=(1, 1), padding=(2, 2))
    (4): ReLU()
    (5): MaxPool2d(kernel_size=2, stride=2, padding=0, dilation=1, ceil_mode=False)
    (6): Conv2d(128, 64, kernel_size=(5, 5), stride=(1, 1))
    (7): ReLU()
    (8): MaxPool2d(kernel_size=2, stride=2, padding=0, dilation=1, ceil_mode=False)
    (9): Flatten(start_dim=1, end_dim=-1)
    (10): Linear(in_features=256, out_features=512, bias=True)
    (11): ReLU()
    (12): Linear(in_features=512, out_features=256, bias=True)
    (13): ReLU()
    (14): Linear(in_features=256, out_features=100, bias=True)
  )
)
INFO:__main__:CHILD MODEL LOSS: 2.2355882601737975 with train time 47.86420559883118
INFO:__main__:CHILD MODEL ACCURACY: 0.4196
INFO:__main__:Policy gradient: 0.0009662872180342674
INFO:__main__:
INFO:__main__:------ ITERATION 260 ------
INFO:__main__:Layers generated: [('32', '3', '2'), ('16', '5', '1')]
INFO:__main__:ChildCNNModel(
  (model): Sequential(
    (0): Conv2d(3, 128, kernel_size=(3, 3), stride=(1, 1), padding=(1, 1))
    (1): ReLU()
    (2): MaxPool2d(kernel_size=2, stride=2, padding=0, dilation=1, ceil_mode=False)
    (3): Conv2d(128, 32, kernel_size=(3, 3), stride=(1, 1), padding=(2, 2))
    (4): ReLU()
    (5): MaxPool2d(kernel_size=2, stride=2, padding=0, dilation=1, ceil_mode=False)
    (6): Conv2d(32, 16, kernel_size=(5, 5), stride=(1, 1), padding=(1, 1))
    (7): ReLU()
    (8): MaxPool2d(kernel_size=2, stride=2, padding=0, dilation=1, ceil_mode=False)
    (9): Flatten(start_dim=1, end_dim=-1)
    (10): Linear(in_features=144, out_features=512, bias=True)
    (11): ReLU()
    (12): Linear(in_features=512, out_features=256, bias=True)
    (13): ReLU()
    (14): Linear(in_features=256, out_features=100, bias=True)
  )
)
INFO:__main__:CHILD MODEL LOSS: 2.488804659843445 with train time 43.25408720970154
INFO:__main__:CHILD MODEL ACCURACY: 0.3587
INFO:__main__:Policy gradient: -0.5056880712509155
INFO:__main__:
INFO:__main__:------ ITERATION 261 ------
INFO:__main__:Layers generated: [('128', '1', '2'), ('64', '1', '0')]
INFO:__main__:ChildCNNModel(
  (model): Sequential(
    (0): Conv2d(3, 128, kernel_size=(3, 3), stride=(1, 1), padding=(1, 1))
    (1): ReLU()
    (2): MaxPool2d(kernel_size=2, stride=2, padding=0, dilation=1, ceil_mode=False)
    (3): Conv2d(128, 128, kernel_size=(1, 1), stride=(1, 1), padding=(2, 2))
    (4): ReLU()
    (5): MaxPool2d(kernel_size=2, stride=2, padding=0, dilation=1, ceil_mode=False)
    (6): Conv2d(128, 64, kernel_size=(1, 1), stride=(1, 1))
    (7): ReLU()
    (8): MaxPool2d(kernel_size=2, stride=2, padding=0, dilation=1, ceil_mode=False)
    (9): Flatten(start_dim=1, end_dim=-1)
    (10): Linear(in_features=1600, out_features=512, bias=True)
    (11): ReLU()
    (12): Linear(in_features=512, out_features=256, bias=True)
    (13): ReLU()
    (14): Linear(in_features=256, out_features=100, bias=True)
  )
)
INFO:__main__:CHILD MODEL LOSS: 2.221570309638977 with train time 45.251827001571655
INFO:__main__:CHILD MODEL ACCURACY: 0.4095
INFO:__main__:Policy gradient: -0.02957811951637268
INFO:__main__:
INFO:__main__:------ ITERATION 262 ------
INFO:__main__:Layers generated: [('256', '1', '2'), ('128', '1', '2')]
INFO:__main__:ChildCNNModel(
  (model): Sequential(
    (0): Conv2d(3, 128, kernel_size=(3, 3), stride=(1, 1), padding=(1, 1))
    (1): ReLU()
    (2): MaxPool2d(kernel_size=2, stride=2, padding=0, dilation=1, ceil_mode=False)
    (3): Conv2d(128, 256, kernel_size=(1, 1), stride=(1, 1), padding=(2, 2))
    (4): ReLU()
    (5): MaxPool2d(kernel_size=2, stride=2, padding=0, dilation=1, ceil_mode=False)
    (6): Conv2d(256, 128, kernel_size=(1, 1), stride=(1, 1), padding=(2, 2))
    (7): ReLU()
    (8): MaxPool2d(kernel_size=2, stride=2, padding=0, dilation=1, ceil_mode=False)
    (9): Flatten(start_dim=1, end_dim=-1)
    (10): Linear(in_features=6272, out_features=512, bias=True)
    (11): ReLU()
    (12): Linear(in_features=512, out_features=256, bias=True)
    (13): ReLU()
    (14): Linear(in_features=256, out_features=100, bias=True)
  )
)
INFO:__main__:CHILD MODEL LOSS: 2.1023636178970335 with train time 52.156513690948486
INFO:__main__:CHILD MODEL ACCURACY: 0.4336
INFO:__main__:Policy gradient: 0.1516832560300827
INFO:__main__:
INFO:__main__:------ ITERATION 263 ------
INFO:__main__:Layers generated: [('32', '5', '1'), ('128', '3', '2')]
INFO:__main__:ChildCNNModel(
  (model): Sequential(
    (0): Conv2d(3, 128, kernel_size=(3, 3), stride=(1, 1), padding=(1, 1))
    (1): ReLU()
    (2): MaxPool2d(kernel_size=2, stride=2, padding=0, dilation=1, ceil_mode=False)
    (3): Conv2d(128, 32, kernel_size=(5, 5), stride=(1, 1), padding=(1, 1))
    (4): ReLU()
    (5): MaxPool2d(kernel_size=2, stride=2, padding=0, dilation=1, ceil_mode=False)
    (6): Conv2d(32, 128, kernel_size=(3, 3), stride=(1, 1), padding=(2, 2))
    (7): ReLU()
    (8): MaxPool2d(kernel_size=2, stride=2, padding=0, dilation=1, ceil_mode=False)
    (9): Flatten(start_dim=1, end_dim=-1)
    (10): Linear(in_features=2048, out_features=512, bias=True)
    (11): ReLU()
    (12): Linear(in_features=512, out_features=256, bias=True)
    (13): ReLU()
    (14): Linear(in_features=256, out_features=100, bias=True)
  )
)
INFO:__main__:CHILD MODEL LOSS: 2.1331348733901976 with train time 43.89188075065613
INFO:__main__:CHILD MODEL ACCURACY: 0.4318
INFO:__main__:Policy gradient: 0.12329746037721634
INFO:__main__:
INFO:__main__:------ ITERATION 264 ------
INFO:__main__:Layers generated: [('128', '1', '2'), ('128', '1', '1')]
INFO:__main__:ChildCNNModel(
  (model): Sequential(
    (0): Conv2d(3, 128, kernel_size=(3, 3), stride=(1, 1), padding=(1, 1))
    (1): ReLU()
    (2): MaxPool2d(kernel_size=2, stride=2, padding=0, dilation=1, ceil_mode=False)
    (3): Conv2d(128, 128, kernel_size=(1, 1), stride=(1, 1), padding=(2, 2))
    (4): ReLU()
    (5): MaxPool2d(kernel_size=2, stride=2, padding=0, dilation=1, ceil_mode=False)
    (6): Conv2d(128, 128, kernel_size=(1, 1), stride=(1, 1), padding=(1, 1))
    (7): ReLU()
    (8): MaxPool2d(kernel_size=2, stride=2, padding=0, dilation=1, ceil_mode=False)
    (9): Flatten(start_dim=1, end_dim=-1)
    (10): Linear(in_features=4608, out_features=512, bias=True)
    (11): ReLU()
    (12): Linear(in_features=512, out_features=256, bias=True)
    (13): ReLU()
    (14): Linear(in_features=256, out_features=100, bias=True)
  )
)
INFO:__main__:CHILD MODEL LOSS: 2.269930382728577 with train time 46.27340817451477
INFO:__main__:CHILD MODEL ACCURACY: 0.4164
INFO:__main__:Policy gradient: -0.002568513387814164
INFO:__main__:
INFO:__main__:------ ITERATION 265 ------
INFO:__main__:Layers generated: [('256', '1', '1'), ('32', '3', '1')]
INFO:__main__:ChildCNNModel(
  (model): Sequential(
    (0): Conv2d(3, 128, kernel_size=(3, 3), stride=(1, 1), padding=(1, 1))
    (1): ReLU()
    (2): MaxPool2d(kernel_size=2, stride=2, padding=0, dilation=1, ceil_mode=False)
    (3): Conv2d(128, 256, kernel_size=(1, 1), stride=(1, 1), padding=(1, 1))
    (4): ReLU()
    (5): MaxPool2d(kernel_size=2, stride=2, padding=0, dilation=1, ceil_mode=False)
    (6): Conv2d(256, 32, kernel_size=(3, 3), stride=(1, 1), padding=(1, 1))
    (7): ReLU()
    (8): MaxPool2d(kernel_size=2, stride=2, padding=0, dilation=1, ceil_mode=False)
    (9): Flatten(start_dim=1, end_dim=-1)
    (10): Linear(in_features=512, out_features=512, bias=True)
    (11): ReLU()
    (12): Linear(in_features=512, out_features=256, bias=True)
    (13): ReLU()
    (14): Linear(in_features=256, out_features=100, bias=True)
  )
)
INFO:__main__:CHILD MODEL LOSS: 2.251408145904541 with train time 48.17803502082825
INFO:__main__:CHILD MODEL ACCURACY: 0.414
INFO:__main__:Policy gradient: -0.021775677800178528
INFO:__main__:
INFO:__main__:------ ITERATION 266 ------
INFO:__main__:Layers generated: [('64', '3', '1'), ('256', '5', '0')]
INFO:__main__:ChildCNNModel(
  (model): Sequential(
    (0): Conv2d(3, 128, kernel_size=(3, 3), stride=(1, 1), padding=(1, 1))
    (1): ReLU()
    (2): MaxPool2d(kernel_size=2, stride=2, padding=0, dilation=1, ceil_mode=False)
    (3): Conv2d(128, 64, kernel_size=(3, 3), stride=(1, 1), padding=(1, 1))
    (4): ReLU()
    (5): MaxPool2d(kernel_size=2, stride=2, padding=0, dilation=1, ceil_mode=False)
    (6): Conv2d(64, 256, kernel_size=(5, 5), stride=(1, 1))
    (7): ReLU()
    (8): MaxPool2d(kernel_size=2, stride=2, padding=0, dilation=1, ceil_mode=False)
    (9): Flatten(start_dim=1, end_dim=-1)
    (10): Linear(in_features=1024, out_features=512, bias=True)
    (11): ReLU()
    (12): Linear(in_features=512, out_features=256, bias=True)
    (13): ReLU()
    (14): Linear(in_features=256, out_features=100, bias=True)
  )
)
INFO:__main__:CHILD MODEL LOSS: 2.0455260972976683 with train time 42.98237991333008
INFO:__main__:CHILD MODEL ACCURACY: 0.4446
INFO:__main__:Policy gradient: 0.20127791166305542
INFO:__main__:
INFO:__main__:------ ITERATION 267 ------
INFO:__main__:Layers generated: [('32', '3', '0'), ('32', '1', '1')]
INFO:__main__:ChildCNNModel(
  (model): Sequential(
    (0): Conv2d(3, 128, kernel_size=(3, 3), stride=(1, 1), padding=(1, 1))
    (1): ReLU()
    (2): MaxPool2d(kernel_size=2, stride=2, padding=0, dilation=1, ceil_mode=False)
    (3): Conv2d(128, 32, kernel_size=(3, 3), stride=(1, 1))
    (4): ReLU()
    (5): MaxPool2d(kernel_size=2, stride=2, padding=0, dilation=1, ceil_mode=False)
    (6): Conv2d(32, 32, kernel_size=(1, 1), stride=(1, 1), padding=(1, 1))
    (7): ReLU()
    (8): MaxPool2d(kernel_size=2, stride=2, padding=0, dilation=1, ceil_mode=False)
    (9): Flatten(start_dim=1, end_dim=-1)
    (10): Linear(in_features=512, out_features=512, bias=True)
    (11): ReLU()
    (12): Linear(in_features=512, out_features=256, bias=True)
    (13): ReLU()
    (14): Linear(in_features=256, out_features=100, bias=True)
  )
)
INFO:__main__:CHILD MODEL LOSS: 2.34444492149353 with train time 39.60265874862671
INFO:__main__:CHILD MODEL ACCURACY: 0.386
INFO:__main__:Policy gradient: -0.2948721945285797
INFO:__main__:
INFO:__main__:------ ITERATION 268 ------
INFO:__main__:Layers generated: [('128', '1', '1'), ('256', '5', '0')]
INFO:__main__:ChildCNNModel(
  (model): Sequential(
    (0): Conv2d(3, 128, kernel_size=(3, 3), stride=(1, 1), padding=(1, 1))
    (1): ReLU()
    (2): MaxPool2d(kernel_size=2, stride=2, padding=0, dilation=1, ceil_mode=False)
    (3): Conv2d(128, 128, kernel_size=(1, 1), stride=(1, 1), padding=(1, 1))
    (4): ReLU()
    (5): MaxPool2d(kernel_size=2, stride=2, padding=0, dilation=1, ceil_mode=False)
    (6): Conv2d(128, 256, kernel_size=(5, 5), stride=(1, 1))
    (7): ReLU()
    (8): MaxPool2d(kernel_size=2, stride=2, padding=0, dilation=1, ceil_mode=False)
    (9): Flatten(start_dim=1, end_dim=-1)
    (10): Linear(in_features=1024, out_features=512, bias=True)
    (11): ReLU()
    (12): Linear(in_features=512, out_features=256, bias=True)
    (13): ReLU()
    (14): Linear(in_features=256, out_features=100, bias=True)
  )
)
INFO:__main__:CHILD MODEL LOSS: 2.0665254311561583 with train time 44.232494831085205
INFO:__main__:CHILD MODEL ACCURACY: 0.4567
INFO:__main__:Policy gradient: 0.3065393269062042
INFO:__main__:
INFO:__main__:------ ITERATION 269 ------
INFO:__main__:Layers generated: [('128', '5', '1'), ('32', '3', '2')]
INFO:__main__:ChildCNNModel(
  (model): Sequential(
    (0): Conv2d(3, 128, kernel_size=(3, 3), stride=(1, 1), padding=(1, 1))
    (1): ReLU()
    (2): MaxPool2d(kernel_size=2, stride=2, padding=0, dilation=1, ceil_mode=False)
    (3): Conv2d(128, 128, kernel_size=(5, 5), stride=(1, 1), padding=(1, 1))
    (4): ReLU()
    (5): MaxPool2d(kernel_size=2, stride=2, padding=0, dilation=1, ceil_mode=False)
    (6): Conv2d(128, 32, kernel_size=(3, 3), stride=(1, 1), padding=(2, 2))
    (7): ReLU()
    (8): MaxPool2d(kernel_size=2, stride=2, padding=0, dilation=1, ceil_mode=False)
    (9): Flatten(start_dim=1, end_dim=-1)
    (10): Linear(in_features=512, out_features=512, bias=True)
    (11): ReLU()
    (12): Linear(in_features=512, out_features=256, bias=True)
    (13): ReLU()
    (14): Linear(in_features=256, out_features=100, bias=True)
  )
)
INFO:__main__:CHILD MODEL LOSS: 2.134521807193756 with train time 48.70156192779541
INFO:__main__:CHILD MODEL ACCURACY: 0.4286
INFO:__main__:Policy gradient: 0.06426908820867538
INFO:__main__:
INFO:__main__:------ ITERATION 270 ------
INFO:__main__:Layers generated: [('256', '5', '1'), ('128', '5', '2')]
INFO:__main__:ChildCNNModel(
  (model): Sequential(
    (0): Conv2d(3, 128, kernel_size=(3, 3), stride=(1, 1), padding=(1, 1))
    (1): ReLU()
    (2): MaxPool2d(kernel_size=2, stride=2, padding=0, dilation=1, ceil_mode=False)
    (3): Conv2d(128, 256, kernel_size=(5, 5), stride=(1, 1), padding=(1, 1))
    (4): ReLU()
    (5): MaxPool2d(kernel_size=2, stride=2, padding=0, dilation=1, ceil_mode=False)
    (6): Conv2d(256, 128, kernel_size=(5, 5), stride=(1, 1), padding=(2, 2))
    (7): ReLU()
    (8): MaxPool2d(kernel_size=2, stride=2, padding=0, dilation=1, ceil_mode=False)
    (9): Flatten(start_dim=1, end_dim=-1)
    (10): Linear(in_features=1152, out_features=512, bias=True)
    (11): ReLU()
    (12): Linear(in_features=512, out_features=256, bias=True)
    (13): ReLU()
    (14): Linear(in_features=256, out_features=100, bias=True)
  )
)
INFO:__main__:CHILD MODEL LOSS: 2.0773439412117005 with train time 67.04061794281006
INFO:__main__:CHILD MODEL ACCURACY: 0.4294
INFO:__main__:Policy gradient: 0.05845414847135544
INFO:__main__:
INFO:__main__:------ ITERATION 271 ------
INFO:__main__:Layers generated: [('256', '1', '2'), ('128', '3', '0')]
INFO:__main__:ChildCNNModel(
  (model): Sequential(
    (0): Conv2d(3, 128, kernel_size=(3, 3), stride=(1, 1), padding=(1, 1))
    (1): ReLU()
    (2): MaxPool2d(kernel_size=2, stride=2, padding=0, dilation=1, ceil_mode=False)
    (3): Conv2d(128, 256, kernel_size=(1, 1), stride=(1, 1), padding=(2, 2))
    (4): ReLU()
    (5): MaxPool2d(kernel_size=2, stride=2, padding=0, dilation=1, ceil_mode=False)
    (6): Conv2d(256, 128, kernel_size=(3, 3), stride=(1, 1))
    (7): ReLU()
    (8): MaxPool2d(kernel_size=2, stride=2, padding=0, dilation=1, ceil_mode=False)
    (9): Flatten(start_dim=1, end_dim=-1)
    (10): Linear(in_features=2048, out_features=512, bias=True)
    (11): ReLU()
    (12): Linear(in_features=512, out_features=256, bias=True)
    (13): ReLU()
    (14): Linear(in_features=256, out_features=100, bias=True)
  )
)
INFO:__main__:CHILD MODEL LOSS: 2.1023540477752687 with train time 50.53486180305481
INFO:__main__:CHILD MODEL ACCURACY: 0.4279
INFO:__main__:Policy gradient: 0.04446534812450409
INFO:__main__:
INFO:__main__:------ ITERATION 272 ------
INFO:__main__:Layers generated: [('32', '3', '1'), ('256', '5', '2')]
INFO:__main__:ChildCNNModel(
  (model): Sequential(
    (0): Conv2d(3, 128, kernel_size=(3, 3), stride=(1, 1), padding=(1, 1))
    (1): ReLU()
    (2): MaxPool2d(kernel_size=2, stride=2, padding=0, dilation=1, ceil_mode=False)
    (3): Conv2d(128, 32, kernel_size=(3, 3), stride=(1, 1), padding=(1, 1))
    (4): ReLU()
    (5): MaxPool2d(kernel_size=2, stride=2, padding=0, dilation=1, ceil_mode=False)
    (6): Conv2d(32, 256, kernel_size=(5, 5), stride=(1, 1), padding=(2, 2))
    (7): ReLU()
    (8): MaxPool2d(kernel_size=2, stride=2, padding=0, dilation=1, ceil_mode=False)
    (9): Flatten(start_dim=1, end_dim=-1)
    (10): Linear(in_features=4096, out_features=512, bias=True)
    (11): ReLU()
    (12): Linear(in_features=512, out_features=256, bias=True)
    (13): ReLU()
    (14): Linear(in_features=256, out_features=100, bias=True)
  )
)
INFO:__main__:CHILD MODEL LOSS: 1.9319376425743102 with train time 47.22995042800903
INFO:__main__:CHILD MODEL ACCURACY: 0.4541
INFO:__main__:Policy gradient: 0.23941323161125183
INFO:__main__:
INFO:__main__:------ ITERATION 273 ------
INFO:__main__:Layers generated: [('128', '5', '1'), ('64', '3', '0')]
INFO:__main__:ChildCNNModel(
  (model): Sequential(
    (0): Conv2d(3, 128, kernel_size=(3, 3), stride=(1, 1), padding=(1, 1))
    (1): ReLU()
    (2): MaxPool2d(kernel_size=2, stride=2, padding=0, dilation=1, ceil_mode=False)
    (3): Conv2d(128, 128, kernel_size=(5, 5), stride=(1, 1), padding=(1, 1))
    (4): ReLU()
    (5): MaxPool2d(kernel_size=2, stride=2, padding=0, dilation=1, ceil_mode=False)
    (6): Conv2d(128, 64, kernel_size=(3, 3), stride=(1, 1))
    (7): ReLU()
    (8): MaxPool2d(kernel_size=2, stride=2, padding=0, dilation=1, ceil_mode=False)
    (9): Flatten(start_dim=1, end_dim=-1)
    (10): Linear(in_features=256, out_features=512, bias=True)
    (11): ReLU()
    (12): Linear(in_features=512, out_features=256, bias=True)
    (13): ReLU()
    (14): Linear(in_features=256, out_features=100, bias=True)
  )
)
INFO:__main__:CHILD MODEL LOSS: 2.311961753845215 with train time 47.730851888656616
INFO:__main__:CHILD MODEL ACCURACY: 0.4083
INFO:__main__:Policy gradient: -0.12359968572854996
INFO:__main__:
INFO:__main__:------ ITERATION 274 ------
INFO:__main__:Layers generated: [('64', '1', '2'), ('128', '3', '2')]
INFO:__main__:ChildCNNModel(
  (model): Sequential(
    (0): Conv2d(3, 128, kernel_size=(3, 3), stride=(1, 1), padding=(1, 1))
    (1): ReLU()
    (2): MaxPool2d(kernel_size=2, stride=2, padding=0, dilation=1, ceil_mode=False)
    (3): Conv2d(128, 64, kernel_size=(1, 1), stride=(1, 1), padding=(2, 2))
    (4): ReLU()
    (5): MaxPool2d(kernel_size=2, stride=2, padding=0, dilation=1, ceil_mode=False)
    (6): Conv2d(64, 128, kernel_size=(3, 3), stride=(1, 1), padding=(2, 2))
    (7): ReLU()
    (8): MaxPool2d(kernel_size=2, stride=2, padding=0, dilation=1, ceil_mode=False)
    (9): Flatten(start_dim=1, end_dim=-1)
    (10): Linear(in_features=4608, out_features=512, bias=True)
    (11): ReLU()
    (12): Linear(in_features=512, out_features=256, bias=True)
    (13): ReLU()
    (14): Linear(in_features=256, out_features=100, bias=True)
  )
)
INFO:__main__:CHILD MODEL LOSS: 2.041394070148468 with train time 42.10478186607361
INFO:__main__:CHILD MODEL ACCURACY: 0.4445
INFO:__main__:Policy gradient: 0.14097784459590912
INFO:__main__:
INFO:__main__:------ ITERATION 275 ------
INFO:__main__:Layers generated: [('16', '5', '1'), ('64', '3', '2')]
INFO:__main__:ChildCNNModel(
  (model): Sequential(
    (0): Conv2d(3, 128, kernel_size=(3, 3), stride=(1, 1), padding=(1, 1))
    (1): ReLU()
    (2): MaxPool2d(kernel_size=2, stride=2, padding=0, dilation=1, ceil_mode=False)
    (3): Conv2d(128, 16, kernel_size=(5, 5), stride=(1, 1), padding=(1, 1))
    (4): ReLU()
    (5): MaxPool2d(kernel_size=2, stride=2, padding=0, dilation=1, ceil_mode=False)
    (6): Conv2d(16, 64, kernel_size=(3, 3), stride=(1, 1), padding=(2, 2))
    (7): ReLU()
    (8): MaxPool2d(kernel_size=2, stride=2, padding=0, dilation=1, ceil_mode=False)
    (9): Flatten(start_dim=1, end_dim=-1)
    (10): Linear(in_features=1024, out_features=512, bias=True)
    (11): ReLU()
    (12): Linear(in_features=512, out_features=256, bias=True)
    (13): ReLU()
    (14): Linear(in_features=256, out_features=100, bias=True)
  )
)
INFO:__main__:CHILD MODEL LOSS: 2.4361547441482543 with train time 41.426151275634766
INFO:__main__:CHILD MODEL ACCURACY: 0.3842
INFO:__main__:Policy gradient: -0.3256777226924896
INFO:__main__:
INFO:__main__:------ ITERATION 276 ------
INFO:__main__:Layers generated: [('128', '5', '2'), ('64', '1', '1')]
INFO:__main__:ChildCNNModel(
  (model): Sequential(
    (0): Conv2d(3, 128, kernel_size=(3, 3), stride=(1, 1), padding=(1, 1))
    (1): ReLU()
    (2): MaxPool2d(kernel_size=2, stride=2, padding=0, dilation=1, ceil_mode=False)
    (3): Conv2d(128, 128, kernel_size=(5, 5), stride=(1, 1), padding=(2, 2))
    (4): ReLU()
    (5): MaxPool2d(kernel_size=2, stride=2, padding=0, dilation=1, ceil_mode=False)
    (6): Conv2d(128, 64, kernel_size=(1, 1), stride=(1, 1), padding=(1, 1))
    (7): ReLU()
    (8): MaxPool2d(kernel_size=2, stride=2, padding=0, dilation=1, ceil_mode=False)
    (9): Flatten(start_dim=1, end_dim=-1)
    (10): Linear(in_features=1600, out_features=512, bias=True)
    (11): ReLU()
    (12): Linear(in_features=512, out_features=256, bias=True)
    (13): ReLU()
    (14): Linear(in_features=256, out_features=100, bias=True)
  )
)
INFO:__main__:CHILD MODEL LOSS: 2.0144618368148803 with train time 49.21075201034546
INFO:__main__:CHILD MODEL ACCURACY: 0.4529
INFO:__main__:Policy gradient: 0.22809357941150665
INFO:__main__:
INFO:__main__:------ ITERATION 277 ------
INFO:__main__:Layers generated: [('32', '3', '2'), ('256', '5', '2')]
INFO:__main__:ChildCNNModel(
  (model): Sequential(
    (0): Conv2d(3, 128, kernel_size=(3, 3), stride=(1, 1), padding=(1, 1))
    (1): ReLU()
    (2): MaxPool2d(kernel_size=2, stride=2, padding=0, dilation=1, ceil_mode=False)
    (3): Conv2d(128, 32, kernel_size=(3, 3), stride=(1, 1), padding=(2, 2))
    (4): ReLU()
    (5): MaxPool2d(kernel_size=2, stride=2, padding=0, dilation=1, ceil_mode=False)
    (6): Conv2d(32, 256, kernel_size=(5, 5), stride=(1, 1), padding=(2, 2))
    (7): ReLU()
    (8): MaxPool2d(kernel_size=2, stride=2, padding=0, dilation=1, ceil_mode=False)
    (9): Flatten(start_dim=1, end_dim=-1)
    (10): Linear(in_features=4096, out_features=512, bias=True)
    (11): ReLU()
    (12): Linear(in_features=512, out_features=256, bias=True)
    (13): ReLU()
    (14): Linear(in_features=256, out_features=100, bias=True)
  )
)
INFO:__main__:CHILD MODEL LOSS: 1.9094752388000489 with train time 43.471739530563354
INFO:__main__:CHILD MODEL ACCURACY: 0.4625
INFO:__main__:Policy gradient: 0.2632761001586914
INFO:__main__:
INFO:__main__:------ ITERATION 278 ------
INFO:__main__:Layers generated: [('64', '3', '2'), ('16', '3', '0')]
INFO:__main__:ChildCNNModel(
  (model): Sequential(
    (0): Conv2d(3, 128, kernel_size=(3, 3), stride=(1, 1), padding=(1, 1))
    (1): ReLU()
    (2): MaxPool2d(kernel_size=2, stride=2, padding=0, dilation=1, ceil_mode=False)
    (3): Conv2d(128, 64, kernel_size=(3, 3), stride=(1, 1), padding=(2, 2))
    (4): ReLU()
    (5): MaxPool2d(kernel_size=2, stride=2, padding=0, dilation=1, ceil_mode=False)
    (6): Conv2d(64, 16, kernel_size=(3, 3), stride=(1, 1))
    (7): ReLU()
    (8): MaxPool2d(kernel_size=2, stride=2, padding=0, dilation=1, ceil_mode=False)
    (9): Flatten(start_dim=1, end_dim=-1)
    (10): Linear(in_features=144, out_features=512, bias=True)
    (11): ReLU()
    (12): Linear(in_features=512, out_features=256, bias=True)
    (13): ReLU()
    (14): Linear(in_features=256, out_features=100, bias=True)
  )
)
INFO:__main__:CHILD MODEL LOSS: 2.5352276277542116 with train time 42.34537744522095
INFO:__main__:CHILD MODEL ACCURACY: 0.362
INFO:__main__:Policy gradient: -0.533881425857544
INFO:__main__:
INFO:__main__:------ ITERATION 279 ------
INFO:__main__:Layers generated: [('64', '1', '0'), ('64', '5', '0')]
INFO:__main__:ChildCNNModel(
  (model): Sequential(
    (0): Conv2d(3, 128, kernel_size=(3, 3), stride=(1, 1), padding=(1, 1))
    (1): ReLU()
    (2): MaxPool2d(kernel_size=2, stride=2, padding=0, dilation=1, ceil_mode=False)
    (3): Conv2d(128, 64, kernel_size=(1, 1), stride=(1, 1))
    (4): ReLU()
    (5): MaxPool2d(kernel_size=2, stride=2, padding=0, dilation=1, ceil_mode=False)
    (6): Conv2d(64, 64, kernel_size=(5, 5), stride=(1, 1))
    (7): ReLU()
    (8): MaxPool2d(kernel_size=2, stride=2, padding=0, dilation=1, ceil_mode=False)
    (9): Flatten(start_dim=1, end_dim=-1)
    (10): Linear(in_features=256, out_features=512, bias=True)
    (11): ReLU()
    (12): Linear(in_features=512, out_features=256, bias=True)
    (13): ReLU()
    (14): Linear(in_features=256, out_features=100, bias=True)
  )
)
INFO:__main__:CHILD MODEL LOSS: 2.3795854692459106 with train time 41.935593605041504
INFO:__main__:CHILD MODEL ACCURACY: 0.3904
INFO:__main__:Policy gradient: -0.23352132737636566
INFO:__main__:
INFO:__main__:------ ITERATION 280 ------
INFO:__main__:Layers generated: [('256', '5', '0'), ('32', '3', '2')]
INFO:__main__:ChildCNNModel(
  (model): Sequential(
    (0): Conv2d(3, 128, kernel_size=(3, 3), stride=(1, 1), padding=(1, 1))
    (1): ReLU()
    (2): MaxPool2d(kernel_size=2, stride=2, padding=0, dilation=1, ceil_mode=False)
    (3): Conv2d(128, 256, kernel_size=(5, 5), stride=(1, 1))
    (4): ReLU()
    (5): MaxPool2d(kernel_size=2, stride=2, padding=0, dilation=1, ceil_mode=False)
    (6): Conv2d(256, 32, kernel_size=(3, 3), stride=(1, 1), padding=(2, 2))
    (7): ReLU()
    (8): MaxPool2d(kernel_size=2, stride=2, padding=0, dilation=1, ceil_mode=False)
    (9): Flatten(start_dim=1, end_dim=-1)
    (10): Linear(in_features=512, out_features=512, bias=True)
    (11): ReLU()
    (12): Linear(in_features=512, out_features=256, bias=True)
    (13): ReLU()
    (14): Linear(in_features=256, out_features=100, bias=True)
  )
)
INFO:__main__:CHILD MODEL LOSS: 2.0178359580039977 with train time 57.188971281051636
INFO:__main__:CHILD MODEL ACCURACY: 0.4514
INFO:__main__:Policy gradient: 0.24341070652008057
INFO:__main__:
INFO:__main__:------ ITERATION 281 ------
INFO:__main__:Layers generated: [('256', '5', '2'), ('256', '3', '2')]
INFO:__main__:ChildCNNModel(
  (model): Sequential(
    (0): Conv2d(3, 128, kernel_size=(3, 3), stride=(1, 1), padding=(1, 1))
    (1): ReLU()
    (2): MaxPool2d(kernel_size=2, stride=2, padding=0, dilation=1, ceil_mode=False)
    (3): Conv2d(128, 256, kernel_size=(5, 5), stride=(1, 1), padding=(2, 2))
    (4): ReLU()
    (5): MaxPool2d(kernel_size=2, stride=2, padding=0, dilation=1, ceil_mode=False)
    (6): Conv2d(256, 256, kernel_size=(3, 3), stride=(1, 1), padding=(2, 2))
    (7): ReLU()
    (8): MaxPool2d(kernel_size=2, stride=2, padding=0, dilation=1, ceil_mode=False)
    (9): Flatten(start_dim=1, end_dim=-1)
    (10): Linear(in_features=6400, out_features=512, bias=True)
    (11): ReLU()
    (12): Linear(in_features=512, out_features=256, bias=True)
    (13): ReLU()
    (14): Linear(in_features=256, out_features=100, bias=True)
  )
)
INFO:__main__:CHILD MODEL LOSS: 1.9761302194595336 with train time 82.29942607879639
INFO:__main__:CHILD MODEL ACCURACY: 0.4418
INFO:__main__:Policy gradient: 0.12562961876392365
INFO:__main__:
INFO:__main__:------ ITERATION 282 ------
INFO:__main__:Layers generated: [('256', '1', '0'), ('128', '1', '0')]
INFO:__main__:ChildCNNModel(
  (model): Sequential(
    (0): Conv2d(3, 128, kernel_size=(3, 3), stride=(1, 1), padding=(1, 1))
    (1): ReLU()
    (2): MaxPool2d(kernel_size=2, stride=2, padding=0, dilation=1, ceil_mode=False)
    (3): Conv2d(128, 256, kernel_size=(1, 1), stride=(1, 1))
    (4): ReLU()
    (5): MaxPool2d(kernel_size=2, stride=2, padding=0, dilation=1, ceil_mode=False)
    (6): Conv2d(256, 128, kernel_size=(1, 1), stride=(1, 1))
    (7): ReLU()
    (8): MaxPool2d(kernel_size=2, stride=2, padding=0, dilation=1, ceil_mode=False)
    (9): Flatten(start_dim=1, end_dim=-1)
    (10): Linear(in_features=2048, out_features=512, bias=True)
    (11): ReLU()
    (12): Linear(in_features=512, out_features=256, bias=True)
    (13): ReLU()
    (14): Linear(in_features=256, out_features=100, bias=True)
  )
)
INFO:__main__:CHILD MODEL LOSS: 2.1413491959571838 with train time 44.16230773925781
INFO:__main__:CHILD MODEL ACCURACY: 0.4282
INFO:__main__:Policy gradient: 0.03343643620610237
INFO:__main__:
INFO:__main__:------ ITERATION 283 ------
INFO:__main__:Layers generated: [('64', '1', '2'), ('128', '1', '1')]
INFO:__main__:ChildCNNModel(
  (model): Sequential(
    (0): Conv2d(3, 128, kernel_size=(3, 3), stride=(1, 1), padding=(1, 1))
    (1): ReLU()
    (2): MaxPool2d(kernel_size=2, stride=2, padding=0, dilation=1, ceil_mode=False)
    (3): Conv2d(128, 64, kernel_size=(1, 1), stride=(1, 1), padding=(2, 2))
    (4): ReLU()
    (5): MaxPool2d(kernel_size=2, stride=2, padding=0, dilation=1, ceil_mode=False)
    (6): Conv2d(64, 128, kernel_size=(1, 1), stride=(1, 1), padding=(1, 1))
    (7): ReLU()
    (8): MaxPool2d(kernel_size=2, stride=2, padding=0, dilation=1, ceil_mode=False)
    (9): Flatten(start_dim=1, end_dim=-1)
    (10): Linear(in_features=4608, out_features=512, bias=True)
    (11): ReLU()
    (12): Linear(in_features=512, out_features=256, bias=True)
    (13): ReLU()
    (14): Linear(in_features=256, out_features=100, bias=True)
  )
)
INFO:__main__:CHILD MODEL LOSS: 2.311487779140472 with train time 40.774380922317505
INFO:__main__:CHILD MODEL ACCURACY: 0.4098
INFO:__main__:Policy gradient: -0.11148379743099213
INFO:__main__:
INFO:__main__:------ ITERATION 284 ------
INFO:__main__:Layers generated: [('256', '1', '2'), ('64', '1', '0')]
INFO:__main__:ChildCNNModel(
  (model): Sequential(
    (0): Conv2d(3, 128, kernel_size=(3, 3), stride=(1, 1), padding=(1, 1))
    (1): ReLU()
    (2): MaxPool2d(kernel_size=2, stride=2, padding=0, dilation=1, ceil_mode=False)
    (3): Conv2d(128, 256, kernel_size=(1, 1), stride=(1, 1), padding=(2, 2))
    (4): ReLU()
    (5): MaxPool2d(kernel_size=2, stride=2, padding=0, dilation=1, ceil_mode=False)
    (6): Conv2d(256, 64, kernel_size=(1, 1), stride=(1, 1))
    (7): ReLU()
    (8): MaxPool2d(kernel_size=2, stride=2, padding=0, dilation=1, ceil_mode=False)
    (9): Flatten(start_dim=1, end_dim=-1)
    (10): Linear(in_features=1600, out_features=512, bias=True)
    (11): ReLU()
    (12): Linear(in_features=512, out_features=256, bias=True)
    (13): ReLU()
    (14): Linear(in_features=256, out_features=100, bias=True)
  )
)
INFO:__main__:CHILD MODEL LOSS: 2.230796770095825 with train time 49.258569955825806
INFO:__main__:CHILD MODEL ACCURACY: 0.4089
INFO:__main__:Policy gradient: -0.10701131820678711
INFO:__main__:
INFO:__main__:------ ITERATION 285 ------
INFO:__main__:Layers generated: [('64', '5', '1'), ('16', '5', '2')]
INFO:__main__:ChildCNNModel(
  (model): Sequential(
    (0): Conv2d(3, 128, kernel_size=(3, 3), stride=(1, 1), padding=(1, 1))
    (1): ReLU()
    (2): MaxPool2d(kernel_size=2, stride=2, padding=0, dilation=1, ceil_mode=False)
    (3): Conv2d(128, 64, kernel_size=(5, 5), stride=(1, 1), padding=(1, 1))
    (4): ReLU()
    (5): MaxPool2d(kernel_size=2, stride=2, padding=0, dilation=1, ceil_mode=False)
    (6): Conv2d(64, 16, kernel_size=(5, 5), stride=(1, 1), padding=(2, 2))
    (7): ReLU()
    (8): MaxPool2d(kernel_size=2, stride=2, padding=0, dilation=1, ceil_mode=False)
    (9): Flatten(start_dim=1, end_dim=-1)
    (10): Linear(in_features=144, out_features=512, bias=True)
    (11): ReLU()
    (12): Linear(in_features=512, out_features=256, bias=True)
    (13): ReLU()
    (14): Linear(in_features=256, out_features=100, bias=True)
  )
)
INFO:__main__:CHILD MODEL LOSS: 2.3882984113693237 with train time 46.91459846496582
INFO:__main__:CHILD MODEL ACCURACY: 0.3823
INFO:__main__:Policy gradient: -0.3095182776451111
INFO:__main__:
INFO:__main__:------ ITERATION 286 ------
INFO:__main__:Layers generated: [('256', '3', '2'), ('256', '5', '0')]
INFO:__main__:ChildCNNModel(
  (model): Sequential(
    (0): Conv2d(3, 128, kernel_size=(3, 3), stride=(1, 1), padding=(1, 1))
    (1): ReLU()
    (2): MaxPool2d(kernel_size=2, stride=2, padding=0, dilation=1, ceil_mode=False)
    (3): Conv2d(128, 256, kernel_size=(3, 3), stride=(1, 1), padding=(2, 2))
    (4): ReLU()
    (5): MaxPool2d(kernel_size=2, stride=2, padding=0, dilation=1, ceil_mode=False)
    (6): Conv2d(256, 256, kernel_size=(5, 5), stride=(1, 1))
    (7): ReLU()
    (8): MaxPool2d(kernel_size=2, stride=2, padding=0, dilation=1, ceil_mode=False)
    (9): Flatten(start_dim=1, end_dim=-1)
    (10): Linear(in_features=1024, out_features=512, bias=True)
    (11): ReLU()
    (12): Linear(in_features=512, out_features=256, bias=True)
    (13): ReLU()
    (14): Linear(in_features=256, out_features=100, bias=True)
  )
)
INFO:__main__:CHILD MODEL LOSS: 1.9197100987434388 with train time 70.41342377662659
INFO:__main__:CHILD MODEL ACCURACY: 0.4708
INFO:__main__:Policy gradient: 0.3575645983219147
INFO:__main__:
INFO:__main__:------ ITERATION 287 ------
INFO:__main__:Layers generated: [('128', '1', '0'), ('64', '3', '2')]
INFO:__main__:ChildCNNModel(
  (model): Sequential(
    (0): Conv2d(3, 128, kernel_size=(3, 3), stride=(1, 1), padding=(1, 1))
    (1): ReLU()
    (2): MaxPool2d(kernel_size=2, stride=2, padding=0, dilation=1, ceil_mode=False)
    (3): Conv2d(128, 128, kernel_size=(1, 1), stride=(1, 1))
    (4): ReLU()
    (5): MaxPool2d(kernel_size=2, stride=2, padding=0, dilation=1, ceil_mode=False)
    (6): Conv2d(128, 64, kernel_size=(3, 3), stride=(1, 1), padding=(2, 2))
    (7): ReLU()
    (8): MaxPool2d(kernel_size=2, stride=2, padding=0, dilation=1, ceil_mode=False)
    (9): Flatten(start_dim=1, end_dim=-1)
    (10): Linear(in_features=1600, out_features=512, bias=True)
    (11): ReLU()
    (12): Linear(in_features=512, out_features=256, bias=True)
    (13): ReLU()
    (14): Linear(in_features=256, out_features=100, bias=True)
  )
)
INFO:__main__:CHILD MODEL LOSS: 2.100179582595825 with train time 43.82679104804993
INFO:__main__:CHILD MODEL ACCURACY: 0.4278
INFO:__main__:Policy gradient: 0.034295953810214996
INFO:__main__:
INFO:__main__:------ ITERATION 288 ------
INFO:__main__:Layers generated: [('256', '3', '0'), ('256', '3', '1')]
INFO:__main__:ChildCNNModel(
  (model): Sequential(
    (0): Conv2d(3, 128, kernel_size=(3, 3), stride=(1, 1), padding=(1, 1))
    (1): ReLU()
    (2): MaxPool2d(kernel_size=2, stride=2, padding=0, dilation=1, ceil_mode=False)
    (3): Conv2d(128, 256, kernel_size=(3, 3), stride=(1, 1))
    (4): ReLU()
    (5): MaxPool2d(kernel_size=2, stride=2, padding=0, dilation=1, ceil_mode=False)
    (6): Conv2d(256, 256, kernel_size=(3, 3), stride=(1, 1), padding=(1, 1))
    (7): ReLU()
    (8): MaxPool2d(kernel_size=2, stride=2, padding=0, dilation=1, ceil_mode=False)
    (9): Flatten(start_dim=1, end_dim=-1)
    (10): Linear(in_features=2304, out_features=512, bias=True)
    (11): ReLU()
    (12): Linear(in_features=512, out_features=256, bias=True)
    (13): ReLU()
    (14): Linear(in_features=256, out_features=100, bias=True)
  )
)
INFO:__main__:CHILD MODEL LOSS: 1.9314781889915467 with train time 52.764206409454346
INFO:__main__:CHILD MODEL ACCURACY: 0.4716
INFO:__main__:Policy gradient: 0.3375082015991211
INFO:__main__:
INFO:__main__:------ ITERATION 289 ------
INFO:__main__:Layers generated: [('64', '3', '2'), ('256', '5', '0')]
INFO:__main__:ChildCNNModel(
  (model): Sequential(
    (0): Conv2d(3, 128, kernel_size=(3, 3), stride=(1, 1), padding=(1, 1))
    (1): ReLU()
    (2): MaxPool2d(kernel_size=2, stride=2, padding=0, dilation=1, ceil_mode=False)
    (3): Conv2d(128, 64, kernel_size=(3, 3), stride=(1, 1), padding=(2, 2))
    (4): ReLU()
    (5): MaxPool2d(kernel_size=2, stride=2, padding=0, dilation=1, ceil_mode=False)
    (6): Conv2d(64, 256, kernel_size=(5, 5), stride=(1, 1))
    (7): ReLU()
    (8): MaxPool2d(kernel_size=2, stride=2, padding=0, dilation=1, ceil_mode=False)
    (9): Flatten(start_dim=1, end_dim=-1)
    (10): Linear(in_features=1024, out_features=512, bias=True)
    (11): ReLU()
    (12): Linear(in_features=512, out_features=256, bias=True)
    (13): ReLU()
    (14): Linear(in_features=256, out_features=100, bias=True)
  )
)
INFO:__main__:CHILD MODEL LOSS: 2.09062593793869 with train time 47.612093448638916
INFO:__main__:CHILD MODEL ACCURACY: 0.4438
INFO:__main__:Policy gradient: 0.10481756925582886
INFO:__main__:
INFO:__main__:------ ITERATION 290 ------
INFO:__main__:Layers generated: [('64', '5', '0'), ('64', '1', '1')]
INFO:__main__:ChildCNNModel(
  (model): Sequential(
    (0): Conv2d(3, 128, kernel_size=(3, 3), stride=(1, 1), padding=(1, 1))
    (1): ReLU()
    (2): MaxPool2d(kernel_size=2, stride=2, padding=0, dilation=1, ceil_mode=False)
    (3): Conv2d(128, 64, kernel_size=(5, 5), stride=(1, 1))
    (4): ReLU()
    (5): MaxPool2d(kernel_size=2, stride=2, padding=0, dilation=1, ceil_mode=False)
    (6): Conv2d(64, 64, kernel_size=(1, 1), stride=(1, 1), padding=(1, 1))
    (7): ReLU()
    (8): MaxPool2d(kernel_size=2, stride=2, padding=0, dilation=1, ceil_mode=False)
    (9): Flatten(start_dim=1, end_dim=-1)
    (10): Linear(in_features=1024, out_features=512, bias=True)
    (11): ReLU()
    (12): Linear(in_features=512, out_features=256, bias=True)
    (13): ReLU()
    (14): Linear(in_features=256, out_features=100, bias=True)
  )
)
INFO:__main__:CHILD MODEL LOSS: 2.1536547179222105 with train time 47.40995979309082
INFO:__main__:CHILD MODEL ACCURACY: 0.429
INFO:__main__:Policy gradient: -0.006091149058192968
INFO:__main__:
INFO:__main__:------ ITERATION 291 ------
INFO:__main__:Layers generated: [('128', '3', '1'), ('16', '5', '2')]
INFO:__main__:ChildCNNModel(
  (model): Sequential(
    (0): Conv2d(3, 128, kernel_size=(3, 3), stride=(1, 1), padding=(1, 1))
    (1): ReLU()
    (2): MaxPool2d(kernel_size=2, stride=2, padding=0, dilation=1, ceil_mode=False)
    (3): Conv2d(128, 128, kernel_size=(3, 3), stride=(1, 1), padding=(1, 1))
    (4): ReLU()
    (5): MaxPool2d(kernel_size=2, stride=2, padding=0, dilation=1, ceil_mode=False)
    (6): Conv2d(128, 16, kernel_size=(5, 5), stride=(1, 1), padding=(2, 2))
    (7): ReLU()
    (8): MaxPool2d(kernel_size=2, stride=2, padding=0, dilation=1, ceil_mode=False)
    (9): Flatten(start_dim=1, end_dim=-1)
    (10): Linear(in_features=256, out_features=512, bias=True)
    (11): ReLU()
    (12): Linear(in_features=512, out_features=256, bias=True)
    (13): ReLU()
    (14): Linear(in_features=256, out_features=100, bias=True)
  )
)
INFO:__main__:CHILD MODEL LOSS: 2.267504647254944 with train time 47.147987604141235
INFO:__main__:CHILD MODEL ACCURACY: 0.4093
INFO:__main__:Policy gradient: -0.16227568686008453
INFO:__main__:
INFO:__main__:------ ITERATION 292 ------
INFO:__main__:Layers generated: [('128', '1', '2'), ('64', '3', '2')]
INFO:__main__:ChildCNNModel(
  (model): Sequential(
    (0): Conv2d(3, 128, kernel_size=(3, 3), stride=(1, 1), padding=(1, 1))
    (1): ReLU()
    (2): MaxPool2d(kernel_size=2, stride=2, padding=0, dilation=1, ceil_mode=False)
    (3): Conv2d(128, 128, kernel_size=(1, 1), stride=(1, 1), padding=(2, 2))
    (4): ReLU()
    (5): MaxPool2d(kernel_size=2, stride=2, padding=0, dilation=1, ceil_mode=False)
    (6): Conv2d(128, 64, kernel_size=(3, 3), stride=(1, 1), padding=(2, 2))
    (7): ReLU()
    (8): MaxPool2d(kernel_size=2, stride=2, padding=0, dilation=1, ceil_mode=False)
    (9): Flatten(start_dim=1, end_dim=-1)
    (10): Linear(in_features=2304, out_features=512, bias=True)
    (11): ReLU()
    (12): Linear(in_features=512, out_features=256, bias=True)
    (13): ReLU()
    (14): Linear(in_features=256, out_features=100, bias=True)
  )
)
INFO:__main__:CHILD MODEL LOSS: 2.0444740986824037 with train time 45.07657313346863
INFO:__main__:CHILD MODEL ACCURACY: 0.4436
INFO:__main__:Policy gradient: 0.10877115279436111
INFO:__main__:
INFO:__main__:------ ITERATION 293 ------
INFO:__main__:Layers generated: [('32', '1', '2'), ('256', '3', '1')]
INFO:__main__:ChildCNNModel(
  (model): Sequential(
    (0): Conv2d(3, 128, kernel_size=(3, 3), stride=(1, 1), padding=(1, 1))
    (1): ReLU()
    (2): MaxPool2d(kernel_size=2, stride=2, padding=0, dilation=1, ceil_mode=False)
    (3): Conv2d(128, 32, kernel_size=(1, 1), stride=(1, 1), padding=(2, 2))
    (4): ReLU()
    (5): MaxPool2d(kernel_size=2, stride=2, padding=0, dilation=1, ceil_mode=False)
    (6): Conv2d(32, 256, kernel_size=(3, 3), stride=(1, 1), padding=(1, 1))
    (7): ReLU()
    (8): MaxPool2d(kernel_size=2, stride=2, padding=0, dilation=1, ceil_mode=False)
    (9): Flatten(start_dim=1, end_dim=-1)
    (10): Linear(in_features=6400, out_features=512, bias=True)
    (11): ReLU()
    (12): Linear(in_features=512, out_features=256, bias=True)
    (13): ReLU()
    (14): Linear(in_features=256, out_features=100, bias=True)
  )
)
INFO:__main__:CHILD MODEL LOSS: 1.9704333310127258 with train time 45.64430260658264
INFO:__main__:CHILD MODEL ACCURACY: 0.4637
INFO:__main__:Policy gradient: 0.2668561041355133
INFO:__main__:
INFO:__main__:------ ITERATION 294 ------
INFO:__main__:Layers generated: [('128', '1', '0'), ('128', '3', '0')]
INFO:__main__:ChildCNNModel(
  (model): Sequential(
    (0): Conv2d(3, 128, kernel_size=(3, 3), stride=(1, 1), padding=(1, 1))
    (1): ReLU()
    (2): MaxPool2d(kernel_size=2, stride=2, padding=0, dilation=1, ceil_mode=False)
    (3): Conv2d(128, 128, kernel_size=(1, 1), stride=(1, 1))
    (4): ReLU()
    (5): MaxPool2d(kernel_size=2, stride=2, padding=0, dilation=1, ceil_mode=False)
    (6): Conv2d(128, 128, kernel_size=(3, 3), stride=(1, 1))
    (7): ReLU()
    (8): MaxPool2d(kernel_size=2, stride=2, padding=0, dilation=1, ceil_mode=False)
    (9): Flatten(start_dim=1, end_dim=-1)
    (10): Linear(in_features=1152, out_features=512, bias=True)
    (11): ReLU()
    (12): Linear(in_features=512, out_features=256, bias=True)
    (13): ReLU()
    (14): Linear(in_features=256, out_features=100, bias=True)
  )
)
INFO:__main__:CHILD MODEL LOSS: 2.1175028767585755 with train time 44.27686595916748
INFO:__main__:CHILD MODEL ACCURACY: 0.4412
INFO:__main__:Policy gradient: 0.0644230842590332
INFO:__main__:
INFO:__main__:------ ITERATION 295 ------
INFO:__main__:Layers generated: [('64', '3', '1'), ('128', '1', '1')]
INFO:__main__:ChildCNNModel(
  (model): Sequential(
    (0): Conv2d(3, 128, kernel_size=(3, 3), stride=(1, 1), padding=(1, 1))
    (1): ReLU()
    (2): MaxPool2d(kernel_size=2, stride=2, padding=0, dilation=1, ceil_mode=False)
    (3): Conv2d(128, 64, kernel_size=(3, 3), stride=(1, 1), padding=(1, 1))
    (4): ReLU()
    (5): MaxPool2d(kernel_size=2, stride=2, padding=0, dilation=1, ceil_mode=False)
    (6): Conv2d(64, 128, kernel_size=(1, 1), stride=(1, 1), padding=(1, 1))
    (7): ReLU()
    (8): MaxPool2d(kernel_size=2, stride=2, padding=0, dilation=1, ceil_mode=False)
    (9): Flatten(start_dim=1, end_dim=-1)
    (10): Linear(in_features=3200, out_features=512, bias=True)
    (11): ReLU()
    (12): Linear(in_features=512, out_features=256, bias=True)
    (13): ReLU()
    (14): Linear(in_features=256, out_features=100, bias=True)
  )
)
INFO:__main__:CHILD MODEL LOSS: 2.1125682768821714 with train time 41.94275450706482
INFO:__main__:CHILD MODEL ACCURACY: 0.4398
INFO:__main__:Policy gradient: 0.0488508865237236
INFO:__main__:
INFO:__main__:------ ITERATION 296 ------
INFO:__main__:Layers generated: [('256', '5', '0'), ('64', '5', '2')]
INFO:__main__:ChildCNNModel(
  (model): Sequential(
    (0): Conv2d(3, 128, kernel_size=(3, 3), stride=(1, 1), padding=(1, 1))
    (1): ReLU()
    (2): MaxPool2d(kernel_size=2, stride=2, padding=0, dilation=1, ceil_mode=False)
    (3): Conv2d(128, 256, kernel_size=(5, 5), stride=(1, 1))
    (4): ReLU()
    (5): MaxPool2d(kernel_size=2, stride=2, padding=0, dilation=1, ceil_mode=False)
    (6): Conv2d(256, 64, kernel_size=(5, 5), stride=(1, 1), padding=(2, 2))
    (7): ReLU()
    (8): MaxPool2d(kernel_size=2, stride=2, padding=0, dilation=1, ceil_mode=False)
    (9): Flatten(start_dim=1, end_dim=-1)
    (10): Linear(in_features=576, out_features=512, bias=True)
    (11): ReLU()
    (12): Linear(in_features=512, out_features=256, bias=True)
    (13): ReLU()
    (14): Linear(in_features=256, out_features=100, bias=True)
  )
)
INFO:__main__:CHILD MODEL LOSS: 2.078170453071594 with train time 56.52888870239258
INFO:__main__:CHILD MODEL ACCURACY: 0.4317
INFO:__main__:Policy gradient: -0.016158796846866608
INFO:__main__:
INFO:__main__:------ ITERATION 297 ------
INFO:__main__:Layers generated: [('256', '1', '1'), ('128', '3', '2')]
INFO:__main__:ChildCNNModel(
  (model): Sequential(
    (0): Conv2d(3, 128, kernel_size=(3, 3), stride=(1, 1), padding=(1, 1))
    (1): ReLU()
    (2): MaxPool2d(kernel_size=2, stride=2, padding=0, dilation=1, ceil_mode=False)
    (3): Conv2d(128, 256, kernel_size=(1, 1), stride=(1, 1), padding=(1, 1))
    (4): ReLU()
    (5): MaxPool2d(kernel_size=2, stride=2, padding=0, dilation=1, ceil_mode=False)
    (6): Conv2d(256, 128, kernel_size=(3, 3), stride=(1, 1), padding=(2, 2))
    (7): ReLU()
    (8): MaxPool2d(kernel_size=2, stride=2, padding=0, dilation=1, ceil_mode=False)
    (9): Flatten(start_dim=1, end_dim=-1)
    (10): Linear(in_features=3200, out_features=512, bias=True)
    (11): ReLU()
    (12): Linear(in_features=512, out_features=256, bias=True)
    (13): ReLU()
    (14): Linear(in_features=256, out_features=100, bias=True)
  )
)
INFO:__main__:CHILD MODEL LOSS: 1.9929030408859254 with train time 50.506850242614746
INFO:__main__:CHILD MODEL ACCURACY: 0.4513
INFO:__main__:Policy gradient: 0.12478663772344589
INFO:__main__:
INFO:__main__:------ ITERATION 298 ------
INFO:__main__:Layers generated: [('256', '1', '1'), ('64', '3', '1')]
INFO:__main__:ChildCNNModel(
  (model): Sequential(
    (0): Conv2d(3, 128, kernel_size=(3, 3), stride=(1, 1), padding=(1, 1))
    (1): ReLU()
    (2): MaxPool2d(kernel_size=2, stride=2, padding=0, dilation=1, ceil_mode=False)
    (3): Conv2d(128, 256, kernel_size=(1, 1), stride=(1, 1), padding=(1, 1))
    (4): ReLU()
    (5): MaxPool2d(kernel_size=2, stride=2, padding=0, dilation=1, ceil_mode=False)
    (6): Conv2d(256, 64, kernel_size=(3, 3), stride=(1, 1), padding=(1, 1))
    (7): ReLU()
    (8): MaxPool2d(kernel_size=2, stride=2, padding=0, dilation=1, ceil_mode=False)
    (9): Flatten(start_dim=1, end_dim=-1)
    (10): Linear(in_features=1024, out_features=512, bias=True)
    (11): ReLU()
    (12): Linear(in_features=512, out_features=256, bias=True)
    (13): ReLU()
    (14): Linear(in_features=256, out_features=100, bias=True)
  )
)
INFO:__main__:CHILD MODEL LOSS: 2.1263977694511413 with train time 48.64144229888916
INFO:__main__:CHILD MODEL ACCURACY: 0.4308
INFO:__main__:Policy gradient: -0.03610238432884216
INFO:__main__:
INFO:__main__:------ ITERATION 299 ------
INFO:__main__:Layers generated: [('32', '3', '2'), ('16', '5', '2')]
INFO:__main__:ChildCNNModel(
  (model): Sequential(
    (0): Conv2d(3, 128, kernel_size=(3, 3), stride=(1, 1), padding=(1, 1))
    (1): ReLU()
    (2): MaxPool2d(kernel_size=2, stride=2, padding=0, dilation=1, ceil_mode=False)
    (3): Conv2d(128, 32, kernel_size=(3, 3), stride=(1, 1), padding=(2, 2))
    (4): ReLU()
    (5): MaxPool2d(kernel_size=2, stride=2, padding=0, dilation=1, ceil_mode=False)
    (6): Conv2d(32, 16, kernel_size=(5, 5), stride=(1, 1), padding=(2, 2))
    (7): ReLU()
    (8): MaxPool2d(kernel_size=2, stride=2, padding=0, dilation=1, ceil_mode=False)
    (9): Flatten(start_dim=1, end_dim=-1)
    (10): Linear(in_features=256, out_features=512, bias=True)
    (11): ReLU()
    (12): Linear(in_features=512, out_features=256, bias=True)
    (13): ReLU()
    (14): Linear(in_features=256, out_features=100, bias=True)
  )
)
INFO:__main__:CHILD MODEL LOSS: 2.325963381290436 with train time 42.81352162361145
INFO:__main__:CHILD MODEL ACCURACY: 0.4011
INFO:__main__:Policy gradient: -0.27877292037010193
INFO:__main__:
