INFO:__main__:###############################################
INFO:__main__:STARTING TRAINING
INFO:__main__:###############################################
INFO:__main__:Training set shape: torch.Size([50000, 3, 32, 32])
INFO:__main__:------ ITERATION 0 ------
INFO:__main__:Layers generated: [('64', '5', '0'), ('32', '5', '1'), ('16', '3', '1')]
INFO:__main__:ChildCNNModel(
  (model): Sequential(
    (0): Conv2d(3, 64, kernel_size=(5, 5), stride=(1, 1))
    (1): ReLU()
    (2): MaxPool2d(kernel_size=2, stride=2, padding=0, dilation=1, ceil_mode=False)
    (3): Conv2d(64, 32, kernel_size=(5, 5), stride=(1, 1), padding=(1, 1))
    (4): ReLU()
    (5): MaxPool2d(kernel_size=2, stride=2, padding=0, dilation=1, ceil_mode=False)
    (6): Conv2d(32, 16, kernel_size=(3, 3), stride=(1, 1), padding=(1, 1))
    (7): ReLU()
    (8): MaxPool2d(kernel_size=2, stride=2, padding=0, dilation=1, ceil_mode=False)
    (9): Flatten(start_dim=1, end_dim=-1)
    (10): Linear(in_features=144, out_features=512, bias=True)
    (11): ReLU()
    (12): Linear(in_features=512, out_features=256, bias=True)
    (13): ReLU()
    (14): Linear(in_features=256, out_features=10, bias=True)
  )
)
INFO:__main__:###############################################
INFO:__main__:STARTING TRAINING
INFO:__main__:###############################################
INFO:__main__:Training set shape: torch.Size([50000, 3, 32, 32])
INFO:__main__:------ ITERATION 0 ------
INFO:__main__:Layers generated: [('16', '1', '2'), ('32', '5', '2'), ('64', '5', '0')]
INFO:__main__:ChildCNNModel(
  (model): Sequential(
    (0): Conv2d(3, 16, kernel_size=(1, 1), stride=(1, 1), padding=(2, 2))
    (1): ReLU()
    (2): MaxPool2d(kernel_size=2, stride=2, padding=0, dilation=1, ceil_mode=False)
    (3): Conv2d(16, 32, kernel_size=(5, 5), stride=(1, 1), padding=(2, 2))
    (4): ReLU()
    (5): MaxPool2d(kernel_size=2, stride=2, padding=0, dilation=1, ceil_mode=False)
    (6): Conv2d(32, 64, kernel_size=(5, 5), stride=(1, 1))
    (7): ReLU()
    (8): MaxPool2d(kernel_size=2, stride=2, padding=0, dilation=1, ceil_mode=False)
    (9): Flatten(start_dim=1, end_dim=-1)
    (10): Linear(in_features=256, out_features=512, bias=True)
    (11): ReLU()
    (12): Linear(in_features=512, out_features=256, bias=True)
    (13): ReLU()
    (14): Linear(in_features=256, out_features=10, bias=True)
  )
)
INFO:__main__:CHILD MODEL LOSS: 1.0493115272521973 with train time 32.913801193237305
INFO:__main__:CHILD MODEL ACCURACY: 0.6442
INFO:__main__:Policy gradient: 7.348255634307861
INFO:__main__:
INFO:__main__:------ ITERATION 1 ------
INFO:__main__:Layers generated: [('32', '3', '2'), ('16', '1', '2'), ('64', '5', '2')]
INFO:__main__:ChildCNNModel(
  (model): Sequential(
    (0): Conv2d(3, 32, kernel_size=(3, 3), stride=(1, 1), padding=(2, 2))
    (1): ReLU()
    (2): MaxPool2d(kernel_size=2, stride=2, padding=0, dilation=1, ceil_mode=False)
    (3): Conv2d(32, 16, kernel_size=(1, 1), stride=(1, 1), padding=(2, 2))
    (4): ReLU()
    (5): MaxPool2d(kernel_size=2, stride=2, padding=0, dilation=1, ceil_mode=False)
    (6): Conv2d(16, 64, kernel_size=(5, 5), stride=(1, 1), padding=(2, 2))
    (7): ReLU()
    (8): MaxPool2d(kernel_size=2, stride=2, padding=0, dilation=1, ceil_mode=False)
    (9): Flatten(start_dim=1, end_dim=-1)
    (10): Linear(in_features=1600, out_features=512, bias=True)
    (11): ReLU()
    (12): Linear(in_features=512, out_features=256, bias=True)
    (13): ReLU()
    (14): Linear(in_features=256, out_features=10, bias=True)
  )
)
INFO:__main__:CHILD MODEL LOSS: 0.8088341929912567 with train time 32.20330286026001
INFO:__main__:CHILD MODEL ACCURACY: 0.7316
INFO:__main__:Policy gradient: 7.534003734588623
INFO:__main__:
INFO:__main__:------ ITERATION 2 ------
INFO:__main__:Layers generated: [('256', '3', '0'), ('128', '3', '0'), ('32', '3', '0')]
INFO:__main__:ChildCNNModel(
  (model): Sequential(
    (0): Conv2d(3, 256, kernel_size=(3, 3), stride=(1, 1))
    (1): ReLU()
    (2): MaxPool2d(kernel_size=2, stride=2, padding=0, dilation=1, ceil_mode=False)
    (3): Conv2d(256, 128, kernel_size=(3, 3), stride=(1, 1))
    (4): ReLU()
    (5): MaxPool2d(kernel_size=2, stride=2, padding=0, dilation=1, ceil_mode=False)
    (6): Conv2d(128, 32, kernel_size=(3, 3), stride=(1, 1))
    (7): ReLU()
    (8): MaxPool2d(kernel_size=2, stride=2, padding=0, dilation=1, ceil_mode=False)
    (9): Flatten(start_dim=1, end_dim=-1)
    (10): Linear(in_features=128, out_features=512, bias=True)
    (11): ReLU()
    (12): Linear(in_features=512, out_features=256, bias=True)
    (13): ReLU()
    (14): Linear(in_features=256, out_features=10, bias=True)
  )
)
INFO:__main__:CHILD MODEL LOSS: 0.8208278000354767 with train time 55.087549924850464
INFO:__main__:CHILD MODEL ACCURACY: 0.7298
INFO:__main__:Policy gradient: 6.662220478057861
INFO:__main__:
INFO:__main__:------ ITERATION 3 ------
INFO:__main__:Layers generated: [('16', '3', '2'), ('32', '3', '1'), ('256', '3', '0')]
INFO:__main__:ChildCNNModel(
  (model): Sequential(
    (0): Conv2d(3, 16, kernel_size=(3, 3), stride=(1, 1), padding=(2, 2))
    (1): ReLU()
    (2): MaxPool2d(kernel_size=2, stride=2, padding=0, dilation=1, ceil_mode=False)
    (3): Conv2d(16, 32, kernel_size=(3, 3), stride=(1, 1), padding=(1, 1))
    (4): ReLU()
    (5): MaxPool2d(kernel_size=2, stride=2, padding=0, dilation=1, ceil_mode=False)
    (6): Conv2d(32, 256, kernel_size=(3, 3), stride=(1, 1))
    (7): ReLU()
    (8): MaxPool2d(kernel_size=2, stride=2, padding=0, dilation=1, ceil_mode=False)
    (9): Flatten(start_dim=1, end_dim=-1)
    (10): Linear(in_features=2304, out_features=512, bias=True)
    (11): ReLU()
    (12): Linear(in_features=512, out_features=256, bias=True)
    (13): ReLU()
    (14): Linear(in_features=256, out_features=10, bias=True)
  )
)
INFO:__main__:CHILD MODEL LOSS: 0.6644805548191071 with train time 32.877768993377686
INFO:__main__:CHILD MODEL ACCURACY: 0.7813
INFO:__main__:Policy gradient: 6.389349460601807
INFO:__main__:
INFO:__main__:------ ITERATION 4 ------
INFO:__main__:Layers generated: [('256', '3', '2'), ('256', '5', '2'), ('256', '3', '0')]
INFO:__main__:ChildCNNModel(
  (model): Sequential(
    (0): Conv2d(3, 256, kernel_size=(3, 3), stride=(1, 1), padding=(2, 2))
    (1): ReLU()
    (2): MaxPool2d(kernel_size=2, stride=2, padding=0, dilation=1, ceil_mode=False)
    (3): Conv2d(256, 256, kernel_size=(5, 5), stride=(1, 1), padding=(2, 2))
    (4): ReLU()
    (5): MaxPool2d(kernel_size=2, stride=2, padding=0, dilation=1, ceil_mode=False)
    (6): Conv2d(256, 256, kernel_size=(3, 3), stride=(1, 1))
    (7): ReLU()
    (8): MaxPool2d(kernel_size=2, stride=2, padding=0, dilation=1, ceil_mode=False)
    (9): Flatten(start_dim=1, end_dim=-1)
    (10): Linear(in_features=2304, out_features=512, bias=True)
    (11): ReLU()
    (12): Linear(in_features=512, out_features=256, bias=True)
    (13): ReLU()
    (14): Linear(in_features=256, out_features=10, bias=True)
  )
)
INFO:__main__:CHILD MODEL LOSS: 0.6000141938924789 with train time 141.79475593566895
INFO:__main__:CHILD MODEL ACCURACY: 0.7967
INFO:__main__:Policy gradient: 5.8127923011779785
INFO:__main__:
INFO:__main__:------ ITERATION 5 ------
INFO:__main__:Layers generated: [('256', '3', '1'), ('16', '5', '2'), ('128', '3', '0')]
INFO:__main__:ChildCNNModel(
  (model): Sequential(
    (0): Conv2d(3, 256, kernel_size=(3, 3), stride=(1, 1), padding=(1, 1))
    (1): ReLU()
    (2): MaxPool2d(kernel_size=2, stride=2, padding=0, dilation=1, ceil_mode=False)
    (3): Conv2d(256, 16, kernel_size=(5, 5), stride=(1, 1), padding=(2, 2))
    (4): ReLU()
    (5): MaxPool2d(kernel_size=2, stride=2, padding=0, dilation=1, ceil_mode=False)
    (6): Conv2d(16, 128, kernel_size=(3, 3), stride=(1, 1))
    (7): ReLU()
    (8): MaxPool2d(kernel_size=2, stride=2, padding=0, dilation=1, ceil_mode=False)
    (9): Flatten(start_dim=1, end_dim=-1)
    (10): Linear(in_features=1152, out_features=512, bias=True)
    (11): ReLU()
    (12): Linear(in_features=512, out_features=256, bias=True)
    (13): ReLU()
    (14): Linear(in_features=256, out_features=10, bias=True)
  )
)
INFO:__main__:CHILD MODEL LOSS: 0.7241273847818375 with train time 60.25309944152832
INFO:__main__:CHILD MODEL ACCURACY: 0.7601
INFO:__main__:Policy gradient: 5.151942729949951
INFO:__main__:
INFO:__main__:------ ITERATION 6 ------
INFO:__main__:Layers generated: [('32', '3', '2'), ('32', '1', '0'), ('16', '1', '0')]
INFO:__main__:ChildCNNModel(
  (model): Sequential(
    (0): Conv2d(3, 32, kernel_size=(3, 3), stride=(1, 1), padding=(2, 2))
    (1): ReLU()
    (2): MaxPool2d(kernel_size=2, stride=2, padding=0, dilation=1, ceil_mode=False)
    (3): Conv2d(32, 32, kernel_size=(1, 1), stride=(1, 1))
    (4): ReLU()
    (5): MaxPool2d(kernel_size=2, stride=2, padding=0, dilation=1, ceil_mode=False)
    (6): Conv2d(32, 16, kernel_size=(1, 1), stride=(1, 1))
    (7): ReLU()
    (8): MaxPool2d(kernel_size=2, stride=2, padding=0, dilation=1, ceil_mode=False)
    (9): Flatten(start_dim=1, end_dim=-1)
    (10): Linear(in_features=256, out_features=512, bias=True)
    (11): ReLU()
    (12): Linear(in_features=512, out_features=256, bias=True)
    (13): ReLU()
    (14): Linear(in_features=256, out_features=10, bias=True)
  )
)
INFO:__main__:CHILD MODEL LOSS: 1.0027064487934112 with train time 40.06984853744507
INFO:__main__:CHILD MODEL ACCURACY: 0.6662
INFO:__main__:Policy gradient: 3.3352558612823486
INFO:__main__:
INFO:__main__:------ ITERATION 7 ------
INFO:__main__:Layers generated: [('256', '5', '2'), ('128', '3', '1'), ('64', '3', '2')]
INFO:__main__:ChildCNNModel(
  (model): Sequential(
    (0): Conv2d(3, 256, kernel_size=(5, 5), stride=(1, 1), padding=(2, 2))
    (1): ReLU()
    (2): MaxPool2d(kernel_size=2, stride=2, padding=0, dilation=1, ceil_mode=False)
    (3): Conv2d(256, 128, kernel_size=(3, 3), stride=(1, 1), padding=(1, 1))
    (4): ReLU()
    (5): MaxPool2d(kernel_size=2, stride=2, padding=0, dilation=1, ceil_mode=False)
    (6): Conv2d(128, 64, kernel_size=(3, 3), stride=(1, 1), padding=(2, 2))
    (7): ReLU()
    (8): MaxPool2d(kernel_size=2, stride=2, padding=0, dilation=1, ceil_mode=False)
    (9): Flatten(start_dim=1, end_dim=-1)
    (10): Linear(in_features=1600, out_features=512, bias=True)
    (11): ReLU()
    (12): Linear(in_features=512, out_features=256, bias=True)
    (13): ReLU()
    (14): Linear(in_features=256, out_features=10, bias=True)
  )
)
INFO:__main__:CHILD MODEL LOSS: 0.6055782796144485 with train time 68.02003788948059
INFO:__main__:CHILD MODEL ACCURACY: 0.7832
INFO:__main__:Policy gradient: 4.475254535675049
INFO:__main__:
INFO:__main__:------ ITERATION 8 ------
INFO:__main__:Layers generated: [('128', '1', '2'), ('32', '3', '0'), ('16', '1', '2')]
INFO:__main__:ChildCNNModel(
  (model): Sequential(
    (0): Conv2d(3, 128, kernel_size=(1, 1), stride=(1, 1), padding=(2, 2))
    (1): ReLU()
    (2): MaxPool2d(kernel_size=2, stride=2, padding=0, dilation=1, ceil_mode=False)
    (3): Conv2d(128, 32, kernel_size=(3, 3), stride=(1, 1))
    (4): ReLU()
    (5): MaxPool2d(kernel_size=2, stride=2, padding=0, dilation=1, ceil_mode=False)
    (6): Conv2d(32, 16, kernel_size=(1, 1), stride=(1, 1), padding=(2, 2))
    (7): ReLU()
    (8): MaxPool2d(kernel_size=2, stride=2, padding=0, dilation=1, ceil_mode=False)
    (9): Flatten(start_dim=1, end_dim=-1)
    (10): Linear(in_features=576, out_features=512, bias=True)
    (11): ReLU()
    (12): Linear(in_features=512, out_features=256, bias=True)
    (13): ReLU()
    (14): Linear(in_features=256, out_features=10, bias=True)
  )
)
INFO:__main__:CHILD MODEL LOSS: 1.1029978489875794 with train time 41.19228553771973
INFO:__main__:CHILD MODEL ACCURACY: 0.6186
INFO:__main__:Policy gradient: 2.188514232635498
INFO:__main__:
INFO:__main__:------ ITERATION 9 ------
INFO:__main__:Layers generated: [('16', '3', '2'), ('32', '1', '1'), ('64', '1', '2')]
INFO:__main__:ChildCNNModel(
  (model): Sequential(
    (0): Conv2d(3, 16, kernel_size=(3, 3), stride=(1, 1), padding=(2, 2))
    (1): ReLU()
    (2): MaxPool2d(kernel_size=2, stride=2, padding=0, dilation=1, ceil_mode=False)
    (3): Conv2d(16, 32, kernel_size=(1, 1), stride=(1, 1), padding=(1, 1))
    (4): ReLU()
    (5): MaxPool2d(kernel_size=2, stride=2, padding=0, dilation=1, ceil_mode=False)
    (6): Conv2d(32, 64, kernel_size=(1, 1), stride=(1, 1), padding=(2, 2))
    (7): ReLU()
    (8): MaxPool2d(kernel_size=2, stride=2, padding=0, dilation=1, ceil_mode=False)
    (9): Flatten(start_dim=1, end_dim=-1)
    (10): Linear(in_features=2304, out_features=512, bias=True)
    (11): ReLU()
    (12): Linear(in_features=512, out_features=256, bias=True)
    (13): ReLU()
    (14): Linear(in_features=256, out_features=10, bias=True)
  )
)
INFO:__main__:CHILD MODEL LOSS: 0.9665488195419312 with train time 31.916041374206543
INFO:__main__:CHILD MODEL ACCURACY: 0.6867
INFO:__main__:Policy gradient: 2.7067620754241943
INFO:__main__:
INFO:__main__:------ ITERATION 10 ------
INFO:__main__:Layers generated: [('16', '1', '1'), ('32', '5', '2'), ('32', '3', '1')]
INFO:__main__:ChildCNNModel(
  (model): Sequential(
    (0): Conv2d(3, 16, kernel_size=(1, 1), stride=(1, 1), padding=(1, 1))
    (1): ReLU()
    (2): MaxPool2d(kernel_size=2, stride=2, padding=0, dilation=1, ceil_mode=False)
    (3): Conv2d(16, 32, kernel_size=(5, 5), stride=(1, 1), padding=(2, 2))
    (4): ReLU()
    (5): MaxPool2d(kernel_size=2, stride=2, padding=0, dilation=1, ceil_mode=False)
    (6): Conv2d(32, 32, kernel_size=(3, 3), stride=(1, 1), padding=(1, 1))
    (7): ReLU()
    (8): MaxPool2d(kernel_size=2, stride=2, padding=0, dilation=1, ceil_mode=False)
    (9): Flatten(start_dim=1, end_dim=-1)
    (10): Linear(in_features=512, out_features=512, bias=True)
    (11): ReLU()
    (12): Linear(in_features=512, out_features=256, bias=True)
    (13): ReLU()
    (14): Linear(in_features=256, out_features=10, bias=True)
  )
)
INFO:__main__:CHILD MODEL LOSS: 0.9617699477672577 with train time 32.31959939002991
INFO:__main__:CHILD MODEL ACCURACY: 0.6735
INFO:__main__:Policy gradient: 2.3506953716278076
INFO:__main__:
INFO:__main__:------ ITERATION 11 ------
INFO:__main__:Layers generated: [('32', '1', '2'), ('32', '1', '2'), ('64', '5', '2')]
INFO:__main__:ChildCNNModel(
  (model): Sequential(
    (0): Conv2d(3, 32, kernel_size=(1, 1), stride=(1, 1), padding=(2, 2))
    (1): ReLU()
    (2): MaxPool2d(kernel_size=2, stride=2, padding=0, dilation=1, ceil_mode=False)
    (3): Conv2d(32, 32, kernel_size=(1, 1), stride=(1, 1), padding=(2, 2))
    (4): ReLU()
    (5): MaxPool2d(kernel_size=2, stride=2, padding=0, dilation=1, ceil_mode=False)
    (6): Conv2d(32, 64, kernel_size=(5, 5), stride=(1, 1), padding=(2, 2))
    (7): ReLU()
    (8): MaxPool2d(kernel_size=2, stride=2, padding=0, dilation=1, ceil_mode=False)
    (9): Flatten(start_dim=1, end_dim=-1)
    (10): Linear(in_features=1600, out_features=512, bias=True)
    (11): ReLU()
    (12): Linear(in_features=512, out_features=256, bias=True)
    (13): ReLU()
    (14): Linear(in_features=256, out_features=10, bias=True)
  )
)
INFO:__main__:CHILD MODEL LOSS: 1.0214063129425048 with train time 33.11538481712341
INFO:__main__:CHILD MODEL ACCURACY: 0.6453
INFO:__main__:Policy gradient: 1.691756010055542
INFO:__main__:
INFO:__main__:------ ITERATION 12 ------
INFO:__main__:Layers generated: [('256', '3', '2'), ('128', '1', '0'), ('32', '3', '2')]
INFO:__main__:ChildCNNModel(
  (model): Sequential(
    (0): Conv2d(3, 256, kernel_size=(3, 3), stride=(1, 1), padding=(2, 2))
    (1): ReLU()
    (2): MaxPool2d(kernel_size=2, stride=2, padding=0, dilation=1, ceil_mode=False)
    (3): Conv2d(256, 128, kernel_size=(1, 1), stride=(1, 1))
    (4): ReLU()
    (5): MaxPool2d(kernel_size=2, stride=2, padding=0, dilation=1, ceil_mode=False)
    (6): Conv2d(128, 32, kernel_size=(3, 3), stride=(1, 1), padding=(2, 2))
    (7): ReLU()
    (8): MaxPool2d(kernel_size=2, stride=2, padding=0, dilation=1, ceil_mode=False)
    (9): Flatten(start_dim=1, end_dim=-1)
    (10): Linear(in_features=800, out_features=512, bias=True)
    (11): ReLU()
    (12): Linear(in_features=512, out_features=256, bias=True)
    (13): ReLU()
    (14): Linear(in_features=256, out_features=10, bias=True)
  )
)
INFO:__main__:CHILD MODEL LOSS: 0.6724635807275772 with train time 60.073339223861694
INFO:__main__:CHILD MODEL ACCURACY: 0.7632
INFO:__main__:Policy gradient: 2.7117531299591064
INFO:__main__:
INFO:__main__:------ ITERATION 13 ------
INFO:__main__:Layers generated: [('16', '3', '2'), ('64', '3', '2'), ('16', '5', '0')]
INFO:__main__:ChildCNNModel(
  (model): Sequential(
    (0): Conv2d(3, 16, kernel_size=(3, 3), stride=(1, 1), padding=(2, 2))
    (1): ReLU()
    (2): MaxPool2d(kernel_size=2, stride=2, padding=0, dilation=1, ceil_mode=False)
    (3): Conv2d(16, 64, kernel_size=(3, 3), stride=(1, 1), padding=(2, 2))
    (4): ReLU()
    (5): MaxPool2d(kernel_size=2, stride=2, padding=0, dilation=1, ceil_mode=False)
    (6): Conv2d(64, 16, kernel_size=(5, 5), stride=(1, 1))
    (7): ReLU()
    (8): MaxPool2d(kernel_size=2, stride=2, padding=0, dilation=1, ceil_mode=False)
    (9): Flatten(start_dim=1, end_dim=-1)
    (10): Linear(in_features=64, out_features=512, bias=True)
    (11): ReLU()
    (12): Linear(in_features=512, out_features=256, bias=True)
    (13): ReLU()
    (14): Linear(in_features=256, out_features=10, bias=True)
  )
)
INFO:__main__:CHILD MODEL LOSS: 0.891589616060257 with train time 32.185285568237305
INFO:__main__:CHILD MODEL ACCURACY: 0.7032
INFO:__main__:Policy gradient: 1.7514795064926147
INFO:__main__:
INFO:__main__:------ ITERATION 14 ------
INFO:__main__:Layers generated: [('256', '1', '2'), ('16', '1', '1'), ('64', '1', '0')]
INFO:__main__:ChildCNNModel(
  (model): Sequential(
    (0): Conv2d(3, 256, kernel_size=(1, 1), stride=(1, 1), padding=(2, 2))
    (1): ReLU()
    (2): MaxPool2d(kernel_size=2, stride=2, padding=0, dilation=1, ceil_mode=False)
    (3): Conv2d(256, 16, kernel_size=(1, 1), stride=(1, 1), padding=(1, 1))
    (4): ReLU()
    (5): MaxPool2d(kernel_size=2, stride=2, padding=0, dilation=1, ceil_mode=False)
    (6): Conv2d(16, 64, kernel_size=(1, 1), stride=(1, 1))
    (7): ReLU()
    (8): MaxPool2d(kernel_size=2, stride=2, padding=0, dilation=1, ceil_mode=False)
    (9): Flatten(start_dim=1, end_dim=-1)
    (10): Linear(in_features=1600, out_features=512, bias=True)
    (11): ReLU()
    (12): Linear(in_features=512, out_features=256, bias=True)
    (13): ReLU()
    (14): Linear(in_features=256, out_features=10, bias=True)
  )
)
INFO:__main__:CHILD MODEL LOSS: 1.1234386293888092 with train time 67.25414299964905
INFO:__main__:CHILD MODEL ACCURACY: 0.613
INFO:__main__:Policy gradient: 0.7640362977981567
INFO:__main__:
INFO:__main__:------ ITERATION 15 ------
INFO:__main__:Layers generated: [('256', '3', '2'), ('16', '3', '2'), ('16', '1', '1')]
INFO:__main__:ChildCNNModel(
  (model): Sequential(
    (0): Conv2d(3, 256, kernel_size=(3, 3), stride=(1, 1), padding=(2, 2))
    (1): ReLU()
    (2): MaxPool2d(kernel_size=2, stride=2, padding=0, dilation=1, ceil_mode=False)
    (3): Conv2d(256, 16, kernel_size=(3, 3), stride=(1, 1), padding=(2, 2))
    (4): ReLU()
    (5): MaxPool2d(kernel_size=2, stride=2, padding=0, dilation=1, ceil_mode=False)
    (6): Conv2d(16, 16, kernel_size=(1, 1), stride=(1, 1), padding=(1, 1))
    (7): ReLU()
    (8): MaxPool2d(kernel_size=2, stride=2, padding=0, dilation=1, ceil_mode=False)
    (9): Flatten(start_dim=1, end_dim=-1)
    (10): Linear(in_features=400, out_features=512, bias=True)
    (11): ReLU()
    (12): Linear(in_features=512, out_features=256, bias=True)
    (13): ReLU()
    (14): Linear(in_features=256, out_features=10, bias=True)
  )
)
INFO:__main__:CHILD MODEL LOSS: 0.9062959666252136 with train time 59.4392728805542
INFO:__main__:CHILD MODEL ACCURACY: 0.7042
INFO:__main__:Policy gradient: 1.4580776691436768
INFO:__main__:
INFO:__main__:------ ITERATION 16 ------
INFO:__main__:Layers generated: [('256', '1', '2'), ('16', '1', '2'), ('64', '5', '0')]
INFO:__main__:ChildCNNModel(
  (model): Sequential(
    (0): Conv2d(3, 256, kernel_size=(1, 1), stride=(1, 1), padding=(2, 2))
    (1): ReLU()
    (2): MaxPool2d(kernel_size=2, stride=2, padding=0, dilation=1, ceil_mode=False)
    (3): Conv2d(256, 16, kernel_size=(1, 1), stride=(1, 1), padding=(2, 2))
    (4): ReLU()
    (5): MaxPool2d(kernel_size=2, stride=2, padding=0, dilation=1, ceil_mode=False)
    (6): Conv2d(16, 64, kernel_size=(5, 5), stride=(1, 1))
    (7): ReLU()
    (8): MaxPool2d(kernel_size=2, stride=2, padding=0, dilation=1, ceil_mode=False)
    (9): Flatten(start_dim=1, end_dim=-1)
    (10): Linear(in_features=576, out_features=512, bias=True)
    (11): ReLU()
    (12): Linear(in_features=512, out_features=256, bias=True)
    (13): ReLU()
    (14): Linear(in_features=256, out_features=10, bias=True)
  )
)
INFO:__main__:CHILD MODEL LOSS: 1.0450667939186096 with train time 68.25493359565735
INFO:__main__:CHILD MODEL ACCURACY: 0.6433
INFO:__main__:Policy gradient: 0.8159586191177368
INFO:__main__:
INFO:__main__:------ ITERATION 17 ------
INFO:__main__:Layers generated: [('32', '1', '2'), ('16', '3', '1'), ('16', '1', '2')]
INFO:__main__:ChildCNNModel(
  (model): Sequential(
    (0): Conv2d(3, 32, kernel_size=(1, 1), stride=(1, 1), padding=(2, 2))
    (1): ReLU()
    (2): MaxPool2d(kernel_size=2, stride=2, padding=0, dilation=1, ceil_mode=False)
    (3): Conv2d(32, 16, kernel_size=(3, 3), stride=(1, 1), padding=(1, 1))
    (4): ReLU()
    (5): MaxPool2d(kernel_size=2, stride=2, padding=0, dilation=1, ceil_mode=False)
    (6): Conv2d(16, 16, kernel_size=(1, 1), stride=(1, 1), padding=(2, 2))
    (7): ReLU()
    (8): MaxPool2d(kernel_size=2, stride=2, padding=0, dilation=1, ceil_mode=False)
    (9): Flatten(start_dim=1, end_dim=-1)
    (10): Linear(in_features=576, out_features=512, bias=True)
    (11): ReLU()
    (12): Linear(in_features=512, out_features=256, bias=True)
    (13): ReLU()
    (14): Linear(in_features=256, out_features=10, bias=True)
  )
)
INFO:__main__:CHILD MODEL LOSS: 1.13672368311882 with train time 32.11695742607117
INFO:__main__:CHILD MODEL ACCURACY: 0.608
INFO:__main__:Policy gradient: 0.35227492451667786
INFO:__main__:
INFO:__main__:------ ITERATION 18 ------
INFO:__main__:Layers generated: [('16', '5', '2'), ('32', '3', '1'), ('128', '3', '2')]
INFO:__main__:ChildCNNModel(
  (model): Sequential(
    (0): Conv2d(3, 16, kernel_size=(5, 5), stride=(1, 1), padding=(2, 2))
    (1): ReLU()
    (2): MaxPool2d(kernel_size=2, stride=2, padding=0, dilation=1, ceil_mode=False)
    (3): Conv2d(16, 32, kernel_size=(3, 3), stride=(1, 1), padding=(1, 1))
    (4): ReLU()
    (5): MaxPool2d(kernel_size=2, stride=2, padding=0, dilation=1, ceil_mode=False)
    (6): Conv2d(32, 128, kernel_size=(3, 3), stride=(1, 1), padding=(2, 2))
    (7): ReLU()
    (8): MaxPool2d(kernel_size=2, stride=2, padding=0, dilation=1, ceil_mode=False)
    (9): Flatten(start_dim=1, end_dim=-1)
    (10): Linear(in_features=3200, out_features=512, bias=True)
    (11): ReLU()
    (12): Linear(in_features=512, out_features=256, bias=True)
    (13): ReLU()
    (14): Linear(in_features=256, out_features=10, bias=True)
  )
)
INFO:__main__:CHILD MODEL LOSS: 0.69593326151371 with train time 30.78779435157776
INFO:__main__:CHILD MODEL ACCURACY: 0.7635
INFO:__main__:Policy gradient: 1.9981868267059326
INFO:__main__:
INFO:__main__:------ ITERATION 19 ------
INFO:__main__:Layers generated: [('16', '3', '2'), ('128', '5', '0'), ('32', '5', '1')]
INFO:__main__:ChildCNNModel(
  (model): Sequential(
    (0): Conv2d(3, 16, kernel_size=(3, 3), stride=(1, 1), padding=(2, 2))
    (1): ReLU()
    (2): MaxPool2d(kernel_size=2, stride=2, padding=0, dilation=1, ceil_mode=False)
    (3): Conv2d(16, 128, kernel_size=(5, 5), stride=(1, 1))
    (4): ReLU()
    (5): MaxPool2d(kernel_size=2, stride=2, padding=0, dilation=1, ceil_mode=False)
    (6): Conv2d(128, 32, kernel_size=(5, 5), stride=(1, 1), padding=(1, 1))
    (7): ReLU()
    (8): MaxPool2d(kernel_size=2, stride=2, padding=0, dilation=1, ceil_mode=False)
    (9): Flatten(start_dim=1, end_dim=-1)
    (10): Linear(in_features=128, out_features=512, bias=True)
    (11): ReLU()
    (12): Linear(in_features=512, out_features=256, bias=True)
    (13): ReLU()
    (14): Linear(in_features=256, out_features=10, bias=True)
  )
)
INFO:__main__:CHILD MODEL LOSS: 0.7592295663356781 with train time 30.91214609146118
INFO:__main__:CHILD MODEL ACCURACY: 0.7561
INFO:__main__:Policy gradient: 1.7567322254180908
INFO:__main__:
INFO:__main__:------ ITERATION 20 ------
INFO:__main__:Layers generated: [('64', '5', '1'), ('16', '3', '1'), ('256', '3', '0')]
INFO:__main__:ChildCNNModel(
  (model): Sequential(
    (0): Conv2d(3, 64, kernel_size=(5, 5), stride=(1, 1), padding=(1, 1))
    (1): ReLU()
    (2): MaxPool2d(kernel_size=2, stride=2, padding=0, dilation=1, ceil_mode=False)
    (3): Conv2d(64, 16, kernel_size=(3, 3), stride=(1, 1), padding=(1, 1))
    (4): ReLU()
    (5): MaxPool2d(kernel_size=2, stride=2, padding=0, dilation=1, ceil_mode=False)
    (6): Conv2d(16, 256, kernel_size=(3, 3), stride=(1, 1))
    (7): ReLU()
    (8): MaxPool2d(kernel_size=2, stride=2, padding=0, dilation=1, ceil_mode=False)
    (9): Flatten(start_dim=1, end_dim=-1)
    (10): Linear(in_features=1024, out_features=512, bias=True)
    (11): ReLU()
    (12): Linear(in_features=512, out_features=256, bias=True)
    (13): ReLU()
    (14): Linear(in_features=256, out_features=10, bias=True)
  )
)
INFO:__main__:CHILD MODEL LOSS: 0.7948786857128143 with train time 32.79430890083313
INFO:__main__:CHILD MODEL ACCURACY: 0.7477
INFO:__main__:Policy gradient: 1.7070164680480957
INFO:__main__:
INFO:__main__:------ ITERATION 21 ------
INFO:__main__:Layers generated: [('256', '3', '2'), ('64', '1', '1'), ('32', '3', '2')]
INFO:__main__:ChildCNNModel(
  (model): Sequential(
    (0): Conv2d(3, 256, kernel_size=(3, 3), stride=(1, 1), padding=(2, 2))
    (1): ReLU()
    (2): MaxPool2d(kernel_size=2, stride=2, padding=0, dilation=1, ceil_mode=False)
    (3): Conv2d(256, 64, kernel_size=(1, 1), stride=(1, 1), padding=(1, 1))
    (4): ReLU()
    (5): MaxPool2d(kernel_size=2, stride=2, padding=0, dilation=1, ceil_mode=False)
    (6): Conv2d(64, 32, kernel_size=(3, 3), stride=(1, 1), padding=(2, 2))
    (7): ReLU()
    (8): MaxPool2d(kernel_size=2, stride=2, padding=0, dilation=1, ceil_mode=False)
    (9): Flatten(start_dim=1, end_dim=-1)
    (10): Linear(in_features=800, out_features=512, bias=True)
    (11): ReLU()
    (12): Linear(in_features=512, out_features=256, bias=True)
    (13): ReLU()
    (14): Linear(in_features=256, out_features=10, bias=True)
  )
)
INFO:__main__:CHILD MODEL LOSS: 0.7122782618999481 with train time 58.4022581577301
INFO:__main__:CHILD MODEL ACCURACY: 0.76
INFO:__main__:Policy gradient: 1.3164727687835693
INFO:__main__:
INFO:__main__:------ ITERATION 22 ------
INFO:__main__:Layers generated: [('32', '3', '2'), ('128', '5', '1'), ('32', '3', '0')]
INFO:__main__:ChildCNNModel(
  (model): Sequential(
    (0): Conv2d(3, 32, kernel_size=(3, 3), stride=(1, 1), padding=(2, 2))
    (1): ReLU()
    (2): MaxPool2d(kernel_size=2, stride=2, padding=0, dilation=1, ceil_mode=False)
    (3): Conv2d(32, 128, kernel_size=(5, 5), stride=(1, 1), padding=(1, 1))
    (4): ReLU()
    (5): MaxPool2d(kernel_size=2, stride=2, padding=0, dilation=1, ceil_mode=False)
    (6): Conv2d(128, 32, kernel_size=(3, 3), stride=(1, 1))
    (7): ReLU()
    (8): MaxPool2d(kernel_size=2, stride=2, padding=0, dilation=1, ceil_mode=False)
    (9): Flatten(start_dim=1, end_dim=-1)
    (10): Linear(in_features=128, out_features=512, bias=True)
    (11): ReLU()
    (12): Linear(in_features=512, out_features=256, bias=True)
    (13): ReLU()
    (14): Linear(in_features=256, out_features=10, bias=True)
  )
)
INFO:__main__:CHILD MODEL LOSS: 0.835040244102478 with train time 32.79158687591553
INFO:__main__:CHILD MODEL ACCURACY: 0.725
INFO:__main__:Policy gradient: 0.876883327960968
INFO:__main__:
INFO:__main__:------ ITERATION 23 ------
INFO:__main__:Layers generated: [('16', '1', '1'), ('16', '3', '2'), ('64', '3', '1')]
INFO:__main__:ChildCNNModel(
  (model): Sequential(
    (0): Conv2d(3, 16, kernel_size=(1, 1), stride=(1, 1), padding=(1, 1))
    (1): ReLU()
    (2): MaxPool2d(kernel_size=2, stride=2, padding=0, dilation=1, ceil_mode=False)
    (3): Conv2d(16, 16, kernel_size=(3, 3), stride=(1, 1), padding=(2, 2))
    (4): ReLU()
    (5): MaxPool2d(kernel_size=2, stride=2, padding=0, dilation=1, ceil_mode=False)
    (6): Conv2d(16, 64, kernel_size=(3, 3), stride=(1, 1), padding=(1, 1))
    (7): ReLU()
    (8): MaxPool2d(kernel_size=2, stride=2, padding=0, dilation=1, ceil_mode=False)
    (9): Flatten(start_dim=1, end_dim=-1)
    (10): Linear(in_features=1024, out_features=512, bias=True)
    (11): ReLU()
    (12): Linear(in_features=512, out_features=256, bias=True)
    (13): ReLU()
    (14): Linear(in_features=256, out_features=10, bias=True)
  )
)
INFO:__main__:CHILD MODEL LOSS: 0.9688484423160553 with train time 30.906784057617188
INFO:__main__:CHILD MODEL ACCURACY: 0.6807
INFO:__main__:Policy gradient: 0.363156259059906
INFO:__main__:
INFO:__main__:------ ITERATION 24 ------
INFO:__main__:Layers generated: [('128', '1', '2'), ('64', '1', '2'), ('32', '5', '1')]
INFO:__main__:ChildCNNModel(
  (model): Sequential(
    (0): Conv2d(3, 128, kernel_size=(1, 1), stride=(1, 1), padding=(2, 2))
    (1): ReLU()
    (2): MaxPool2d(kernel_size=2, stride=2, padding=0, dilation=1, ceil_mode=False)
    (3): Conv2d(128, 64, kernel_size=(1, 1), stride=(1, 1), padding=(2, 2))
    (4): ReLU()
    (5): MaxPool2d(kernel_size=2, stride=2, padding=0, dilation=1, ceil_mode=False)
    (6): Conv2d(64, 32, kernel_size=(5, 5), stride=(1, 1), padding=(1, 1))
    (7): ReLU()
    (8): MaxPool2d(kernel_size=2, stride=2, padding=0, dilation=1, ceil_mode=False)
    (9): Flatten(start_dim=1, end_dim=-1)
    (10): Linear(in_features=512, out_features=512, bias=True)
    (11): ReLU()
    (12): Linear(in_features=512, out_features=256, bias=True)
    (13): ReLU()
    (14): Linear(in_features=256, out_features=10, bias=True)
  )
)
INFO:__main__:CHILD MODEL LOSS: 1.0345211424827576 with train time 42.94218921661377
INFO:__main__:CHILD MODEL ACCURACY: 0.6347
INFO:__main__:Policy gradient: -0.19860446453094482
INFO:__main__:
INFO:__main__:------ ITERATION 25 ------
INFO:__main__:Layers generated: [('256', '1', '0'), ('16', '1', '2'), ('64', '5', '2')]
INFO:__main__:ChildCNNModel(
  (model): Sequential(
    (0): Conv2d(3, 256, kernel_size=(1, 1), stride=(1, 1))
    (1): ReLU()
    (2): MaxPool2d(kernel_size=2, stride=2, padding=0, dilation=1, ceil_mode=False)
    (3): Conv2d(256, 16, kernel_size=(1, 1), stride=(1, 1), padding=(2, 2))
    (4): ReLU()
    (5): MaxPool2d(kernel_size=2, stride=2, padding=0, dilation=1, ceil_mode=False)
    (6): Conv2d(16, 64, kernel_size=(5, 5), stride=(1, 1), padding=(2, 2))
    (7): ReLU()
    (8): MaxPool2d(kernel_size=2, stride=2, padding=0, dilation=1, ceil_mode=False)
    (9): Flatten(start_dim=1, end_dim=-1)
    (10): Linear(in_features=1600, out_features=512, bias=True)
    (11): ReLU()
    (12): Linear(in_features=512, out_features=256, bias=True)
    (13): ReLU()
    (14): Linear(in_features=256, out_features=10, bias=True)
  )
)
INFO:__main__:CHILD MODEL LOSS: 1.0034079902172088 with train time 46.95957040786743
INFO:__main__:CHILD MODEL ACCURACY: 0.6468
INFO:__main__:Policy gradient: -0.03743857517838478
INFO:__main__:
INFO:__main__:------ ITERATION 26 ------
INFO:__main__:Layers generated: [('32', '1', '2'), ('32', '3', '1'), ('64', '3', '1')]
INFO:__main__:ChildCNNModel(
  (model): Sequential(
    (0): Conv2d(3, 32, kernel_size=(1, 1), stride=(1, 1), padding=(2, 2))
    (1): ReLU()
    (2): MaxPool2d(kernel_size=2, stride=2, padding=0, dilation=1, ceil_mode=False)
    (3): Conv2d(32, 32, kernel_size=(3, 3), stride=(1, 1), padding=(1, 1))
    (4): ReLU()
    (5): MaxPool2d(kernel_size=2, stride=2, padding=0, dilation=1, ceil_mode=False)
    (6): Conv2d(32, 64, kernel_size=(3, 3), stride=(1, 1), padding=(1, 1))
    (7): ReLU()
    (8): MaxPool2d(kernel_size=2, stride=2, padding=0, dilation=1, ceil_mode=False)
    (9): Flatten(start_dim=1, end_dim=-1)
    (10): Linear(in_features=1024, out_features=512, bias=True)
    (11): ReLU()
    (12): Linear(in_features=512, out_features=256, bias=True)
    (13): ReLU()
    (14): Linear(in_features=256, out_features=10, bias=True)
  )
)
INFO:__main__:CHILD MODEL LOSS: 0.8891347036361694 with train time 31.871541023254395
INFO:__main__:CHILD MODEL ACCURACY: 0.6917
INFO:__main__:Policy gradient: 0.4391587972640991
INFO:__main__:
INFO:__main__:------ ITERATION 27 ------
INFO:__main__:Layers generated: [('256', '3', '1'), ('128', '3', '0'), ('128', '3', '0')]
INFO:__main__:ChildCNNModel(
  (model): Sequential(
    (0): Conv2d(3, 256, kernel_size=(3, 3), stride=(1, 1), padding=(1, 1))
    (1): ReLU()
    (2): MaxPool2d(kernel_size=2, stride=2, padding=0, dilation=1, ceil_mode=False)
    (3): Conv2d(256, 128, kernel_size=(3, 3), stride=(1, 1))
    (4): ReLU()
    (5): MaxPool2d(kernel_size=2, stride=2, padding=0, dilation=1, ceil_mode=False)
    (6): Conv2d(128, 128, kernel_size=(3, 3), stride=(1, 1))
    (7): ReLU()
    (8): MaxPool2d(kernel_size=2, stride=2, padding=0, dilation=1, ceil_mode=False)
    (9): Flatten(start_dim=1, end_dim=-1)
    (10): Linear(in_features=512, out_features=512, bias=True)
    (11): ReLU()
    (12): Linear(in_features=512, out_features=256, bias=True)
    (13): ReLU()
    (14): Linear(in_features=256, out_features=10, bias=True)
  )
)
INFO:__main__:CHILD MODEL LOSS: 0.6989580962657929 with train time 62.48137187957764
INFO:__main__:CHILD MODEL ACCURACY: 0.7706
INFO:__main__:Policy gradient: 1.2832404375076294
INFO:__main__:
INFO:__main__:------ ITERATION 28 ------
INFO:__main__:Layers generated: [('256', '1', '1'), ('256', '5', '2'), ('32', '5', '1')]
INFO:__main__:ChildCNNModel(
  (model): Sequential(
    (0): Conv2d(3, 256, kernel_size=(1, 1), stride=(1, 1), padding=(1, 1))
    (1): ReLU()
    (2): MaxPool2d(kernel_size=2, stride=2, padding=0, dilation=1, ceil_mode=False)
    (3): Conv2d(256, 256, kernel_size=(5, 5), stride=(1, 1), padding=(2, 2))
    (4): ReLU()
    (5): MaxPool2d(kernel_size=2, stride=2, padding=0, dilation=1, ceil_mode=False)
    (6): Conv2d(256, 32, kernel_size=(5, 5), stride=(1, 1), padding=(1, 1))
    (7): ReLU()
    (8): MaxPool2d(kernel_size=2, stride=2, padding=0, dilation=1, ceil_mode=False)
    (9): Flatten(start_dim=1, end_dim=-1)
    (10): Linear(in_features=288, out_features=512, bias=True)
    (11): ReLU()
    (12): Linear(in_features=512, out_features=256, bias=True)
    (13): ReLU()
    (14): Linear(in_features=256, out_features=10, bias=True)
  )
)
INFO:__main__:CHILD MODEL LOSS: 1.002829226732254 with train time 149.78277826309204
INFO:__main__:CHILD MODEL ACCURACY: 0.6554
INFO:__main__:Policy gradient: -0.11856237798929214
INFO:__main__:
INFO:__main__:------ ITERATION 29 ------
INFO:__main__:Layers generated: [('128', '3', '0'), ('32', '3', '0'), ('32', '3', '1')]
INFO:__main__:ChildCNNModel(
  (model): Sequential(
    (0): Conv2d(3, 128, kernel_size=(3, 3), stride=(1, 1))
    (1): ReLU()
    (2): MaxPool2d(kernel_size=2, stride=2, padding=0, dilation=1, ceil_mode=False)
    (3): Conv2d(128, 32, kernel_size=(3, 3), stride=(1, 1))
    (4): ReLU()
    (5): MaxPool2d(kernel_size=2, stride=2, padding=0, dilation=1, ceil_mode=False)
    (6): Conv2d(32, 32, kernel_size=(3, 3), stride=(1, 1), padding=(1, 1))
    (7): ReLU()
    (8): MaxPool2d(kernel_size=2, stride=2, padding=0, dilation=1, ceil_mode=False)
    (9): Flatten(start_dim=1, end_dim=-1)
    (10): Linear(in_features=288, out_features=512, bias=True)
    (11): ReLU()
    (12): Linear(in_features=512, out_features=256, bias=True)
    (13): ReLU()
    (14): Linear(in_features=256, out_features=10, bias=True)
  )
)
INFO:__main__:CHILD MODEL LOSS: 0.8082810831069946 with train time 41.24205708503723
INFO:__main__:CHILD MODEL ACCURACY: 0.7169
INFO:__main__:Policy gradient: 0.5842711329460144
INFO:__main__:
INFO:__main__:------ ITERATION 30 ------
INFO:__main__:Layers generated: [('32', '3', '1'), ('64', '5', '0'), ('32', '3', '0')]
INFO:__main__:ChildCNNModel(
  (model): Sequential(
    (0): Conv2d(3, 32, kernel_size=(3, 3), stride=(1, 1), padding=(1, 1))
    (1): ReLU()
    (2): MaxPool2d(kernel_size=2, stride=2, padding=0, dilation=1, ceil_mode=False)
    (3): Conv2d(32, 64, kernel_size=(5, 5), stride=(1, 1))
    (4): ReLU()
    (5): MaxPool2d(kernel_size=2, stride=2, padding=0, dilation=1, ceil_mode=False)
    (6): Conv2d(64, 32, kernel_size=(3, 3), stride=(1, 1))
    (7): ReLU()
    (8): MaxPool2d(kernel_size=2, stride=2, padding=0, dilation=1, ceil_mode=False)
    (9): Flatten(start_dim=1, end_dim=-1)
    (10): Linear(in_features=128, out_features=512, bias=True)
    (11): ReLU()
    (12): Linear(in_features=512, out_features=256, bias=True)
    (13): ReLU()
    (14): Linear(in_features=256, out_features=10, bias=True)
  )
)
INFO:__main__:CHILD MODEL LOSS: 0.8476819846630096 with train time 32.866116523742676
INFO:__main__:CHILD MODEL ACCURACY: 0.7158
INFO:__main__:Policy gradient: 0.5125904679298401
INFO:__main__:
INFO:__main__:------ ITERATION 31 ------
INFO:__main__:Layers generated: [('32', '3', '2'), ('32', '5', '0'), ('32', '3', '2')]
INFO:__main__:ChildCNNModel(
  (model): Sequential(
    (0): Conv2d(3, 32, kernel_size=(3, 3), stride=(1, 1), padding=(2, 2))
    (1): ReLU()
    (2): MaxPool2d(kernel_size=2, stride=2, padding=0, dilation=1, ceil_mode=False)
    (3): Conv2d(32, 32, kernel_size=(5, 5), stride=(1, 1))
    (4): ReLU()
    (5): MaxPool2d(kernel_size=2, stride=2, padding=0, dilation=1, ceil_mode=False)
    (6): Conv2d(32, 32, kernel_size=(3, 3), stride=(1, 1), padding=(2, 2))
    (7): ReLU()
    (8): MaxPool2d(kernel_size=2, stride=2, padding=0, dilation=1, ceil_mode=False)
    (9): Flatten(start_dim=1, end_dim=-1)
    (10): Linear(in_features=512, out_features=512, bias=True)
    (11): ReLU()
    (12): Linear(in_features=512, out_features=256, bias=True)
    (13): ReLU()
    (14): Linear(in_features=256, out_features=10, bias=True)
  )
)
INFO:__main__:CHILD MODEL LOSS: 0.8001219217777252 with train time 40.009544372558594
INFO:__main__:CHILD MODEL ACCURACY: 0.7439
INFO:__main__:Policy gradient: 0.6494653820991516
INFO:__main__:
INFO:__main__:------ ITERATION 32 ------
INFO:__main__:Layers generated: [('32', '3', '0'), ('128', '3', '2'), ('128', '5', '1')]
INFO:__main__:ChildCNNModel(
  (model): Sequential(
    (0): Conv2d(3, 32, kernel_size=(3, 3), stride=(1, 1))
    (1): ReLU()
    (2): MaxPool2d(kernel_size=2, stride=2, padding=0, dilation=1, ceil_mode=False)
    (3): Conv2d(32, 128, kernel_size=(3, 3), stride=(1, 1), padding=(2, 2))
    (4): ReLU()
    (5): MaxPool2d(kernel_size=2, stride=2, padding=0, dilation=1, ceil_mode=False)
    (6): Conv2d(128, 128, kernel_size=(5, 5), stride=(1, 1), padding=(1, 1))
    (7): ReLU()
    (8): MaxPool2d(kernel_size=2, stride=2, padding=0, dilation=1, ceil_mode=False)
    (9): Flatten(start_dim=1, end_dim=-1)
    (10): Linear(in_features=1152, out_features=512, bias=True)
    (11): ReLU()
    (12): Linear(in_features=512, out_features=256, bias=True)
    (13): ReLU()
    (14): Linear(in_features=256, out_features=10, bias=True)
  )
)
INFO:__main__:CHILD MODEL LOSS: 0.5588449333906174 with train time 34.66187882423401
INFO:__main__:CHILD MODEL ACCURACY: 0.806
INFO:__main__:Policy gradient: 1.4143328666687012
INFO:__main__:
INFO:__main__:------ ITERATION 33 ------
INFO:__main__:Layers generated: [('32', '3', '2'), ('64', '1', '2'), ('256', '3', '0')]
INFO:__main__:ChildCNNModel(
  (model): Sequential(
    (0): Conv2d(3, 32, kernel_size=(3, 3), stride=(1, 1), padding=(2, 2))
    (1): ReLU()
    (2): MaxPool2d(kernel_size=2, stride=2, padding=0, dilation=1, ceil_mode=False)
    (3): Conv2d(32, 64, kernel_size=(1, 1), stride=(1, 1), padding=(2, 2))
    (4): ReLU()
    (5): MaxPool2d(kernel_size=2, stride=2, padding=0, dilation=1, ceil_mode=False)
    (6): Conv2d(64, 256, kernel_size=(3, 3), stride=(1, 1))
    (7): ReLU()
    (8): MaxPool2d(kernel_size=2, stride=2, padding=0, dilation=1, ceil_mode=False)
    (9): Flatten(start_dim=1, end_dim=-1)
    (10): Linear(in_features=4096, out_features=512, bias=True)
    (11): ReLU()
    (12): Linear(in_features=512, out_features=256, bias=True)
    (13): ReLU()
    (14): Linear(in_features=256, out_features=10, bias=True)
  )
)
INFO:__main__:CHILD MODEL LOSS: 0.6172647960186005 with train time 31.542041540145874
INFO:__main__:CHILD MODEL ACCURACY: 0.776
INFO:__main__:Policy gradient: 0.8174006938934326
INFO:__main__:
INFO:__main__:------ ITERATION 34 ------
INFO:__main__:Layers generated: [('16', '3', '1'), ('32', '3', '1'), ('128', '3', '1')]
INFO:__main__:ChildCNNModel(
  (model): Sequential(
    (0): Conv2d(3, 16, kernel_size=(3, 3), stride=(1, 1), padding=(1, 1))
    (1): ReLU()
    (2): MaxPool2d(kernel_size=2, stride=2, padding=0, dilation=1, ceil_mode=False)
    (3): Conv2d(16, 32, kernel_size=(3, 3), stride=(1, 1), padding=(1, 1))
    (4): ReLU()
    (5): MaxPool2d(kernel_size=2, stride=2, padding=0, dilation=1, ceil_mode=False)
    (6): Conv2d(32, 128, kernel_size=(3, 3), stride=(1, 1), padding=(1, 1))
    (7): ReLU()
    (8): MaxPool2d(kernel_size=2, stride=2, padding=0, dilation=1, ceil_mode=False)
    (9): Flatten(start_dim=1, end_dim=-1)
    (10): Linear(in_features=2048, out_features=512, bias=True)
    (11): ReLU()
    (12): Linear(in_features=512, out_features=256, bias=True)
    (13): ReLU()
    (14): Linear(in_features=256, out_features=10, bias=True)
  )
)
INFO:__main__:CHILD MODEL LOSS: 0.6950533202886582 with train time 29.269189596176147
INFO:__main__:CHILD MODEL ACCURACY: 0.7676
INFO:__main__:Policy gradient: 0.6994816660881042
INFO:__main__:
INFO:__main__:------ ITERATION 35 ------
INFO:__main__:Layers generated: [('64', '3', '2'), ('32', '5', '2'), ('32', '3', '1')]
INFO:__main__:ChildCNNModel(
  (model): Sequential(
    (0): Conv2d(3, 64, kernel_size=(3, 3), stride=(1, 1), padding=(2, 2))
    (1): ReLU()
    (2): MaxPool2d(kernel_size=2, stride=2, padding=0, dilation=1, ceil_mode=False)
    (3): Conv2d(64, 32, kernel_size=(5, 5), stride=(1, 1), padding=(2, 2))
    (4): ReLU()
    (5): MaxPool2d(kernel_size=2, stride=2, padding=0, dilation=1, ceil_mode=False)
    (6): Conv2d(32, 32, kernel_size=(3, 3), stride=(1, 1), padding=(1, 1))
    (7): ReLU()
    (8): MaxPool2d(kernel_size=2, stride=2, padding=0, dilation=1, ceil_mode=False)
    (9): Flatten(start_dim=1, end_dim=-1)
    (10): Linear(in_features=512, out_features=512, bias=True)
    (11): ReLU()
    (12): Linear(in_features=512, out_features=256, bias=True)
    (13): ReLU()
    (14): Linear(in_features=256, out_features=10, bias=True)
  )
)
INFO:__main__:CHILD MODEL LOSS: 0.7280795865058899 with train time 33.11521530151367
INFO:__main__:CHILD MODEL ACCURACY: 0.7633
INFO:__main__:Policy gradient: 0.5479294657707214
INFO:__main__:
INFO:__main__:------ ITERATION 36 ------
INFO:__main__:Layers generated: [('32', '3', '2'), ('128', '3', '2'), ('32', '3', '1')]
INFO:__main__:ChildCNNModel(
  (model): Sequential(
    (0): Conv2d(3, 32, kernel_size=(3, 3), stride=(1, 1), padding=(2, 2))
    (1): ReLU()
    (2): MaxPool2d(kernel_size=2, stride=2, padding=0, dilation=1, ceil_mode=False)
    (3): Conv2d(32, 128, kernel_size=(3, 3), stride=(1, 1), padding=(2, 2))
    (4): ReLU()
    (5): MaxPool2d(kernel_size=2, stride=2, padding=0, dilation=1, ceil_mode=False)
    (6): Conv2d(128, 32, kernel_size=(3, 3), stride=(1, 1), padding=(1, 1))
    (7): ReLU()
    (8): MaxPool2d(kernel_size=2, stride=2, padding=0, dilation=1, ceil_mode=False)
    (9): Flatten(start_dim=1, end_dim=-1)
    (10): Linear(in_features=512, out_features=512, bias=True)
    (11): ReLU()
    (12): Linear(in_features=512, out_features=256, bias=True)
    (13): ReLU()
    (14): Linear(in_features=256, out_features=10, bias=True)
  )
)
INFO:__main__:CHILD MODEL LOSS: 0.723451014995575 with train time 32.945711612701416
INFO:__main__:CHILD MODEL ACCURACY: 0.7671
INFO:__main__:Policy gradient: 0.4819968044757843
INFO:__main__:
INFO:__main__:------ ITERATION 37 ------
INFO:__main__:Layers generated: [('32', '5', '1'), ('256', '1', '0'), ('128', '1', '1')]
INFO:__main__:ChildCNNModel(
  (model): Sequential(
    (0): Conv2d(3, 32, kernel_size=(5, 5), stride=(1, 1), padding=(1, 1))
    (1): ReLU()
    (2): MaxPool2d(kernel_size=2, stride=2, padding=0, dilation=1, ceil_mode=False)
    (3): Conv2d(32, 256, kernel_size=(1, 1), stride=(1, 1))
    (4): ReLU()
    (5): MaxPool2d(kernel_size=2, stride=2, padding=0, dilation=1, ceil_mode=False)
    (6): Conv2d(256, 128, kernel_size=(1, 1), stride=(1, 1), padding=(1, 1))
    (7): ReLU()
    (8): MaxPool2d(kernel_size=2, stride=2, padding=0, dilation=1, ceil_mode=False)
    (9): Flatten(start_dim=1, end_dim=-1)
    (10): Linear(in_features=2048, out_features=512, bias=True)
    (11): ReLU()
    (12): Linear(in_features=512, out_features=256, bias=True)
    (13): ReLU()
    (14): Linear(in_features=256, out_features=10, bias=True)
  )
)
INFO:__main__:CHILD MODEL LOSS: 0.7535657849311829 with train time 33.55125451087952
INFO:__main__:CHILD MODEL ACCURACY: 0.7526
INFO:__main__:Policy gradient: 0.43924763798713684
INFO:__main__:
INFO:__main__:------ ITERATION 38 ------
INFO:__main__:Layers generated: [('32', '3', '2'), ('64', '3', '2'), ('128', '5', '1')]
INFO:__main__:ChildCNNModel(
  (model): Sequential(
    (0): Conv2d(3, 32, kernel_size=(3, 3), stride=(1, 1), padding=(2, 2))
    (1): ReLU()
    (2): MaxPool2d(kernel_size=2, stride=2, padding=0, dilation=1, ceil_mode=False)
    (3): Conv2d(32, 64, kernel_size=(3, 3), stride=(1, 1), padding=(2, 2))
    (4): ReLU()
    (5): MaxPool2d(kernel_size=2, stride=2, padding=0, dilation=1, ceil_mode=False)
    (6): Conv2d(64, 128, kernel_size=(5, 5), stride=(1, 1), padding=(1, 1))
    (7): ReLU()
    (8): MaxPool2d(kernel_size=2, stride=2, padding=0, dilation=1, ceil_mode=False)
    (9): Flatten(start_dim=1, end_dim=-1)
    (10): Linear(in_features=1152, out_features=512, bias=True)
    (11): ReLU()
    (12): Linear(in_features=512, out_features=256, bias=True)
    (13): ReLU()
    (14): Linear(in_features=256, out_features=10, bias=True)
  )
)
INFO:__main__:CHILD MODEL LOSS: 0.6237481449842452 with train time 31.828877687454224
INFO:__main__:CHILD MODEL ACCURACY: 0.7863
INFO:__main__:Policy gradient: 0.6405715346336365
INFO:__main__:
INFO:__main__:------ ITERATION 39 ------
INFO:__main__:Layers generated: [('256', '3', '2'), ('64', '3', '2'), ('128', '3', '2')]
INFO:__main__:ChildCNNModel(
  (model): Sequential(
    (0): Conv2d(3, 256, kernel_size=(3, 3), stride=(1, 1), padding=(2, 2))
    (1): ReLU()
    (2): MaxPool2d(kernel_size=2, stride=2, padding=0, dilation=1, ceil_mode=False)
    (3): Conv2d(256, 64, kernel_size=(3, 3), stride=(1, 1), padding=(2, 2))
    (4): ReLU()
    (5): MaxPool2d(kernel_size=2, stride=2, padding=0, dilation=1, ceil_mode=False)
    (6): Conv2d(64, 128, kernel_size=(3, 3), stride=(1, 1), padding=(2, 2))
    (7): ReLU()
    (8): MaxPool2d(kernel_size=2, stride=2, padding=0, dilation=1, ceil_mode=False)
    (9): Flatten(start_dim=1, end_dim=-1)
    (10): Linear(in_features=3200, out_features=512, bias=True)
    (11): ReLU()
    (12): Linear(in_features=512, out_features=256, bias=True)
    (13): ReLU()
    (14): Linear(in_features=256, out_features=10, bias=True)
  )
)
INFO:__main__:CHILD MODEL LOSS: 0.5702067406177521 with train time 69.48727321624756
INFO:__main__:CHILD MODEL ACCURACY: 0.7988
INFO:__main__:Policy gradient: 0.6323272585868835
INFO:__main__:
INFO:__main__:------ ITERATION 40 ------
INFO:__main__:Layers generated: [('128', '5', '0'), ('32', '3', '0'), ('32', '5', '2')]
INFO:__main__:ChildCNNModel(
  (model): Sequential(
    (0): Conv2d(3, 128, kernel_size=(5, 5), stride=(1, 1))
    (1): ReLU()
    (2): MaxPool2d(kernel_size=2, stride=2, padding=0, dilation=1, ceil_mode=False)
    (3): Conv2d(128, 32, kernel_size=(3, 3), stride=(1, 1))
    (4): ReLU()
    (5): MaxPool2d(kernel_size=2, stride=2, padding=0, dilation=1, ceil_mode=False)
    (6): Conv2d(32, 32, kernel_size=(5, 5), stride=(1, 1), padding=(2, 2))
    (7): ReLU()
    (8): MaxPool2d(kernel_size=2, stride=2, padding=0, dilation=1, ceil_mode=False)
    (9): Flatten(start_dim=1, end_dim=-1)
    (10): Linear(in_features=288, out_features=512, bias=True)
    (11): ReLU()
    (12): Linear(in_features=512, out_features=256, bias=True)
    (13): ReLU()
    (14): Linear(in_features=256, out_features=10, bias=True)
  )
)
INFO:__main__:CHILD MODEL LOSS: 0.7770349266529083 with train time 35.520623445510864
INFO:__main__:CHILD MODEL ACCURACY: 0.7447
INFO:__main__:Policy gradient: 0.10820215195417404
INFO:__main__:
INFO:__main__:------ ITERATION 41 ------
INFO:__main__:Layers generated: [('32', '1', '2'), ('32', '3', '0'), ('32', '3', '2')]
INFO:__main__:ChildCNNModel(
  (model): Sequential(
    (0): Conv2d(3, 32, kernel_size=(1, 1), stride=(1, 1), padding=(2, 2))
    (1): ReLU()
    (2): MaxPool2d(kernel_size=2, stride=2, padding=0, dilation=1, ceil_mode=False)
    (3): Conv2d(32, 32, kernel_size=(3, 3), stride=(1, 1))
    (4): ReLU()
    (5): MaxPool2d(kernel_size=2, stride=2, padding=0, dilation=1, ceil_mode=False)
    (6): Conv2d(32, 32, kernel_size=(3, 3), stride=(1, 1), padding=(2, 2))
    (7): ReLU()
    (8): MaxPool2d(kernel_size=2, stride=2, padding=0, dilation=1, ceil_mode=False)
    (9): Flatten(start_dim=1, end_dim=-1)
    (10): Linear(in_features=800, out_features=512, bias=True)
    (11): ReLU()
    (12): Linear(in_features=512, out_features=256, bias=True)
    (13): ReLU()
    (14): Linear(in_features=256, out_features=10, bias=True)
  )
)
INFO:__main__:CHILD MODEL LOSS: 0.9423344175815582 with train time 31.33345937728882
INFO:__main__:CHILD MODEL ACCURACY: 0.6794
INFO:__main__:Policy gradient: -0.5425655841827393
INFO:__main__:
INFO:__main__:------ ITERATION 42 ------
INFO:__main__:Layers generated: [('32', '5', '2'), ('256', '3', '1'), ('32', '3', '2')]
INFO:__main__:ChildCNNModel(
  (model): Sequential(
    (0): Conv2d(3, 32, kernel_size=(5, 5), stride=(1, 1), padding=(2, 2))
    (1): ReLU()
    (2): MaxPool2d(kernel_size=2, stride=2, padding=0, dilation=1, ceil_mode=False)
    (3): Conv2d(32, 256, kernel_size=(3, 3), stride=(1, 1), padding=(1, 1))
    (4): ReLU()
    (5): MaxPool2d(kernel_size=2, stride=2, padding=0, dilation=1, ceil_mode=False)
    (6): Conv2d(256, 32, kernel_size=(3, 3), stride=(1, 1), padding=(2, 2))
    (7): ReLU()
    (8): MaxPool2d(kernel_size=2, stride=2, padding=0, dilation=1, ceil_mode=False)
    (9): Flatten(start_dim=1, end_dim=-1)
    (10): Linear(in_features=800, out_features=512, bias=True)
    (11): ReLU()
    (12): Linear(in_features=512, out_features=256, bias=True)
    (13): ReLU()
    (14): Linear(in_features=256, out_features=10, bias=True)
  )
)
INFO:__main__:CHILD MODEL LOSS: 0.6343112198114396 with train time 35.82195687294006
INFO:__main__:CHILD MODEL ACCURACY: 0.7946
INFO:__main__:Policy gradient: 0.6465412974357605
INFO:__main__:
INFO:__main__:------ ITERATION 43 ------
INFO:__main__:Layers generated: [('16', '1', '0'), ('128', '3', '2'), ('16', '3', '1')]
INFO:__main__:ChildCNNModel(
  (model): Sequential(
    (0): Conv2d(3, 16, kernel_size=(1, 1), stride=(1, 1))
    (1): ReLU()
    (2): MaxPool2d(kernel_size=2, stride=2, padding=0, dilation=1, ceil_mode=False)
    (3): Conv2d(16, 128, kernel_size=(3, 3), stride=(1, 1), padding=(2, 2))
    (4): ReLU()
    (5): MaxPool2d(kernel_size=2, stride=2, padding=0, dilation=1, ceil_mode=False)
    (6): Conv2d(128, 16, kernel_size=(3, 3), stride=(1, 1), padding=(1, 1))
    (7): ReLU()
    (8): MaxPool2d(kernel_size=2, stride=2, padding=0, dilation=1, ceil_mode=False)
    (9): Flatten(start_dim=1, end_dim=-1)
    (10): Linear(in_features=256, out_features=512, bias=True)
    (11): ReLU()
    (12): Linear(in_features=512, out_features=256, bias=True)
    (13): ReLU()
    (14): Linear(in_features=256, out_features=10, bias=True)
  )
)
INFO:__main__:CHILD MODEL LOSS: 0.9596994388103485 with train time 31.934090614318848
INFO:__main__:CHILD MODEL ACCURACY: 0.6942
INFO:__main__:Policy gradient: -0.5034180879592896
INFO:__main__:
INFO:__main__:------ ITERATION 44 ------
INFO:__main__:Layers generated: [('64', '3', '1'), ('32', '3', '0'), ('128', '3', '2')]
INFO:__main__:ChildCNNModel(
  (model): Sequential(
    (0): Conv2d(3, 64, kernel_size=(3, 3), stride=(1, 1), padding=(1, 1))
    (1): ReLU()
    (2): MaxPool2d(kernel_size=2, stride=2, padding=0, dilation=1, ceil_mode=False)
    (3): Conv2d(64, 32, kernel_size=(3, 3), stride=(1, 1))
    (4): ReLU()
    (5): MaxPool2d(kernel_size=2, stride=2, padding=0, dilation=1, ceil_mode=False)
    (6): Conv2d(32, 128, kernel_size=(3, 3), stride=(1, 1), padding=(2, 2))
    (7): ReLU()
    (8): MaxPool2d(kernel_size=2, stride=2, padding=0, dilation=1, ceil_mode=False)
    (9): Flatten(start_dim=1, end_dim=-1)
    (10): Linear(in_features=2048, out_features=512, bias=True)
    (11): ReLU()
    (12): Linear(in_features=512, out_features=256, bias=True)
    (13): ReLU()
    (14): Linear(in_features=256, out_features=10, bias=True)
  )
)
INFO:__main__:CHILD MODEL LOSS: 0.6414150733947754 with train time 33.47013521194458
INFO:__main__:CHILD MODEL ACCURACY: 0.7908
INFO:__main__:Policy gradient: 0.6223776936531067
INFO:__main__:
INFO:__main__:------ ITERATION 45 ------
INFO:__main__:Layers generated: [('256', '3', '0'), ('32', '3', '1'), ('128', '1', '0')]
INFO:__main__:ChildCNNModel(
  (model): Sequential(
    (0): Conv2d(3, 256, kernel_size=(3, 3), stride=(1, 1))
    (1): ReLU()
    (2): MaxPool2d(kernel_size=2, stride=2, padding=0, dilation=1, ceil_mode=False)
    (3): Conv2d(256, 32, kernel_size=(3, 3), stride=(1, 1), padding=(1, 1))
    (4): ReLU()
    (5): MaxPool2d(kernel_size=2, stride=2, padding=0, dilation=1, ceil_mode=False)
    (6): Conv2d(32, 128, kernel_size=(1, 1), stride=(1, 1))
    (7): ReLU()
    (8): MaxPool2d(kernel_size=2, stride=2, padding=0, dilation=1, ceil_mode=False)
    (9): Flatten(start_dim=1, end_dim=-1)
    (10): Linear(in_features=1152, out_features=512, bias=True)
    (11): ReLU()
    (12): Linear(in_features=512, out_features=256, bias=True)
    (13): ReLU()
    (14): Linear(in_features=256, out_features=10, bias=True)
  )
)
INFO:__main__:CHILD MODEL LOSS: 0.7839702095985412 with train time 47.76269197463989
INFO:__main__:CHILD MODEL ACCURACY: 0.7461
INFO:__main__:Policy gradient: 0.07790027558803558
INFO:__main__:
INFO:__main__:------ ITERATION 46 ------
INFO:__main__:Layers generated: [('64', '5', '0'), ('64', '5', '1'), ('32', '1', '2')]
INFO:__main__:ChildCNNModel(
  (model): Sequential(
    (0): Conv2d(3, 64, kernel_size=(5, 5), stride=(1, 1))
    (1): ReLU()
    (2): MaxPool2d(kernel_size=2, stride=2, padding=0, dilation=1, ceil_mode=False)
    (3): Conv2d(64, 64, kernel_size=(5, 5), stride=(1, 1), padding=(1, 1))
    (4): ReLU()
    (5): MaxPool2d(kernel_size=2, stride=2, padding=0, dilation=1, ceil_mode=False)
    (6): Conv2d(64, 32, kernel_size=(1, 1), stride=(1, 1), padding=(2, 2))
    (7): ReLU()
    (8): MaxPool2d(kernel_size=2, stride=2, padding=0, dilation=1, ceil_mode=False)
    (9): Flatten(start_dim=1, end_dim=-1)
    (10): Linear(in_features=800, out_features=512, bias=True)
    (11): ReLU()
    (12): Linear(in_features=512, out_features=256, bias=True)
    (13): ReLU()
    (14): Linear(in_features=256, out_features=10, bias=True)
  )
)
INFO:__main__:CHILD MODEL LOSS: 0.7952908518314361 with train time 32.881016969680786
INFO:__main__:CHILD MODEL ACCURACY: 0.737
INFO:__main__:Policy gradient: -0.03621162474155426
INFO:__main__:
INFO:__main__:------ ITERATION 47 ------
INFO:__main__:Layers generated: [('256', '3', '2'), ('128', '5', '0'), ('128', '1', '2')]
INFO:__main__:ChildCNNModel(
  (model): Sequential(
    (0): Conv2d(3, 256, kernel_size=(3, 3), stride=(1, 1), padding=(2, 2))
    (1): ReLU()
    (2): MaxPool2d(kernel_size=2, stride=2, padding=0, dilation=1, ceil_mode=False)
    (3): Conv2d(256, 128, kernel_size=(5, 5), stride=(1, 1))
    (4): ReLU()
    (5): MaxPool2d(kernel_size=2, stride=2, padding=0, dilation=1, ceil_mode=False)
    (6): Conv2d(128, 128, kernel_size=(1, 1), stride=(1, 1), padding=(2, 2))
    (7): ReLU()
    (8): MaxPool2d(kernel_size=2, stride=2, padding=0, dilation=1, ceil_mode=False)
    (9): Flatten(start_dim=1, end_dim=-1)
    (10): Linear(in_features=3200, out_features=512, bias=True)
    (11): ReLU()
    (12): Linear(in_features=512, out_features=256, bias=True)
    (13): ReLU()
    (14): Linear(in_features=256, out_features=10, bias=True)
  )
)
INFO:__main__:CHILD MODEL LOSS: 0.6655471622943878 with train time 84.08482384681702
INFO:__main__:CHILD MODEL ACCURACY: 0.7807
INFO:__main__:Policy gradient: 0.4476604461669922
INFO:__main__:
INFO:__main__:------ ITERATION 48 ------
INFO:__main__:Layers generated: [('256', '3', '1'), ('32', '5', '2'), ('64', '3', '1')]
INFO:__main__:ChildCNNModel(
  (model): Sequential(
    (0): Conv2d(3, 256, kernel_size=(3, 3), stride=(1, 1), padding=(1, 1))
    (1): ReLU()
    (2): MaxPool2d(kernel_size=2, stride=2, padding=0, dilation=1, ceil_mode=False)
    (3): Conv2d(256, 32, kernel_size=(5, 5), stride=(1, 1), padding=(2, 2))
    (4): ReLU()
    (5): MaxPool2d(kernel_size=2, stride=2, padding=0, dilation=1, ceil_mode=False)
    (6): Conv2d(32, 64, kernel_size=(3, 3), stride=(1, 1), padding=(1, 1))
    (7): ReLU()
    (8): MaxPool2d(kernel_size=2, stride=2, padding=0, dilation=1, ceil_mode=False)
    (9): Flatten(start_dim=1, end_dim=-1)
    (10): Linear(in_features=1024, out_features=512, bias=True)
    (11): ReLU()
    (12): Linear(in_features=512, out_features=256, bias=True)
    (13): ReLU()
    (14): Linear(in_features=256, out_features=10, bias=True)
  )
)
INFO:__main__:CHILD MODEL LOSS: 0.7105923821926117 with train time 63.046130895614624
INFO:__main__:CHILD MODEL ACCURACY: 0.7528
INFO:__main__:Policy gradient: 0.09397213906049728
INFO:__main__:
INFO:__main__:------ ITERATION 49 ------
INFO:__main__:Layers generated: [('64', '3', '2'), ('32', '3', '1'), ('128', '5', '1')]
INFO:__main__:ChildCNNModel(
  (model): Sequential(
    (0): Conv2d(3, 64, kernel_size=(3, 3), stride=(1, 1), padding=(2, 2))
    (1): ReLU()
    (2): MaxPool2d(kernel_size=2, stride=2, padding=0, dilation=1, ceil_mode=False)
    (3): Conv2d(64, 32, kernel_size=(3, 3), stride=(1, 1), padding=(1, 1))
    (4): ReLU()
    (5): MaxPool2d(kernel_size=2, stride=2, padding=0, dilation=1, ceil_mode=False)
    (6): Conv2d(32, 128, kernel_size=(5, 5), stride=(1, 1), padding=(1, 1))
    (7): ReLU()
    (8): MaxPool2d(kernel_size=2, stride=2, padding=0, dilation=1, ceil_mode=False)
    (9): Flatten(start_dim=1, end_dim=-1)
    (10): Linear(in_features=1152, out_features=512, bias=True)
    (11): ReLU()
    (12): Linear(in_features=512, out_features=256, bias=True)
    (13): ReLU()
    (14): Linear(in_features=256, out_features=10, bias=True)
  )
)
INFO:__main__:CHILD MODEL LOSS: 0.6391098535060883 with train time 34.76655697822571
INFO:__main__:CHILD MODEL ACCURACY: 0.7895
INFO:__main__:Policy gradient: 0.4814729392528534
INFO:__main__:
INFO:__main__:------ ITERATION 50 ------
INFO:__main__:Layers generated: [('256', '1', '2'), ('16', '1', '2'), ('64', '3', '0')]
INFO:__main__:ChildCNNModel(
  (model): Sequential(
    (0): Conv2d(3, 256, kernel_size=(1, 1), stride=(1, 1), padding=(2, 2))
    (1): ReLU()
    (2): MaxPool2d(kernel_size=2, stride=2, padding=0, dilation=1, ceil_mode=False)
    (3): Conv2d(256, 16, kernel_size=(1, 1), stride=(1, 1), padding=(2, 2))
    (4): ReLU()
    (5): MaxPool2d(kernel_size=2, stride=2, padding=0, dilation=1, ceil_mode=False)
    (6): Conv2d(16, 64, kernel_size=(3, 3), stride=(1, 1))
    (7): ReLU()
    (8): MaxPool2d(kernel_size=2, stride=2, padding=0, dilation=1, ceil_mode=False)
    (9): Flatten(start_dim=1, end_dim=-1)
    (10): Linear(in_features=1024, out_features=512, bias=True)
    (11): ReLU()
    (12): Linear(in_features=512, out_features=256, bias=True)
    (13): ReLU()
    (14): Linear(in_features=256, out_features=10, bias=True)
  )
)
INFO:__main__:CHILD MODEL LOSS: 0.9992605907917023 with train time 66.89706540107727
INFO:__main__:CHILD MODEL ACCURACY: 0.6644
INFO:__main__:Policy gradient: -0.9143538475036621
INFO:__main__:
INFO:__main__:------ ITERATION 51 ------
INFO:__main__:Layers generated: [('16', '3', '2'), ('16', '1', '0'), ('32', '3', '2')]
INFO:__main__:ChildCNNModel(
  (model): Sequential(
    (0): Conv2d(3, 16, kernel_size=(3, 3), stride=(1, 1), padding=(2, 2))
    (1): ReLU()
    (2): MaxPool2d(kernel_size=2, stride=2, padding=0, dilation=1, ceil_mode=False)
    (3): Conv2d(16, 16, kernel_size=(1, 1), stride=(1, 1))
    (4): ReLU()
    (5): MaxPool2d(kernel_size=2, stride=2, padding=0, dilation=1, ceil_mode=False)
    (6): Conv2d(16, 32, kernel_size=(3, 3), stride=(1, 1), padding=(2, 2))
    (7): ReLU()
    (8): MaxPool2d(kernel_size=2, stride=2, padding=0, dilation=1, ceil_mode=False)
    (9): Flatten(start_dim=1, end_dim=-1)
    (10): Linear(in_features=800, out_features=512, bias=True)
    (11): ReLU()
    (12): Linear(in_features=512, out_features=256, bias=True)
    (13): ReLU()
    (14): Linear(in_features=256, out_features=10, bias=True)
  )
)
INFO:__main__:CHILD MODEL LOSS: 0.9114848299026489 with train time 30.626516819000244
INFO:__main__:CHILD MODEL ACCURACY: 0.7021
INFO:__main__:Policy gradient: -0.3814350962638855
INFO:__main__:
INFO:__main__:------ ITERATION 52 ------
INFO:__main__:Layers generated: [('256', '3', '1'), ('64', '5', '1'), ('32', '5', '2')]
INFO:__main__:ChildCNNModel(
  (model): Sequential(
    (0): Conv2d(3, 256, kernel_size=(3, 3), stride=(1, 1), padding=(1, 1))
    (1): ReLU()
    (2): MaxPool2d(kernel_size=2, stride=2, padding=0, dilation=1, ceil_mode=False)
    (3): Conv2d(256, 64, kernel_size=(5, 5), stride=(1, 1), padding=(1, 1))
    (4): ReLU()
    (5): MaxPool2d(kernel_size=2, stride=2, padding=0, dilation=1, ceil_mode=False)
    (6): Conv2d(64, 32, kernel_size=(5, 5), stride=(1, 1), padding=(2, 2))
    (7): ReLU()
    (8): MaxPool2d(kernel_size=2, stride=2, padding=0, dilation=1, ceil_mode=False)
    (9): Flatten(start_dim=1, end_dim=-1)
    (10): Linear(in_features=288, out_features=512, bias=True)
    (11): ReLU()
    (12): Linear(in_features=512, out_features=256, bias=True)
    (13): ReLU()
    (14): Linear(in_features=256, out_features=10, bias=True)
  )
)
INFO:__main__:CHILD MODEL LOSS: 0.716587125301361 with train time 63.9547164440155
INFO:__main__:CHILD MODEL ACCURACY: 0.7534
INFO:__main__:Policy gradient: 0.1840922236442566
INFO:__main__:
INFO:__main__:------ ITERATION 53 ------
INFO:__main__:Layers generated: [('16', '3', '2'), ('16', '5', '1'), ('32', '5', '1')]
INFO:__main__:ChildCNNModel(
  (model): Sequential(
    (0): Conv2d(3, 16, kernel_size=(3, 3), stride=(1, 1), padding=(2, 2))
    (1): ReLU()
    (2): MaxPool2d(kernel_size=2, stride=2, padding=0, dilation=1, ceil_mode=False)
    (3): Conv2d(16, 16, kernel_size=(5, 5), stride=(1, 1), padding=(1, 1))
    (4): ReLU()
    (5): MaxPool2d(kernel_size=2, stride=2, padding=0, dilation=1, ceil_mode=False)
    (6): Conv2d(16, 32, kernel_size=(5, 5), stride=(1, 1), padding=(1, 1))
    (7): ReLU()
    (8): MaxPool2d(kernel_size=2, stride=2, padding=0, dilation=1, ceil_mode=False)
    (9): Flatten(start_dim=1, end_dim=-1)
    (10): Linear(in_features=128, out_features=512, bias=True)
    (11): ReLU()
    (12): Linear(in_features=512, out_features=256, bias=True)
    (13): ReLU()
    (14): Linear(in_features=256, out_features=10, bias=True)
  )
)
INFO:__main__:CHILD MODEL LOSS: 0.9484557356834412 with train time 31.816269874572754
INFO:__main__:CHILD MODEL ACCURACY: 0.6884
INFO:__main__:Policy gradient: -0.5262554287910461
INFO:__main__:
INFO:__main__:------ ITERATION 54 ------
INFO:__main__:Layers generated: [('256', '1', '1'), ('16', '1', '2'), ('16', '3', '1')]
INFO:__main__:ChildCNNModel(
  (model): Sequential(
    (0): Conv2d(3, 256, kernel_size=(1, 1), stride=(1, 1), padding=(1, 1))
    (1): ReLU()
    (2): MaxPool2d(kernel_size=2, stride=2, padding=0, dilation=1, ceil_mode=False)
    (3): Conv2d(256, 16, kernel_size=(1, 1), stride=(1, 1), padding=(2, 2))
    (4): ReLU()
    (5): MaxPool2d(kernel_size=2, stride=2, padding=0, dilation=1, ceil_mode=False)
    (6): Conv2d(16, 16, kernel_size=(3, 3), stride=(1, 1), padding=(1, 1))
    (7): ReLU()
    (8): MaxPool2d(kernel_size=2, stride=2, padding=0, dilation=1, ceil_mode=False)
    (9): Flatten(start_dim=1, end_dim=-1)
    (10): Linear(in_features=400, out_features=512, bias=True)
    (11): ReLU()
    (12): Linear(in_features=512, out_features=256, bias=True)
    (13): ReLU()
    (14): Linear(in_features=256, out_features=10, bias=True)
  )
)
INFO:__main__:CHILD MODEL LOSS: 1.1231459014415741 with train time 60.176053524017334
INFO:__main__:CHILD MODEL ACCURACY: 0.6234
INFO:__main__:Policy gradient: -1.269758701324463
INFO:__main__:
INFO:__main__:------ ITERATION 55 ------
INFO:__main__:Layers generated: [('16', '1', '2'), ('32', '3', '2'), ('32', '3', '1')]
INFO:__main__:ChildCNNModel(
  (model): Sequential(
    (0): Conv2d(3, 16, kernel_size=(1, 1), stride=(1, 1), padding=(2, 2))
    (1): ReLU()
    (2): MaxPool2d(kernel_size=2, stride=2, padding=0, dilation=1, ceil_mode=False)
    (3): Conv2d(16, 32, kernel_size=(3, 3), stride=(1, 1), padding=(2, 2))
    (4): ReLU()
    (5): MaxPool2d(kernel_size=2, stride=2, padding=0, dilation=1, ceil_mode=False)
    (6): Conv2d(32, 32, kernel_size=(3, 3), stride=(1, 1), padding=(1, 1))
    (7): ReLU()
    (8): MaxPool2d(kernel_size=2, stride=2, padding=0, dilation=1, ceil_mode=False)
    (9): Flatten(start_dim=1, end_dim=-1)
    (10): Linear(in_features=800, out_features=512, bias=True)
    (11): ReLU()
    (12): Linear(in_features=512, out_features=256, bias=True)
    (13): ReLU()
    (14): Linear(in_features=256, out_features=10, bias=True)
  )
)
INFO:__main__:CHILD MODEL LOSS: 0.9930942635536194 with train time 30.73071837425232
INFO:__main__:CHILD MODEL ACCURACY: 0.6566
INFO:__main__:Policy gradient: -0.6383241415023804
INFO:__main__:
INFO:__main__:------ ITERATION 56 ------
INFO:__main__:Layers generated: [('16', '3', '2'), ('128', '1', '2'), ('32', '3', '1')]
INFO:__main__:ChildCNNModel(
  (model): Sequential(
    (0): Conv2d(3, 16, kernel_size=(3, 3), stride=(1, 1), padding=(2, 2))
    (1): ReLU()
    (2): MaxPool2d(kernel_size=2, stride=2, padding=0, dilation=1, ceil_mode=False)
    (3): Conv2d(16, 128, kernel_size=(1, 1), stride=(1, 1), padding=(2, 2))
    (4): ReLU()
    (5): MaxPool2d(kernel_size=2, stride=2, padding=0, dilation=1, ceil_mode=False)
    (6): Conv2d(128, 32, kernel_size=(3, 3), stride=(1, 1), padding=(1, 1))
    (7): ReLU()
    (8): MaxPool2d(kernel_size=2, stride=2, padding=0, dilation=1, ceil_mode=False)
    (9): Flatten(start_dim=1, end_dim=-1)
    (10): Linear(in_features=800, out_features=512, bias=True)
    (11): ReLU()
    (12): Linear(in_features=512, out_features=256, bias=True)
    (13): ReLU()
    (14): Linear(in_features=256, out_features=10, bias=True)
  )
)
INFO:__main__:CHILD MODEL LOSS: 0.8045131876468659 with train time 33.232157945632935
INFO:__main__:CHILD MODEL ACCURACY: 0.7319
INFO:__main__:Policy gradient: 0.1623784899711609
INFO:__main__:
INFO:__main__:------ ITERATION 57 ------
INFO:__main__:Layers generated: [('256', '1', '2'), ('64', '5', '0'), ('64', '3', '2')]
INFO:__main__:ChildCNNModel(
  (model): Sequential(
    (0): Conv2d(3, 256, kernel_size=(1, 1), stride=(1, 1), padding=(2, 2))
    (1): ReLU()
    (2): MaxPool2d(kernel_size=2, stride=2, padding=0, dilation=1, ceil_mode=False)
    (3): Conv2d(256, 64, kernel_size=(5, 5), stride=(1, 1))
    (4): ReLU()
    (5): MaxPool2d(kernel_size=2, stride=2, padding=0, dilation=1, ceil_mode=False)
    (6): Conv2d(64, 64, kernel_size=(3, 3), stride=(1, 1), padding=(2, 2))
    (7): ReLU()
    (8): MaxPool2d(kernel_size=2, stride=2, padding=0, dilation=1, ceil_mode=False)
    (9): Flatten(start_dim=1, end_dim=-1)
    (10): Linear(in_features=1024, out_features=512, bias=True)
    (11): ReLU()
    (12): Linear(in_features=512, out_features=256, bias=True)
    (13): ReLU()
    (14): Linear(in_features=256, out_features=10, bias=True)
  )
)
INFO:__main__:CHILD MODEL LOSS: 0.8813743805885315 with train time 81.89389705657959
INFO:__main__:CHILD MODEL ACCURACY: 0.6958
INFO:__main__:Policy gradient: -0.24312540888786316
INFO:__main__:
INFO:__main__:------ ITERATION 58 ------
INFO:__main__:Layers generated: [('64', '1', '1'), ('32', '5', '1'), ('32', '1', '2')]
INFO:__main__:ChildCNNModel(
  (model): Sequential(
    (0): Conv2d(3, 64, kernel_size=(1, 1), stride=(1, 1), padding=(1, 1))
    (1): ReLU()
    (2): MaxPool2d(kernel_size=2, stride=2, padding=0, dilation=1, ceil_mode=False)
    (3): Conv2d(64, 32, kernel_size=(5, 5), stride=(1, 1), padding=(1, 1))
    (4): ReLU()
    (5): MaxPool2d(kernel_size=2, stride=2, padding=0, dilation=1, ceil_mode=False)
    (6): Conv2d(32, 32, kernel_size=(1, 1), stride=(1, 1), padding=(2, 2))
    (7): ReLU()
    (8): MaxPool2d(kernel_size=2, stride=2, padding=0, dilation=1, ceil_mode=False)
    (9): Flatten(start_dim=1, end_dim=-1)
    (10): Linear(in_features=800, out_features=512, bias=True)
    (11): ReLU()
    (12): Linear(in_features=512, out_features=256, bias=True)
    (13): ReLU()
    (14): Linear(in_features=256, out_features=10, bias=True)
  )
)
INFO:__main__:CHILD MODEL LOSS: 1.047811475276947 with train time 34.09425592422485
INFO:__main__:CHILD MODEL ACCURACY: 0.6522
INFO:__main__:Policy gradient: -0.807442307472229
INFO:__main__:
INFO:__main__:------ ITERATION 59 ------
INFO:__main__:Layers generated: [('32', '3', '2'), ('32', '1', '2'), ('256', '3', '1')]
INFO:__main__:ChildCNNModel(
  (model): Sequential(
    (0): Conv2d(3, 32, kernel_size=(3, 3), stride=(1, 1), padding=(2, 2))
    (1): ReLU()
    (2): MaxPool2d(kernel_size=2, stride=2, padding=0, dilation=1, ceil_mode=False)
    (3): Conv2d(32, 32, kernel_size=(1, 1), stride=(1, 1), padding=(2, 2))
    (4): ReLU()
    (5): MaxPool2d(kernel_size=2, stride=2, padding=0, dilation=1, ceil_mode=False)
    (6): Conv2d(32, 256, kernel_size=(3, 3), stride=(1, 1), padding=(1, 1))
    (7): ReLU()
    (8): MaxPool2d(kernel_size=2, stride=2, padding=0, dilation=1, ceil_mode=False)
    (9): Flatten(start_dim=1, end_dim=-1)
    (10): Linear(in_features=6400, out_features=512, bias=True)
    (11): ReLU()
    (12): Linear(in_features=512, out_features=256, bias=True)
    (13): ReLU()
    (14): Linear(in_features=256, out_features=10, bias=True)
  )
)
INFO:__main__:CHILD MODEL LOSS: 0.6413824422359466 with train time 32.09826183319092
INFO:__main__:CHILD MODEL ACCURACY: 0.7735
INFO:__main__:Policy gradient: 0.6101804375648499
INFO:__main__:
INFO:__main__:------ ITERATION 60 ------
INFO:__main__:Layers generated: [('64', '5', '1'), ('32', '3', '0'), ('256', '3', '2')]
INFO:__main__:ChildCNNModel(
  (model): Sequential(
    (0): Conv2d(3, 64, kernel_size=(5, 5), stride=(1, 1), padding=(1, 1))
    (1): ReLU()
    (2): MaxPool2d(kernel_size=2, stride=2, padding=0, dilation=1, ceil_mode=False)
    (3): Conv2d(64, 32, kernel_size=(3, 3), stride=(1, 1))
    (4): ReLU()
    (5): MaxPool2d(kernel_size=2, stride=2, padding=0, dilation=1, ceil_mode=False)
    (6): Conv2d(32, 256, kernel_size=(3, 3), stride=(1, 1), padding=(2, 2))
    (7): ReLU()
    (8): MaxPool2d(kernel_size=2, stride=2, padding=0, dilation=1, ceil_mode=False)
    (9): Flatten(start_dim=1, end_dim=-1)
    (10): Linear(in_features=4096, out_features=512, bias=True)
    (11): ReLU()
    (12): Linear(in_features=512, out_features=256, bias=True)
    (13): ReLU()
    (14): Linear(in_features=256, out_features=10, bias=True)
  )
)
INFO:__main__:CHILD MODEL LOSS: 0.6356334657669067 with train time 33.680012226104736
INFO:__main__:CHILD MODEL ACCURACY: 0.7599
INFO:__main__:Policy gradient: 0.5296948552131653
INFO:__main__:
INFO:__main__:------ ITERATION 61 ------
INFO:__main__:Layers generated: [('32', '1', '2'), ('32', '5', '2'), ('16', '3', '0')]
INFO:__main__:ChildCNNModel(
  (model): Sequential(
    (0): Conv2d(3, 32, kernel_size=(1, 1), stride=(1, 1), padding=(2, 2))
    (1): ReLU()
    (2): MaxPool2d(kernel_size=2, stride=2, padding=0, dilation=1, ceil_mode=False)
    (3): Conv2d(32, 32, kernel_size=(5, 5), stride=(1, 1), padding=(2, 2))
    (4): ReLU()
    (5): MaxPool2d(kernel_size=2, stride=2, padding=0, dilation=1, ceil_mode=False)
    (6): Conv2d(32, 16, kernel_size=(3, 3), stride=(1, 1))
    (7): ReLU()
    (8): MaxPool2d(kernel_size=2, stride=2, padding=0, dilation=1, ceil_mode=False)
    (9): Flatten(start_dim=1, end_dim=-1)
    (10): Linear(in_features=144, out_features=512, bias=True)
    (11): ReLU()
    (12): Linear(in_features=512, out_features=256, bias=True)
    (13): ReLU()
    (14): Linear(in_features=256, out_features=10, bias=True)
  )
)
INFO:__main__:CHILD MODEL LOSS: 1.1244600713253021 with train time 31.378104209899902
INFO:__main__:CHILD MODEL ACCURACY: 0.6154
INFO:__main__:Policy gradient: -1.0771420001983643
INFO:__main__:
INFO:__main__:------ ITERATION 62 ------
INFO:__main__:Layers generated: [('16', '3', '1'), ('64', '5', '1'), ('256', '3', '2')]
INFO:__main__:ChildCNNModel(
  (model): Sequential(
    (0): Conv2d(3, 16, kernel_size=(3, 3), stride=(1, 1), padding=(1, 1))
    (1): ReLU()
    (2): MaxPool2d(kernel_size=2, stride=2, padding=0, dilation=1, ceil_mode=False)
    (3): Conv2d(16, 64, kernel_size=(5, 5), stride=(1, 1), padding=(1, 1))
    (4): ReLU()
    (5): MaxPool2d(kernel_size=2, stride=2, padding=0, dilation=1, ceil_mode=False)
    (6): Conv2d(64, 256, kernel_size=(3, 3), stride=(1, 1), padding=(2, 2))
    (7): ReLU()
    (8): MaxPool2d(kernel_size=2, stride=2, padding=0, dilation=1, ceil_mode=False)
    (9): Flatten(start_dim=1, end_dim=-1)
    (10): Linear(in_features=4096, out_features=512, bias=True)
    (11): ReLU()
    (12): Linear(in_features=512, out_features=256, bias=True)
    (13): ReLU()
    (14): Linear(in_features=256, out_features=10, bias=True)
  )
)
INFO:__main__:CHILD MODEL LOSS: 0.598141677737236 with train time 31.035423278808594
INFO:__main__:CHILD MODEL ACCURACY: 0.7884
INFO:__main__:Policy gradient: 0.9024375081062317
INFO:__main__:
INFO:__main__:------ ITERATION 63 ------
INFO:__main__:Layers generated: [('256', '5', '0'), ('16', '3', '0'), ('256', '3', '0')]
INFO:__main__:ChildCNNModel(
  (model): Sequential(
    (0): Conv2d(3, 256, kernel_size=(5, 5), stride=(1, 1))
    (1): ReLU()
    (2): MaxPool2d(kernel_size=2, stride=2, padding=0, dilation=1, ceil_mode=False)
    (3): Conv2d(256, 16, kernel_size=(3, 3), stride=(1, 1))
    (4): ReLU()
    (5): MaxPool2d(kernel_size=2, stride=2, padding=0, dilation=1, ceil_mode=False)
    (6): Conv2d(16, 256, kernel_size=(3, 3), stride=(1, 1))
    (7): ReLU()
    (8): MaxPool2d(kernel_size=2, stride=2, padding=0, dilation=1, ceil_mode=False)
    (9): Flatten(start_dim=1, end_dim=-1)
    (10): Linear(in_features=1024, out_features=512, bias=True)
    (11): ReLU()
    (12): Linear(in_features=512, out_features=256, bias=True)
    (13): ReLU()
    (14): Linear(in_features=256, out_features=10, bias=True)
  )
)
INFO:__main__:CHILD MODEL LOSS: 0.7519639558792114 with train time 43.294145345687866
INFO:__main__:CHILD MODEL ACCURACY: 0.7586
INFO:__main__:Policy gradient: 0.4902055859565735
INFO:__main__:
INFO:__main__:------ ITERATION 64 ------
INFO:__main__:Layers generated: [('256', '1', '0'), ('64', '1', '2'), ('16', '3', '0')]
INFO:__main__:ChildCNNModel(
  (model): Sequential(
    (0): Conv2d(3, 256, kernel_size=(1, 1), stride=(1, 1))
    (1): ReLU()
    (2): MaxPool2d(kernel_size=2, stride=2, padding=0, dilation=1, ceil_mode=False)
    (3): Conv2d(256, 64, kernel_size=(1, 1), stride=(1, 1), padding=(2, 2))
    (4): ReLU()
    (5): MaxPool2d(kernel_size=2, stride=2, padding=0, dilation=1, ceil_mode=False)
    (6): Conv2d(64, 16, kernel_size=(3, 3), stride=(1, 1))
    (7): ReLU()
    (8): MaxPool2d(kernel_size=2, stride=2, padding=0, dilation=1, ceil_mode=False)
    (9): Flatten(start_dim=1, end_dim=-1)
    (10): Linear(in_features=256, out_features=512, bias=True)
    (11): ReLU()
    (12): Linear(in_features=512, out_features=256, bias=True)
    (13): ReLU()
    (14): Linear(in_features=256, out_features=10, bias=True)
  )
)
INFO:__main__:CHILD MODEL LOSS: 1.12762992143631 with train time 48.66454339027405
INFO:__main__:CHILD MODEL ACCURACY: 0.5965
INFO:__main__:Policy gradient: -1.54226815700531
INFO:__main__:
INFO:__main__:------ ITERATION 65 ------
INFO:__main__:Layers generated: [('32', '5', '2'), ('32', '3', '1'), ('32', '1', '2')]
INFO:__main__:ChildCNNModel(
  (model): Sequential(
    (0): Conv2d(3, 32, kernel_size=(5, 5), stride=(1, 1), padding=(2, 2))
    (1): ReLU()
    (2): MaxPool2d(kernel_size=2, stride=2, padding=0, dilation=1, ceil_mode=False)
    (3): Conv2d(32, 32, kernel_size=(3, 3), stride=(1, 1), padding=(1, 1))
    (4): ReLU()
    (5): MaxPool2d(kernel_size=2, stride=2, padding=0, dilation=1, ceil_mode=False)
    (6): Conv2d(32, 32, kernel_size=(1, 1), stride=(1, 1), padding=(2, 2))
    (7): ReLU()
    (8): MaxPool2d(kernel_size=2, stride=2, padding=0, dilation=1, ceil_mode=False)
    (9): Flatten(start_dim=1, end_dim=-1)
    (10): Linear(in_features=1152, out_features=512, bias=True)
    (11): ReLU()
    (12): Linear(in_features=512, out_features=256, bias=True)
    (13): ReLU()
    (14): Linear(in_features=256, out_features=10, bias=True)
  )
)
INFO:__main__:CHILD MODEL LOSS: 0.8716433265209198 with train time 31.228623151779175
INFO:__main__:CHILD MODEL ACCURACY: 0.7163
INFO:__main__:Policy gradient: 0.07524659484624863
INFO:__main__:
INFO:__main__:------ ITERATION 66 ------
INFO:__main__:Layers generated: [('256', '3', '2'), ('32', '3', '0'), ('16', '3', '2')]
INFO:__main__:ChildCNNModel(
  (model): Sequential(
    (0): Conv2d(3, 256, kernel_size=(3, 3), stride=(1, 1), padding=(2, 2))
    (1): ReLU()
    (2): MaxPool2d(kernel_size=2, stride=2, padding=0, dilation=1, ceil_mode=False)
    (3): Conv2d(256, 32, kernel_size=(3, 3), stride=(1, 1))
    (4): ReLU()
    (5): MaxPool2d(kernel_size=2, stride=2, padding=0, dilation=1, ceil_mode=False)
    (6): Conv2d(32, 16, kernel_size=(3, 3), stride=(1, 1), padding=(2, 2))
    (7): ReLU()
    (8): MaxPool2d(kernel_size=2, stride=2, padding=0, dilation=1, ceil_mode=False)
    (9): Flatten(start_dim=1, end_dim=-1)
    (10): Linear(in_features=256, out_features=512, bias=True)
    (11): ReLU()
    (12): Linear(in_features=512, out_features=256, bias=True)
    (13): ReLU()
    (14): Linear(in_features=256, out_features=10, bias=True)
  )
)
INFO:__main__:CHILD MODEL LOSS: 0.8096485743522644 with train time 59.71480989456177
INFO:__main__:CHILD MODEL ACCURACY: 0.7372
INFO:__main__:Policy gradient: 0.23116634786128998
INFO:__main__:
INFO:__main__:------ ITERATION 67 ------
INFO:__main__:Layers generated: [('16', '3', '2'), ('64', '5', '1'), ('16', '1', '0')]
INFO:__main__:ChildCNNModel(
  (model): Sequential(
    (0): Conv2d(3, 16, kernel_size=(3, 3), stride=(1, 1), padding=(2, 2))
    (1): ReLU()
    (2): MaxPool2d(kernel_size=2, stride=2, padding=0, dilation=1, ceil_mode=False)
    (3): Conv2d(16, 64, kernel_size=(5, 5), stride=(1, 1), padding=(1, 1))
    (4): ReLU()
    (5): MaxPool2d(kernel_size=2, stride=2, padding=0, dilation=1, ceil_mode=False)
    (6): Conv2d(64, 16, kernel_size=(1, 1), stride=(1, 1))
    (7): ReLU()
    (8): MaxPool2d(kernel_size=2, stride=2, padding=0, dilation=1, ceil_mode=False)
    (9): Flatten(start_dim=1, end_dim=-1)
    (10): Linear(in_features=144, out_features=512, bias=True)
    (11): ReLU()
    (12): Linear(in_features=512, out_features=256, bias=True)
    (13): ReLU()
    (14): Linear(in_features=256, out_features=10, bias=True)
  )
)
INFO:__main__:CHILD MODEL LOSS: 0.9551516263484955 with train time 30.52231526374817
INFO:__main__:CHILD MODEL ACCURACY: 0.6731
INFO:__main__:Policy gradient: -0.4447592496871948
INFO:__main__:
INFO:__main__:------ ITERATION 68 ------
INFO:__main__:Layers generated: [('64', '3', '2'), ('16', '5', '0'), ('32', '3', '1')]
INFO:__main__:ChildCNNModel(
  (model): Sequential(
    (0): Conv2d(3, 64, kernel_size=(3, 3), stride=(1, 1), padding=(2, 2))
    (1): ReLU()
    (2): MaxPool2d(kernel_size=2, stride=2, padding=0, dilation=1, ceil_mode=False)
    (3): Conv2d(64, 16, kernel_size=(5, 5), stride=(1, 1))
    (4): ReLU()
    (5): MaxPool2d(kernel_size=2, stride=2, padding=0, dilation=1, ceil_mode=False)
    (6): Conv2d(16, 32, kernel_size=(3, 3), stride=(1, 1), padding=(1, 1))
    (7): ReLU()
    (8): MaxPool2d(kernel_size=2, stride=2, padding=0, dilation=1, ceil_mode=False)
    (9): Flatten(start_dim=1, end_dim=-1)
    (10): Linear(in_features=288, out_features=512, bias=True)
    (11): ReLU()
    (12): Linear(in_features=512, out_features=256, bias=True)
    (13): ReLU()
    (14): Linear(in_features=256, out_features=10, bias=True)
  )
)
INFO:__main__:CHILD MODEL LOSS: 0.8799498529434204 with train time 33.62780165672302
INFO:__main__:CHILD MODEL ACCURACY: 0.7085
INFO:__main__:Policy gradient: 0.00015016090765129775
INFO:__main__:
INFO:__main__:------ ITERATION 69 ------
INFO:__main__:Layers generated: [('64', '1', '2'), ('256', '5', '2'), ('16', '5', '2')]
INFO:__main__:ChildCNNModel(
  (model): Sequential(
    (0): Conv2d(3, 64, kernel_size=(1, 1), stride=(1, 1), padding=(2, 2))
    (1): ReLU()
    (2): MaxPool2d(kernel_size=2, stride=2, padding=0, dilation=1, ceil_mode=False)
    (3): Conv2d(64, 256, kernel_size=(5, 5), stride=(1, 1), padding=(2, 2))
    (4): ReLU()
    (5): MaxPool2d(kernel_size=2, stride=2, padding=0, dilation=1, ceil_mode=False)
    (6): Conv2d(256, 16, kernel_size=(5, 5), stride=(1, 1), padding=(2, 2))
    (7): ReLU()
    (8): MaxPool2d(kernel_size=2, stride=2, padding=0, dilation=1, ceil_mode=False)
    (9): Flatten(start_dim=1, end_dim=-1)
    (10): Linear(in_features=256, out_features=512, bias=True)
    (11): ReLU()
    (12): Linear(in_features=512, out_features=256, bias=True)
    (13): ReLU()
    (14): Linear(in_features=256, out_features=10, bias=True)
  )
)
INFO:__main__:CHILD MODEL LOSS: 0.9381813936233521 with train time 60.13067436218262
INFO:__main__:CHILD MODEL ACCURACY: 0.6856
INFO:__main__:Policy gradient: -0.28804582357406616
INFO:__main__:
INFO:__main__:------ ITERATION 70 ------
INFO:__main__:Layers generated: [('32', '3', '2'), ('256', '1', '2'), ('64', '3', '1')]
INFO:__main__:ChildCNNModel(
  (model): Sequential(
    (0): Conv2d(3, 32, kernel_size=(3, 3), stride=(1, 1), padding=(2, 2))
    (1): ReLU()
    (2): MaxPool2d(kernel_size=2, stride=2, padding=0, dilation=1, ceil_mode=False)
    (3): Conv2d(32, 256, kernel_size=(1, 1), stride=(1, 1), padding=(2, 2))
    (4): ReLU()
    (5): MaxPool2d(kernel_size=2, stride=2, padding=0, dilation=1, ceil_mode=False)
    (6): Conv2d(256, 64, kernel_size=(3, 3), stride=(1, 1), padding=(1, 1))
    (7): ReLU()
    (8): MaxPool2d(kernel_size=2, stride=2, padding=0, dilation=1, ceil_mode=False)
    (9): Flatten(start_dim=1, end_dim=-1)
    (10): Linear(in_features=1600, out_features=512, bias=True)
    (11): ReLU()
    (12): Linear(in_features=512, out_features=256, bias=True)
    (13): ReLU()
    (14): Linear(in_features=256, out_features=10, bias=True)
  )
)
INFO:__main__:CHILD MODEL LOSS: 0.7132695446014404 with train time 39.79187202453613
INFO:__main__:CHILD MODEL ACCURACY: 0.7608
INFO:__main__:Policy gradient: 0.5327712893486023
INFO:__main__:
INFO:__main__:------ ITERATION 71 ------
INFO:__main__:Layers generated: [('16', '3', '2'), ('16', '1', '2'), ('64', '3', '2')]
INFO:__main__:ChildCNNModel(
  (model): Sequential(
    (0): Conv2d(3, 16, kernel_size=(3, 3), stride=(1, 1), padding=(2, 2))
    (1): ReLU()
    (2): MaxPool2d(kernel_size=2, stride=2, padding=0, dilation=1, ceil_mode=False)
    (3): Conv2d(16, 16, kernel_size=(1, 1), stride=(1, 1), padding=(2, 2))
    (4): ReLU()
    (5): MaxPool2d(kernel_size=2, stride=2, padding=0, dilation=1, ceil_mode=False)
    (6): Conv2d(16, 64, kernel_size=(3, 3), stride=(1, 1), padding=(2, 2))
    (7): ReLU()
    (8): MaxPool2d(kernel_size=2, stride=2, padding=0, dilation=1, ceil_mode=False)
    (9): Flatten(start_dim=1, end_dim=-1)
    (10): Linear(in_features=2304, out_features=512, bias=True)
    (11): ReLU()
    (12): Linear(in_features=512, out_features=256, bias=True)
    (13): ReLU()
    (14): Linear(in_features=256, out_features=10, bias=True)
  )
)
INFO:__main__:CHILD MODEL LOSS: 0.8634749476909638 with train time 30.27005386352539
INFO:__main__:CHILD MODEL ACCURACY: 0.7095
INFO:__main__:Policy gradient: -0.022263217717409134
INFO:__main__:
INFO:__main__:------ ITERATION 72 ------
INFO:__main__:Layers generated: [('128', '5', '1'), ('32', '3', '1'), ('64', '3', '0')]
INFO:__main__:ChildCNNModel(
  (model): Sequential(
    (0): Conv2d(3, 128, kernel_size=(5, 5), stride=(1, 1), padding=(1, 1))
    (1): ReLU()
    (2): MaxPool2d(kernel_size=2, stride=2, padding=0, dilation=1, ceil_mode=False)
    (3): Conv2d(128, 32, kernel_size=(3, 3), stride=(1, 1), padding=(1, 1))
    (4): ReLU()
    (5): MaxPool2d(kernel_size=2, stride=2, padding=0, dilation=1, ceil_mode=False)
    (6): Conv2d(32, 64, kernel_size=(3, 3), stride=(1, 1))
    (7): ReLU()
    (8): MaxPool2d(kernel_size=2, stride=2, padding=0, dilation=1, ceil_mode=False)
    (9): Flatten(start_dim=1, end_dim=-1)
    (10): Linear(in_features=256, out_features=512, bias=True)
    (11): ReLU()
    (12): Linear(in_features=512, out_features=256, bias=True)
    (13): ReLU()
    (14): Linear(in_features=256, out_features=10, bias=True)
  )
)
INFO:__main__:CHILD MODEL LOSS: 0.8455581185817719 with train time 36.38512873649597
INFO:__main__:CHILD MODEL ACCURACY: 0.7261
INFO:__main__:Policy gradient: 0.17323720455169678
INFO:__main__:
INFO:__main__:------ ITERATION 73 ------
INFO:__main__:Layers generated: [('64', '5', '2'), ('32', '5', '0'), ('32', '5', '2')]
INFO:__main__:ChildCNNModel(
  (model): Sequential(
    (0): Conv2d(3, 64, kernel_size=(5, 5), stride=(1, 1), padding=(2, 2))
    (1): ReLU()
    (2): MaxPool2d(kernel_size=2, stride=2, padding=0, dilation=1, ceil_mode=False)
    (3): Conv2d(64, 32, kernel_size=(5, 5), stride=(1, 1))
    (4): ReLU()
    (5): MaxPool2d(kernel_size=2, stride=2, padding=0, dilation=1, ceil_mode=False)
    (6): Conv2d(32, 32, kernel_size=(5, 5), stride=(1, 1), padding=(2, 2))
    (7): ReLU()
    (8): MaxPool2d(kernel_size=2, stride=2, padding=0, dilation=1, ceil_mode=False)
    (9): Flatten(start_dim=1, end_dim=-1)
    (10): Linear(in_features=288, out_features=512, bias=True)
    (11): ReLU()
    (12): Linear(in_features=512, out_features=256, bias=True)
    (13): ReLU()
    (14): Linear(in_features=256, out_features=10, bias=True)
  )
)
INFO:__main__:CHILD MODEL LOSS: 0.762309175491333 with train time 33.57964611053467
INFO:__main__:CHILD MODEL ACCURACY: 0.7467
INFO:__main__:Policy gradient: 0.4017735421657562
INFO:__main__:
INFO:__main__:------ ITERATION 74 ------
INFO:__main__:Layers generated: [('32', '5', '2'), ('128', '3', '2'), ('256', '5', '1')]
INFO:__main__:ChildCNNModel(
  (model): Sequential(
    (0): Conv2d(3, 32, kernel_size=(5, 5), stride=(1, 1), padding=(2, 2))
    (1): ReLU()
    (2): MaxPool2d(kernel_size=2, stride=2, padding=0, dilation=1, ceil_mode=False)
    (3): Conv2d(32, 128, kernel_size=(3, 3), stride=(1, 1), padding=(2, 2))
    (4): ReLU()
    (5): MaxPool2d(kernel_size=2, stride=2, padding=0, dilation=1, ceil_mode=False)
    (6): Conv2d(128, 256, kernel_size=(5, 5), stride=(1, 1), padding=(1, 1))
    (7): ReLU()
    (8): MaxPool2d(kernel_size=2, stride=2, padding=0, dilation=1, ceil_mode=False)
    (9): Flatten(start_dim=1, end_dim=-1)
    (10): Linear(in_features=2304, out_features=512, bias=True)
    (11): ReLU()
    (12): Linear(in_features=512, out_features=256, bias=True)
    (13): ReLU()
    (14): Linear(in_features=256, out_features=10, bias=True)
  )
)
INFO:__main__:CHILD MODEL LOSS: 0.5644012705087662 with train time 35.351611852645874
INFO:__main__:CHILD MODEL ACCURACY: 0.8119
INFO:__main__:Policy gradient: 1.0573676824569702
INFO:__main__:
INFO:__main__:------ ITERATION 75 ------
INFO:__main__:Layers generated: [('256', '3', '2'), ('64', '3', '2'), ('64', '3', '1')]
INFO:__main__:ChildCNNModel(
  (model): Sequential(
    (0): Conv2d(3, 256, kernel_size=(3, 3), stride=(1, 1), padding=(2, 2))
    (1): ReLU()
    (2): MaxPool2d(kernel_size=2, stride=2, padding=0, dilation=1, ceil_mode=False)
    (3): Conv2d(256, 64, kernel_size=(3, 3), stride=(1, 1), padding=(2, 2))
    (4): ReLU()
    (5): MaxPool2d(kernel_size=2, stride=2, padding=0, dilation=1, ceil_mode=False)
    (6): Conv2d(64, 64, kernel_size=(3, 3), stride=(1, 1), padding=(1, 1))
    (7): ReLU()
    (8): MaxPool2d(kernel_size=2, stride=2, padding=0, dilation=1, ceil_mode=False)
    (9): Flatten(start_dim=1, end_dim=-1)
    (10): Linear(in_features=1024, out_features=512, bias=True)
    (11): ReLU()
    (12): Linear(in_features=512, out_features=256, bias=True)
    (13): ReLU()
    (14): Linear(in_features=256, out_features=10, bias=True)
  )
)
INFO:__main__:CHILD MODEL LOSS: 0.6246840286254883 with train time 67.12875723838806
INFO:__main__:CHILD MODEL ACCURACY: 0.7907
INFO:__main__:Policy gradient: 0.5765342712402344
INFO:__main__:
INFO:__main__:------ ITERATION 76 ------
INFO:__main__:Layers generated: [('256', '3', '2'), ('32', '3', '1'), ('32', '3', '2')]
INFO:__main__:ChildCNNModel(
  (model): Sequential(
    (0): Conv2d(3, 256, kernel_size=(3, 3), stride=(1, 1), padding=(2, 2))
    (1): ReLU()
    (2): MaxPool2d(kernel_size=2, stride=2, padding=0, dilation=1, ceil_mode=False)
    (3): Conv2d(256, 32, kernel_size=(3, 3), stride=(1, 1), padding=(1, 1))
    (4): ReLU()
    (5): MaxPool2d(kernel_size=2, stride=2, padding=0, dilation=1, ceil_mode=False)
    (6): Conv2d(32, 32, kernel_size=(3, 3), stride=(1, 1), padding=(2, 2))
    (7): ReLU()
    (8): MaxPool2d(kernel_size=2, stride=2, padding=0, dilation=1, ceil_mode=False)
    (9): Flatten(start_dim=1, end_dim=-1)
    (10): Linear(in_features=800, out_features=512, bias=True)
    (11): ReLU()
    (12): Linear(in_features=512, out_features=256, bias=True)
    (13): ReLU()
    (14): Linear(in_features=256, out_features=10, bias=True)
  )
)
INFO:__main__:CHILD MODEL LOSS: 0.6818188836574555 with train time 61.2214777469635
INFO:__main__:CHILD MODEL ACCURACY: 0.7732
INFO:__main__:Policy gradient: 0.31466585397720337
INFO:__main__:
INFO:__main__:------ ITERATION 77 ------
INFO:__main__:Layers generated: [('128', '3', '2'), ('32', '1', '2'), ('64', '3', '1')]
INFO:__main__:ChildCNNModel(
  (model): Sequential(
    (0): Conv2d(3, 128, kernel_size=(3, 3), stride=(1, 1), padding=(2, 2))
    (1): ReLU()
    (2): MaxPool2d(kernel_size=2, stride=2, padding=0, dilation=1, ceil_mode=False)
    (3): Conv2d(128, 32, kernel_size=(1, 1), stride=(1, 1), padding=(2, 2))
    (4): ReLU()
    (5): MaxPool2d(kernel_size=2, stride=2, padding=0, dilation=1, ceil_mode=False)
    (6): Conv2d(32, 64, kernel_size=(3, 3), stride=(1, 1), padding=(1, 1))
    (7): ReLU()
    (8): MaxPool2d(kernel_size=2, stride=2, padding=0, dilation=1, ceil_mode=False)
    (9): Flatten(start_dim=1, end_dim=-1)
    (10): Linear(in_features=1600, out_features=512, bias=True)
    (11): ReLU()
    (12): Linear(in_features=512, out_features=256, bias=True)
    (13): ReLU()
    (14): Linear(in_features=256, out_features=10, bias=True)
  )
)
INFO:__main__:CHILD MODEL LOSS: 0.6938251309394836 with train time 38.92560434341431
INFO:__main__:CHILD MODEL ACCURACY: 0.7557
INFO:__main__:Policy gradient: 0.2062419205904007
INFO:__main__:
INFO:__main__:------ ITERATION 78 ------
INFO:__main__:Layers generated: [('16', '3', '2'), ('128', '3', '1'), ('256', '3', '1')]
INFO:__main__:ChildCNNModel(
  (model): Sequential(
    (0): Conv2d(3, 16, kernel_size=(3, 3), stride=(1, 1), padding=(2, 2))
    (1): ReLU()
    (2): MaxPool2d(kernel_size=2, stride=2, padding=0, dilation=1, ceil_mode=False)
    (3): Conv2d(16, 128, kernel_size=(3, 3), stride=(1, 1), padding=(1, 1))
    (4): ReLU()
    (5): MaxPool2d(kernel_size=2, stride=2, padding=0, dilation=1, ceil_mode=False)
    (6): Conv2d(128, 256, kernel_size=(3, 3), stride=(1, 1), padding=(1, 1))
    (7): ReLU()
    (8): MaxPool2d(kernel_size=2, stride=2, padding=0, dilation=1, ceil_mode=False)
    (9): Flatten(start_dim=1, end_dim=-1)
    (10): Linear(in_features=4096, out_features=512, bias=True)
    (11): ReLU()
    (12): Linear(in_features=512, out_features=256, bias=True)
    (13): ReLU()
    (14): Linear(in_features=256, out_features=10, bias=True)
  )
)
INFO:__main__:CHILD MODEL LOSS: 0.5625309998989105 with train time 32.8570876121521
INFO:__main__:CHILD MODEL ACCURACY: 0.8042
INFO:__main__:Policy gradient: 0.6294456124305725
INFO:__main__:
INFO:__main__:------ ITERATION 79 ------
INFO:__main__:Layers generated: [('32', '3', '0'), ('64', '3', '2'), ('32', '3', '1')]
INFO:__main__:ChildCNNModel(
  (model): Sequential(
    (0): Conv2d(3, 32, kernel_size=(3, 3), stride=(1, 1))
    (1): ReLU()
    (2): MaxPool2d(kernel_size=2, stride=2, padding=0, dilation=1, ceil_mode=False)
    (3): Conv2d(32, 64, kernel_size=(3, 3), stride=(1, 1), padding=(2, 2))
    (4): ReLU()
    (5): MaxPool2d(kernel_size=2, stride=2, padding=0, dilation=1, ceil_mode=False)
    (6): Conv2d(64, 32, kernel_size=(3, 3), stride=(1, 1), padding=(1, 1))
    (7): ReLU()
    (8): MaxPool2d(kernel_size=2, stride=2, padding=0, dilation=1, ceil_mode=False)
    (9): Flatten(start_dim=1, end_dim=-1)
    (10): Linear(in_features=512, out_features=512, bias=True)
    (11): ReLU()
    (12): Linear(in_features=512, out_features=256, bias=True)
    (13): ReLU()
    (14): Linear(in_features=256, out_features=10, bias=True)
  )
)
INFO:__main__:CHILD MODEL LOSS: 0.7243578331470489 with train time 30.989628314971924
INFO:__main__:CHILD MODEL ACCURACY: 0.7661
INFO:__main__:Policy gradient: 0.20219849050045013
INFO:__main__:
INFO:__main__:------ ITERATION 80 ------
INFO:__main__:Layers generated: [('256', '1', '2'), ('256', '1', '1'), ('256', '5', '1')]
INFO:__main__:ChildCNNModel(
  (model): Sequential(
    (0): Conv2d(3, 256, kernel_size=(1, 1), stride=(1, 1), padding=(2, 2))
    (1): ReLU()
    (2): MaxPool2d(kernel_size=2, stride=2, padding=0, dilation=1, ceil_mode=False)
    (3): Conv2d(256, 256, kernel_size=(1, 1), stride=(1, 1), padding=(1, 1))
    (4): ReLU()
    (5): MaxPool2d(kernel_size=2, stride=2, padding=0, dilation=1, ceil_mode=False)
    (6): Conv2d(256, 256, kernel_size=(5, 5), stride=(1, 1), padding=(1, 1))
    (7): ReLU()
    (8): MaxPool2d(kernel_size=2, stride=2, padding=0, dilation=1, ceil_mode=False)
    (9): Flatten(start_dim=1, end_dim=-1)
    (10): Linear(in_features=4096, out_features=512, bias=True)
    (11): ReLU()
    (12): Linear(in_features=512, out_features=256, bias=True)
    (13): ReLU()
    (14): Linear(in_features=256, out_features=10, bias=True)
  )
)
INFO:__main__:CHILD MODEL LOSS: 0.9723586766719818 with train time 108.75088763237
INFO:__main__:CHILD MODEL ACCURACY: 0.6618
INFO:__main__:Policy gradient: -1.0700937509536743
INFO:__main__:
INFO:__main__:------ ITERATION 81 ------
INFO:__main__:Layers generated: [('16', '3', '2'), ('32', '3', '2'), ('32', '3', '2')]
INFO:__main__:ChildCNNModel(
  (model): Sequential(
    (0): Conv2d(3, 16, kernel_size=(3, 3), stride=(1, 1), padding=(2, 2))
    (1): ReLU()
    (2): MaxPool2d(kernel_size=2, stride=2, padding=0, dilation=1, ceil_mode=False)
    (3): Conv2d(16, 32, kernel_size=(3, 3), stride=(1, 1), padding=(2, 2))
    (4): ReLU()
    (5): MaxPool2d(kernel_size=2, stride=2, padding=0, dilation=1, ceil_mode=False)
    (6): Conv2d(32, 32, kernel_size=(3, 3), stride=(1, 1), padding=(2, 2))
    (7): ReLU()
    (8): MaxPool2d(kernel_size=2, stride=2, padding=0, dilation=1, ceil_mode=False)
    (9): Flatten(start_dim=1, end_dim=-1)
    (10): Linear(in_features=800, out_features=512, bias=True)
    (11): ReLU()
    (12): Linear(in_features=512, out_features=256, bias=True)
    (13): ReLU()
    (14): Linear(in_features=256, out_features=10, bias=True)
  )
)
INFO:__main__:CHILD MODEL LOSS: 0.8014552257061005 with train time 30.70612859725952
INFO:__main__:CHILD MODEL ACCURACY: 0.7408
INFO:__main__:Policy gradient: 0.018740879371762276
INFO:__main__:
INFO:__main__:------ ITERATION 82 ------
INFO:__main__:Layers generated: [('32', '3', '2'), ('32', '3', '0'), ('16', '1', '2')]
INFO:__main__:ChildCNNModel(
  (model): Sequential(
    (0): Conv2d(3, 32, kernel_size=(3, 3), stride=(1, 1), padding=(2, 2))
    (1): ReLU()
    (2): MaxPool2d(kernel_size=2, stride=2, padding=0, dilation=1, ceil_mode=False)
    (3): Conv2d(32, 32, kernel_size=(3, 3), stride=(1, 1))
    (4): ReLU()
    (5): MaxPool2d(kernel_size=2, stride=2, padding=0, dilation=1, ceil_mode=False)
    (6): Conv2d(32, 16, kernel_size=(1, 1), stride=(1, 1), padding=(2, 2))
    (7): ReLU()
    (8): MaxPool2d(kernel_size=2, stride=2, padding=0, dilation=1, ceil_mode=False)
    (9): Flatten(start_dim=1, end_dim=-1)
    (10): Linear(in_features=400, out_features=512, bias=True)
    (11): ReLU()
    (12): Linear(in_features=512, out_features=256, bias=True)
    (13): ReLU()
    (14): Linear(in_features=256, out_features=10, bias=True)
  )
)
INFO:__main__:CHILD MODEL LOSS: 0.9376164221763611 with train time 31.21525549888611
INFO:__main__:CHILD MODEL ACCURACY: 0.6903
INFO:__main__:Policy gradient: -0.4488522410392761
INFO:__main__:
INFO:__main__:------ ITERATION 83 ------
INFO:__main__:Layers generated: [('64', '3', '1'), ('64', '3', '0'), ('32', '3', '1')]
INFO:__main__:ChildCNNModel(
  (model): Sequential(
    (0): Conv2d(3, 64, kernel_size=(3, 3), stride=(1, 1), padding=(1, 1))
    (1): ReLU()
    (2): MaxPool2d(kernel_size=2, stride=2, padding=0, dilation=1, ceil_mode=False)
    (3): Conv2d(64, 64, kernel_size=(3, 3), stride=(1, 1))
    (4): ReLU()
    (5): MaxPool2d(kernel_size=2, stride=2, padding=0, dilation=1, ceil_mode=False)
    (6): Conv2d(64, 32, kernel_size=(3, 3), stride=(1, 1), padding=(1, 1))
    (7): ReLU()
    (8): MaxPool2d(kernel_size=2, stride=2, padding=0, dilation=1, ceil_mode=False)
    (9): Flatten(start_dim=1, end_dim=-1)
    (10): Linear(in_features=288, out_features=512, bias=True)
    (11): ReLU()
    (12): Linear(in_features=512, out_features=256, bias=True)
    (13): ReLU()
    (14): Linear(in_features=256, out_features=10, bias=True)
  )
)
INFO:__main__:CHILD MODEL LOSS: 0.7475884084701538 with train time 33.534749269485474
INFO:__main__:CHILD MODEL ACCURACY: 0.7557
INFO:__main__:Policy gradient: 0.22750680148601532
INFO:__main__:
INFO:__main__:------ ITERATION 84 ------
INFO:__main__:Layers generated: [('16', '3', '0'), ('32', '3', '0'), ('16', '3', '2')]
INFO:__main__:ChildCNNModel(
  (model): Sequential(
    (0): Conv2d(3, 16, kernel_size=(3, 3), stride=(1, 1))
    (1): ReLU()
    (2): MaxPool2d(kernel_size=2, stride=2, padding=0, dilation=1, ceil_mode=False)
    (3): Conv2d(16, 32, kernel_size=(3, 3), stride=(1, 1))
    (4): ReLU()
    (5): MaxPool2d(kernel_size=2, stride=2, padding=0, dilation=1, ceil_mode=False)
    (6): Conv2d(32, 16, kernel_size=(3, 3), stride=(1, 1), padding=(2, 2))
    (7): ReLU()
    (8): MaxPool2d(kernel_size=2, stride=2, padding=0, dilation=1, ceil_mode=False)
    (9): Flatten(start_dim=1, end_dim=-1)
    (10): Linear(in_features=256, out_features=512, bias=True)
    (11): ReLU()
    (12): Linear(in_features=512, out_features=256, bias=True)
    (13): ReLU()
    (14): Linear(in_features=256, out_features=10, bias=True)
  )
)
INFO:__main__:CHILD MODEL LOSS: 0.9665382034778595 with train time 30.49935817718506
INFO:__main__:CHILD MODEL ACCURACY: 0.6862
INFO:__main__:Policy gradient: -0.5173035264015198
INFO:__main__:
INFO:__main__:------ ITERATION 85 ------
INFO:__main__:Layers generated: [('64', '1', '1'), ('32', '1', '2'), ('16', '3', '0')]
INFO:__main__:ChildCNNModel(
  (model): Sequential(
    (0): Conv2d(3, 64, kernel_size=(1, 1), stride=(1, 1), padding=(1, 1))
    (1): ReLU()
    (2): MaxPool2d(kernel_size=2, stride=2, padding=0, dilation=1, ceil_mode=False)
    (3): Conv2d(64, 32, kernel_size=(1, 1), stride=(1, 1), padding=(2, 2))
    (4): ReLU()
    (5): MaxPool2d(kernel_size=2, stride=2, padding=0, dilation=1, ceil_mode=False)
    (6): Conv2d(32, 16, kernel_size=(3, 3), stride=(1, 1))
    (7): ReLU()
    (8): MaxPool2d(kernel_size=2, stride=2, padding=0, dilation=1, ceil_mode=False)
    (9): Flatten(start_dim=1, end_dim=-1)
    (10): Linear(in_features=256, out_features=512, bias=True)
    (11): ReLU()
    (12): Linear(in_features=512, out_features=256, bias=True)
    (13): ReLU()
    (14): Linear(in_features=256, out_features=10, bias=True)
  )
)
INFO:__main__:CHILD MODEL LOSS: 1.1564933516979217 with train time 33.48492908477783
INFO:__main__:CHILD MODEL ACCURACY: 0.6049
INFO:__main__:Policy gradient: -1.629960298538208
INFO:__main__:
INFO:__main__:------ ITERATION 86 ------
INFO:__main__:Layers generated: [('256', '1', '2'), ('128', '3', '0'), ('32', '3', '2')]
INFO:__main__:ChildCNNModel(
  (model): Sequential(
    (0): Conv2d(3, 256, kernel_size=(1, 1), stride=(1, 1), padding=(2, 2))
    (1): ReLU()
    (2): MaxPool2d(kernel_size=2, stride=2, padding=0, dilation=1, ceil_mode=False)
    (3): Conv2d(256, 128, kernel_size=(3, 3), stride=(1, 1))
    (4): ReLU()
    (5): MaxPool2d(kernel_size=2, stride=2, padding=0, dilation=1, ceil_mode=False)
    (6): Conv2d(128, 32, kernel_size=(3, 3), stride=(1, 1), padding=(2, 2))
    (7): ReLU()
    (8): MaxPool2d(kernel_size=2, stride=2, padding=0, dilation=1, ceil_mode=False)
    (9): Flatten(start_dim=1, end_dim=-1)
    (10): Linear(in_features=800, out_features=512, bias=True)
    (11): ReLU()
    (12): Linear(in_features=512, out_features=256, bias=True)
    (13): ReLU()
    (14): Linear(in_features=256, out_features=10, bias=True)
  )
)
INFO:__main__:CHILD MODEL LOSS: 0.872185026884079 with train time 84.9345715045929
INFO:__main__:CHILD MODEL ACCURACY: 0.7007
INFO:__main__:Policy gradient: -0.1841970980167389
INFO:__main__:
INFO:__main__:------ ITERATION 87 ------
INFO:__main__:Layers generated: [('256', '3', '1'), ('64', '3', '2'), ('32', '1', '2')]
INFO:__main__:ChildCNNModel(
  (model): Sequential(
    (0): Conv2d(3, 256, kernel_size=(3, 3), stride=(1, 1), padding=(1, 1))
    (1): ReLU()
    (2): MaxPool2d(kernel_size=2, stride=2, padding=0, dilation=1, ceil_mode=False)
    (3): Conv2d(256, 64, kernel_size=(3, 3), stride=(1, 1), padding=(2, 2))
    (4): ReLU()
    (5): MaxPool2d(kernel_size=2, stride=2, padding=0, dilation=1, ceil_mode=False)
    (6): Conv2d(64, 32, kernel_size=(1, 1), stride=(1, 1), padding=(2, 2))
    (7): ReLU()
    (8): MaxPool2d(kernel_size=2, stride=2, padding=0, dilation=1, ceil_mode=False)
    (9): Flatten(start_dim=1, end_dim=-1)
    (10): Linear(in_features=1152, out_features=512, bias=True)
    (11): ReLU()
    (12): Linear(in_features=512, out_features=256, bias=True)
    (13): ReLU()
    (14): Linear(in_features=256, out_features=10, bias=True)
  )
)
INFO:__main__:CHILD MODEL LOSS: 0.7219906463623047 with train time 59.51123046875
INFO:__main__:CHILD MODEL ACCURACY: 0.7438
INFO:__main__:Policy gradient: 0.2669519782066345
INFO:__main__:
INFO:__main__:------ ITERATION 88 ------
INFO:__main__:Layers generated: [('16', '3', '2'), ('128', '3', '0'), ('128', '1', '0')]
INFO:__main__:ChildCNNModel(
  (model): Sequential(
    (0): Conv2d(3, 16, kernel_size=(3, 3), stride=(1, 1), padding=(2, 2))
    (1): ReLU()
    (2): MaxPool2d(kernel_size=2, stride=2, padding=0, dilation=1, ceil_mode=False)
    (3): Conv2d(16, 128, kernel_size=(3, 3), stride=(1, 1))
    (4): ReLU()
    (5): MaxPool2d(kernel_size=2, stride=2, padding=0, dilation=1, ceil_mode=False)
    (6): Conv2d(128, 128, kernel_size=(1, 1), stride=(1, 1))
    (7): ReLU()
    (8): MaxPool2d(kernel_size=2, stride=2, padding=0, dilation=1, ceil_mode=False)
    (9): Flatten(start_dim=1, end_dim=-1)
    (10): Linear(in_features=1152, out_features=512, bias=True)
    (11): ReLU()
    (12): Linear(in_features=512, out_features=256, bias=True)
    (13): ReLU()
    (14): Linear(in_features=256, out_features=10, bias=True)
  )
)
INFO:__main__:CHILD MODEL LOSS: 0.8129435980319977 with train time 30.404117107391357
INFO:__main__:CHILD MODEL ACCURACY: 0.7383
INFO:__main__:Policy gradient: 0.20947128534317017
INFO:__main__:
INFO:__main__:------ ITERATION 89 ------
INFO:__main__:Layers generated: [('256', '3', '0'), ('256', '3', '2'), ('32', '3', '1')]
INFO:__main__:ChildCNNModel(
  (model): Sequential(
    (0): Conv2d(3, 256, kernel_size=(3, 3), stride=(1, 1))
    (1): ReLU()
    (2): MaxPool2d(kernel_size=2, stride=2, padding=0, dilation=1, ceil_mode=False)
    (3): Conv2d(256, 256, kernel_size=(3, 3), stride=(1, 1), padding=(2, 2))
    (4): ReLU()
    (5): MaxPool2d(kernel_size=2, stride=2, padding=0, dilation=1, ceil_mode=False)
    (6): Conv2d(256, 32, kernel_size=(3, 3), stride=(1, 1), padding=(1, 1))
    (7): ReLU()
    (8): MaxPool2d(kernel_size=2, stride=2, padding=0, dilation=1, ceil_mode=False)
    (9): Flatten(start_dim=1, end_dim=-1)
    (10): Linear(in_features=512, out_features=512, bias=True)
    (11): ReLU()
    (12): Linear(in_features=512, out_features=256, bias=True)
    (13): ReLU()
    (14): Linear(in_features=256, out_features=10, bias=True)
  )
)
INFO:__main__:CHILD MODEL LOSS: 0.6355126407146454 with train time 79.06955742835999
INFO:__main__:CHILD MODEL ACCURACY: 0.7947
INFO:__main__:Policy gradient: 0.6881970167160034
INFO:__main__:
INFO:__main__:------ ITERATION 90 ------
INFO:__main__:Layers generated: [('32', '5', '0'), ('32', '1', '2'), ('16', '3', '1')]
INFO:__main__:ChildCNNModel(
  (model): Sequential(
    (0): Conv2d(3, 32, kernel_size=(5, 5), stride=(1, 1))
    (1): ReLU()
    (2): MaxPool2d(kernel_size=2, stride=2, padding=0, dilation=1, ceil_mode=False)
    (3): Conv2d(32, 32, kernel_size=(1, 1), stride=(1, 1), padding=(2, 2))
    (4): ReLU()
    (5): MaxPool2d(kernel_size=2, stride=2, padding=0, dilation=1, ceil_mode=False)
    (6): Conv2d(32, 16, kernel_size=(3, 3), stride=(1, 1), padding=(1, 1))
    (7): ReLU()
    (8): MaxPool2d(kernel_size=2, stride=2, padding=0, dilation=1, ceil_mode=False)
    (9): Flatten(start_dim=1, end_dim=-1)
    (10): Linear(in_features=256, out_features=512, bias=True)
    (11): ReLU()
    (12): Linear(in_features=512, out_features=256, bias=True)
    (13): ReLU()
    (14): Linear(in_features=256, out_features=10, bias=True)
  )
)
INFO:__main__:CHILD MODEL LOSS: 0.9280476338863373 with train time 30.740350246429443
INFO:__main__:CHILD MODEL ACCURACY: 0.7071
INFO:__main__:Policy gradient: -0.26089420914649963
INFO:__main__:
INFO:__main__:------ ITERATION 91 ------
INFO:__main__:Layers generated: [('32', '3', '2'), ('256', '3', '1'), ('64', '1', '1')]
INFO:__main__:ChildCNNModel(
  (model): Sequential(
    (0): Conv2d(3, 32, kernel_size=(3, 3), stride=(1, 1), padding=(2, 2))
    (1): ReLU()
    (2): MaxPool2d(kernel_size=2, stride=2, padding=0, dilation=1, ceil_mode=False)
    (3): Conv2d(32, 256, kernel_size=(3, 3), stride=(1, 1), padding=(1, 1))
    (4): ReLU()
    (5): MaxPool2d(kernel_size=2, stride=2, padding=0, dilation=1, ceil_mode=False)
    (6): Conv2d(256, 64, kernel_size=(1, 1), stride=(1, 1), padding=(1, 1))
    (7): ReLU()
    (8): MaxPool2d(kernel_size=2, stride=2, padding=0, dilation=1, ceil_mode=False)
    (9): Flatten(start_dim=1, end_dim=-1)
    (10): Linear(in_features=1600, out_features=512, bias=True)
    (11): ReLU()
    (12): Linear(in_features=512, out_features=256, bias=True)
    (13): ReLU()
    (14): Linear(in_features=256, out_features=10, bias=True)
  )
)
INFO:__main__:CHILD MODEL LOSS: 0.665186026930809 with train time 35.77182674407959
INFO:__main__:CHILD MODEL ACCURACY: 0.7585
INFO:__main__:Policy gradient: 0.31147894263267517
INFO:__main__:
INFO:__main__:------ ITERATION 92 ------
INFO:__main__:Layers generated: [('128', '3', '2'), ('16', '5', '0'), ('32', '3', '2')]
INFO:__main__:ChildCNNModel(
  (model): Sequential(
    (0): Conv2d(3, 128, kernel_size=(3, 3), stride=(1, 1), padding=(2, 2))
    (1): ReLU()
    (2): MaxPool2d(kernel_size=2, stride=2, padding=0, dilation=1, ceil_mode=False)
    (3): Conv2d(128, 16, kernel_size=(5, 5), stride=(1, 1))
    (4): ReLU()
    (5): MaxPool2d(kernel_size=2, stride=2, padding=0, dilation=1, ceil_mode=False)
    (6): Conv2d(16, 32, kernel_size=(3, 3), stride=(1, 1), padding=(2, 2))
    (7): ReLU()
    (8): MaxPool2d(kernel_size=2, stride=2, padding=0, dilation=1, ceil_mode=False)
    (9): Flatten(start_dim=1, end_dim=-1)
    (10): Linear(in_features=512, out_features=512, bias=True)
    (11): ReLU()
    (12): Linear(in_features=512, out_features=256, bias=True)
    (13): ReLU()
    (14): Linear(in_features=256, out_features=10, bias=True)
  )
)
INFO:__main__:CHILD MODEL LOSS: 0.844886079788208 with train time 39.12923240661621
INFO:__main__:CHILD MODEL ACCURACY: 0.7138
INFO:__main__:Policy gradient: -0.1701928675174713
INFO:__main__:
INFO:__main__:------ ITERATION 93 ------
INFO:__main__:Layers generated: [('16', '3', '2'), ('64', '3', '0'), ('16', '5', '2')]
INFO:__main__:ChildCNNModel(
  (model): Sequential(
    (0): Conv2d(3, 16, kernel_size=(3, 3), stride=(1, 1), padding=(2, 2))
    (1): ReLU()
    (2): MaxPool2d(kernel_size=2, stride=2, padding=0, dilation=1, ceil_mode=False)
    (3): Conv2d(16, 64, kernel_size=(3, 3), stride=(1, 1))
    (4): ReLU()
    (5): MaxPool2d(kernel_size=2, stride=2, padding=0, dilation=1, ceil_mode=False)
    (6): Conv2d(64, 16, kernel_size=(5, 5), stride=(1, 1), padding=(2, 2))
    (7): ReLU()
    (8): MaxPool2d(kernel_size=2, stride=2, padding=0, dilation=1, ceil_mode=False)
    (9): Flatten(start_dim=1, end_dim=-1)
    (10): Linear(in_features=144, out_features=512, bias=True)
    (11): ReLU()
    (12): Linear(in_features=512, out_features=256, bias=True)
    (13): ReLU()
    (14): Linear(in_features=256, out_features=10, bias=True)
  )
)
INFO:__main__:CHILD MODEL LOSS: 0.8310361850261688 with train time 30.61787223815918
INFO:__main__:CHILD MODEL ACCURACY: 0.7279
INFO:__main__:Policy gradient: -0.0020791259594261646
INFO:__main__:
INFO:__main__:------ ITERATION 94 ------
INFO:__main__:Layers generated: [('32', '5', '2'), ('16', '1', '0'), ('64', '5', '0')]
INFO:__main__:ChildCNNModel(
  (model): Sequential(
    (0): Conv2d(3, 32, kernel_size=(5, 5), stride=(1, 1), padding=(2, 2))
    (1): ReLU()
    (2): MaxPool2d(kernel_size=2, stride=2, padding=0, dilation=1, ceil_mode=False)
    (3): Conv2d(32, 16, kernel_size=(1, 1), stride=(1, 1))
    (4): ReLU()
    (5): MaxPool2d(kernel_size=2, stride=2, padding=0, dilation=1, ceil_mode=False)
    (6): Conv2d(16, 64, kernel_size=(5, 5), stride=(1, 1))
    (7): ReLU()
    (8): MaxPool2d(kernel_size=2, stride=2, padding=0, dilation=1, ceil_mode=False)
    (9): Flatten(start_dim=1, end_dim=-1)
    (10): Linear(in_features=256, out_features=512, bias=True)
    (11): ReLU()
    (12): Linear(in_features=512, out_features=256, bias=True)
    (13): ReLU()
    (14): Linear(in_features=256, out_features=10, bias=True)
  )
)
INFO:__main__:CHILD MODEL LOSS: 0.9025990414619446 with train time 30.143552780151367
INFO:__main__:CHILD MODEL ACCURACY: 0.7054
INFO:__main__:Policy gradient: -0.29236847162246704
INFO:__main__:
INFO:__main__:------ ITERATION 95 ------
INFO:__main__:Layers generated: [('32', '3', '2'), ('16', '1', '2'), ('32', '3', '2')]
INFO:__main__:ChildCNNModel(
  (model): Sequential(
    (0): Conv2d(3, 32, kernel_size=(3, 3), stride=(1, 1), padding=(2, 2))
    (1): ReLU()
    (2): MaxPool2d(kernel_size=2, stride=2, padding=0, dilation=1, ceil_mode=False)
    (3): Conv2d(32, 16, kernel_size=(1, 1), stride=(1, 1), padding=(2, 2))
    (4): ReLU()
    (5): MaxPool2d(kernel_size=2, stride=2, padding=0, dilation=1, ceil_mode=False)
    (6): Conv2d(16, 32, kernel_size=(3, 3), stride=(1, 1), padding=(2, 2))
    (7): ReLU()
    (8): MaxPool2d(kernel_size=2, stride=2, padding=0, dilation=1, ceil_mode=False)
    (9): Flatten(start_dim=1, end_dim=-1)
    (10): Linear(in_features=1152, out_features=512, bias=True)
    (11): ReLU()
    (12): Linear(in_features=512, out_features=256, bias=True)
    (13): ReLU()
    (14): Linear(in_features=256, out_features=10, bias=True)
  )
)
INFO:__main__:CHILD MODEL LOSS: 0.8750819826126098 with train time 30.584892511367798
INFO:__main__:CHILD MODEL ACCURACY: 0.7126
INFO:__main__:Policy gradient: -0.12175287306308746
INFO:__main__:
INFO:__main__:------ ITERATION 96 ------
INFO:__main__:Layers generated: [('32', '3', '0'), ('64', '1', '2'), ('32', '3', '2')]
INFO:__main__:ChildCNNModel(
  (model): Sequential(
    (0): Conv2d(3, 32, kernel_size=(3, 3), stride=(1, 1))
    (1): ReLU()
    (2): MaxPool2d(kernel_size=2, stride=2, padding=0, dilation=1, ceil_mode=False)
    (3): Conv2d(32, 64, kernel_size=(1, 1), stride=(1, 1), padding=(2, 2))
    (4): ReLU()
    (5): MaxPool2d(kernel_size=2, stride=2, padding=0, dilation=1, ceil_mode=False)
    (6): Conv2d(64, 32, kernel_size=(3, 3), stride=(1, 1), padding=(2, 2))
    (7): ReLU()
    (8): MaxPool2d(kernel_size=2, stride=2, padding=0, dilation=1, ceil_mode=False)
    (9): Flatten(start_dim=1, end_dim=-1)
    (10): Linear(in_features=800, out_features=512, bias=True)
    (11): ReLU()
    (12): Linear(in_features=512, out_features=256, bias=True)
    (13): ReLU()
    (14): Linear(in_features=256, out_features=10, bias=True)
  )
)
INFO:__main__:CHILD MODEL LOSS: 0.7983533236980438 with train time 30.674253463745117
INFO:__main__:CHILD MODEL ACCURACY: 0.7441
INFO:__main__:Policy gradient: 0.20731221139431
INFO:__main__:
INFO:__main__:------ ITERATION 97 ------
INFO:__main__:Layers generated: [('64', '1', '1'), ('256', '5', '0'), ('64', '3', '0')]
INFO:__main__:ChildCNNModel(
  (model): Sequential(
    (0): Conv2d(3, 64, kernel_size=(1, 1), stride=(1, 1), padding=(1, 1))
    (1): ReLU()
    (2): MaxPool2d(kernel_size=2, stride=2, padding=0, dilation=1, ceil_mode=False)
    (3): Conv2d(64, 256, kernel_size=(5, 5), stride=(1, 1))
    (4): ReLU()
    (5): MaxPool2d(kernel_size=2, stride=2, padding=0, dilation=1, ceil_mode=False)
    (6): Conv2d(256, 64, kernel_size=(3, 3), stride=(1, 1))
    (7): ReLU()
    (8): MaxPool2d(kernel_size=2, stride=2, padding=0, dilation=1, ceil_mode=False)
    (9): Flatten(start_dim=1, end_dim=-1)
    (10): Linear(in_features=256, out_features=512, bias=True)
    (11): ReLU()
    (12): Linear(in_features=512, out_features=256, bias=True)
    (13): ReLU()
    (14): Linear(in_features=256, out_features=10, bias=True)
  )
)
INFO:__main__:CHILD MODEL LOSS: 1.0199584472179413 with train time 39.727839946746826
INFO:__main__:CHILD MODEL ACCURACY: 0.6516
INFO:__main__:Policy gradient: -1.0333120822906494
INFO:__main__:
INFO:__main__:------ ITERATION 98 ------
INFO:__main__:Layers generated: [('32', '3', '2'), ('256', '3', '2'), ('64', '5', '0')]
INFO:__main__:ChildCNNModel(
  (model): Sequential(
    (0): Conv2d(3, 32, kernel_size=(3, 3), stride=(1, 1), padding=(2, 2))
    (1): ReLU()
    (2): MaxPool2d(kernel_size=2, stride=2, padding=0, dilation=1, ceil_mode=False)
    (3): Conv2d(32, 256, kernel_size=(3, 3), stride=(1, 1), padding=(2, 2))
    (4): ReLU()
    (5): MaxPool2d(kernel_size=2, stride=2, padding=0, dilation=1, ceil_mode=False)
    (6): Conv2d(256, 64, kernel_size=(5, 5), stride=(1, 1))
    (7): ReLU()
    (8): MaxPool2d(kernel_size=2, stride=2, padding=0, dilation=1, ceil_mode=False)
    (9): Flatten(start_dim=1, end_dim=-1)
    (10): Linear(in_features=256, out_features=512, bias=True)
    (11): ReLU()
    (12): Linear(in_features=512, out_features=256, bias=True)
    (13): ReLU()
    (14): Linear(in_features=256, out_features=10, bias=True)
  )
)
INFO:__main__:CHILD MODEL LOSS: 0.6369775739908219 with train time 37.65152716636658
INFO:__main__:CHILD MODEL ACCURACY: 0.7932
INFO:__main__:Policy gradient: 0.7006304860115051
INFO:__main__:
INFO:__main__:------ ITERATION 99 ------
INFO:__main__:Layers generated: [('16', '3', '2'), ('256', '1', '2'), ('256', '1', '1')]
INFO:__main__:ChildCNNModel(
  (model): Sequential(
    (0): Conv2d(3, 16, kernel_size=(3, 3), stride=(1, 1), padding=(2, 2))
    (1): ReLU()
    (2): MaxPool2d(kernel_size=2, stride=2, padding=0, dilation=1, ceil_mode=False)
    (3): Conv2d(16, 256, kernel_size=(1, 1), stride=(1, 1), padding=(2, 2))
    (4): ReLU()
    (5): MaxPool2d(kernel_size=2, stride=2, padding=0, dilation=1, ceil_mode=False)
    (6): Conv2d(256, 256, kernel_size=(1, 1), stride=(1, 1), padding=(1, 1))
    (7): ReLU()
    (8): MaxPool2d(kernel_size=2, stride=2, padding=0, dilation=1, ceil_mode=False)
    (9): Flatten(start_dim=1, end_dim=-1)
    (10): Linear(in_features=9216, out_features=512, bias=True)
    (11): ReLU()
    (12): Linear(in_features=512, out_features=256, bias=True)
    (13): ReLU()
    (14): Linear(in_features=256, out_features=10, bias=True)
  )
)
INFO:__main__:CHILD MODEL LOSS: 0.7681790134906769 with train time 39.706493616104126
INFO:__main__:CHILD MODEL ACCURACY: 0.7328
INFO:__main__:Policy gradient: 0.07494010776281357
INFO:__main__:
INFO:__main__:------ ITERATION 100 ------
INFO:__main__:Layers generated: [('32', '3', '2'), ('128', '3', '0'), ('128', '5', '1')]
INFO:__main__:ChildCNNModel(
  (model): Sequential(
    (0): Conv2d(3, 32, kernel_size=(3, 3), stride=(1, 1), padding=(2, 2))
    (1): ReLU()
    (2): MaxPool2d(kernel_size=2, stride=2, padding=0, dilation=1, ceil_mode=False)
    (3): Conv2d(32, 128, kernel_size=(3, 3), stride=(1, 1))
    (4): ReLU()
    (5): MaxPool2d(kernel_size=2, stride=2, padding=0, dilation=1, ceil_mode=False)
    (6): Conv2d(128, 128, kernel_size=(5, 5), stride=(1, 1), padding=(1, 1))
    (7): ReLU()
    (8): MaxPool2d(kernel_size=2, stride=2, padding=0, dilation=1, ceil_mode=False)
    (9): Flatten(start_dim=1, end_dim=-1)
    (10): Linear(in_features=512, out_features=512, bias=True)
    (11): ReLU()
    (12): Linear(in_features=512, out_features=256, bias=True)
    (13): ReLU()
    (14): Linear(in_features=256, out_features=10, bias=True)
  )
)
INFO:__main__:CHILD MODEL LOSS: 0.5929276018142701 with train time 32.165013790130615
INFO:__main__:CHILD MODEL ACCURACY: 0.7955
INFO:__main__:Policy gradient: 0.694750964641571
INFO:__main__:
INFO:__main__:------ ITERATION 101 ------
INFO:__main__:Layers generated: [('256', '3', '1'), ('128', '3', '1'), ('16', '3', '1')]
INFO:__main__:ChildCNNModel(
  (model): Sequential(
    (0): Conv2d(3, 256, kernel_size=(3, 3), stride=(1, 1), padding=(1, 1))
    (1): ReLU()
    (2): MaxPool2d(kernel_size=2, stride=2, padding=0, dilation=1, ceil_mode=False)
    (3): Conv2d(256, 128, kernel_size=(3, 3), stride=(1, 1), padding=(1, 1))
    (4): ReLU()
    (5): MaxPool2d(kernel_size=2, stride=2, padding=0, dilation=1, ceil_mode=False)
    (6): Conv2d(128, 16, kernel_size=(3, 3), stride=(1, 1), padding=(1, 1))
    (7): ReLU()
    (8): MaxPool2d(kernel_size=2, stride=2, padding=0, dilation=1, ceil_mode=False)
    (9): Flatten(start_dim=1, end_dim=-1)
    (10): Linear(in_features=256, out_features=512, bias=True)
    (11): ReLU()
    (12): Linear(in_features=512, out_features=256, bias=True)
    (13): ReLU()
    (14): Linear(in_features=256, out_features=10, bias=True)
  )
)
INFO:__main__:CHILD MODEL LOSS: 0.6907275726795197 with train time 64.99097442626953
INFO:__main__:CHILD MODEL ACCURACY: 0.7793
INFO:__main__:Policy gradient: 0.4318089783191681
INFO:__main__:
INFO:__main__:------ ITERATION 102 ------
INFO:__main__:Layers generated: [('32', '3', '1'), ('256', '1', '0'), ('32', '3', '0')]
INFO:__main__:ChildCNNModel(
  (model): Sequential(
    (0): Conv2d(3, 32, kernel_size=(3, 3), stride=(1, 1), padding=(1, 1))
    (1): ReLU()
    (2): MaxPool2d(kernel_size=2, stride=2, padding=0, dilation=1, ceil_mode=False)
    (3): Conv2d(32, 256, kernel_size=(1, 1), stride=(1, 1))
    (4): ReLU()
    (5): MaxPool2d(kernel_size=2, stride=2, padding=0, dilation=1, ceil_mode=False)
    (6): Conv2d(256, 32, kernel_size=(3, 3), stride=(1, 1))
    (7): ReLU()
    (8): MaxPool2d(kernel_size=2, stride=2, padding=0, dilation=1, ceil_mode=False)
    (9): Flatten(start_dim=1, end_dim=-1)
    (10): Linear(in_features=288, out_features=512, bias=True)
    (11): ReLU()
    (12): Linear(in_features=512, out_features=256, bias=True)
    (13): ReLU()
    (14): Linear(in_features=256, out_features=10, bias=True)
  )
)
INFO:__main__:CHILD MODEL LOSS: 0.8441448669433593 with train time 34.40024924278259
INFO:__main__:CHILD MODEL ACCURACY: 0.7198
INFO:__main__:Policy gradient: -0.20411814749240875
INFO:__main__:
INFO:__main__:------ ITERATION 103 ------
INFO:__main__:Layers generated: [('128', '3', '1'), ('64', '3', '0'), ('32', '3', '2')]
INFO:__main__:ChildCNNModel(
  (model): Sequential(
    (0): Conv2d(3, 128, kernel_size=(3, 3), stride=(1, 1), padding=(1, 1))
    (1): ReLU()
    (2): MaxPool2d(kernel_size=2, stride=2, padding=0, dilation=1, ceil_mode=False)
    (3): Conv2d(128, 64, kernel_size=(3, 3), stride=(1, 1))
    (4): ReLU()
    (5): MaxPool2d(kernel_size=2, stride=2, padding=0, dilation=1, ceil_mode=False)
    (6): Conv2d(64, 32, kernel_size=(3, 3), stride=(1, 1), padding=(2, 2))
    (7): ReLU()
    (8): MaxPool2d(kernel_size=2, stride=2, padding=0, dilation=1, ceil_mode=False)
    (9): Flatten(start_dim=1, end_dim=-1)
    (10): Linear(in_features=512, out_features=512, bias=True)
    (11): ReLU()
    (12): Linear(in_features=512, out_features=256, bias=True)
    (13): ReLU()
    (14): Linear(in_features=256, out_features=10, bias=True)
  )
)
INFO:__main__:CHILD MODEL LOSS: 0.7074299371242523 with train time 37.87636876106262
INFO:__main__:CHILD MODEL ACCURACY: 0.7624
INFO:__main__:Policy gradient: 0.27432146668434143
INFO:__main__:
INFO:__main__:------ ITERATION 104 ------
INFO:__main__:Layers generated: [('128', '3', '1'), ('256', '3', '0'), ('128', '5', '2')]
INFO:__main__:ChildCNNModel(
  (model): Sequential(
    (0): Conv2d(3, 128, kernel_size=(3, 3), stride=(1, 1), padding=(1, 1))
    (1): ReLU()
    (2): MaxPool2d(kernel_size=2, stride=2, padding=0, dilation=1, ceil_mode=False)
    (3): Conv2d(128, 256, kernel_size=(3, 3), stride=(1, 1))
    (4): ReLU()
    (5): MaxPool2d(kernel_size=2, stride=2, padding=0, dilation=1, ceil_mode=False)
    (6): Conv2d(256, 128, kernel_size=(5, 5), stride=(1, 1), padding=(2, 2))
    (7): ReLU()
    (8): MaxPool2d(kernel_size=2, stride=2, padding=0, dilation=1, ceil_mode=False)
    (9): Flatten(start_dim=1, end_dim=-1)
    (10): Linear(in_features=1152, out_features=512, bias=True)
    (11): ReLU()
    (12): Linear(in_features=512, out_features=256, bias=True)
    (13): ReLU()
    (14): Linear(in_features=256, out_features=10, bias=True)
  )
)
INFO:__main__:CHILD MODEL LOSS: 0.5438471972942353 with train time 50.08303642272949
INFO:__main__:CHILD MODEL ACCURACY: 0.8062
INFO:__main__:Policy gradient: 0.7969992756843567
INFO:__main__:
INFO:__main__:------ ITERATION 105 ------
INFO:__main__:Layers generated: [('32', '3', '2'), ('256', '3', '2'), ('16', '5', '2')]
INFO:__main__:ChildCNNModel(
  (model): Sequential(
    (0): Conv2d(3, 32, kernel_size=(3, 3), stride=(1, 1), padding=(2, 2))
    (1): ReLU()
    (2): MaxPool2d(kernel_size=2, stride=2, padding=0, dilation=1, ceil_mode=False)
    (3): Conv2d(32, 256, kernel_size=(3, 3), stride=(1, 1), padding=(2, 2))
    (4): ReLU()
    (5): MaxPool2d(kernel_size=2, stride=2, padding=0, dilation=1, ceil_mode=False)
    (6): Conv2d(256, 16, kernel_size=(5, 5), stride=(1, 1), padding=(2, 2))
    (7): ReLU()
    (8): MaxPool2d(kernel_size=2, stride=2, padding=0, dilation=1, ceil_mode=False)
    (9): Flatten(start_dim=1, end_dim=-1)
    (10): Linear(in_features=256, out_features=512, bias=True)
    (11): ReLU()
    (12): Linear(in_features=512, out_features=256, bias=True)
    (13): ReLU()
    (14): Linear(in_features=256, out_features=10, bias=True)
  )
)
INFO:__main__:CHILD MODEL LOSS: 0.6897795188426972 with train time 42.798717737197876
INFO:__main__:CHILD MODEL ACCURACY: 0.771
INFO:__main__:Policy gradient: 0.22730015218257904
INFO:__main__:
INFO:__main__:------ ITERATION 106 ------
INFO:__main__:Layers generated: [('32', '5', '2'), ('32', '3', '2'), ('256', '3', '1')]
INFO:__main__:ChildCNNModel(
  (model): Sequential(
    (0): Conv2d(3, 32, kernel_size=(5, 5), stride=(1, 1), padding=(2, 2))
    (1): ReLU()
    (2): MaxPool2d(kernel_size=2, stride=2, padding=0, dilation=1, ceil_mode=False)
    (3): Conv2d(32, 32, kernel_size=(3, 3), stride=(1, 1), padding=(2, 2))
    (4): ReLU()
    (5): MaxPool2d(kernel_size=2, stride=2, padding=0, dilation=1, ceil_mode=False)
    (6): Conv2d(32, 256, kernel_size=(3, 3), stride=(1, 1), padding=(1, 1))
    (7): ReLU()
    (8): MaxPool2d(kernel_size=2, stride=2, padding=0, dilation=1, ceil_mode=False)
    (9): Flatten(start_dim=1, end_dim=-1)
    (10): Linear(in_features=4096, out_features=512, bias=True)
    (11): ReLU()
    (12): Linear(in_features=512, out_features=256, bias=True)
    (13): ReLU()
    (14): Linear(in_features=256, out_features=10, bias=True)
  )
)
INFO:__main__:CHILD MODEL LOSS: 0.5940694386959076 with train time 31.236598014831543
INFO:__main__:CHILD MODEL ACCURACY: 0.7995
INFO:__main__:Policy gradient: 0.47385963797569275
INFO:__main__:
INFO:__main__:------ ITERATION 107 ------
INFO:__main__:Layers generated: [('256', '3', '0'), ('16', '3', '2'), ('64', '3', '1')]
INFO:__main__:ChildCNNModel(
  (model): Sequential(
    (0): Conv2d(3, 256, kernel_size=(3, 3), stride=(1, 1))
    (1): ReLU()
    (2): MaxPool2d(kernel_size=2, stride=2, padding=0, dilation=1, ceil_mode=False)
    (3): Conv2d(256, 16, kernel_size=(3, 3), stride=(1, 1), padding=(2, 2))
    (4): ReLU()
    (5): MaxPool2d(kernel_size=2, stride=2, padding=0, dilation=1, ceil_mode=False)
    (6): Conv2d(16, 64, kernel_size=(3, 3), stride=(1, 1), padding=(1, 1))
    (7): ReLU()
    (8): MaxPool2d(kernel_size=2, stride=2, padding=0, dilation=1, ceil_mode=False)
    (9): Flatten(start_dim=1, end_dim=-1)
    (10): Linear(in_features=1024, out_features=512, bias=True)
    (11): ReLU()
    (12): Linear(in_features=512, out_features=256, bias=True)
    (13): ReLU()
    (14): Linear(in_features=256, out_features=10, bias=True)
  )
)
INFO:__main__:CHILD MODEL LOSS: 0.7398624317646026 with train time 47.22252655029297
INFO:__main__:CHILD MODEL ACCURACY: 0.7517
INFO:__main__:Policy gradient: -0.0169655941426754
INFO:__main__:
INFO:__main__:------ ITERATION 108 ------
INFO:__main__:Layers generated: [('32', '3', '2'), ('32', '3', '2'), ('32', '5', '2')]
INFO:__main__:ChildCNNModel(
  (model): Sequential(
    (0): Conv2d(3, 32, kernel_size=(3, 3), stride=(1, 1), padding=(2, 2))
    (1): ReLU()
    (2): MaxPool2d(kernel_size=2, stride=2, padding=0, dilation=1, ceil_mode=False)
    (3): Conv2d(32, 32, kernel_size=(3, 3), stride=(1, 1), padding=(2, 2))
    (4): ReLU()
    (5): MaxPool2d(kernel_size=2, stride=2, padding=0, dilation=1, ceil_mode=False)
    (6): Conv2d(32, 32, kernel_size=(5, 5), stride=(1, 1), padding=(2, 2))
    (7): ReLU()
    (8): MaxPool2d(kernel_size=2, stride=2, padding=0, dilation=1, ceil_mode=False)
    (9): Flatten(start_dim=1, end_dim=-1)
    (10): Linear(in_features=512, out_features=512, bias=True)
    (11): ReLU()
    (12): Linear(in_features=512, out_features=256, bias=True)
    (13): ReLU()
    (14): Linear(in_features=256, out_features=10, bias=True)
  )
)
INFO:__main__:CHILD MODEL LOSS: 0.7647117121219635 with train time 31.255048990249634
INFO:__main__:CHILD MODEL ACCURACY: 0.7349
INFO:__main__:Policy gradient: -0.14958453178405762
INFO:__main__:
INFO:__main__:------ ITERATION 109 ------
INFO:__main__:Layers generated: [('16', '3', '2'), ('32', '3', '1'), ('128', '3', '2')]
INFO:__main__:ChildCNNModel(
  (model): Sequential(
    (0): Conv2d(3, 16, kernel_size=(3, 3), stride=(1, 1), padding=(2, 2))
    (1): ReLU()
    (2): MaxPool2d(kernel_size=2, stride=2, padding=0, dilation=1, ceil_mode=False)
    (3): Conv2d(16, 32, kernel_size=(3, 3), stride=(1, 1), padding=(1, 1))
    (4): ReLU()
    (5): MaxPool2d(kernel_size=2, stride=2, padding=0, dilation=1, ceil_mode=False)
    (6): Conv2d(32, 128, kernel_size=(3, 3), stride=(1, 1), padding=(2, 2))
    (7): ReLU()
    (8): MaxPool2d(kernel_size=2, stride=2, padding=0, dilation=1, ceil_mode=False)
    (9): Flatten(start_dim=1, end_dim=-1)
    (10): Linear(in_features=3200, out_features=512, bias=True)
    (11): ReLU()
    (12): Linear(in_features=512, out_features=256, bias=True)
    (13): ReLU()
    (14): Linear(in_features=256, out_features=10, bias=True)
  )
)
INFO:__main__:CHILD MODEL LOSS: 0.6831100894212723 with train time 30.170233726501465
INFO:__main__:CHILD MODEL ACCURACY: 0.7657
INFO:__main__:Policy gradient: 0.12098260968923569
INFO:__main__:
INFO:__main__:------ ITERATION 110 ------
INFO:__main__:Layers generated: [('64', '3', '1'), ('32', '5', '1'), ('32', '1', '2')]
INFO:__main__:ChildCNNModel(
  (model): Sequential(
    (0): Conv2d(3, 64, kernel_size=(3, 3), stride=(1, 1), padding=(1, 1))
    (1): ReLU()
    (2): MaxPool2d(kernel_size=2, stride=2, padding=0, dilation=1, ceil_mode=False)
    (3): Conv2d(64, 32, kernel_size=(5, 5), stride=(1, 1), padding=(1, 1))
    (4): ReLU()
    (5): MaxPool2d(kernel_size=2, stride=2, padding=0, dilation=1, ceil_mode=False)
    (6): Conv2d(32, 32, kernel_size=(1, 1), stride=(1, 1), padding=(2, 2))
    (7): ReLU()
    (8): MaxPool2d(kernel_size=2, stride=2, padding=0, dilation=1, ceil_mode=False)
    (9): Flatten(start_dim=1, end_dim=-1)
    (10): Linear(in_features=800, out_features=512, bias=True)
    (11): ReLU()
    (12): Linear(in_features=512, out_features=256, bias=True)
    (13): ReLU()
    (14): Linear(in_features=256, out_features=10, bias=True)
  )
)
INFO:__main__:CHILD MODEL LOSS: 0.805568904876709 with train time 36.03381609916687
INFO:__main__:CHILD MODEL ACCURACY: 0.7362
INFO:__main__:Policy gradient: -0.1949102282524109
INFO:__main__:
INFO:__main__:------ ITERATION 111 ------
INFO:__main__:Layers generated: [('64', '3', '2'), ('16', '3', '1'), ('32', '1', '2')]
INFO:__main__:ChildCNNModel(
  (model): Sequential(
    (0): Conv2d(3, 64, kernel_size=(3, 3), stride=(1, 1), padding=(2, 2))
    (1): ReLU()
    (2): MaxPool2d(kernel_size=2, stride=2, padding=0, dilation=1, ceil_mode=False)
    (3): Conv2d(64, 16, kernel_size=(3, 3), stride=(1, 1), padding=(1, 1))
    (4): ReLU()
    (5): MaxPool2d(kernel_size=2, stride=2, padding=0, dilation=1, ceil_mode=False)
    (6): Conv2d(16, 32, kernel_size=(1, 1), stride=(1, 1), padding=(2, 2))
    (7): ReLU()
    (8): MaxPool2d(kernel_size=2, stride=2, padding=0, dilation=1, ceil_mode=False)
    (9): Flatten(start_dim=1, end_dim=-1)
    (10): Linear(in_features=1152, out_features=512, bias=True)
    (11): ReLU()
    (12): Linear(in_features=512, out_features=256, bias=True)
    (13): ReLU()
    (14): Linear(in_features=256, out_features=10, bias=True)
  )
)
INFO:__main__:CHILD MODEL LOSS: 0.8927079396247863 with train time 33.05184507369995
INFO:__main__:CHILD MODEL ACCURACY: 0.7064
INFO:__main__:Policy gradient: -0.46913936734199524
INFO:__main__:
INFO:__main__:------ ITERATION 112 ------
INFO:__main__:Layers generated: [('32', '1', '2'), ('128', '5', '1'), ('16', '5', '2')]
INFO:__main__:ChildCNNModel(
  (model): Sequential(
    (0): Conv2d(3, 32, kernel_size=(1, 1), stride=(1, 1), padding=(2, 2))
    (1): ReLU()
    (2): MaxPool2d(kernel_size=2, stride=2, padding=0, dilation=1, ceil_mode=False)
    (3): Conv2d(32, 128, kernel_size=(5, 5), stride=(1, 1), padding=(1, 1))
    (4): ReLU()
    (5): MaxPool2d(kernel_size=2, stride=2, padding=0, dilation=1, ceil_mode=False)
    (6): Conv2d(128, 16, kernel_size=(5, 5), stride=(1, 1), padding=(2, 2))
    (7): ReLU()
    (8): MaxPool2d(kernel_size=2, stride=2, padding=0, dilation=1, ceil_mode=False)
    (9): Flatten(start_dim=1, end_dim=-1)
    (10): Linear(in_features=256, out_features=512, bias=True)
    (11): ReLU()
    (12): Linear(in_features=512, out_features=256, bias=True)
    (13): ReLU()
    (14): Linear(in_features=256, out_features=10, bias=True)
  )
)
INFO:__main__:CHILD MODEL LOSS: 0.9157888841629028 with train time 33.24792838096619
INFO:__main__:CHILD MODEL ACCURACY: 0.6858
INFO:__main__:Policy gradient: -0.7795460820198059
INFO:__main__:
INFO:__main__:------ ITERATION 113 ------
INFO:__main__:Layers generated: [('32', '3', '0'), ('16', '1', '1'), ('256', '1', '1')]
INFO:__main__:ChildCNNModel(
  (model): Sequential(
    (0): Conv2d(3, 32, kernel_size=(3, 3), stride=(1, 1))
    (1): ReLU()
    (2): MaxPool2d(kernel_size=2, stride=2, padding=0, dilation=1, ceil_mode=False)
    (3): Conv2d(32, 16, kernel_size=(1, 1), stride=(1, 1), padding=(1, 1))
    (4): ReLU()
    (5): MaxPool2d(kernel_size=2, stride=2, padding=0, dilation=1, ceil_mode=False)
    (6): Conv2d(16, 256, kernel_size=(1, 1), stride=(1, 1), padding=(1, 1))
    (7): ReLU()
    (8): MaxPool2d(kernel_size=2, stride=2, padding=0, dilation=1, ceil_mode=False)
    (9): Flatten(start_dim=1, end_dim=-1)
    (10): Linear(in_features=6400, out_features=512, bias=True)
    (11): ReLU()
    (12): Linear(in_features=512, out_features=256, bias=True)
    (13): ReLU()
    (14): Linear(in_features=256, out_features=10, bias=True)
  )
)
INFO:__main__:CHILD MODEL LOSS: 0.8595387539863586 with train time 29.747085094451904
INFO:__main__:CHILD MODEL ACCURACY: 0.7169
INFO:__main__:Policy gradient: -0.29919835925102234
INFO:__main__:
INFO:__main__:------ ITERATION 114 ------
INFO:__main__:Layers generated: [('64', '5', '2'), ('16', '5', '2'), ('128', '3', '0')]
INFO:__main__:ChildCNNModel(
  (model): Sequential(
    (0): Conv2d(3, 64, kernel_size=(5, 5), stride=(1, 1), padding=(2, 2))
    (1): ReLU()
    (2): MaxPool2d(kernel_size=2, stride=2, padding=0, dilation=1, ceil_mode=False)
    (3): Conv2d(64, 16, kernel_size=(5, 5), stride=(1, 1), padding=(2, 2))
    (4): ReLU()
    (5): MaxPool2d(kernel_size=2, stride=2, padding=0, dilation=1, ceil_mode=False)
    (6): Conv2d(16, 128, kernel_size=(3, 3), stride=(1, 1))
    (7): ReLU()
    (8): MaxPool2d(kernel_size=2, stride=2, padding=0, dilation=1, ceil_mode=False)
    (9): Flatten(start_dim=1, end_dim=-1)
    (10): Linear(in_features=1152, out_features=512, bias=True)
    (11): ReLU()
    (12): Linear(in_features=512, out_features=256, bias=True)
    (13): ReLU()
    (14): Linear(in_features=256, out_features=10, bias=True)
  )
)
INFO:__main__:CHILD MODEL LOSS: 0.7201371541023255 with train time 32.51157999038696
INFO:__main__:CHILD MODEL ACCURACY: 0.7548
INFO:__main__:Policy gradient: 0.20750753581523895
INFO:__main__:
INFO:__main__:------ ITERATION 115 ------
INFO:__main__:Layers generated: [('32', '3', '2'), ('128', '5', '1'), ('32', '3', '1')]
INFO:__main__:ChildCNNModel(
  (model): Sequential(
    (0): Conv2d(3, 32, kernel_size=(3, 3), stride=(1, 1), padding=(2, 2))
    (1): ReLU()
    (2): MaxPool2d(kernel_size=2, stride=2, padding=0, dilation=1, ceil_mode=False)
    (3): Conv2d(32, 128, kernel_size=(5, 5), stride=(1, 1), padding=(1, 1))
    (4): ReLU()
    (5): MaxPool2d(kernel_size=2, stride=2, padding=0, dilation=1, ceil_mode=False)
    (6): Conv2d(128, 32, kernel_size=(3, 3), stride=(1, 1), padding=(1, 1))
    (7): ReLU()
    (8): MaxPool2d(kernel_size=2, stride=2, padding=0, dilation=1, ceil_mode=False)
    (9): Flatten(start_dim=1, end_dim=-1)
    (10): Linear(in_features=288, out_features=512, bias=True)
    (11): ReLU()
    (12): Linear(in_features=512, out_features=256, bias=True)
    (13): ReLU()
    (14): Linear(in_features=256, out_features=10, bias=True)
  )
)
INFO:__main__:CHILD MODEL LOSS: 0.7447277612686157 with train time 31.444889068603516
INFO:__main__:CHILD MODEL ACCURACY: 0.7454
INFO:__main__:Policy gradient: 0.05075724050402641
INFO:__main__:
INFO:__main__:------ ITERATION 116 ------
INFO:__main__:Layers generated: [('256', '5', '2'), ('128', '5', '0'), ('128', '3', '1')]
INFO:__main__:ChildCNNModel(
  (model): Sequential(
    (0): Conv2d(3, 256, kernel_size=(5, 5), stride=(1, 1), padding=(2, 2))
    (1): ReLU()
    (2): MaxPool2d(kernel_size=2, stride=2, padding=0, dilation=1, ceil_mode=False)
    (3): Conv2d(256, 128, kernel_size=(5, 5), stride=(1, 1))
    (4): ReLU()
    (5): MaxPool2d(kernel_size=2, stride=2, padding=0, dilation=1, ceil_mode=False)
    (6): Conv2d(128, 128, kernel_size=(3, 3), stride=(1, 1), padding=(1, 1))
    (7): ReLU()
    (8): MaxPool2d(kernel_size=2, stride=2, padding=0, dilation=1, ceil_mode=False)
    (9): Flatten(start_dim=1, end_dim=-1)
    (10): Linear(in_features=1152, out_features=512, bias=True)
    (11): ReLU()
    (12): Linear(in_features=512, out_features=256, bias=True)
    (13): ReLU()
    (14): Linear(in_features=256, out_features=10, bias=True)
  )
)
INFO:__main__:CHILD MODEL LOSS: 0.6466668114662171 with train time 74.88172769546509
INFO:__main__:CHILD MODEL ACCURACY: 0.7904
INFO:__main__:Policy gradient: 0.5744207501411438
INFO:__main__:
INFO:__main__:------ ITERATION 117 ------
INFO:__main__:Layers generated: [('256', '5', '1'), ('16', '3', '2'), ('16', '3', '1')]
INFO:__main__:ChildCNNModel(
  (model): Sequential(
    (0): Conv2d(3, 256, kernel_size=(5, 5), stride=(1, 1), padding=(1, 1))
    (1): ReLU()
    (2): MaxPool2d(kernel_size=2, stride=2, padding=0, dilation=1, ceil_mode=False)
    (3): Conv2d(256, 16, kernel_size=(3, 3), stride=(1, 1), padding=(2, 2))
    (4): ReLU()
    (5): MaxPool2d(kernel_size=2, stride=2, padding=0, dilation=1, ceil_mode=False)
    (6): Conv2d(16, 16, kernel_size=(3, 3), stride=(1, 1), padding=(1, 1))
    (7): ReLU()
    (8): MaxPool2d(kernel_size=2, stride=2, padding=0, dilation=1, ceil_mode=False)
    (9): Flatten(start_dim=1, end_dim=-1)
    (10): Linear(in_features=256, out_features=512, bias=True)
    (11): ReLU()
    (12): Linear(in_features=512, out_features=256, bias=True)
    (13): ReLU()
    (14): Linear(in_features=256, out_features=10, bias=True)
  )
)
INFO:__main__:CHILD MODEL LOSS: 0.8866520111560822 with train time 47.55461835861206
INFO:__main__:CHILD MODEL ACCURACY: 0.7178
INFO:__main__:Policy gradient: -0.295854777097702
INFO:__main__:
INFO:__main__:------ ITERATION 118 ------
INFO:__main__:Layers generated: [('256', '3', '2'), ('128', '3', '1'), ('64', '3', '1')]
INFO:__main__:ChildCNNModel(
  (model): Sequential(
    (0): Conv2d(3, 256, kernel_size=(3, 3), stride=(1, 1), padding=(2, 2))
    (1): ReLU()
    (2): MaxPool2d(kernel_size=2, stride=2, padding=0, dilation=1, ceil_mode=False)
    (3): Conv2d(256, 128, kernel_size=(3, 3), stride=(1, 1), padding=(1, 1))
    (4): ReLU()
    (5): MaxPool2d(kernel_size=2, stride=2, padding=0, dilation=1, ceil_mode=False)
    (6): Conv2d(128, 64, kernel_size=(3, 3), stride=(1, 1), padding=(1, 1))
    (7): ReLU()
    (8): MaxPool2d(kernel_size=2, stride=2, padding=0, dilation=1, ceil_mode=False)
    (9): Flatten(start_dim=1, end_dim=-1)
    (10): Linear(in_features=1024, out_features=512, bias=True)
    (11): ReLU()
    (12): Linear(in_features=512, out_features=256, bias=True)
    (13): ReLU()
    (14): Linear(in_features=256, out_features=10, bias=True)
  )
)
INFO:__main__:CHILD MODEL LOSS: 0.5850446890592575 with train time 73.07854437828064
INFO:__main__:CHILD MODEL ACCURACY: 0.7994
INFO:__main__:Policy gradient: 0.47704675793647766
INFO:__main__:
INFO:__main__:------ ITERATION 119 ------
INFO:__main__:Layers generated: [('128', '3', '2'), ('128', '3', '2'), ('32', '3', '2')]
INFO:__main__:ChildCNNModel(
  (model): Sequential(
    (0): Conv2d(3, 128, kernel_size=(3, 3), stride=(1, 1), padding=(2, 2))
    (1): ReLU()
    (2): MaxPool2d(kernel_size=2, stride=2, padding=0, dilation=1, ceil_mode=False)
    (3): Conv2d(128, 128, kernel_size=(3, 3), stride=(1, 1), padding=(2, 2))
    (4): ReLU()
    (5): MaxPool2d(kernel_size=2, stride=2, padding=0, dilation=1, ceil_mode=False)
    (6): Conv2d(128, 32, kernel_size=(3, 3), stride=(1, 1), padding=(2, 2))
    (7): ReLU()
    (8): MaxPool2d(kernel_size=2, stride=2, padding=0, dilation=1, ceil_mode=False)
    (9): Flatten(start_dim=1, end_dim=-1)
    (10): Linear(in_features=800, out_features=512, bias=True)
    (11): ReLU()
    (12): Linear(in_features=512, out_features=256, bias=True)
    (13): ReLU()
    (14): Linear(in_features=256, out_features=10, bias=True)
  )
)
INFO:__main__:CHILD MODEL LOSS: 0.6461153594255448 with train time 48.318902254104614
INFO:__main__:CHILD MODEL ACCURACY: 0.7797
INFO:__main__:Policy gradient: 0.2866741418838501
INFO:__main__:
INFO:__main__:------ ITERATION 120 ------
INFO:__main__:Layers generated: [('64', '3', '2'), ('64', '3', '0'), ('16', '5', '1')]
INFO:__main__:ChildCNNModel(
  (model): Sequential(
    (0): Conv2d(3, 64, kernel_size=(3, 3), stride=(1, 1), padding=(2, 2))
    (1): ReLU()
    (2): MaxPool2d(kernel_size=2, stride=2, padding=0, dilation=1, ceil_mode=False)
    (3): Conv2d(64, 64, kernel_size=(3, 3), stride=(1, 1))
    (4): ReLU()
    (5): MaxPool2d(kernel_size=2, stride=2, padding=0, dilation=1, ceil_mode=False)
    (6): Conv2d(64, 16, kernel_size=(5, 5), stride=(1, 1), padding=(1, 1))
    (7): ReLU()
    (8): MaxPool2d(kernel_size=2, stride=2, padding=0, dilation=1, ceil_mode=False)
    (9): Flatten(start_dim=1, end_dim=-1)
    (10): Linear(in_features=64, out_features=512, bias=True)
    (11): ReLU()
    (12): Linear(in_features=512, out_features=256, bias=True)
    (13): ReLU()
    (14): Linear(in_features=256, out_features=10, bias=True)
  )
)
INFO:__main__:CHILD MODEL LOSS: 0.8092382099628449 with train time 33.19754123687744
INFO:__main__:CHILD MODEL ACCURACY: 0.73
INFO:__main__:Policy gradient: -0.23647938668727875
INFO:__main__:
INFO:__main__:------ ITERATION 121 ------
INFO:__main__:Layers generated: [('16', '3', '1'), ('64', '5', '2'), ('256', '3', '2')]
INFO:__main__:ChildCNNModel(
  (model): Sequential(
    (0): Conv2d(3, 16, kernel_size=(3, 3), stride=(1, 1), padding=(1, 1))
    (1): ReLU()
    (2): MaxPool2d(kernel_size=2, stride=2, padding=0, dilation=1, ceil_mode=False)
    (3): Conv2d(16, 64, kernel_size=(5, 5), stride=(1, 1), padding=(2, 2))
    (4): ReLU()
    (5): MaxPool2d(kernel_size=2, stride=2, padding=0, dilation=1, ceil_mode=False)
    (6): Conv2d(64, 256, kernel_size=(3, 3), stride=(1, 1), padding=(2, 2))
    (7): ReLU()
    (8): MaxPool2d(kernel_size=2, stride=2, padding=0, dilation=1, ceil_mode=False)
    (9): Flatten(start_dim=1, end_dim=-1)
    (10): Linear(in_features=6400, out_features=512, bias=True)
    (11): ReLU()
    (12): Linear(in_features=512, out_features=256, bias=True)
    (13): ReLU()
    (14): Linear(in_features=256, out_features=10, bias=True)
  )
)
INFO:__main__:CHILD MODEL LOSS: 0.5706603643894196 with train time 31.053492546081543
INFO:__main__:CHILD MODEL ACCURACY: 0.7933
INFO:__main__:Policy gradient: 0.4884026348590851
INFO:__main__:
INFO:__main__:------ ITERATION 122 ------
INFO:__main__:Layers generated: [('16', '3', '0'), ('32', '3', '2'), ('32', '3', '2')]
INFO:__main__:ChildCNNModel(
  (model): Sequential(
    (0): Conv2d(3, 16, kernel_size=(3, 3), stride=(1, 1))
    (1): ReLU()
    (2): MaxPool2d(kernel_size=2, stride=2, padding=0, dilation=1, ceil_mode=False)
    (3): Conv2d(16, 32, kernel_size=(3, 3), stride=(1, 1), padding=(2, 2))
    (4): ReLU()
    (5): MaxPool2d(kernel_size=2, stride=2, padding=0, dilation=1, ceil_mode=False)
    (6): Conv2d(32, 32, kernel_size=(3, 3), stride=(1, 1), padding=(2, 2))
    (7): ReLU()
    (8): MaxPool2d(kernel_size=2, stride=2, padding=0, dilation=1, ceil_mode=False)
    (9): Flatten(start_dim=1, end_dim=-1)
    (10): Linear(in_features=800, out_features=512, bias=True)
    (11): ReLU()
    (12): Linear(in_features=512, out_features=256, bias=True)
    (13): ReLU()
    (14): Linear(in_features=256, out_features=10, bias=True)
  )
)
INFO:__main__:CHILD MODEL LOSS: 0.8044456045627594 with train time 30.489202976226807
INFO:__main__:CHILD MODEL ACCURACY: 0.7377
INFO:__main__:Policy gradient: -0.1496017426252365
INFO:__main__:
INFO:__main__:------ ITERATION 123 ------
INFO:__main__:Layers generated: [('32', '3', '1'), ('32', '1', '2'), ('64', '1', '0')]
INFO:__main__:ChildCNNModel(
  (model): Sequential(
    (0): Conv2d(3, 32, kernel_size=(3, 3), stride=(1, 1), padding=(1, 1))
    (1): ReLU()
    (2): MaxPool2d(kernel_size=2, stride=2, padding=0, dilation=1, ceil_mode=False)
    (3): Conv2d(32, 32, kernel_size=(1, 1), stride=(1, 1), padding=(2, 2))
    (4): ReLU()
    (5): MaxPool2d(kernel_size=2, stride=2, padding=0, dilation=1, ceil_mode=False)
    (6): Conv2d(32, 64, kernel_size=(1, 1), stride=(1, 1))
    (7): ReLU()
    (8): MaxPool2d(kernel_size=2, stride=2, padding=0, dilation=1, ceil_mode=False)
    (9): Flatten(start_dim=1, end_dim=-1)
    (10): Linear(in_features=1600, out_features=512, bias=True)
    (11): ReLU()
    (12): Linear(in_features=512, out_features=256, bias=True)
    (13): ReLU()
    (14): Linear(in_features=256, out_features=10, bias=True)
  )
)
INFO:__main__:CHILD MODEL LOSS: 0.8804456672668457 with train time 29.779796361923218
INFO:__main__:CHILD MODEL ACCURACY: 0.7143
INFO:__main__:Policy gradient: -0.44407978653907776
INFO:__main__:
INFO:__main__:------ ITERATION 124 ------
INFO:__main__:Layers generated: [('16', '3', '2'), ('32', '5', '0'), ('32', '5', '2')]
INFO:__main__:ChildCNNModel(
  (model): Sequential(
    (0): Conv2d(3, 16, kernel_size=(3, 3), stride=(1, 1), padding=(2, 2))
    (1): ReLU()
    (2): MaxPool2d(kernel_size=2, stride=2, padding=0, dilation=1, ceil_mode=False)
    (3): Conv2d(16, 32, kernel_size=(5, 5), stride=(1, 1))
    (4): ReLU()
    (5): MaxPool2d(kernel_size=2, stride=2, padding=0, dilation=1, ceil_mode=False)
    (6): Conv2d(32, 32, kernel_size=(5, 5), stride=(1, 1), padding=(2, 2))
    (7): ReLU()
    (8): MaxPool2d(kernel_size=2, stride=2, padding=0, dilation=1, ceil_mode=False)
    (9): Flatten(start_dim=1, end_dim=-1)
    (10): Linear(in_features=288, out_features=512, bias=True)
    (11): ReLU()
    (12): Linear(in_features=512, out_features=256, bias=True)
    (13): ReLU()
    (14): Linear(in_features=256, out_features=10, bias=True)
  )
)
INFO:__main__:CHILD MODEL LOSS: 0.844971382856369 with train time 29.735111713409424
INFO:__main__:CHILD MODEL ACCURACY: 0.7324
INFO:__main__:Policy gradient: -0.17351821064949036
INFO:__main__:
INFO:__main__:------ ITERATION 125 ------
INFO:__main__:Layers generated: [('128', '1', '2'), ('32', '3', '2'), ('256', '3', '1')]
INFO:__main__:ChildCNNModel(
  (model): Sequential(
    (0): Conv2d(3, 128, kernel_size=(1, 1), stride=(1, 1), padding=(2, 2))
    (1): ReLU()
    (2): MaxPool2d(kernel_size=2, stride=2, padding=0, dilation=1, ceil_mode=False)
    (3): Conv2d(128, 32, kernel_size=(3, 3), stride=(1, 1), padding=(2, 2))
    (4): ReLU()
    (5): MaxPool2d(kernel_size=2, stride=2, padding=0, dilation=1, ceil_mode=False)
    (6): Conv2d(32, 256, kernel_size=(3, 3), stride=(1, 1), padding=(1, 1))
    (7): ReLU()
    (8): MaxPool2d(kernel_size=2, stride=2, padding=0, dilation=1, ceil_mode=False)
    (9): Flatten(start_dim=1, end_dim=-1)
    (10): Linear(in_features=6400, out_features=512, bias=True)
    (11): ReLU()
    (12): Linear(in_features=512, out_features=256, bias=True)
    (13): ReLU()
    (14): Linear(in_features=256, out_features=10, bias=True)
  )
)
INFO:__main__:CHILD MODEL LOSS: 0.8165679914951325 with train time 47.163838148117065
INFO:__main__:CHILD MODEL ACCURACY: 0.7068
INFO:__main__:Policy gradient: -0.4374673664569855
INFO:__main__:
INFO:__main__:------ ITERATION 126 ------
INFO:__main__:Layers generated: [('256', '5', '2'), ('16', '5', '1'), ('16', '3', '2')]
INFO:__main__:ChildCNNModel(
  (model): Sequential(
    (0): Conv2d(3, 256, kernel_size=(5, 5), stride=(1, 1), padding=(2, 2))
    (1): ReLU()
    (2): MaxPool2d(kernel_size=2, stride=2, padding=0, dilation=1, ceil_mode=False)
    (3): Conv2d(256, 16, kernel_size=(5, 5), stride=(1, 1), padding=(1, 1))
    (4): ReLU()
    (5): MaxPool2d(kernel_size=2, stride=2, padding=0, dilation=1, ceil_mode=False)
    (6): Conv2d(16, 16, kernel_size=(3, 3), stride=(1, 1), padding=(2, 2))
    (7): ReLU()
    (8): MaxPool2d(kernel_size=2, stride=2, padding=0, dilation=1, ceil_mode=False)
    (9): Flatten(start_dim=1, end_dim=-1)
    (10): Linear(in_features=256, out_features=512, bias=True)
    (11): ReLU()
    (12): Linear(in_features=512, out_features=256, bias=True)
    (13): ReLU()
    (14): Linear(in_features=256, out_features=10, bias=True)
  )
)
INFO:__main__:CHILD MODEL LOSS: 0.82804017162323 with train time 57.300737619400024
INFO:__main__:CHILD MODEL ACCURACY: 0.7162
INFO:__main__:Policy gradient: -0.2981862723827362
INFO:__main__:
INFO:__main__:------ ITERATION 127 ------
INFO:__main__:Layers generated: [('256', '3', '2'), ('128', '3', '2'), ('32', '1', '1')]
INFO:__main__:ChildCNNModel(
  (model): Sequential(
    (0): Conv2d(3, 256, kernel_size=(3, 3), stride=(1, 1), padding=(2, 2))
    (1): ReLU()
    (2): MaxPool2d(kernel_size=2, stride=2, padding=0, dilation=1, ceil_mode=False)
    (3): Conv2d(256, 128, kernel_size=(3, 3), stride=(1, 1), padding=(2, 2))
    (4): ReLU()
    (5): MaxPool2d(kernel_size=2, stride=2, padding=0, dilation=1, ceil_mode=False)
    (6): Conv2d(128, 32, kernel_size=(1, 1), stride=(1, 1), padding=(1, 1))
    (7): ReLU()
    (8): MaxPool2d(kernel_size=2, stride=2, padding=0, dilation=1, ceil_mode=False)
    (9): Flatten(start_dim=1, end_dim=-1)
    (10): Linear(in_features=800, out_features=512, bias=True)
    (11): ReLU()
    (12): Linear(in_features=512, out_features=256, bias=True)
    (13): ReLU()
    (14): Linear(in_features=256, out_features=10, bias=True)
  )
)
INFO:__main__:CHILD MODEL LOSS: 0.7327877514362335 with train time 76.15396046638489
INFO:__main__:CHILD MODEL ACCURACY: 0.7619
INFO:__main__:Policy gradient: 0.19902217388153076
INFO:__main__:
INFO:__main__:------ ITERATION 128 ------
INFO:__main__:Layers generated: [('64', '3', '1'), ('128', '3', '2'), ('64', '3', '1')]
INFO:__main__:ChildCNNModel(
  (model): Sequential(
    (0): Conv2d(3, 64, kernel_size=(3, 3), stride=(1, 1), padding=(1, 1))
    (1): ReLU()
    (2): MaxPool2d(kernel_size=2, stride=2, padding=0, dilation=1, ceil_mode=False)
    (3): Conv2d(64, 128, kernel_size=(3, 3), stride=(1, 1), padding=(2, 2))
    (4): ReLU()
    (5): MaxPool2d(kernel_size=2, stride=2, padding=0, dilation=1, ceil_mode=False)
    (6): Conv2d(128, 64, kernel_size=(3, 3), stride=(1, 1), padding=(1, 1))
    (7): ReLU()
    (8): MaxPool2d(kernel_size=2, stride=2, padding=0, dilation=1, ceil_mode=False)
    (9): Flatten(start_dim=1, end_dim=-1)
    (10): Linear(in_features=1024, out_features=512, bias=True)
    (11): ReLU()
    (12): Linear(in_features=512, out_features=256, bias=True)
    (13): ReLU()
    (14): Linear(in_features=256, out_features=10, bias=True)
  )
)
INFO:__main__:CHILD MODEL LOSS: 0.6139932471513748 with train time 36.12459325790405
INFO:__main__:CHILD MODEL ACCURACY: 0.7757
INFO:__main__:Policy gradient: 0.33707502484321594
INFO:__main__:
INFO:__main__:------ ITERATION 129 ------
INFO:__main__:Layers generated: [('64', '3', '1'), ('16', '5', '2'), ('32', '1', '0')]
INFO:__main__:ChildCNNModel(
  (model): Sequential(
    (0): Conv2d(3, 64, kernel_size=(3, 3), stride=(1, 1), padding=(1, 1))
    (1): ReLU()
    (2): MaxPool2d(kernel_size=2, stride=2, padding=0, dilation=1, ceil_mode=False)
    (3): Conv2d(64, 16, kernel_size=(5, 5), stride=(1, 1), padding=(2, 2))
    (4): ReLU()
    (5): MaxPool2d(kernel_size=2, stride=2, padding=0, dilation=1, ceil_mode=False)
    (6): Conv2d(16, 32, kernel_size=(1, 1), stride=(1, 1))
    (7): ReLU()
    (8): MaxPool2d(kernel_size=2, stride=2, padding=0, dilation=1, ceil_mode=False)
    (9): Flatten(start_dim=1, end_dim=-1)
    (10): Linear(in_features=512, out_features=512, bias=True)
    (11): ReLU()
    (12): Linear(in_features=512, out_features=256, bias=True)
    (13): ReLU()
    (14): Linear(in_features=256, out_features=10, bias=True)
  )
)
INFO:__main__:CHILD MODEL LOSS: 0.8735959405899048 with train time 33.3630747795105
INFO:__main__:CHILD MODEL ACCURACY: 0.7207
INFO:__main__:Policy gradient: -0.32021135091781616
INFO:__main__:
INFO:__main__:------ ITERATION 130 ------
INFO:__main__:Layers generated: [('128', '3', '2'), ('16', '3', '0'), ('64', '5', '2')]
INFO:__main__:ChildCNNModel(
  (model): Sequential(
    (0): Conv2d(3, 128, kernel_size=(3, 3), stride=(1, 1), padding=(2, 2))
    (1): ReLU()
    (2): MaxPool2d(kernel_size=2, stride=2, padding=0, dilation=1, ceil_mode=False)
    (3): Conv2d(128, 16, kernel_size=(3, 3), stride=(1, 1))
    (4): ReLU()
    (5): MaxPool2d(kernel_size=2, stride=2, padding=0, dilation=1, ceil_mode=False)
    (6): Conv2d(16, 64, kernel_size=(5, 5), stride=(1, 1), padding=(2, 2))
    (7): ReLU()
    (8): MaxPool2d(kernel_size=2, stride=2, padding=0, dilation=1, ceil_mode=False)
    (9): Flatten(start_dim=1, end_dim=-1)
    (10): Linear(in_features=576, out_features=512, bias=True)
    (11): ReLU()
    (12): Linear(in_features=512, out_features=256, bias=True)
    (13): ReLU()
    (14): Linear(in_features=256, out_features=10, bias=True)
  )
)
INFO:__main__:CHILD MODEL LOSS: 0.7513174321651459 with train time 38.88230633735657
INFO:__main__:CHILD MODEL ACCURACY: 0.7489
INFO:__main__:Policy gradient: 0.06375842541456223
INFO:__main__:
INFO:__main__:------ ITERATION 131 ------
INFO:__main__:Layers generated: [('256', '3', '1'), ('128', '1', '1'), ('64', '1', '1')]
INFO:__main__:ChildCNNModel(
  (model): Sequential(
    (0): Conv2d(3, 256, kernel_size=(3, 3), stride=(1, 1), padding=(1, 1))
    (1): ReLU()
    (2): MaxPool2d(kernel_size=2, stride=2, padding=0, dilation=1, ceil_mode=False)
    (3): Conv2d(256, 128, kernel_size=(1, 1), stride=(1, 1), padding=(1, 1))
    (4): ReLU()
    (5): MaxPool2d(kernel_size=2, stride=2, padding=0, dilation=1, ceil_mode=False)
    (6): Conv2d(128, 64, kernel_size=(1, 1), stride=(1, 1), padding=(1, 1))
    (7): ReLU()
    (8): MaxPool2d(kernel_size=2, stride=2, padding=0, dilation=1, ceil_mode=False)
    (9): Flatten(start_dim=1, end_dim=-1)
    (10): Linear(in_features=1600, out_features=512, bias=True)
    (11): ReLU()
    (12): Linear(in_features=512, out_features=256, bias=True)
    (13): ReLU()
    (14): Linear(in_features=256, out_features=10, bias=True)
  )
)
INFO:__main__:CHILD MODEL LOSS: 0.7233162474632263 with train time 55.55298447608948
INFO:__main__:CHILD MODEL ACCURACY: 0.7533
INFO:__main__:Policy gradient: 0.11433612555265427
INFO:__main__:
INFO:__main__:------ ITERATION 132 ------
INFO:__main__:Layers generated: [('32', '5', '1'), ('16', '3', '2'), ('32', '3', '1')]
INFO:__main__:ChildCNNModel(
  (model): Sequential(
    (0): Conv2d(3, 32, kernel_size=(5, 5), stride=(1, 1), padding=(1, 1))
    (1): ReLU()
    (2): MaxPool2d(kernel_size=2, stride=2, padding=0, dilation=1, ceil_mode=False)
    (3): Conv2d(32, 16, kernel_size=(3, 3), stride=(1, 1), padding=(2, 2))
    (4): ReLU()
    (5): MaxPool2d(kernel_size=2, stride=2, padding=0, dilation=1, ceil_mode=False)
    (6): Conv2d(16, 32, kernel_size=(3, 3), stride=(1, 1), padding=(1, 1))
    (7): ReLU()
    (8): MaxPool2d(kernel_size=2, stride=2, padding=0, dilation=1, ceil_mode=False)
    (9): Flatten(start_dim=1, end_dim=-1)
    (10): Linear(in_features=512, out_features=512, bias=True)
    (11): ReLU()
    (12): Linear(in_features=512, out_features=256, bias=True)
    (13): ReLU()
    (14): Linear(in_features=256, out_features=10, bias=True)
  )
)
INFO:__main__:CHILD MODEL LOSS: 0.8179567155838012 with train time 30.782538652420044
INFO:__main__:CHILD MODEL ACCURACY: 0.7339
INFO:__main__:Policy gradient: -0.11140046268701553
INFO:__main__:
INFO:__main__:------ ITERATION 133 ------
INFO:__main__:Layers generated: [('64', '5', '2'), ('64', '3', '2'), ('256', '3', '2')]
INFO:__main__:ChildCNNModel(
  (model): Sequential(
    (0): Conv2d(3, 64, kernel_size=(5, 5), stride=(1, 1), padding=(2, 2))
    (1): ReLU()
    (2): MaxPool2d(kernel_size=2, stride=2, padding=0, dilation=1, ceil_mode=False)
    (3): Conv2d(64, 64, kernel_size=(3, 3), stride=(1, 1), padding=(2, 2))
    (4): ReLU()
    (5): MaxPool2d(kernel_size=2, stride=2, padding=0, dilation=1, ceil_mode=False)
    (6): Conv2d(64, 256, kernel_size=(3, 3), stride=(1, 1), padding=(2, 2))
    (7): ReLU()
    (8): MaxPool2d(kernel_size=2, stride=2, padding=0, dilation=1, ceil_mode=False)
    (9): Flatten(start_dim=1, end_dim=-1)
    (10): Linear(in_features=6400, out_features=512, bias=True)
    (11): ReLU()
    (12): Linear(in_features=512, out_features=256, bias=True)
    (13): ReLU()
    (14): Linear(in_features=256, out_features=10, bias=True)
  )
)
INFO:__main__:CHILD MODEL LOSS: 0.53124569439888 with train time 37.103495836257935
INFO:__main__:CHILD MODEL ACCURACY: 0.8136
INFO:__main__:Policy gradient: 0.74782794713974
INFO:__main__:
INFO:__main__:------ ITERATION 134 ------
INFO:__main__:Layers generated: [('32', '3', '2'), ('128', '3', '2'), ('256', '1', '2')]
INFO:__main__:ChildCNNModel(
  (model): Sequential(
    (0): Conv2d(3, 32, kernel_size=(3, 3), stride=(1, 1), padding=(2, 2))
    (1): ReLU()
    (2): MaxPool2d(kernel_size=2, stride=2, padding=0, dilation=1, ceil_mode=False)
    (3): Conv2d(32, 128, kernel_size=(3, 3), stride=(1, 1), padding=(2, 2))
    (4): ReLU()
    (5): MaxPool2d(kernel_size=2, stride=2, padding=0, dilation=1, ceil_mode=False)
    (6): Conv2d(128, 256, kernel_size=(1, 1), stride=(1, 1), padding=(2, 2))
    (7): ReLU()
    (8): MaxPool2d(kernel_size=2, stride=2, padding=0, dilation=1, ceil_mode=False)
    (9): Flatten(start_dim=1, end_dim=-1)
    (10): Linear(in_features=9216, out_features=512, bias=True)
    (11): ReLU()
    (12): Linear(in_features=512, out_features=256, bias=True)
    (13): ReLU()
    (14): Linear(in_features=256, out_features=10, bias=True)
  )
)
INFO:__main__:CHILD MODEL LOSS: 0.6166556732654571 with train time 37.13106560707092
INFO:__main__:CHILD MODEL ACCURACY: 0.7874
INFO:__main__:Policy gradient: 0.3516917824745178
INFO:__main__:
INFO:__main__:------ ITERATION 135 ------
INFO:__main__:Layers generated: [('256', '3', '2'), ('256', '3', '1'), ('16', '3', '0')]
INFO:__main__:ChildCNNModel(
  (model): Sequential(
    (0): Conv2d(3, 256, kernel_size=(3, 3), stride=(1, 1), padding=(2, 2))
    (1): ReLU()
    (2): MaxPool2d(kernel_size=2, stride=2, padding=0, dilation=1, ceil_mode=False)
    (3): Conv2d(256, 256, kernel_size=(3, 3), stride=(1, 1), padding=(1, 1))
    (4): ReLU()
    (5): MaxPool2d(kernel_size=2, stride=2, padding=0, dilation=1, ceil_mode=False)
    (6): Conv2d(256, 16, kernel_size=(3, 3), stride=(1, 1))
    (7): ReLU()
    (8): MaxPool2d(kernel_size=2, stride=2, padding=0, dilation=1, ceil_mode=False)
    (9): Flatten(start_dim=1, end_dim=-1)
    (10): Linear(in_features=144, out_features=512, bias=True)
    (11): ReLU()
    (12): Linear(in_features=512, out_features=256, bias=True)
    (13): ReLU()
    (14): Linear(in_features=256, out_features=10, bias=True)
  )
)
INFO:__main__:CHILD MODEL LOSS: 0.7927276563644409 with train time 91.20783638954163
INFO:__main__:CHILD MODEL ACCURACY: 0.7189
INFO:__main__:Policy gradient: -0.30499017238616943
INFO:__main__:
INFO:__main__:------ ITERATION 136 ------
INFO:__main__:Layers generated: [('32', '5', '1'), ('64', '3', '2'), ('128', '5', '1')]
INFO:__main__:ChildCNNModel(
  (model): Sequential(
    (0): Conv2d(3, 32, kernel_size=(5, 5), stride=(1, 1), padding=(1, 1))
    (1): ReLU()
    (2): MaxPool2d(kernel_size=2, stride=2, padding=0, dilation=1, ceil_mode=False)
    (3): Conv2d(32, 64, kernel_size=(3, 3), stride=(1, 1), padding=(2, 2))
    (4): ReLU()
    (5): MaxPool2d(kernel_size=2, stride=2, padding=0, dilation=1, ceil_mode=False)
    (6): Conv2d(64, 128, kernel_size=(5, 5), stride=(1, 1), padding=(1, 1))
    (7): ReLU()
    (8): MaxPool2d(kernel_size=2, stride=2, padding=0, dilation=1, ceil_mode=False)
    (9): Flatten(start_dim=1, end_dim=-1)
    (10): Linear(in_features=1152, out_features=512, bias=True)
    (11): ReLU()
    (12): Linear(in_features=512, out_features=256, bias=True)
    (13): ReLU()
    (14): Linear(in_features=256, out_features=10, bias=True)
  )
)
INFO:__main__:CHILD MODEL LOSS: 0.6059634591341019 with train time 31.067317247390747
INFO:__main__:CHILD MODEL ACCURACY: 0.797
INFO:__main__:Policy gradient: 0.5380966663360596
INFO:__main__:
INFO:__main__:------ ITERATION 137 ------
INFO:__main__:Layers generated: [('32', '3', '1'), ('64', '1', '2'), ('16', '3', '1')]
INFO:__main__:ChildCNNModel(
  (model): Sequential(
    (0): Conv2d(3, 32, kernel_size=(3, 3), stride=(1, 1), padding=(1, 1))
    (1): ReLU()
    (2): MaxPool2d(kernel_size=2, stride=2, padding=0, dilation=1, ceil_mode=False)
    (3): Conv2d(32, 64, kernel_size=(1, 1), stride=(1, 1), padding=(2, 2))
    (4): ReLU()
    (5): MaxPool2d(kernel_size=2, stride=2, padding=0, dilation=1, ceil_mode=False)
    (6): Conv2d(64, 16, kernel_size=(3, 3), stride=(1, 1), padding=(1, 1))
    (7): ReLU()
    (8): MaxPool2d(kernel_size=2, stride=2, padding=0, dilation=1, ceil_mode=False)
    (9): Flatten(start_dim=1, end_dim=-1)
    (10): Linear(in_features=400, out_features=512, bias=True)
    (11): ReLU()
    (12): Linear(in_features=512, out_features=256, bias=True)
    (13): ReLU()
    (14): Linear(in_features=256, out_features=10, bias=True)
  )
)
INFO:__main__:CHILD MODEL LOSS: 0.886082885980606 with train time 31.00580596923828
INFO:__main__:CHILD MODEL ACCURACY: 0.7029
INFO:__main__:Policy gradient: -0.5799161791801453
INFO:__main__:
INFO:__main__:------ ITERATION 138 ------
INFO:__main__:Layers generated: [('256', '3', '0'), ('64', '3', '0'), ('128', '1', '1')]
INFO:__main__:ChildCNNModel(
  (model): Sequential(
    (0): Conv2d(3, 256, kernel_size=(3, 3), stride=(1, 1))
    (1): ReLU()
    (2): MaxPool2d(kernel_size=2, stride=2, padding=0, dilation=1, ceil_mode=False)
    (3): Conv2d(256, 64, kernel_size=(3, 3), stride=(1, 1))
    (4): ReLU()
    (5): MaxPool2d(kernel_size=2, stride=2, padding=0, dilation=1, ceil_mode=False)
    (6): Conv2d(64, 128, kernel_size=(1, 1), stride=(1, 1), padding=(1, 1))
    (7): ReLU()
    (8): MaxPool2d(kernel_size=2, stride=2, padding=0, dilation=1, ceil_mode=False)
    (9): Flatten(start_dim=1, end_dim=-1)
    (10): Linear(in_features=2048, out_features=512, bias=True)
    (11): ReLU()
    (12): Linear(in_features=512, out_features=256, bias=True)
    (13): ReLU()
    (14): Linear(in_features=256, out_features=10, bias=True)
  )
)
INFO:__main__:CHILD MODEL LOSS: 0.699303559422493 with train time 49.490840673446655
INFO:__main__:CHILD MODEL ACCURACY: 0.7678
INFO:__main__:Policy gradient: 0.20093794167041779
INFO:__main__:
INFO:__main__:------ ITERATION 139 ------
INFO:__main__:Layers generated: [('32', '3', '1'), ('256', '3', '1'), ('64', '3', '0')]
INFO:__main__:ChildCNNModel(
  (model): Sequential(
    (0): Conv2d(3, 32, kernel_size=(3, 3), stride=(1, 1), padding=(1, 1))
    (1): ReLU()
    (2): MaxPool2d(kernel_size=2, stride=2, padding=0, dilation=1, ceil_mode=False)
    (3): Conv2d(32, 256, kernel_size=(3, 3), stride=(1, 1), padding=(1, 1))
    (4): ReLU()
    (5): MaxPool2d(kernel_size=2, stride=2, padding=0, dilation=1, ceil_mode=False)
    (6): Conv2d(256, 64, kernel_size=(3, 3), stride=(1, 1))
    (7): ReLU()
    (8): MaxPool2d(kernel_size=2, stride=2, padding=0, dilation=1, ceil_mode=False)
    (9): Flatten(start_dim=1, end_dim=-1)
    (10): Linear(in_features=576, out_features=512, bias=True)
    (11): ReLU()
    (12): Linear(in_features=512, out_features=256, bias=True)
    (13): ReLU()
    (14): Linear(in_features=256, out_features=10, bias=True)
  )
)
INFO:__main__:CHILD MODEL LOSS: 0.6912469785213471 with train time 35.21241807937622
INFO:__main__:CHILD MODEL ACCURACY: 0.7809
INFO:__main__:Policy gradient: 0.2718997597694397
INFO:__main__:
INFO:__main__:------ ITERATION 140 ------
INFO:__main__:Layers generated: [('64', '5', '0'), ('32', '3', '1'), ('64', '3', '0')]
INFO:__main__:ChildCNNModel(
  (model): Sequential(
    (0): Conv2d(3, 64, kernel_size=(5, 5), stride=(1, 1))
    (1): ReLU()
    (2): MaxPool2d(kernel_size=2, stride=2, padding=0, dilation=1, ceil_mode=False)
    (3): Conv2d(64, 32, kernel_size=(3, 3), stride=(1, 1), padding=(1, 1))
    (4): ReLU()
    (5): MaxPool2d(kernel_size=2, stride=2, padding=0, dilation=1, ceil_mode=False)
    (6): Conv2d(32, 64, kernel_size=(3, 3), stride=(1, 1))
    (7): ReLU()
    (8): MaxPool2d(kernel_size=2, stride=2, padding=0, dilation=1, ceil_mode=False)
    (9): Flatten(start_dim=1, end_dim=-1)
    (10): Linear(in_features=256, out_features=512, bias=True)
    (11): ReLU()
    (12): Linear(in_features=512, out_features=256, bias=True)
    (13): ReLU()
    (14): Linear(in_features=256, out_features=10, bias=True)
  )
)
INFO:__main__:CHILD MODEL LOSS: 0.8437971148490906 with train time 31.963423490524292
INFO:__main__:CHILD MODEL ACCURACY: 0.7336
INFO:__main__:Policy gradient: -0.2555065453052521
INFO:__main__:
INFO:__main__:------ ITERATION 141 ------
INFO:__main__:Layers generated: [('256', '3', '2'), ('64', '3', '1'), ('256', '3', '0')]
INFO:__main__:ChildCNNModel(
  (model): Sequential(
    (0): Conv2d(3, 256, kernel_size=(3, 3), stride=(1, 1), padding=(2, 2))
    (1): ReLU()
    (2): MaxPool2d(kernel_size=2, stride=2, padding=0, dilation=1, ceil_mode=False)
    (3): Conv2d(256, 64, kernel_size=(3, 3), stride=(1, 1), padding=(1, 1))
    (4): ReLU()
    (5): MaxPool2d(kernel_size=2, stride=2, padding=0, dilation=1, ceil_mode=False)
    (6): Conv2d(64, 256, kernel_size=(3, 3), stride=(1, 1))
    (7): ReLU()
    (8): MaxPool2d(kernel_size=2, stride=2, padding=0, dilation=1, ceil_mode=False)
    (9): Flatten(start_dim=1, end_dim=-1)
    (10): Linear(in_features=2304, out_features=512, bias=True)
    (11): ReLU()
    (12): Linear(in_features=512, out_features=256, bias=True)
    (13): ReLU()
    (14): Linear(in_features=256, out_features=10, bias=True)
  )
)
INFO:__main__:CHILD MODEL LOSS: 0.5750014034509658 with train time 67.7652518749237
INFO:__main__:CHILD MODEL ACCURACY: 0.8018
INFO:__main__:Policy gradient: 0.41610202193260193
INFO:__main__:
INFO:__main__:------ ITERATION 142 ------
INFO:__main__:Layers generated: [('16', '3', '1'), ('256', '3', '1'), ('16', '1', '1')]
INFO:__main__:ChildCNNModel(
  (model): Sequential(
    (0): Conv2d(3, 16, kernel_size=(3, 3), stride=(1, 1), padding=(1, 1))
    (1): ReLU()
    (2): MaxPool2d(kernel_size=2, stride=2, padding=0, dilation=1, ceil_mode=False)
    (3): Conv2d(16, 256, kernel_size=(3, 3), stride=(1, 1), padding=(1, 1))
    (4): ReLU()
    (5): MaxPool2d(kernel_size=2, stride=2, padding=0, dilation=1, ceil_mode=False)
    (6): Conv2d(256, 16, kernel_size=(1, 1), stride=(1, 1), padding=(1, 1))
    (7): ReLU()
    (8): MaxPool2d(kernel_size=2, stride=2, padding=0, dilation=1, ceil_mode=False)
    (9): Flatten(start_dim=1, end_dim=-1)
    (10): Linear(in_features=400, out_features=512, bias=True)
    (11): ReLU()
    (12): Linear(in_features=512, out_features=256, bias=True)
    (13): ReLU()
    (14): Linear(in_features=256, out_features=10, bias=True)
  )
)
INFO:__main__:CHILD MODEL LOSS: 0.8308136160373688 with train time 33.13490152359009
INFO:__main__:CHILD MODEL ACCURACY: 0.7249
INFO:__main__:Policy gradient: -0.37004202604293823
INFO:__main__:
INFO:__main__:------ ITERATION 143 ------
INFO:__main__:Layers generated: [('256', '3', '2'), ('256', '3', '1'), ('256', '3', '2')]
INFO:__main__:ChildCNNModel(
  (model): Sequential(
    (0): Conv2d(3, 256, kernel_size=(3, 3), stride=(1, 1), padding=(2, 2))
    (1): ReLU()
    (2): MaxPool2d(kernel_size=2, stride=2, padding=0, dilation=1, ceil_mode=False)
    (3): Conv2d(256, 256, kernel_size=(3, 3), stride=(1, 1), padding=(1, 1))
    (4): ReLU()
    (5): MaxPool2d(kernel_size=2, stride=2, padding=0, dilation=1, ceil_mode=False)
    (6): Conv2d(256, 256, kernel_size=(3, 3), stride=(1, 1), padding=(2, 2))
    (7): ReLU()
    (8): MaxPool2d(kernel_size=2, stride=2, padding=0, dilation=1, ceil_mode=False)
    (9): Flatten(start_dim=1, end_dim=-1)
    (10): Linear(in_features=6400, out_features=512, bias=True)
    (11): ReLU()
    (12): Linear(in_features=512, out_features=256, bias=True)
    (13): ReLU()
    (14): Linear(in_features=256, out_features=10, bias=True)
  )
)
INFO:__main__:CHILD MODEL LOSS: 0.5961110390424729 with train time 104.91383337974548
INFO:__main__:CHILD MODEL ACCURACY: 0.7952
INFO:__main__:Policy gradient: 0.3175887167453766
INFO:__main__:
INFO:__main__:------ ITERATION 144 ------
INFO:__main__:Layers generated: [('64', '3', '2'), ('16', '3', '0'), ('128', '3', '1')]
INFO:__main__:ChildCNNModel(
  (model): Sequential(
    (0): Conv2d(3, 64, kernel_size=(3, 3), stride=(1, 1), padding=(2, 2))
    (1): ReLU()
    (2): MaxPool2d(kernel_size=2, stride=2, padding=0, dilation=1, ceil_mode=False)
    (3): Conv2d(64, 16, kernel_size=(3, 3), stride=(1, 1))
    (4): ReLU()
    (5): MaxPool2d(kernel_size=2, stride=2, padding=0, dilation=1, ceil_mode=False)
    (6): Conv2d(16, 128, kernel_size=(3, 3), stride=(1, 1), padding=(1, 1))
    (7): ReLU()
    (8): MaxPool2d(kernel_size=2, stride=2, padding=0, dilation=1, ceil_mode=False)
    (9): Flatten(start_dim=1, end_dim=-1)
    (10): Linear(in_features=1152, out_features=512, bias=True)
    (11): ReLU()
    (12): Linear(in_features=512, out_features=256, bias=True)
    (13): ReLU()
    (14): Linear(in_features=256, out_features=10, bias=True)
  )
)
INFO:__main__:CHILD MODEL LOSS: 0.7137159624099731 with train time 33.937557220458984
INFO:__main__:CHILD MODEL ACCURACY: 0.7691
INFO:__main__:Policy gradient: 0.10766136646270752
INFO:__main__:
INFO:__main__:------ ITERATION 145 ------
INFO:__main__:Layers generated: [('16', '3', '2'), ('16', '3', '1'), ('128', '3', '0')]
INFO:__main__:ChildCNNModel(
  (model): Sequential(
    (0): Conv2d(3, 16, kernel_size=(3, 3), stride=(1, 1), padding=(2, 2))
    (1): ReLU()
    (2): MaxPool2d(kernel_size=2, stride=2, padding=0, dilation=1, ceil_mode=False)
    (3): Conv2d(16, 16, kernel_size=(3, 3), stride=(1, 1), padding=(1, 1))
    (4): ReLU()
    (5): MaxPool2d(kernel_size=2, stride=2, padding=0, dilation=1, ceil_mode=False)
    (6): Conv2d(16, 128, kernel_size=(3, 3), stride=(1, 1))
    (7): ReLU()
    (8): MaxPool2d(kernel_size=2, stride=2, padding=0, dilation=1, ceil_mode=False)
    (9): Flatten(start_dim=1, end_dim=-1)
    (10): Linear(in_features=1152, out_features=512, bias=True)
    (11): ReLU()
    (12): Linear(in_features=512, out_features=256, bias=True)
    (13): ReLU()
    (14): Linear(in_features=256, out_features=10, bias=True)
  )
)
INFO:__main__:CHILD MODEL LOSS: 0.7820061483383178 with train time 30.926513195037842
INFO:__main__:CHILD MODEL ACCURACY: 0.7391
INFO:__main__:Policy gradient: -0.19625045359134674
INFO:__main__:
INFO:__main__:------ ITERATION 146 ------
INFO:__main__:Layers generated: [('256', '3', '2'), ('64', '3', '2'), ('32', '1', '0')]
INFO:__main__:ChildCNNModel(
  (model): Sequential(
    (0): Conv2d(3, 256, kernel_size=(3, 3), stride=(1, 1), padding=(2, 2))
    (1): ReLU()
    (2): MaxPool2d(kernel_size=2, stride=2, padding=0, dilation=1, ceil_mode=False)
    (3): Conv2d(256, 64, kernel_size=(3, 3), stride=(1, 1), padding=(2, 2))
    (4): ReLU()
    (5): MaxPool2d(kernel_size=2, stride=2, padding=0, dilation=1, ceil_mode=False)
    (6): Conv2d(64, 32, kernel_size=(1, 1), stride=(1, 1))
    (7): ReLU()
    (8): MaxPool2d(kernel_size=2, stride=2, padding=0, dilation=1, ceil_mode=False)
    (9): Flatten(start_dim=1, end_dim=-1)
    (10): Linear(in_features=512, out_features=512, bias=True)
    (11): ReLU()
    (12): Linear(in_features=512, out_features=256, bias=True)
    (13): ReLU()
    (14): Linear(in_features=256, out_features=10, bias=True)
  )
)
INFO:__main__:CHILD MODEL LOSS: 0.7460902433395386 with train time 66.28293228149414
INFO:__main__:CHILD MODEL ACCURACY: 0.7491
INFO:__main__:Policy gradient: -0.07718561589717865
INFO:__main__:
INFO:__main__:------ ITERATION 147 ------
INFO:__main__:Layers generated: [('256', '3', '0'), ('128', '3', '2'), ('64', '3', '1')]
INFO:__main__:ChildCNNModel(
  (model): Sequential(
    (0): Conv2d(3, 256, kernel_size=(3, 3), stride=(1, 1))
    (1): ReLU()
    (2): MaxPool2d(kernel_size=2, stride=2, padding=0, dilation=1, ceil_mode=False)
    (3): Conv2d(256, 128, kernel_size=(3, 3), stride=(1, 1), padding=(2, 2))
    (4): ReLU()
    (5): MaxPool2d(kernel_size=2, stride=2, padding=0, dilation=1, ceil_mode=False)
    (6): Conv2d(128, 64, kernel_size=(3, 3), stride=(1, 1), padding=(1, 1))
    (7): ReLU()
    (8): MaxPool2d(kernel_size=2, stride=2, padding=0, dilation=1, ceil_mode=False)
    (9): Flatten(start_dim=1, end_dim=-1)
    (10): Linear(in_features=1024, out_features=512, bias=True)
    (11): ReLU()
    (12): Linear(in_features=512, out_features=256, bias=True)
    (13): ReLU()
    (14): Linear(in_features=256, out_features=10, bias=True)
  )
)
INFO:__main__:CHILD MODEL LOSS: 0.5943933835029602 with train time 61.45591902732849
INFO:__main__:CHILD MODEL ACCURACY: 0.7917
INFO:__main__:Policy gradient: 0.32606053352355957
INFO:__main__:
INFO:__main__:------ ITERATION 148 ------
INFO:__main__:Layers generated: [('128', '3', '2'), ('256', '3', '1'), ('32', '3', '2')]
INFO:__main__:ChildCNNModel(
  (model): Sequential(
    (0): Conv2d(3, 128, kernel_size=(3, 3), stride=(1, 1), padding=(2, 2))
    (1): ReLU()
    (2): MaxPool2d(kernel_size=2, stride=2, padding=0, dilation=1, ceil_mode=False)
    (3): Conv2d(128, 256, kernel_size=(3, 3), stride=(1, 1), padding=(1, 1))
    (4): ReLU()
    (5): MaxPool2d(kernel_size=2, stride=2, padding=0, dilation=1, ceil_mode=False)
    (6): Conv2d(256, 32, kernel_size=(3, 3), stride=(1, 1), padding=(2, 2))
    (7): ReLU()
    (8): MaxPool2d(kernel_size=2, stride=2, padding=0, dilation=1, ceil_mode=False)
    (9): Flatten(start_dim=1, end_dim=-1)
    (10): Linear(in_features=800, out_features=512, bias=True)
    (11): ReLU()
    (12): Linear(in_features=512, out_features=256, bias=True)
    (13): ReLU()
    (14): Linear(in_features=256, out_features=10, bias=True)
  )
)
INFO:__main__:CHILD MODEL LOSS: 0.6326831181049347 with train time 55.72429633140564
INFO:__main__:CHILD MODEL ACCURACY: 0.7842
INFO:__main__:Policy gradient: 0.20837073028087616
INFO:__main__:
INFO:__main__:------ ITERATION 149 ------
INFO:__main__:Layers generated: [('256', '3', '1'), ('256', '5', '2'), ('128', '5', '2')]
INFO:__main__:ChildCNNModel(
  (model): Sequential(
    (0): Conv2d(3, 256, kernel_size=(3, 3), stride=(1, 1), padding=(1, 1))
    (1): ReLU()
    (2): MaxPool2d(kernel_size=2, stride=2, padding=0, dilation=1, ceil_mode=False)
    (3): Conv2d(256, 256, kernel_size=(5, 5), stride=(1, 1), padding=(2, 2))
    (4): ReLU()
    (5): MaxPool2d(kernel_size=2, stride=2, padding=0, dilation=1, ceil_mode=False)
    (6): Conv2d(256, 128, kernel_size=(5, 5), stride=(1, 1), padding=(2, 2))
    (7): ReLU()
    (8): MaxPool2d(kernel_size=2, stride=2, padding=0, dilation=1, ceil_mode=False)
    (9): Flatten(start_dim=1, end_dim=-1)
    (10): Linear(in_features=2048, out_features=512, bias=True)
    (11): ReLU()
    (12): Linear(in_features=512, out_features=256, bias=True)
    (13): ReLU()
    (14): Linear(in_features=256, out_features=10, bias=True)
  )
)
INFO:__main__:CHILD MODEL LOSS: 0.6394191854000092 with train time 129.58293509483337
INFO:__main__:CHILD MODEL ACCURACY: 0.7831
INFO:__main__:Policy gradient: 0.2234381139278412
INFO:__main__:
INFO:__main__:------ ITERATION 150 ------
INFO:__main__:Layers generated: [('32', '3', '1'), ('32', '1', '1'), ('128', '1', '2')]
INFO:__main__:ChildCNNModel(
  (model): Sequential(
    (0): Conv2d(3, 32, kernel_size=(3, 3), stride=(1, 1), padding=(1, 1))
    (1): ReLU()
    (2): MaxPool2d(kernel_size=2, stride=2, padding=0, dilation=1, ceil_mode=False)
    (3): Conv2d(32, 32, kernel_size=(1, 1), stride=(1, 1), padding=(1, 1))
    (4): ReLU()
    (5): MaxPool2d(kernel_size=2, stride=2, padding=0, dilation=1, ceil_mode=False)
    (6): Conv2d(32, 128, kernel_size=(1, 1), stride=(1, 1), padding=(2, 2))
    (7): ReLU()
    (8): MaxPool2d(kernel_size=2, stride=2, padding=0, dilation=1, ceil_mode=False)
    (9): Flatten(start_dim=1, end_dim=-1)
    (10): Linear(in_features=4608, out_features=512, bias=True)
    (11): ReLU()
    (12): Linear(in_features=512, out_features=256, bias=True)
    (13): ReLU()
    (14): Linear(in_features=256, out_features=10, bias=True)
  )
)
INFO:__main__:CHILD MODEL LOSS: 0.8407438004016876 with train time 31.130308151245117
INFO:__main__:CHILD MODEL ACCURACY: 0.7263
INFO:__main__:Policy gradient: -0.4605769217014313
INFO:__main__:
INFO:__main__:------ ITERATION 151 ------
INFO:__main__:Layers generated: [('128', '3', '2'), ('128', '3', '1'), ('32', '3', '1')]
INFO:__main__:ChildCNNModel(
  (model): Sequential(
    (0): Conv2d(3, 128, kernel_size=(3, 3), stride=(1, 1), padding=(2, 2))
    (1): ReLU()
    (2): MaxPool2d(kernel_size=2, stride=2, padding=0, dilation=1, ceil_mode=False)
    (3): Conv2d(128, 128, kernel_size=(3, 3), stride=(1, 1), padding=(1, 1))
    (4): ReLU()
    (5): MaxPool2d(kernel_size=2, stride=2, padding=0, dilation=1, ceil_mode=False)
    (6): Conv2d(128, 32, kernel_size=(3, 3), stride=(1, 1), padding=(1, 1))
    (7): ReLU()
    (8): MaxPool2d(kernel_size=2, stride=2, padding=0, dilation=1, ceil_mode=False)
    (9): Flatten(start_dim=1, end_dim=-1)
    (10): Linear(in_features=512, out_features=512, bias=True)
    (11): ReLU()
    (12): Linear(in_features=512, out_features=256, bias=True)
    (13): ReLU()
    (14): Linear(in_features=256, out_features=10, bias=True)
  )
)
INFO:__main__:CHILD MODEL LOSS: 0.657608132481575 with train time 42.96047854423523
INFO:__main__:CHILD MODEL ACCURACY: 0.7789
INFO:__main__:Policy gradient: 0.16210275888442993
INFO:__main__:
INFO:__main__:------ ITERATION 152 ------
INFO:__main__:Layers generated: [('32', '5', '2'), ('128', '1', '2'), ('32', '3', '1')]
INFO:__main__:ChildCNNModel(
  (model): Sequential(
    (0): Conv2d(3, 32, kernel_size=(5, 5), stride=(1, 1), padding=(2, 2))
    (1): ReLU()
    (2): MaxPool2d(kernel_size=2, stride=2, padding=0, dilation=1, ceil_mode=False)
    (3): Conv2d(32, 128, kernel_size=(1, 1), stride=(1, 1), padding=(2, 2))
    (4): ReLU()
    (5): MaxPool2d(kernel_size=2, stride=2, padding=0, dilation=1, ceil_mode=False)
    (6): Conv2d(128, 32, kernel_size=(3, 3), stride=(1, 1), padding=(1, 1))
    (7): ReLU()
    (8): MaxPool2d(kernel_size=2, stride=2, padding=0, dilation=1, ceil_mode=False)
    (9): Flatten(start_dim=1, end_dim=-1)
    (10): Linear(in_features=800, out_features=512, bias=True)
    (11): ReLU()
    (12): Linear(in_features=512, out_features=256, bias=True)
    (13): ReLU()
    (14): Linear(in_features=256, out_features=10, bias=True)
  )
)
INFO:__main__:CHILD MODEL LOSS: 0.7600551052093506 with train time 33.63129138946533
INFO:__main__:CHILD MODEL ACCURACY: 0.744
INFO:__main__:Policy gradient: -0.20545588433742523
INFO:__main__:
INFO:__main__:------ ITERATION 153 ------
INFO:__main__:Layers generated: [('128', '3', '2'), ('32', '3', '1'), ('128', '3', '0')]
INFO:__main__:ChildCNNModel(
  (model): Sequential(
    (0): Conv2d(3, 128, kernel_size=(3, 3), stride=(1, 1), padding=(2, 2))
    (1): ReLU()
    (2): MaxPool2d(kernel_size=2, stride=2, padding=0, dilation=1, ceil_mode=False)
    (3): Conv2d(128, 32, kernel_size=(3, 3), stride=(1, 1), padding=(1, 1))
    (4): ReLU()
    (5): MaxPool2d(kernel_size=2, stride=2, padding=0, dilation=1, ceil_mode=False)
    (6): Conv2d(32, 128, kernel_size=(3, 3), stride=(1, 1))
    (7): ReLU()
    (8): MaxPool2d(kernel_size=2, stride=2, padding=0, dilation=1, ceil_mode=False)
    (9): Flatten(start_dim=1, end_dim=-1)
    (10): Linear(in_features=1152, out_features=512, bias=True)
    (11): ReLU()
    (12): Linear(in_features=512, out_features=256, bias=True)
    (13): ReLU()
    (14): Linear(in_features=256, out_features=10, bias=True)
  )
)
INFO:__main__:CHILD MODEL LOSS: 0.6502873703241349 with train time 39.20548677444458
INFO:__main__:CHILD MODEL ACCURACY: 0.7743
INFO:__main__:Policy gradient: 0.12622769176959991
INFO:__main__:
INFO:__main__:------ ITERATION 154 ------
INFO:__main__:Layers generated: [('256', '3', '2'), ('64', '3', '2'), ('256', '1', '2')]
INFO:__main__:ChildCNNModel(
  (model): Sequential(
    (0): Conv2d(3, 256, kernel_size=(3, 3), stride=(1, 1), padding=(2, 2))
    (1): ReLU()
    (2): MaxPool2d(kernel_size=2, stride=2, padding=0, dilation=1, ceil_mode=False)
    (3): Conv2d(256, 64, kernel_size=(3, 3), stride=(1, 1), padding=(2, 2))
    (4): ReLU()
    (5): MaxPool2d(kernel_size=2, stride=2, padding=0, dilation=1, ceil_mode=False)
    (6): Conv2d(64, 256, kernel_size=(1, 1), stride=(1, 1), padding=(2, 2))
    (7): ReLU()
    (8): MaxPool2d(kernel_size=2, stride=2, padding=0, dilation=1, ceil_mode=False)
    (9): Flatten(start_dim=1, end_dim=-1)
    (10): Linear(in_features=9216, out_features=512, bias=True)
    (11): ReLU()
    (12): Linear(in_features=512, out_features=256, bias=True)
    (13): ReLU()
    (14): Linear(in_features=256, out_features=10, bias=True)
  )
)
INFO:__main__:CHILD MODEL LOSS: 0.6423143935203552 with train time 78.49737811088562
INFO:__main__:CHILD MODEL ACCURACY: 0.7581
INFO:__main__:Policy gradient: -0.035761911422014236
INFO:__main__:
INFO:__main__:------ ITERATION 155 ------
INFO:__main__:Layers generated: [('32', '3', '0'), ('64', '5', '2'), ('128', '3', '1')]
INFO:__main__:ChildCNNModel(
  (model): Sequential(
    (0): Conv2d(3, 32, kernel_size=(3, 3), stride=(1, 1))
    (1): ReLU()
    (2): MaxPool2d(kernel_size=2, stride=2, padding=0, dilation=1, ceil_mode=False)
    (3): Conv2d(32, 64, kernel_size=(5, 5), stride=(1, 1), padding=(2, 2))
    (4): ReLU()
    (5): MaxPool2d(kernel_size=2, stride=2, padding=0, dilation=1, ceil_mode=False)
    (6): Conv2d(64, 128, kernel_size=(3, 3), stride=(1, 1), padding=(1, 1))
    (7): ReLU()
    (8): MaxPool2d(kernel_size=2, stride=2, padding=0, dilation=1, ceil_mode=False)
    (9): Flatten(start_dim=1, end_dim=-1)
    (10): Linear(in_features=1152, out_features=512, bias=True)
    (11): ReLU()
    (12): Linear(in_features=512, out_features=256, bias=True)
    (13): ReLU()
    (14): Linear(in_features=256, out_features=10, bias=True)
  )
)
INFO:__main__:CHILD MODEL LOSS: 0.6548269634246826 with train time 30.843580961227417
INFO:__main__:CHILD MODEL ACCURACY: 0.7843
INFO:__main__:Policy gradient: 0.24625089764595032
INFO:__main__:
INFO:__main__:------ ITERATION 156 ------
INFO:__main__:Layers generated: [('16', '3', '1'), ('256', '3', '2'), ('128', '3', '2')]
INFO:__main__:ChildCNNModel(
  (model): Sequential(
    (0): Conv2d(3, 16, kernel_size=(3, 3), stride=(1, 1), padding=(1, 1))
    (1): ReLU()
    (2): MaxPool2d(kernel_size=2, stride=2, padding=0, dilation=1, ceil_mode=False)
    (3): Conv2d(16, 256, kernel_size=(3, 3), stride=(1, 1), padding=(2, 2))
    (4): ReLU()
    (5): MaxPool2d(kernel_size=2, stride=2, padding=0, dilation=1, ceil_mode=False)
    (6): Conv2d(256, 128, kernel_size=(3, 3), stride=(1, 1), padding=(2, 2))
    (7): ReLU()
    (8): MaxPool2d(kernel_size=2, stride=2, padding=0, dilation=1, ceil_mode=False)
    (9): Flatten(start_dim=1, end_dim=-1)
    (10): Linear(in_features=3200, out_features=512, bias=True)
    (11): ReLU()
    (12): Linear(in_features=512, out_features=256, bias=True)
    (13): ReLU()
    (14): Linear(in_features=256, out_features=10, bias=True)
  )
)
INFO:__main__:CHILD MODEL LOSS: 0.6425622810125351 with train time 37.02666711807251
INFO:__main__:CHILD MODEL ACCURACY: 0.7777
INFO:__main__:Policy gradient: 0.13363391160964966
INFO:__main__:
INFO:__main__:------ ITERATION 157 ------
INFO:__main__:Layers generated: [('128', '3', '0'), ('256', '3', '1'), ('128', '3', '2')]
INFO:__main__:ChildCNNModel(
  (model): Sequential(
    (0): Conv2d(3, 128, kernel_size=(3, 3), stride=(1, 1))
    (1): ReLU()
    (2): MaxPool2d(kernel_size=2, stride=2, padding=0, dilation=1, ceil_mode=False)
    (3): Conv2d(128, 256, kernel_size=(3, 3), stride=(1, 1), padding=(1, 1))
    (4): ReLU()
    (5): MaxPool2d(kernel_size=2, stride=2, padding=0, dilation=1, ceil_mode=False)
    (6): Conv2d(256, 128, kernel_size=(3, 3), stride=(1, 1), padding=(2, 2))
    (7): ReLU()
    (8): MaxPool2d(kernel_size=2, stride=2, padding=0, dilation=1, ceil_mode=False)
    (9): Flatten(start_dim=1, end_dim=-1)
    (10): Linear(in_features=2048, out_features=512, bias=True)
    (11): ReLU()
    (12): Linear(in_features=512, out_features=256, bias=True)
    (13): ReLU()
    (14): Linear(in_features=256, out_features=10, bias=True)
  )
)
INFO:__main__:CHILD MODEL LOSS: 0.5568336535692215 with train time 46.675195932388306
INFO:__main__:CHILD MODEL ACCURACY: 0.8049
INFO:__main__:Policy gradient: 0.4119977355003357
INFO:__main__:
INFO:__main__:------ ITERATION 158 ------
INFO:__main__:Layers generated: [('256', '3', '1'), ('32', '3', '2'), ('128', '1', '1')]
INFO:__main__:ChildCNNModel(
  (model): Sequential(
    (0): Conv2d(3, 256, kernel_size=(3, 3), stride=(1, 1), padding=(1, 1))
    (1): ReLU()
    (2): MaxPool2d(kernel_size=2, stride=2, padding=0, dilation=1, ceil_mode=False)
    (3): Conv2d(256, 32, kernel_size=(3, 3), stride=(1, 1), padding=(2, 2))
    (4): ReLU()
    (5): MaxPool2d(kernel_size=2, stride=2, padding=0, dilation=1, ceil_mode=False)
    (6): Conv2d(32, 128, kernel_size=(1, 1), stride=(1, 1), padding=(1, 1))
    (7): ReLU()
    (8): MaxPool2d(kernel_size=2, stride=2, padding=0, dilation=1, ceil_mode=False)
    (9): Flatten(start_dim=1, end_dim=-1)
    (10): Linear(in_features=3200, out_features=512, bias=True)
    (11): ReLU()
    (12): Linear(in_features=512, out_features=256, bias=True)
    (13): ReLU()
    (14): Linear(in_features=256, out_features=10, bias=True)
  )
)
INFO:__main__:CHILD MODEL LOSS: 0.6995412455797195 with train time 58.489378690719604
INFO:__main__:CHILD MODEL ACCURACY: 0.7515
INFO:__main__:Policy gradient: -0.17333108186721802
INFO:__main__:
INFO:__main__:------ ITERATION 159 ------
INFO:__main__:Layers generated: [('256', '3', '2'), ('64', '3', '2'), ('64', '1', '1')]
INFO:__main__:ChildCNNModel(
  (model): Sequential(
    (0): Conv2d(3, 256, kernel_size=(3, 3), stride=(1, 1), padding=(2, 2))
    (1): ReLU()
    (2): MaxPool2d(kernel_size=2, stride=2, padding=0, dilation=1, ceil_mode=False)
    (3): Conv2d(256, 64, kernel_size=(3, 3), stride=(1, 1), padding=(2, 2))
    (4): ReLU()
    (5): MaxPool2d(kernel_size=2, stride=2, padding=0, dilation=1, ceil_mode=False)
    (6): Conv2d(64, 64, kernel_size=(1, 1), stride=(1, 1), padding=(1, 1))
    (7): ReLU()
    (8): MaxPool2d(kernel_size=2, stride=2, padding=0, dilation=1, ceil_mode=False)
    (9): Flatten(start_dim=1, end_dim=-1)
    (10): Linear(in_features=1600, out_features=512, bias=True)
    (11): ReLU()
    (12): Linear(in_features=512, out_features=256, bias=True)
    (13): ReLU()
    (14): Linear(in_features=256, out_features=10, bias=True)
  )
)
INFO:__main__:CHILD MODEL LOSS: 0.6944498467445374 with train time 66.81705093383789
INFO:__main__:CHILD MODEL ACCURACY: 0.7581
INFO:__main__:Policy gradient: -0.08582142740488052
INFO:__main__:
INFO:__main__:------ ITERATION 160 ------
INFO:__main__:Layers generated: [('32', '3', '2'), ('64', '3', '2'), ('256', '1', '0')]
INFO:__main__:ChildCNNModel(
  (model): Sequential(
    (0): Conv2d(3, 32, kernel_size=(3, 3), stride=(1, 1), padding=(2, 2))
    (1): ReLU()
    (2): MaxPool2d(kernel_size=2, stride=2, padding=0, dilation=1, ceil_mode=False)
    (3): Conv2d(32, 64, kernel_size=(3, 3), stride=(1, 1), padding=(2, 2))
    (4): ReLU()
    (5): MaxPool2d(kernel_size=2, stride=2, padding=0, dilation=1, ceil_mode=False)
    (6): Conv2d(64, 256, kernel_size=(1, 1), stride=(1, 1))
    (7): ReLU()
    (8): MaxPool2d(kernel_size=2, stride=2, padding=0, dilation=1, ceil_mode=False)
    (9): Flatten(start_dim=1, end_dim=-1)
    (10): Linear(in_features=4096, out_features=512, bias=True)
    (11): ReLU()
    (12): Linear(in_features=512, out_features=256, bias=True)
    (13): ReLU()
    (14): Linear(in_features=256, out_features=10, bias=True)
  )
)
INFO:__main__:CHILD MODEL LOSS: 0.6448611487150192 with train time 32.27675986289978
INFO:__main__:CHILD MODEL ACCURACY: 0.7864
INFO:__main__:Policy gradient: 0.19648954272270203
INFO:__main__:
INFO:__main__:------ ITERATION 161 ------
INFO:__main__:Layers generated: [('128', '3', '0'), ('128', '5', '2'), ('64', '1', '0')]
INFO:__main__:ChildCNNModel(
  (model): Sequential(
    (0): Conv2d(3, 128, kernel_size=(3, 3), stride=(1, 1))
    (1): ReLU()
    (2): MaxPool2d(kernel_size=2, stride=2, padding=0, dilation=1, ceil_mode=False)
    (3): Conv2d(128, 128, kernel_size=(5, 5), stride=(1, 1), padding=(2, 2))
    (4): ReLU()
    (5): MaxPool2d(kernel_size=2, stride=2, padding=0, dilation=1, ceil_mode=False)
    (6): Conv2d(128, 64, kernel_size=(1, 1), stride=(1, 1))
    (7): ReLU()
    (8): MaxPool2d(kernel_size=2, stride=2, padding=0, dilation=1, ceil_mode=False)
    (9): Flatten(start_dim=1, end_dim=-1)
    (10): Linear(in_features=576, out_features=512, bias=True)
    (11): ReLU()
    (12): Linear(in_features=512, out_features=256, bias=True)
    (13): ReLU()
    (14): Linear(in_features=256, out_features=10, bias=True)
  )
)
INFO:__main__:CHILD MODEL LOSS: 0.7420488600730896 with train time 42.58517599105835
INFO:__main__:CHILD MODEL ACCURACY: 0.749
INFO:__main__:Policy gradient: -0.2678698003292084
INFO:__main__:
INFO:__main__:------ ITERATION 162 ------
INFO:__main__:Layers generated: [('16', '3', '2'), ('128', '3', '1'), ('64', '3', '0')]
INFO:__main__:ChildCNNModel(
  (model): Sequential(
    (0): Conv2d(3, 16, kernel_size=(3, 3), stride=(1, 1), padding=(2, 2))
    (1): ReLU()
    (2): MaxPool2d(kernel_size=2, stride=2, padding=0, dilation=1, ceil_mode=False)
    (3): Conv2d(16, 128, kernel_size=(3, 3), stride=(1, 1), padding=(1, 1))
    (4): ReLU()
    (5): MaxPool2d(kernel_size=2, stride=2, padding=0, dilation=1, ceil_mode=False)
    (6): Conv2d(128, 64, kernel_size=(3, 3), stride=(1, 1))
    (7): ReLU()
    (8): MaxPool2d(kernel_size=2, stride=2, padding=0, dilation=1, ceil_mode=False)
    (9): Flatten(start_dim=1, end_dim=-1)
    (10): Linear(in_features=576, out_features=512, bias=True)
    (11): ReLU()
    (12): Linear(in_features=512, out_features=256, bias=True)
    (13): ReLU()
    (14): Linear(in_features=256, out_features=10, bias=True)
  )
)
INFO:__main__:CHILD MODEL LOSS: 0.7017394690513611 with train time 31.234689950942993
INFO:__main__:CHILD MODEL ACCURACY: 0.7709
INFO:__main__:Policy gradient: 0.040027767419815063
INFO:__main__:
INFO:__main__:------ ITERATION 163 ------
INFO:__main__:Layers generated: [('256', '3', '0'), ('32', '3', '2'), ('32', '5', '1')]
INFO:__main__:ChildCNNModel(
  (model): Sequential(
    (0): Conv2d(3, 256, kernel_size=(3, 3), stride=(1, 1))
    (1): ReLU()
    (2): MaxPool2d(kernel_size=2, stride=2, padding=0, dilation=1, ceil_mode=False)
    (3): Conv2d(256, 32, kernel_size=(3, 3), stride=(1, 1), padding=(2, 2))
    (4): ReLU()
    (5): MaxPool2d(kernel_size=2, stride=2, padding=0, dilation=1, ceil_mode=False)
    (6): Conv2d(32, 32, kernel_size=(5, 5), stride=(1, 1), padding=(1, 1))
    (7): ReLU()
    (8): MaxPool2d(kernel_size=2, stride=2, padding=0, dilation=1, ceil_mode=False)
    (9): Flatten(start_dim=1, end_dim=-1)
    (10): Linear(in_features=288, out_features=512, bias=True)
    (11): ReLU()
    (12): Linear(in_features=512, out_features=256, bias=True)
    (13): ReLU()
    (14): Linear(in_features=256, out_features=10, bias=True)
  )
)
INFO:__main__:CHILD MODEL LOSS: 0.7069185265302658 with train time 52.247886419296265
INFO:__main__:CHILD MODEL ACCURACY: 0.7776
INFO:__main__:Policy gradient: 0.10241460055112839
INFO:__main__:
INFO:__main__:------ ITERATION 164 ------
INFO:__main__:Layers generated: [('16', '3', '2'), ('32', '5', '1'), ('32', '5', '2')]
INFO:__main__:ChildCNNModel(
  (model): Sequential(
    (0): Conv2d(3, 16, kernel_size=(3, 3), stride=(1, 1), padding=(2, 2))
    (1): ReLU()
    (2): MaxPool2d(kernel_size=2, stride=2, padding=0, dilation=1, ceil_mode=False)
    (3): Conv2d(16, 32, kernel_size=(5, 5), stride=(1, 1), padding=(1, 1))
    (4): ReLU()
    (5): MaxPool2d(kernel_size=2, stride=2, padding=0, dilation=1, ceil_mode=False)
    (6): Conv2d(32, 32, kernel_size=(5, 5), stride=(1, 1), padding=(2, 2))
    (7): ReLU()
    (8): MaxPool2d(kernel_size=2, stride=2, padding=0, dilation=1, ceil_mode=False)
    (9): Flatten(start_dim=1, end_dim=-1)
    (10): Linear(in_features=288, out_features=512, bias=True)
    (11): ReLU()
    (12): Linear(in_features=512, out_features=256, bias=True)
    (13): ReLU()
    (14): Linear(in_features=256, out_features=10, bias=True)
  )
)
INFO:__main__:CHILD MODEL LOSS: 0.8329742293357849 with train time 31.147184133529663
INFO:__main__:CHILD MODEL ACCURACY: 0.7237
INFO:__main__:Policy gradient: -0.4682123363018036
INFO:__main__:
INFO:__main__:------ ITERATION 165 ------
INFO:__main__:Layers generated: [('32', '3', '1'), ('32', '3', '2'), ('64', '5', '2')]
INFO:__main__:ChildCNNModel(
  (model): Sequential(
    (0): Conv2d(3, 32, kernel_size=(3, 3), stride=(1, 1), padding=(1, 1))
    (1): ReLU()
    (2): MaxPool2d(kernel_size=2, stride=2, padding=0, dilation=1, ceil_mode=False)
    (3): Conv2d(32, 32, kernel_size=(3, 3), stride=(1, 1), padding=(2, 2))
    (4): ReLU()
    (5): MaxPool2d(kernel_size=2, stride=2, padding=0, dilation=1, ceil_mode=False)
    (6): Conv2d(32, 64, kernel_size=(5, 5), stride=(1, 1), padding=(2, 2))
    (7): ReLU()
    (8): MaxPool2d(kernel_size=2, stride=2, padding=0, dilation=1, ceil_mode=False)
    (9): Flatten(start_dim=1, end_dim=-1)
    (10): Linear(in_features=1024, out_features=512, bias=True)
    (11): ReLU()
    (12): Linear(in_features=512, out_features=256, bias=True)
    (13): ReLU()
    (14): Linear(in_features=256, out_features=10, bias=True)
  )
)
INFO:__main__:CHILD MODEL LOSS: 0.6911906681060791 with train time 31.419065475463867
INFO:__main__:CHILD MODEL ACCURACY: 0.7666
INFO:__main__:Policy gradient: 0.028537610545754433
INFO:__main__:
INFO:__main__:------ ITERATION 166 ------
INFO:__main__:Layers generated: [('128', '3', '0'), ('32', '3', '2'), ('32', '1', '1')]
INFO:__main__:ChildCNNModel(
  (model): Sequential(
    (0): Conv2d(3, 128, kernel_size=(3, 3), stride=(1, 1))
    (1): ReLU()
    (2): MaxPool2d(kernel_size=2, stride=2, padding=0, dilation=1, ceil_mode=False)
    (3): Conv2d(128, 32, kernel_size=(3, 3), stride=(1, 1), padding=(2, 2))
    (4): ReLU()
    (5): MaxPool2d(kernel_size=2, stride=2, padding=0, dilation=1, ceil_mode=False)
    (6): Conv2d(32, 32, kernel_size=(1, 1), stride=(1, 1), padding=(1, 1))
    (7): ReLU()
    (8): MaxPool2d(kernel_size=2, stride=2, padding=0, dilation=1, ceil_mode=False)
    (9): Flatten(start_dim=1, end_dim=-1)
    (10): Linear(in_features=800, out_features=512, bias=True)
    (11): ReLU()
    (12): Linear(in_features=512, out_features=256, bias=True)
    (13): ReLU()
    (14): Linear(in_features=256, out_features=10, bias=True)
  )
)
INFO:__main__:CHILD MODEL LOSS: 0.7802847285270691 with train time 37.18499302864075
INFO:__main__:CHILD MODEL ACCURACY: 0.7414
INFO:__main__:Policy gradient: -0.2527351975440979
INFO:__main__:
INFO:__main__:------ ITERATION 167 ------
INFO:__main__:Layers generated: [('32', '3', '2'), ('16', '3', '2'), ('128', '1', '1')]
INFO:__main__:ChildCNNModel(
  (model): Sequential(
    (0): Conv2d(3, 32, kernel_size=(3, 3), stride=(1, 1), padding=(2, 2))
    (1): ReLU()
    (2): MaxPool2d(kernel_size=2, stride=2, padding=0, dilation=1, ceil_mode=False)
    (3): Conv2d(32, 16, kernel_size=(3, 3), stride=(1, 1), padding=(2, 2))
    (4): ReLU()
    (5): MaxPool2d(kernel_size=2, stride=2, padding=0, dilation=1, ceil_mode=False)
    (6): Conv2d(16, 128, kernel_size=(1, 1), stride=(1, 1), padding=(1, 1))
    (7): ReLU()
    (8): MaxPool2d(kernel_size=2, stride=2, padding=0, dilation=1, ceil_mode=False)
    (9): Flatten(start_dim=1, end_dim=-1)
    (10): Linear(in_features=3200, out_features=512, bias=True)
    (11): ReLU()
    (12): Linear(in_features=512, out_features=256, bias=True)
    (13): ReLU()
    (14): Linear(in_features=256, out_features=10, bias=True)
  )
)
INFO:__main__:CHILD MODEL LOSS: 0.8018067629337311 with train time 31.54230570793152
INFO:__main__:CHILD MODEL ACCURACY: 0.7303
INFO:__main__:Policy gradient: -0.3047981858253479
INFO:__main__:
INFO:__main__:------ ITERATION 168 ------
INFO:__main__:Layers generated: [('256', '5', '1'), ('256', '5', '2'), ('64', '5', '1')]
INFO:__main__:ChildCNNModel(
  (model): Sequential(
    (0): Conv2d(3, 256, kernel_size=(5, 5), stride=(1, 1), padding=(1, 1))
    (1): ReLU()
    (2): MaxPool2d(kernel_size=2, stride=2, padding=0, dilation=1, ceil_mode=False)
    (3): Conv2d(256, 256, kernel_size=(5, 5), stride=(1, 1), padding=(2, 2))
    (4): ReLU()
    (5): MaxPool2d(kernel_size=2, stride=2, padding=0, dilation=1, ceil_mode=False)
    (6): Conv2d(256, 64, kernel_size=(5, 5), stride=(1, 1), padding=(1, 1))
    (7): ReLU()
    (8): MaxPool2d(kernel_size=2, stride=2, padding=0, dilation=1, ceil_mode=False)
    (9): Flatten(start_dim=1, end_dim=-1)
    (10): Linear(in_features=256, out_features=512, bias=True)
    (11): ReLU()
    (12): Linear(in_features=512, out_features=256, bias=True)
    (13): ReLU()
    (14): Linear(in_features=256, out_features=10, bias=True)
  )
)
INFO:__main__:CHILD MODEL LOSS: 0.6524945690631866 with train time 110.02071285247803
INFO:__main__:CHILD MODEL ACCURACY: 0.7781
INFO:__main__:Policy gradient: 0.2397102415561676
INFO:__main__:
INFO:__main__:------ ITERATION 169 ------
INFO:__main__:Layers generated: [('256', '3', '0'), ('64', '1', '2'), ('64', '5', '0')]
INFO:__main__:ChildCNNModel(
  (model): Sequential(
    (0): Conv2d(3, 256, kernel_size=(3, 3), stride=(1, 1))
    (1): ReLU()
    (2): MaxPool2d(kernel_size=2, stride=2, padding=0, dilation=1, ceil_mode=False)
    (3): Conv2d(256, 64, kernel_size=(1, 1), stride=(1, 1), padding=(2, 2))
    (4): ReLU()
    (5): MaxPool2d(kernel_size=2, stride=2, padding=0, dilation=1, ceil_mode=False)
    (6): Conv2d(64, 64, kernel_size=(5, 5), stride=(1, 1))
    (7): ReLU()
    (8): MaxPool2d(kernel_size=2, stride=2, padding=0, dilation=1, ceil_mode=False)
    (9): Flatten(start_dim=1, end_dim=-1)
    (10): Linear(in_features=256, out_features=512, bias=True)
    (11): ReLU()
    (12): Linear(in_features=512, out_features=256, bias=True)
    (13): ReLU()
    (14): Linear(in_features=256, out_features=10, bias=True)
  )
)
INFO:__main__:CHILD MODEL LOSS: 0.7325280451774597 with train time 48.70715641975403
INFO:__main__:CHILD MODEL ACCURACY: 0.7532
INFO:__main__:Policy gradient: -0.08932365477085114
INFO:__main__:
INFO:__main__:------ ITERATION 170 ------
INFO:__main__:Layers generated: [('128', '3', '2'), ('256', '3', '0'), ('32', '3', '1')]
INFO:__main__:ChildCNNModel(
  (model): Sequential(
    (0): Conv2d(3, 128, kernel_size=(3, 3), stride=(1, 1), padding=(2, 2))
    (1): ReLU()
    (2): MaxPool2d(kernel_size=2, stride=2, padding=0, dilation=1, ceil_mode=False)
    (3): Conv2d(128, 256, kernel_size=(3, 3), stride=(1, 1))
    (4): ReLU()
    (5): MaxPool2d(kernel_size=2, stride=2, padding=0, dilation=1, ceil_mode=False)
    (6): Conv2d(256, 32, kernel_size=(3, 3), stride=(1, 1), padding=(1, 1))
    (7): ReLU()
    (8): MaxPool2d(kernel_size=2, stride=2, padding=0, dilation=1, ceil_mode=False)
    (9): Flatten(start_dim=1, end_dim=-1)
    (10): Linear(in_features=288, out_features=512, bias=True)
    (11): ReLU()
    (12): Linear(in_features=512, out_features=256, bias=True)
    (13): ReLU()
    (14): Linear(in_features=256, out_features=10, bias=True)
  )
)
INFO:__main__:CHILD MODEL LOSS: 0.7264001522064208 with train time 49.53878211975098
INFO:__main__:CHILD MODEL ACCURACY: 0.7692
INFO:__main__:Policy gradient: 0.08683576434850693
INFO:__main__:
INFO:__main__:------ ITERATION 171 ------
INFO:__main__:Layers generated: [('256', '5', '2'), ('64', '3', '0'), ('16', '3', '2')]
INFO:__main__:ChildCNNModel(
  (model): Sequential(
    (0): Conv2d(3, 256, kernel_size=(5, 5), stride=(1, 1), padding=(2, 2))
    (1): ReLU()
    (2): MaxPool2d(kernel_size=2, stride=2, padding=0, dilation=1, ceil_mode=False)
    (3): Conv2d(256, 64, kernel_size=(3, 3), stride=(1, 1))
    (4): ReLU()
    (5): MaxPool2d(kernel_size=2, stride=2, padding=0, dilation=1, ceil_mode=False)
    (6): Conv2d(64, 16, kernel_size=(3, 3), stride=(1, 1), padding=(2, 2))
    (7): ReLU()
    (8): MaxPool2d(kernel_size=2, stride=2, padding=0, dilation=1, ceil_mode=False)
    (9): Flatten(start_dim=1, end_dim=-1)
    (10): Linear(in_features=256, out_features=512, bias=True)
    (11): ReLU()
    (12): Linear(in_features=512, out_features=256, bias=True)
    (13): ReLU()
    (14): Linear(in_features=256, out_features=10, bias=True)
  )
)
INFO:__main__:CHILD MODEL LOSS: 0.7622302801609039 with train time 55.59684634208679
INFO:__main__:CHILD MODEL ACCURACY: 0.7601
INFO:__main__:Policy gradient: -0.006258111447095871
INFO:__main__:
INFO:__main__:------ ITERATION 172 ------
INFO:__main__:Layers generated: [('256', '3', '2'), ('256', '3', '1'), ('64', '3', '2')]
INFO:__main__:ChildCNNModel(
  (model): Sequential(
    (0): Conv2d(3, 256, kernel_size=(3, 3), stride=(1, 1), padding=(2, 2))
    (1): ReLU()
    (2): MaxPool2d(kernel_size=2, stride=2, padding=0, dilation=1, ceil_mode=False)
    (3): Conv2d(256, 256, kernel_size=(3, 3), stride=(1, 1), padding=(1, 1))
    (4): ReLU()
    (5): MaxPool2d(kernel_size=2, stride=2, padding=0, dilation=1, ceil_mode=False)
    (6): Conv2d(256, 64, kernel_size=(3, 3), stride=(1, 1), padding=(2, 2))
    (7): ReLU()
    (8): MaxPool2d(kernel_size=2, stride=2, padding=0, dilation=1, ceil_mode=False)
    (9): Flatten(start_dim=1, end_dim=-1)
    (10): Linear(in_features=1600, out_features=512, bias=True)
    (11): ReLU()
    (12): Linear(in_features=512, out_features=256, bias=True)
    (13): ReLU()
    (14): Linear(in_features=256, out_features=10, bias=True)
  )
)
INFO:__main__:CHILD MODEL LOSS: 0.5793375010490418 with train time 93.2341902256012
INFO:__main__:CHILD MODEL ACCURACY: 0.7928
INFO:__main__:Policy gradient: 0.2361232042312622
INFO:__main__:
INFO:__main__:------ ITERATION 173 ------
INFO:__main__:Layers generated: [('256', '3', '2'), ('32', '3', '1'), ('256', '1', '2')]
INFO:__main__:ChildCNNModel(
  (model): Sequential(
    (0): Conv2d(3, 256, kernel_size=(3, 3), stride=(1, 1), padding=(2, 2))
    (1): ReLU()
    (2): MaxPool2d(kernel_size=2, stride=2, padding=0, dilation=1, ceil_mode=False)
    (3): Conv2d(256, 32, kernel_size=(3, 3), stride=(1, 1), padding=(1, 1))
    (4): ReLU()
    (5): MaxPool2d(kernel_size=2, stride=2, padding=0, dilation=1, ceil_mode=False)
    (6): Conv2d(32, 256, kernel_size=(1, 1), stride=(1, 1), padding=(2, 2))
    (7): ReLU()
    (8): MaxPool2d(kernel_size=2, stride=2, padding=0, dilation=1, ceil_mode=False)
    (9): Flatten(start_dim=1, end_dim=-1)
    (10): Linear(in_features=9216, out_features=512, bias=True)
    (11): ReLU()
    (12): Linear(in_features=512, out_features=256, bias=True)
    (13): ReLU()
    (14): Linear(in_features=256, out_features=10, bias=True)
  )
)
INFO:__main__:CHILD MODEL LOSS: 0.709538966178894 with train time 70.61147356033325
INFO:__main__:CHILD MODEL ACCURACY: 0.7544
INFO:__main__:Policy gradient: -0.08302779495716095
INFO:__main__:
INFO:__main__:------ ITERATION 174 ------
INFO:__main__:Layers generated: [('128', '1', '2'), ('16', '3', '2'), ('64', '3', '1')]
INFO:__main__:ChildCNNModel(
  (model): Sequential(
    (0): Conv2d(3, 128, kernel_size=(1, 1), stride=(1, 1), padding=(2, 2))
    (1): ReLU()
    (2): MaxPool2d(kernel_size=2, stride=2, padding=0, dilation=1, ceil_mode=False)
    (3): Conv2d(128, 16, kernel_size=(3, 3), stride=(1, 1), padding=(2, 2))
    (4): ReLU()
    (5): MaxPool2d(kernel_size=2, stride=2, padding=0, dilation=1, ceil_mode=False)
    (6): Conv2d(16, 64, kernel_size=(3, 3), stride=(1, 1), padding=(1, 1))
    (7): ReLU()
    (8): MaxPool2d(kernel_size=2, stride=2, padding=0, dilation=1, ceil_mode=False)
    (9): Flatten(start_dim=1, end_dim=-1)
    (10): Linear(in_features=1600, out_features=512, bias=True)
    (11): ReLU()
    (12): Linear(in_features=512, out_features=256, bias=True)
    (13): ReLU()
    (14): Linear(in_features=256, out_features=10, bias=True)
  )
)
INFO:__main__:CHILD MODEL LOSS: 0.9144738376140594 with train time 41.18396043777466
INFO:__main__:CHILD MODEL ACCURACY: 0.6804
INFO:__main__:Policy gradient: -0.9381041526794434
INFO:__main__:
INFO:__main__:------ ITERATION 175 ------
INFO:__main__:Layers generated: [('256', '3', '2'), ('16', '3', '2'), ('256', '3', '2')]
INFO:__main__:ChildCNNModel(
  (model): Sequential(
    (0): Conv2d(3, 256, kernel_size=(3, 3), stride=(1, 1), padding=(2, 2))
    (1): ReLU()
    (2): MaxPool2d(kernel_size=2, stride=2, padding=0, dilation=1, ceil_mode=False)
    (3): Conv2d(256, 16, kernel_size=(3, 3), stride=(1, 1), padding=(2, 2))
    (4): ReLU()
    (5): MaxPool2d(kernel_size=2, stride=2, padding=0, dilation=1, ceil_mode=False)
    (6): Conv2d(16, 256, kernel_size=(3, 3), stride=(1, 1), padding=(2, 2))
    (7): ReLU()
    (8): MaxPool2d(kernel_size=2, stride=2, padding=0, dilation=1, ceil_mode=False)
    (9): Flatten(start_dim=1, end_dim=-1)
    (10): Linear(in_features=6400, out_features=512, bias=True)
    (11): ReLU()
    (12): Linear(in_features=512, out_features=256, bias=True)
    (13): ReLU()
    (14): Linear(in_features=256, out_features=10, bias=True)
  )
)
INFO:__main__:CHILD MODEL LOSS: 0.7965887989997864 with train time 64.36052703857422
INFO:__main__:CHILD MODEL ACCURACY: 0.733
INFO:__main__:Policy gradient: -0.1695672571659088
INFO:__main__:
INFO:__main__:------ ITERATION 176 ------
INFO:__main__:Layers generated: [('256', '3', '2'), ('256', '1', '1'), ('256', '5', '1')]
INFO:__main__:ChildCNNModel(
  (model): Sequential(
    (0): Conv2d(3, 256, kernel_size=(3, 3), stride=(1, 1), padding=(2, 2))
    (1): ReLU()
    (2): MaxPool2d(kernel_size=2, stride=2, padding=0, dilation=1, ceil_mode=False)
    (3): Conv2d(256, 256, kernel_size=(1, 1), stride=(1, 1), padding=(1, 1))
    (4): ReLU()
    (5): MaxPool2d(kernel_size=2, stride=2, padding=0, dilation=1, ceil_mode=False)
    (6): Conv2d(256, 256, kernel_size=(5, 5), stride=(1, 1), padding=(1, 1))
    (7): ReLU()
    (8): MaxPool2d(kernel_size=2, stride=2, padding=0, dilation=1, ceil_mode=False)
    (9): Flatten(start_dim=1, end_dim=-1)
    (10): Linear(in_features=2304, out_features=512, bias=True)
    (11): ReLU()
    (12): Linear(in_features=512, out_features=256, bias=True)
    (13): ReLU()
    (14): Linear(in_features=256, out_features=10, bias=True)
  )
)
INFO:__main__:CHILD MODEL LOSS: 0.555241925239563 with train time 89.21066355705261
INFO:__main__:CHILD MODEL ACCURACY: 0.813
INFO:__main__:Policy gradient: 0.6302244663238525
INFO:__main__:
INFO:__main__:------ ITERATION 177 ------
INFO:__main__:Layers generated: [('32', '3', '2'), ('64', '1', '1'), ('128', '5', '1')]
INFO:__main__:ChildCNNModel(
  (model): Sequential(
    (0): Conv2d(3, 32, kernel_size=(3, 3), stride=(1, 1), padding=(2, 2))
    (1): ReLU()
    (2): MaxPool2d(kernel_size=2, stride=2, padding=0, dilation=1, ceil_mode=False)
    (3): Conv2d(32, 64, kernel_size=(1, 1), stride=(1, 1), padding=(1, 1))
    (4): ReLU()
    (5): MaxPool2d(kernel_size=2, stride=2, padding=0, dilation=1, ceil_mode=False)
    (6): Conv2d(64, 128, kernel_size=(5, 5), stride=(1, 1), padding=(1, 1))
    (7): ReLU()
    (8): MaxPool2d(kernel_size=2, stride=2, padding=0, dilation=1, ceil_mode=False)
    (9): Flatten(start_dim=1, end_dim=-1)
    (10): Linear(in_features=1152, out_features=512, bias=True)
    (11): ReLU()
    (12): Linear(in_features=512, out_features=256, bias=True)
    (13): ReLU()
    (14): Linear(in_features=256, out_features=10, bias=True)
  )
)
INFO:__main__:CHILD MODEL LOSS: 0.7149555561542511 with train time 32.49582767486572
INFO:__main__:CHILD MODEL ACCURACY: 0.7601
INFO:__main__:Policy gradient: 0.017448611557483673
INFO:__main__:
INFO:__main__:------ ITERATION 178 ------
INFO:__main__:Layers generated: [('64', '5', '2'), ('256', '3', '0'), ('128', '3', '1')]
INFO:__main__:ChildCNNModel(
  (model): Sequential(
    (0): Conv2d(3, 64, kernel_size=(5, 5), stride=(1, 1), padding=(2, 2))
    (1): ReLU()
    (2): MaxPool2d(kernel_size=2, stride=2, padding=0, dilation=1, ceil_mode=False)
    (3): Conv2d(64, 256, kernel_size=(3, 3), stride=(1, 1))
    (4): ReLU()
    (5): MaxPool2d(kernel_size=2, stride=2, padding=0, dilation=1, ceil_mode=False)
    (6): Conv2d(256, 128, kernel_size=(3, 3), stride=(1, 1), padding=(1, 1))
    (7): ReLU()
    (8): MaxPool2d(kernel_size=2, stride=2, padding=0, dilation=1, ceil_mode=False)
    (9): Flatten(start_dim=1, end_dim=-1)
    (10): Linear(in_features=1152, out_features=512, bias=True)
    (11): ReLU()
    (12): Linear(in_features=512, out_features=256, bias=True)
    (13): ReLU()
    (14): Linear(in_features=256, out_features=10, bias=True)
  )
)
INFO:__main__:CHILD MODEL LOSS: 0.6068883267641068 with train time 38.397783517837524
INFO:__main__:CHILD MODEL ACCURACY: 0.7849
INFO:__main__:Policy gradient: 0.2833044230937958
INFO:__main__:
INFO:__main__:------ ITERATION 179 ------
INFO:__main__:Layers generated: [('256', '3', '2'), ('16', '5', '2'), ('16', '3', '1')]
INFO:__main__:ChildCNNModel(
  (model): Sequential(
    (0): Conv2d(3, 256, kernel_size=(3, 3), stride=(1, 1), padding=(2, 2))
    (1): ReLU()
    (2): MaxPool2d(kernel_size=2, stride=2, padding=0, dilation=1, ceil_mode=False)
    (3): Conv2d(256, 16, kernel_size=(5, 5), stride=(1, 1), padding=(2, 2))
    (4): ReLU()
    (5): MaxPool2d(kernel_size=2, stride=2, padding=0, dilation=1, ceil_mode=False)
    (6): Conv2d(16, 16, kernel_size=(3, 3), stride=(1, 1), padding=(1, 1))
    (7): ReLU()
    (8): MaxPool2d(kernel_size=2, stride=2, padding=0, dilation=1, ceil_mode=False)
    (9): Flatten(start_dim=1, end_dim=-1)
    (10): Linear(in_features=256, out_features=512, bias=True)
    (11): ReLU()
    (12): Linear(in_features=512, out_features=256, bias=True)
    (13): ReLU()
    (14): Linear(in_features=256, out_features=10, bias=True)
  )
)
INFO:__main__:CHILD MODEL LOSS: 0.8494907875061035 with train time 63.056262493133545
INFO:__main__:CHILD MODEL ACCURACY: 0.7126
INFO:__main__:Policy gradient: -0.4710232615470886
INFO:__main__:
INFO:__main__:------ ITERATION 180 ------
INFO:__main__:Layers generated: [('256', '3', '1'), ('64', '3', '1'), ('128', '3', '1')]
INFO:__main__:ChildCNNModel(
  (model): Sequential(
    (0): Conv2d(3, 256, kernel_size=(3, 3), stride=(1, 1), padding=(1, 1))
    (1): ReLU()
    (2): MaxPool2d(kernel_size=2, stride=2, padding=0, dilation=1, ceil_mode=False)
    (3): Conv2d(256, 64, kernel_size=(3, 3), stride=(1, 1), padding=(1, 1))
    (4): ReLU()
    (5): MaxPool2d(kernel_size=2, stride=2, padding=0, dilation=1, ceil_mode=False)
    (6): Conv2d(64, 128, kernel_size=(3, 3), stride=(1, 1), padding=(1, 1))
    (7): ReLU()
    (8): MaxPool2d(kernel_size=2, stride=2, padding=0, dilation=1, ceil_mode=False)
    (9): Flatten(start_dim=1, end_dim=-1)
    (10): Linear(in_features=2048, out_features=512, bias=True)
    (11): ReLU()
    (12): Linear(in_features=512, out_features=256, bias=True)
    (13): ReLU()
    (14): Linear(in_features=256, out_features=10, bias=True)
  )
)
INFO:__main__:CHILD MODEL LOSS: 0.5774309620857239 with train time 56.98565649986267
INFO:__main__:CHILD MODEL ACCURACY: 0.7962
INFO:__main__:Policy gradient: 0.3491457402706146
INFO:__main__:
INFO:__main__:------ ITERATION 181 ------
INFO:__main__:Layers generated: [('32', '3', '1'), ('32', '3', '1'), ('64', '3', '2')]
INFO:__main__:ChildCNNModel(
  (model): Sequential(
    (0): Conv2d(3, 32, kernel_size=(3, 3), stride=(1, 1), padding=(1, 1))
    (1): ReLU()
    (2): MaxPool2d(kernel_size=2, stride=2, padding=0, dilation=1, ceil_mode=False)
    (3): Conv2d(32, 32, kernel_size=(3, 3), stride=(1, 1), padding=(1, 1))
    (4): ReLU()
    (5): MaxPool2d(kernel_size=2, stride=2, padding=0, dilation=1, ceil_mode=False)
    (6): Conv2d(32, 64, kernel_size=(3, 3), stride=(1, 1), padding=(2, 2))
    (7): ReLU()
    (8): MaxPool2d(kernel_size=2, stride=2, padding=0, dilation=1, ceil_mode=False)
    (9): Flatten(start_dim=1, end_dim=-1)
    (10): Linear(in_features=1600, out_features=512, bias=True)
    (11): ReLU()
    (12): Linear(in_features=512, out_features=256, bias=True)
    (13): ReLU()
    (14): Linear(in_features=256, out_features=10, bias=True)
  )
)
INFO:__main__:CHILD MODEL LOSS: 0.7139616401195527 with train time 31.14401650428772
INFO:__main__:CHILD MODEL ACCURACY: 0.7673
INFO:__main__:Policy gradient: 0.05965564772486687
INFO:__main__:
INFO:__main__:------ ITERATION 182 ------
INFO:__main__:Layers generated: [('64', '3', '2'), ('128', '3', '0'), ('64', '5', '2')]
INFO:__main__:ChildCNNModel(
  (model): Sequential(
    (0): Conv2d(3, 64, kernel_size=(3, 3), stride=(1, 1), padding=(2, 2))
    (1): ReLU()
    (2): MaxPool2d(kernel_size=2, stride=2, padding=0, dilation=1, ceil_mode=False)
    (3): Conv2d(64, 128, kernel_size=(3, 3), stride=(1, 1))
    (4): ReLU()
    (5): MaxPool2d(kernel_size=2, stride=2, padding=0, dilation=1, ceil_mode=False)
    (6): Conv2d(128, 64, kernel_size=(5, 5), stride=(1, 1), padding=(2, 2))
    (7): ReLU()
    (8): MaxPool2d(kernel_size=2, stride=2, padding=0, dilation=1, ceil_mode=False)
    (9): Flatten(start_dim=1, end_dim=-1)
    (10): Linear(in_features=576, out_features=512, bias=True)
    (11): ReLU()
    (12): Linear(in_features=512, out_features=256, bias=True)
    (13): ReLU()
    (14): Linear(in_features=256, out_features=10, bias=True)
  )
)
INFO:__main__:CHILD MODEL LOSS: 0.6012836014032363 with train time 35.529151916503906
INFO:__main__:CHILD MODEL ACCURACY: 0.7935
INFO:__main__:Policy gradient: 0.34645259380340576
INFO:__main__:
INFO:__main__:------ ITERATION 183 ------
INFO:__main__:Layers generated: [('64', '3', '0'), ('16', '1', '1'), ('16', '3', '1')]
INFO:__main__:ChildCNNModel(
  (model): Sequential(
    (0): Conv2d(3, 64, kernel_size=(3, 3), stride=(1, 1))
    (1): ReLU()
    (2): MaxPool2d(kernel_size=2, stride=2, padding=0, dilation=1, ceil_mode=False)
    (3): Conv2d(64, 16, kernel_size=(1, 1), stride=(1, 1), padding=(1, 1))
    (4): ReLU()
    (5): MaxPool2d(kernel_size=2, stride=2, padding=0, dilation=1, ceil_mode=False)
    (6): Conv2d(16, 16, kernel_size=(3, 3), stride=(1, 1), padding=(1, 1))
    (7): ReLU()
    (8): MaxPool2d(kernel_size=2, stride=2, padding=0, dilation=1, ceil_mode=False)
    (9): Flatten(start_dim=1, end_dim=-1)
    (10): Linear(in_features=256, out_features=512, bias=True)
    (11): ReLU()
    (12): Linear(in_features=512, out_features=256, bias=True)
    (13): ReLU()
    (14): Linear(in_features=256, out_features=10, bias=True)
  )
)
INFO:__main__:CHILD MODEL LOSS: 0.9429417986869812 with train time 31.88687491416931
INFO:__main__:CHILD MODEL ACCURACY: 0.6929
INFO:__main__:Policy gradient: -0.9250915050506592
INFO:__main__:
INFO:__main__:------ ITERATION 184 ------
INFO:__main__:Layers generated: [('32', '3', '1'), ('64', '3', '1'), ('16', '5', '2')]
INFO:__main__:ChildCNNModel(
  (model): Sequential(
    (0): Conv2d(3, 32, kernel_size=(3, 3), stride=(1, 1), padding=(1, 1))
    (1): ReLU()
    (2): MaxPool2d(kernel_size=2, stride=2, padding=0, dilation=1, ceil_mode=False)
    (3): Conv2d(32, 64, kernel_size=(3, 3), stride=(1, 1), padding=(1, 1))
    (4): ReLU()
    (5): MaxPool2d(kernel_size=2, stride=2, padding=0, dilation=1, ceil_mode=False)
    (6): Conv2d(64, 16, kernel_size=(5, 5), stride=(1, 1), padding=(2, 2))
    (7): ReLU()
    (8): MaxPool2d(kernel_size=2, stride=2, padding=0, dilation=1, ceil_mode=False)
    (9): Flatten(start_dim=1, end_dim=-1)
    (10): Linear(in_features=256, out_features=512, bias=True)
    (11): ReLU()
    (12): Linear(in_features=512, out_features=256, bias=True)
    (13): ReLU()
    (14): Linear(in_features=256, out_features=10, bias=True)
  )
)
INFO:__main__:CHILD MODEL LOSS: 0.7639758286476135 with train time 31.113232851028442
INFO:__main__:CHILD MODEL ACCURACY: 0.755
INFO:__main__:Policy gradient: -0.023776479065418243
INFO:__main__:
INFO:__main__:------ ITERATION 185 ------
INFO:__main__:Layers generated: [('16', '1', '2'), ('256', '3', '1'), ('16', '1', '2')]
INFO:__main__:ChildCNNModel(
  (model): Sequential(
    (0): Conv2d(3, 16, kernel_size=(1, 1), stride=(1, 1), padding=(2, 2))
    (1): ReLU()
    (2): MaxPool2d(kernel_size=2, stride=2, padding=0, dilation=1, ceil_mode=False)
    (3): Conv2d(16, 256, kernel_size=(3, 3), stride=(1, 1), padding=(1, 1))
    (4): ReLU()
    (5): MaxPool2d(kernel_size=2, stride=2, padding=0, dilation=1, ceil_mode=False)
    (6): Conv2d(256, 16, kernel_size=(1, 1), stride=(1, 1), padding=(2, 2))
    (7): ReLU()
    (8): MaxPool2d(kernel_size=2, stride=2, padding=0, dilation=1, ceil_mode=False)
    (9): Flatten(start_dim=1, end_dim=-1)
    (10): Linear(in_features=576, out_features=512, bias=True)
    (11): ReLU()
    (12): Linear(in_features=512, out_features=256, bias=True)
    (13): ReLU()
    (14): Linear(in_features=256, out_features=10, bias=True)
  )
)
INFO:__main__:CHILD MODEL LOSS: 0.9995797581672669 with train time 34.35568618774414
INFO:__main__:CHILD MODEL ACCURACY: 0.663
INFO:__main__:Policy gradient: -1.2227164506912231
INFO:__main__:
INFO:__main__:------ ITERATION 186 ------
INFO:__main__:Layers generated: [('32', '3', '0'), ('256', '1', '2'), ('256', '3', '1')]
INFO:__main__:ChildCNNModel(
  (model): Sequential(
    (0): Conv2d(3, 32, kernel_size=(3, 3), stride=(1, 1))
    (1): ReLU()
    (2): MaxPool2d(kernel_size=2, stride=2, padding=0, dilation=1, ceil_mode=False)
    (3): Conv2d(32, 256, kernel_size=(1, 1), stride=(1, 1), padding=(2, 2))
    (4): ReLU()
    (5): MaxPool2d(kernel_size=2, stride=2, padding=0, dilation=1, ceil_mode=False)
    (6): Conv2d(256, 256, kernel_size=(3, 3), stride=(1, 1), padding=(1, 1))
    (7): ReLU()
    (8): MaxPool2d(kernel_size=2, stride=2, padding=0, dilation=1, ceil_mode=False)
    (9): Flatten(start_dim=1, end_dim=-1)
    (10): Linear(in_features=4096, out_features=512, bias=True)
    (11): ReLU()
    (12): Linear(in_features=512, out_features=256, bias=True)
    (13): ReLU()
    (14): Linear(in_features=256, out_features=10, bias=True)
  )
)
INFO:__main__:CHILD MODEL LOSS: 0.5957937997579574 with train time 39.187949419021606
INFO:__main__:CHILD MODEL ACCURACY: 0.7987
INFO:__main__:Policy gradient: 0.551425039768219
INFO:__main__:
INFO:__main__:------ ITERATION 187 ------
INFO:__main__:Layers generated: [('16', '3', '0'), ('32', '3', '1'), ('128', '3', '2')]
INFO:__main__:ChildCNNModel(
  (model): Sequential(
    (0): Conv2d(3, 16, kernel_size=(3, 3), stride=(1, 1))
    (1): ReLU()
    (2): MaxPool2d(kernel_size=2, stride=2, padding=0, dilation=1, ceil_mode=False)
    (3): Conv2d(16, 32, kernel_size=(3, 3), stride=(1, 1), padding=(1, 1))
    (4): ReLU()
    (5): MaxPool2d(kernel_size=2, stride=2, padding=0, dilation=1, ceil_mode=False)
    (6): Conv2d(32, 128, kernel_size=(3, 3), stride=(1, 1), padding=(2, 2))
    (7): ReLU()
    (8): MaxPool2d(kernel_size=2, stride=2, padding=0, dilation=1, ceil_mode=False)
    (9): Flatten(start_dim=1, end_dim=-1)
    (10): Linear(in_features=2048, out_features=512, bias=True)
    (11): ReLU()
    (12): Linear(in_features=512, out_features=256, bias=True)
    (13): ReLU()
    (14): Linear(in_features=256, out_features=10, bias=True)
  )
)
INFO:__main__:CHILD MODEL LOSS: 0.7146623804569244 with train time 30.390941858291626
INFO:__main__:CHILD MODEL ACCURACY: 0.7634
INFO:__main__:Policy gradient: 0.10885033011436462
INFO:__main__:
INFO:__main__:------ ITERATION 188 ------
INFO:__main__:Layers generated: [('256', '3', '2'), ('32', '3', '2'), ('128', '3', '0')]
INFO:__main__:ChildCNNModel(
  (model): Sequential(
    (0): Conv2d(3, 256, kernel_size=(3, 3), stride=(1, 1), padding=(2, 2))
    (1): ReLU()
    (2): MaxPool2d(kernel_size=2, stride=2, padding=0, dilation=1, ceil_mode=False)
    (3): Conv2d(256, 32, kernel_size=(3, 3), stride=(1, 1), padding=(2, 2))
    (4): ReLU()
    (5): MaxPool2d(kernel_size=2, stride=2, padding=0, dilation=1, ceil_mode=False)
    (6): Conv2d(32, 128, kernel_size=(3, 3), stride=(1, 1))
    (7): ReLU()
    (8): MaxPool2d(kernel_size=2, stride=2, padding=0, dilation=1, ceil_mode=False)
    (9): Flatten(start_dim=1, end_dim=-1)
    (10): Linear(in_features=1152, out_features=512, bias=True)
    (11): ReLU()
    (12): Linear(in_features=512, out_features=256, bias=True)
    (13): ReLU()
    (14): Linear(in_features=256, out_features=10, bias=True)
  )
)
INFO:__main__:CHILD MODEL LOSS: 0.6767792675495148 with train time 64.12405157089233
INFO:__main__:CHILD MODEL ACCURACY: 0.766
INFO:__main__:Policy gradient: 0.0934285894036293
INFO:__main__:
INFO:__main__:------ ITERATION 189 ------
INFO:__main__:Layers generated: [('32', '3', '2'), ('256', '3', '1'), ('64', '1', '1')]
INFO:__main__:ChildCNNModel(
  (model): Sequential(
    (0): Conv2d(3, 32, kernel_size=(3, 3), stride=(1, 1), padding=(2, 2))
    (1): ReLU()
    (2): MaxPool2d(kernel_size=2, stride=2, padding=0, dilation=1, ceil_mode=False)
    (3): Conv2d(32, 256, kernel_size=(3, 3), stride=(1, 1), padding=(1, 1))
    (4): ReLU()
    (5): MaxPool2d(kernel_size=2, stride=2, padding=0, dilation=1, ceil_mode=False)
    (6): Conv2d(256, 64, kernel_size=(1, 1), stride=(1, 1), padding=(1, 1))
    (7): ReLU()
    (8): MaxPool2d(kernel_size=2, stride=2, padding=0, dilation=1, ceil_mode=False)
    (9): Flatten(start_dim=1, end_dim=-1)
    (10): Linear(in_features=1600, out_features=512, bias=True)
    (11): ReLU()
    (12): Linear(in_features=512, out_features=256, bias=True)
    (13): ReLU()
    (14): Linear(in_features=256, out_features=10, bias=True)
  )
)
INFO:__main__:CHILD MODEL LOSS: 0.6648870954513549 with train time 36.117595195770264
INFO:__main__:CHILD MODEL ACCURACY: 0.7719
INFO:__main__:Policy gradient: 0.15985679626464844
INFO:__main__:
INFO:__main__:------ ITERATION 190 ------
INFO:__main__:Layers generated: [('64', '5', '2'), ('16', '5', '0'), ('32', '5', '1')]
INFO:__main__:ChildCNNModel(
  (model): Sequential(
    (0): Conv2d(3, 64, kernel_size=(5, 5), stride=(1, 1), padding=(2, 2))
    (1): ReLU()
    (2): MaxPool2d(kernel_size=2, stride=2, padding=0, dilation=1, ceil_mode=False)
    (3): Conv2d(64, 16, kernel_size=(5, 5), stride=(1, 1))
    (4): ReLU()
    (5): MaxPool2d(kernel_size=2, stride=2, padding=0, dilation=1, ceil_mode=False)
    (6): Conv2d(16, 32, kernel_size=(5, 5), stride=(1, 1), padding=(1, 1))
    (7): ReLU()
    (8): MaxPool2d(kernel_size=2, stride=2, padding=0, dilation=1, ceil_mode=False)
    (9): Flatten(start_dim=1, end_dim=-1)
    (10): Linear(in_features=128, out_features=512, bias=True)
    (11): ReLU()
    (12): Linear(in_features=512, out_features=256, bias=True)
    (13): ReLU()
    (14): Linear(in_features=256, out_features=10, bias=True)
  )
)
INFO:__main__:CHILD MODEL LOSS: 0.8986850798130035 with train time 33.28863573074341
INFO:__main__:CHILD MODEL ACCURACY: 0.6998
INFO:__main__:Policy gradient: -0.771680474281311
INFO:__main__:
INFO:__main__:------ ITERATION 191 ------
INFO:__main__:Layers generated: [('16', '3', '1'), ('256', '3', '0'), ('64', '5', '2')]
INFO:__main__:ChildCNNModel(
  (model): Sequential(
    (0): Conv2d(3, 16, kernel_size=(3, 3), stride=(1, 1), padding=(1, 1))
    (1): ReLU()
    (2): MaxPool2d(kernel_size=2, stride=2, padding=0, dilation=1, ceil_mode=False)
    (3): Conv2d(16, 256, kernel_size=(3, 3), stride=(1, 1))
    (4): ReLU()
    (5): MaxPool2d(kernel_size=2, stride=2, padding=0, dilation=1, ceil_mode=False)
    (6): Conv2d(256, 64, kernel_size=(5, 5), stride=(1, 1), padding=(2, 2))
    (7): ReLU()
    (8): MaxPool2d(kernel_size=2, stride=2, padding=0, dilation=1, ceil_mode=False)
    (9): Flatten(start_dim=1, end_dim=-1)
    (10): Linear(in_features=576, out_features=512, bias=True)
    (11): ReLU()
    (12): Linear(in_features=512, out_features=256, bias=True)
    (13): ReLU()
    (14): Linear(in_features=256, out_features=10, bias=True)
  )
)
INFO:__main__:CHILD MODEL LOSS: 0.6367577681541443 with train time 33.19824719429016
INFO:__main__:CHILD MODEL ACCURACY: 0.7873
INFO:__main__:Policy gradient: 0.41005703806877136
INFO:__main__:
INFO:__main__:------ ITERATION 192 ------
INFO:__main__:Layers generated: [('32', '3', '2'), ('128', '3', '2'), ('64', '3', '0')]
INFO:__main__:ChildCNNModel(
  (model): Sequential(
    (0): Conv2d(3, 32, kernel_size=(3, 3), stride=(1, 1), padding=(2, 2))
    (1): ReLU()
    (2): MaxPool2d(kernel_size=2, stride=2, padding=0, dilation=1, ceil_mode=False)
    (3): Conv2d(32, 128, kernel_size=(3, 3), stride=(1, 1), padding=(2, 2))
    (4): ReLU()
    (5): MaxPool2d(kernel_size=2, stride=2, padding=0, dilation=1, ceil_mode=False)
    (6): Conv2d(128, 64, kernel_size=(3, 3), stride=(1, 1))
    (7): ReLU()
    (8): MaxPool2d(kernel_size=2, stride=2, padding=0, dilation=1, ceil_mode=False)
    (9): Flatten(start_dim=1, end_dim=-1)
    (10): Linear(in_features=576, out_features=512, bias=True)
    (11): ReLU()
    (12): Linear(in_features=512, out_features=256, bias=True)
    (13): ReLU()
    (14): Linear(in_features=256, out_features=10, bias=True)
  )
)
INFO:__main__:CHILD MODEL LOSS: 0.6649740097522736 with train time 33.873714208602905
INFO:__main__:CHILD MODEL ACCURACY: 0.7835
INFO:__main__:Policy gradient: 0.24951788783073425
INFO:__main__:
INFO:__main__:------ ITERATION 193 ------
INFO:__main__:Layers generated: [('128', '3', '1'), ('32', '3', '1'), ('256', '3', '1')]
INFO:__main__:ChildCNNModel(
  (model): Sequential(
    (0): Conv2d(3, 128, kernel_size=(3, 3), stride=(1, 1), padding=(1, 1))
    (1): ReLU()
    (2): MaxPool2d(kernel_size=2, stride=2, padding=0, dilation=1, ceil_mode=False)
    (3): Conv2d(128, 32, kernel_size=(3, 3), stride=(1, 1), padding=(1, 1))
    (4): ReLU()
    (5): MaxPool2d(kernel_size=2, stride=2, padding=0, dilation=1, ceil_mode=False)
    (6): Conv2d(32, 256, kernel_size=(3, 3), stride=(1, 1), padding=(1, 1))
    (7): ReLU()
    (8): MaxPool2d(kernel_size=2, stride=2, padding=0, dilation=1, ceil_mode=False)
    (9): Flatten(start_dim=1, end_dim=-1)
    (10): Linear(in_features=4096, out_features=512, bias=True)
    (11): ReLU()
    (12): Linear(in_features=512, out_features=256, bias=True)
    (13): ReLU()
    (14): Linear(in_features=256, out_features=10, bias=True)
  )
)
INFO:__main__:CHILD MODEL LOSS: 0.558058368563652 with train time 37.843974351882935
INFO:__main__:CHILD MODEL ACCURACY: 0.7972
INFO:__main__:Policy gradient: 0.36946016550064087
INFO:__main__:
INFO:__main__:------ ITERATION 194 ------
INFO:__main__:Layers generated: [('256', '5', '2'), ('64', '3', '2'), ('256', '5', '2')]
INFO:__main__:ChildCNNModel(
  (model): Sequential(
    (0): Conv2d(3, 256, kernel_size=(5, 5), stride=(1, 1), padding=(2, 2))
    (1): ReLU()
    (2): MaxPool2d(kernel_size=2, stride=2, padding=0, dilation=1, ceil_mode=False)
    (3): Conv2d(256, 64, kernel_size=(3, 3), stride=(1, 1), padding=(2, 2))
    (4): ReLU()
    (5): MaxPool2d(kernel_size=2, stride=2, padding=0, dilation=1, ceil_mode=False)
    (6): Conv2d(64, 256, kernel_size=(5, 5), stride=(1, 1), padding=(2, 2))
    (7): ReLU()
    (8): MaxPool2d(kernel_size=2, stride=2, padding=0, dilation=1, ceil_mode=False)
    (9): Flatten(start_dim=1, end_dim=-1)
    (10): Linear(in_features=4096, out_features=512, bias=True)
    (11): ReLU()
    (12): Linear(in_features=512, out_features=256, bias=True)
    (13): ReLU()
    (14): Linear(in_features=256, out_features=10, bias=True)
  )
)
INFO:__main__:CHILD MODEL LOSS: 0.575612595319748 with train time 69.0259325504303
INFO:__main__:CHILD MODEL ACCURACY: 0.7848
INFO:__main__:Policy gradient: 0.23546749353408813
INFO:__main__:
INFO:__main__:------ ITERATION 195 ------
INFO:__main__:Layers generated: [('256', '3', '2'), ('32', '3', '2'), ('16', '3', '0')]
INFO:__main__:ChildCNNModel(
  (model): Sequential(
    (0): Conv2d(3, 256, kernel_size=(3, 3), stride=(1, 1), padding=(2, 2))
    (1): ReLU()
    (2): MaxPool2d(kernel_size=2, stride=2, padding=0, dilation=1, ceil_mode=False)
    (3): Conv2d(256, 32, kernel_size=(3, 3), stride=(1, 1), padding=(2, 2))
    (4): ReLU()
    (5): MaxPool2d(kernel_size=2, stride=2, padding=0, dilation=1, ceil_mode=False)
    (6): Conv2d(32, 16, kernel_size=(3, 3), stride=(1, 1))
    (7): ReLU()
    (8): MaxPool2d(kernel_size=2, stride=2, padding=0, dilation=1, ceil_mode=False)
    (9): Flatten(start_dim=1, end_dim=-1)
    (10): Linear(in_features=144, out_features=512, bias=True)
    (11): ReLU()
    (12): Linear(in_features=512, out_features=256, bias=True)
    (13): ReLU()
    (14): Linear(in_features=256, out_features=10, bias=True)
  )
)
INFO:__main__:CHILD MODEL LOSS: 0.8368979399204254 with train time 63.41133975982666
INFO:__main__:CHILD MODEL ACCURACY: 0.7248
INFO:__main__:Policy gradient: -0.31441712379455566
INFO:__main__:
INFO:__main__:------ ITERATION 196 ------
INFO:__main__:Layers generated: [('256', '3', '2'), ('256', '3', '0'), ('64', '3', '0')]
INFO:__main__:ChildCNNModel(
  (model): Sequential(
    (0): Conv2d(3, 256, kernel_size=(3, 3), stride=(1, 1), padding=(2, 2))
    (1): ReLU()
    (2): MaxPool2d(kernel_size=2, stride=2, padding=0, dilation=1, ceil_mode=False)
    (3): Conv2d(256, 256, kernel_size=(3, 3), stride=(1, 1))
    (4): ReLU()
    (5): MaxPool2d(kernel_size=2, stride=2, padding=0, dilation=1, ceil_mode=False)
    (6): Conv2d(256, 64, kernel_size=(3, 3), stride=(1, 1))
    (7): ReLU()
    (8): MaxPool2d(kernel_size=2, stride=2, padding=0, dilation=1, ceil_mode=False)
    (9): Flatten(start_dim=1, end_dim=-1)
    (10): Linear(in_features=256, out_features=512, bias=True)
    (11): ReLU()
    (12): Linear(in_features=512, out_features=256, bias=True)
    (13): ReLU()
    (14): Linear(in_features=256, out_features=10, bias=True)
  )
)
INFO:__main__:CHILD MODEL LOSS: 0.7493354110717774 with train time 84.99606537818909
INFO:__main__:CHILD MODEL ACCURACY: 0.7598
INFO:__main__:Policy gradient: -0.0009399044211022556
INFO:__main__:
INFO:__main__:------ ITERATION 197 ------
INFO:__main__:Layers generated: [('256', '3', '0'), ('256', '1', '2'), ('32', '3', '0')]
INFO:__main__:ChildCNNModel(
  (model): Sequential(
    (0): Conv2d(3, 256, kernel_size=(3, 3), stride=(1, 1))
    (1): ReLU()
    (2): MaxPool2d(kernel_size=2, stride=2, padding=0, dilation=1, ceil_mode=False)
    (3): Conv2d(256, 256, kernel_size=(1, 1), stride=(1, 1), padding=(2, 2))
    (4): ReLU()
    (5): MaxPool2d(kernel_size=2, stride=2, padding=0, dilation=1, ceil_mode=False)
    (6): Conv2d(256, 32, kernel_size=(3, 3), stride=(1, 1))
    (7): ReLU()
    (8): MaxPool2d(kernel_size=2, stride=2, padding=0, dilation=1, ceil_mode=False)
    (9): Flatten(start_dim=1, end_dim=-1)
    (10): Linear(in_features=288, out_features=512, bias=True)
    (11): ReLU()
    (12): Linear(in_features=512, out_features=256, bias=True)
    (13): ReLU()
    (14): Linear(in_features=256, out_features=10, bias=True)
  )
)
INFO:__main__:CHILD MODEL LOSS: 0.7856272978782654 with train time 61.93670153617859
INFO:__main__:CHILD MODEL ACCURACY: 0.7545
INFO:__main__:Policy gradient: -0.05863963067531586
INFO:__main__:
INFO:__main__:------ ITERATION 198 ------
INFO:__main__:Layers generated: [('256', '3', '2'), ('256', '3', '1'), ('64', '3', '0')]
INFO:__main__:ChildCNNModel(
  (model): Sequential(
    (0): Conv2d(3, 256, kernel_size=(3, 3), stride=(1, 1), padding=(2, 2))
    (1): ReLU()
    (2): MaxPool2d(kernel_size=2, stride=2, padding=0, dilation=1, ceil_mode=False)
    (3): Conv2d(256, 256, kernel_size=(3, 3), stride=(1, 1), padding=(1, 1))
    (4): ReLU()
    (5): MaxPool2d(kernel_size=2, stride=2, padding=0, dilation=1, ceil_mode=False)
    (6): Conv2d(256, 64, kernel_size=(3, 3), stride=(1, 1))
    (7): ReLU()
    (8): MaxPool2d(kernel_size=2, stride=2, padding=0, dilation=1, ceil_mode=False)
    (9): Flatten(start_dim=1, end_dim=-1)
    (10): Linear(in_features=576, out_features=512, bias=True)
    (11): ReLU()
    (12): Linear(in_features=512, out_features=256, bias=True)
    (13): ReLU()
    (14): Linear(in_features=256, out_features=10, bias=True)
  )
)
INFO:__main__:CHILD MODEL LOSS: 0.6563724867105484 with train time 91.84593939781189
INFO:__main__:CHILD MODEL ACCURACY: 0.785
INFO:__main__:Policy gradient: 0.1985311061143875
INFO:__main__:
INFO:__main__:------ ITERATION 199 ------
INFO:__main__:Layers generated: [('64', '3', '1'), ('128', '5', '1'), ('256', '3', '2')]
INFO:__main__:ChildCNNModel(
  (model): Sequential(
    (0): Conv2d(3, 64, kernel_size=(3, 3), stride=(1, 1), padding=(1, 1))
    (1): ReLU()
    (2): MaxPool2d(kernel_size=2, stride=2, padding=0, dilation=1, ceil_mode=False)
    (3): Conv2d(64, 128, kernel_size=(5, 5), stride=(1, 1), padding=(1, 1))
    (4): ReLU()
    (5): MaxPool2d(kernel_size=2, stride=2, padding=0, dilation=1, ceil_mode=False)
    (6): Conv2d(128, 256, kernel_size=(3, 3), stride=(1, 1), padding=(2, 2))
    (7): ReLU()
    (8): MaxPool2d(kernel_size=2, stride=2, padding=0, dilation=1, ceil_mode=False)
    (9): Flatten(start_dim=1, end_dim=-1)
    (10): Linear(in_features=4096, out_features=512, bias=True)
    (11): ReLU()
    (12): Linear(in_features=512, out_features=256, bias=True)
    (13): ReLU()
    (14): Linear(in_features=256, out_features=10, bias=True)
  )
)
INFO:__main__:CHILD MODEL LOSS: 0.5429534025192261 with train time 38.38776969909668
INFO:__main__:CHILD MODEL ACCURACY: 0.7915
INFO:__main__:Policy gradient: 0.3214092254638672
INFO:__main__:
INFO:__main__:------ ITERATION 200 ------
INFO:__main__:Layers generated: [('32', '3', '2'), ('128', '3', '1'), ('64', '3', '1')]
INFO:__main__:ChildCNNModel(
  (model): Sequential(
    (0): Conv2d(3, 32, kernel_size=(3, 3), stride=(1, 1), padding=(2, 2))
    (1): ReLU()
    (2): MaxPool2d(kernel_size=2, stride=2, padding=0, dilation=1, ceil_mode=False)
    (3): Conv2d(32, 128, kernel_size=(3, 3), stride=(1, 1), padding=(1, 1))
    (4): ReLU()
    (5): MaxPool2d(kernel_size=2, stride=2, padding=0, dilation=1, ceil_mode=False)
    (6): Conv2d(128, 64, kernel_size=(3, 3), stride=(1, 1), padding=(1, 1))
    (7): ReLU()
    (8): MaxPool2d(kernel_size=2, stride=2, padding=0, dilation=1, ceil_mode=False)
    (9): Flatten(start_dim=1, end_dim=-1)
    (10): Linear(in_features=1024, out_features=512, bias=True)
    (11): ReLU()
    (12): Linear(in_features=512, out_features=256, bias=True)
    (13): ReLU()
    (14): Linear(in_features=256, out_features=10, bias=True)
  )
)
INFO:__main__:CHILD MODEL LOSS: 0.6162995147705078 with train time 33.22464394569397
INFO:__main__:CHILD MODEL ACCURACY: 0.7844
INFO:__main__:Policy gradient: 0.1597955971956253
INFO:__main__:
INFO:__main__:------ ITERATION 201 ------
INFO:__main__:Layers generated: [('128', '3', '2'), ('256', '3', '2'), ('64', '3', '2')]
INFO:__main__:ChildCNNModel(
  (model): Sequential(
    (0): Conv2d(3, 128, kernel_size=(3, 3), stride=(1, 1), padding=(2, 2))
    (1): ReLU()
    (2): MaxPool2d(kernel_size=2, stride=2, padding=0, dilation=1, ceil_mode=False)
    (3): Conv2d(128, 256, kernel_size=(3, 3), stride=(1, 1), padding=(2, 2))
    (4): ReLU()
    (5): MaxPool2d(kernel_size=2, stride=2, padding=0, dilation=1, ceil_mode=False)
    (6): Conv2d(256, 64, kernel_size=(3, 3), stride=(1, 1), padding=(2, 2))
    (7): ReLU()
    (8): MaxPool2d(kernel_size=2, stride=2, padding=0, dilation=1, ceil_mode=False)
    (9): Flatten(start_dim=1, end_dim=-1)
    (10): Linear(in_features=1600, out_features=512, bias=True)
    (11): ReLU()
    (12): Linear(in_features=512, out_features=256, bias=True)
    (13): ReLU()
    (14): Linear(in_features=256, out_features=10, bias=True)
  )
)
INFO:__main__:CHILD MODEL LOSS: 0.5904026427268982 with train time 68.63657402992249
INFO:__main__:CHILD MODEL ACCURACY: 0.792
INFO:__main__:Policy gradient: 0.21178500354290009
INFO:__main__:
INFO:__main__:------ ITERATION 202 ------
INFO:__main__:Layers generated: [('64', '3', '2'), ('128', '3', '0'), ('32', '3', '1')]
INFO:__main__:ChildCNNModel(
  (model): Sequential(
    (0): Conv2d(3, 64, kernel_size=(3, 3), stride=(1, 1), padding=(2, 2))
    (1): ReLU()
    (2): MaxPool2d(kernel_size=2, stride=2, padding=0, dilation=1, ceil_mode=False)
    (3): Conv2d(64, 128, kernel_size=(3, 3), stride=(1, 1))
    (4): ReLU()
    (5): MaxPool2d(kernel_size=2, stride=2, padding=0, dilation=1, ceil_mode=False)
    (6): Conv2d(128, 32, kernel_size=(3, 3), stride=(1, 1), padding=(1, 1))
    (7): ReLU()
    (8): MaxPool2d(kernel_size=2, stride=2, padding=0, dilation=1, ceil_mode=False)
    (9): Flatten(start_dim=1, end_dim=-1)
    (10): Linear(in_features=288, out_features=512, bias=True)
    (11): ReLU()
    (12): Linear(in_features=512, out_features=256, bias=True)
    (13): ReLU()
    (14): Linear(in_features=256, out_features=10, bias=True)
  )
)
INFO:__main__:CHILD MODEL LOSS: 0.7329886236190796 with train time 35.50951790809631
INFO:__main__:CHILD MODEL ACCURACY: 0.7509
INFO:__main__:Policy gradient: -0.17077553272247314
INFO:__main__:
INFO:__main__:------ ITERATION 203 ------
INFO:__main__:Layers generated: [('256', '5', '1'), ('16', '3', '0'), ('256', '3', '0')]
INFO:__main__:ChildCNNModel(
  (model): Sequential(
    (0): Conv2d(3, 256, kernel_size=(5, 5), stride=(1, 1), padding=(1, 1))
    (1): ReLU()
    (2): MaxPool2d(kernel_size=2, stride=2, padding=0, dilation=1, ceil_mode=False)
    (3): Conv2d(256, 16, kernel_size=(3, 3), stride=(1, 1))
    (4): ReLU()
    (5): MaxPool2d(kernel_size=2, stride=2, padding=0, dilation=1, ceil_mode=False)
    (6): Conv2d(16, 256, kernel_size=(3, 3), stride=(1, 1))
    (7): ReLU()
    (8): MaxPool2d(kernel_size=2, stride=2, padding=0, dilation=1, ceil_mode=False)
    (9): Flatten(start_dim=1, end_dim=-1)
    (10): Linear(in_features=1024, out_features=512, bias=True)
    (11): ReLU()
    (12): Linear(in_features=512, out_features=256, bias=True)
    (13): ReLU()
    (14): Linear(in_features=256, out_features=10, bias=True)
  )
)
INFO:__main__:CHILD MODEL LOSS: 0.7560093927383423 with train time 47.747957706451416
INFO:__main__:CHILD MODEL ACCURACY: 0.7559
INFO:__main__:Policy gradient: -0.13582248985767365
INFO:__main__:
INFO:__main__:------ ITERATION 204 ------
INFO:__main__:Layers generated: [('256', '1', '0'), ('32', '3', '2'), ('32', '3', '0')]
INFO:__main__:ChildCNNModel(
  (model): Sequential(
    (0): Conv2d(3, 256, kernel_size=(1, 1), stride=(1, 1))
    (1): ReLU()
    (2): MaxPool2d(kernel_size=2, stride=2, padding=0, dilation=1, ceil_mode=False)
    (3): Conv2d(256, 32, kernel_size=(3, 3), stride=(1, 1), padding=(2, 2))
    (4): ReLU()
    (5): MaxPool2d(kernel_size=2, stride=2, padding=0, dilation=1, ceil_mode=False)
    (6): Conv2d(32, 32, kernel_size=(3, 3), stride=(1, 1))
    (7): ReLU()
    (8): MaxPool2d(kernel_size=2, stride=2, padding=0, dilation=1, ceil_mode=False)
    (9): Flatten(start_dim=1, end_dim=-1)
    (10): Linear(in_features=288, out_features=512, bias=True)
    (11): ReLU()
    (12): Linear(in_features=512, out_features=256, bias=True)
    (13): ReLU()
    (14): Linear(in_features=256, out_features=10, bias=True)
  )
)
INFO:__main__:CHILD MODEL LOSS: 0.989009212732315 with train time 52.26786971092224
INFO:__main__:CHILD MODEL ACCURACY: 0.6676
INFO:__main__:Policy gradient: -1.1150952577590942
INFO:__main__:
INFO:__main__:------ ITERATION 205 ------
INFO:__main__:Layers generated: [('16', '3', '1'), ('256', '3', '1'), ('256', '3', '2')]
INFO:__main__:ChildCNNModel(
  (model): Sequential(
    (0): Conv2d(3, 16, kernel_size=(3, 3), stride=(1, 1), padding=(1, 1))
    (1): ReLU()
    (2): MaxPool2d(kernel_size=2, stride=2, padding=0, dilation=1, ceil_mode=False)
    (3): Conv2d(16, 256, kernel_size=(3, 3), stride=(1, 1), padding=(1, 1))
    (4): ReLU()
    (5): MaxPool2d(kernel_size=2, stride=2, padding=0, dilation=1, ceil_mode=False)
    (6): Conv2d(256, 256, kernel_size=(3, 3), stride=(1, 1), padding=(2, 2))
    (7): ReLU()
    (8): MaxPool2d(kernel_size=2, stride=2, padding=0, dilation=1, ceil_mode=False)
    (9): Flatten(start_dim=1, end_dim=-1)
    (10): Linear(in_features=6400, out_features=512, bias=True)
    (11): ReLU()
    (12): Linear(in_features=512, out_features=256, bias=True)
    (13): ReLU()
    (14): Linear(in_features=256, out_features=10, bias=True)
  )
)
INFO:__main__:CHILD MODEL LOSS: 0.5381064039468765 with train time 38.08042812347412
INFO:__main__:CHILD MODEL ACCURACY: 0.7985
INFO:__main__:Policy gradient: 0.3810053765773773
INFO:__main__:
INFO:__main__:------ ITERATION 206 ------
INFO:__main__:Layers generated: [('128', '5', '2'), ('32', '3', '2'), ('32', '5', '0')]
INFO:__main__:ChildCNNModel(
  (model): Sequential(
    (0): Conv2d(3, 128, kernel_size=(5, 5), stride=(1, 1), padding=(2, 2))
    (1): ReLU()
    (2): MaxPool2d(kernel_size=2, stride=2, padding=0, dilation=1, ceil_mode=False)
    (3): Conv2d(128, 32, kernel_size=(3, 3), stride=(1, 1), padding=(2, 2))
    (4): ReLU()
    (5): MaxPool2d(kernel_size=2, stride=2, padding=0, dilation=1, ceil_mode=False)
    (6): Conv2d(32, 32, kernel_size=(5, 5), stride=(1, 1))
    (7): ReLU()
    (8): MaxPool2d(kernel_size=2, stride=2, padding=0, dilation=1, ceil_mode=False)
    (9): Flatten(start_dim=1, end_dim=-1)
    (10): Linear(in_features=128, out_features=512, bias=True)
    (11): ReLU()
    (12): Linear(in_features=512, out_features=256, bias=True)
    (13): ReLU()
    (14): Linear(in_features=256, out_features=10, bias=True)
  )
)
INFO:__main__:CHILD MODEL LOSS: 0.818831690788269 with train time 38.7664155960083
INFO:__main__:CHILD MODEL ACCURACY: 0.7185
INFO:__main__:Policy gradient: -0.48974642157554626
INFO:__main__:
INFO:__main__:------ ITERATION 207 ------
INFO:__main__:Layers generated: [('128', '3', '2'), ('32', '5', '2'), ('128', '3', '1')]
INFO:__main__:ChildCNNModel(
  (model): Sequential(
    (0): Conv2d(3, 128, kernel_size=(3, 3), stride=(1, 1), padding=(2, 2))
    (1): ReLU()
    (2): MaxPool2d(kernel_size=2, stride=2, padding=0, dilation=1, ceil_mode=False)
    (3): Conv2d(128, 32, kernel_size=(5, 5), stride=(1, 1), padding=(2, 2))
    (4): ReLU()
    (5): MaxPool2d(kernel_size=2, stride=2, padding=0, dilation=1, ceil_mode=False)
    (6): Conv2d(32, 128, kernel_size=(3, 3), stride=(1, 1), padding=(1, 1))
    (7): ReLU()
    (8): MaxPool2d(kernel_size=2, stride=2, padding=0, dilation=1, ceil_mode=False)
    (9): Flatten(start_dim=1, end_dim=-1)
    (10): Linear(in_features=2048, out_features=512, bias=True)
    (11): ReLU()
    (12): Linear(in_features=512, out_features=256, bias=True)
    (13): ReLU()
    (14): Linear(in_features=256, out_features=10, bias=True)
  )
)
INFO:__main__:CHILD MODEL LOSS: 0.6390615355968475 with train time 41.10090517997742
INFO:__main__:CHILD MODEL ACCURACY: 0.791
INFO:__main__:Policy gradient: 0.3477831482887268
INFO:__main__:
INFO:__main__:------ ITERATION 208 ------
INFO:__main__:Layers generated: [('256', '5', '1'), ('64', '3', '1'), ('16', '5', '1')]
INFO:__main__:ChildCNNModel(
  (model): Sequential(
    (0): Conv2d(3, 256, kernel_size=(5, 5), stride=(1, 1), padding=(1, 1))
    (1): ReLU()
    (2): MaxPool2d(kernel_size=2, stride=2, padding=0, dilation=1, ceil_mode=False)
    (3): Conv2d(256, 64, kernel_size=(3, 3), stride=(1, 1), padding=(1, 1))
    (4): ReLU()
    (5): MaxPool2d(kernel_size=2, stride=2, padding=0, dilation=1, ceil_mode=False)
    (6): Conv2d(64, 16, kernel_size=(5, 5), stride=(1, 1), padding=(1, 1))
    (7): ReLU()
    (8): MaxPool2d(kernel_size=2, stride=2, padding=0, dilation=1, ceil_mode=False)
    (9): Flatten(start_dim=1, end_dim=-1)
    (10): Linear(in_features=64, out_features=512, bias=True)
    (11): ReLU()
    (12): Linear(in_features=512, out_features=256, bias=True)
    (13): ReLU()
    (14): Linear(in_features=256, out_features=10, bias=True)
  )
)
INFO:__main__:CHILD MODEL LOSS: 0.8672250216007232 with train time 51.53198003768921
INFO:__main__:CHILD MODEL ACCURACY: 0.7173
INFO:__main__:Policy gradient: -0.5051963925361633
INFO:__main__:
INFO:__main__:------ ITERATION 209 ------
INFO:__main__:Layers generated: [('64', '3', '2'), ('128', '3', '1'), ('256', '1', '2')]
INFO:__main__:ChildCNNModel(
  (model): Sequential(
    (0): Conv2d(3, 64, kernel_size=(3, 3), stride=(1, 1), padding=(2, 2))
    (1): ReLU()
    (2): MaxPool2d(kernel_size=2, stride=2, padding=0, dilation=1, ceil_mode=False)
    (3): Conv2d(64, 128, kernel_size=(3, 3), stride=(1, 1), padding=(1, 1))
    (4): ReLU()
    (5): MaxPool2d(kernel_size=2, stride=2, padding=0, dilation=1, ceil_mode=False)
    (6): Conv2d(128, 256, kernel_size=(1, 1), stride=(1, 1), padding=(2, 2))
    (7): ReLU()
    (8): MaxPool2d(kernel_size=2, stride=2, padding=0, dilation=1, ceil_mode=False)
    (9): Flatten(start_dim=1, end_dim=-1)
    (10): Linear(in_features=9216, out_features=512, bias=True)
    (11): ReLU()
    (12): Linear(in_features=512, out_features=256, bias=True)
    (13): ReLU()
    (14): Linear(in_features=256, out_features=10, bias=True)
  )
)
INFO:__main__:CHILD MODEL LOSS: 0.5865054720640183 with train time 39.01732063293457
INFO:__main__:CHILD MODEL ACCURACY: 0.7992
INFO:__main__:Policy gradient: 0.45137953758239746
INFO:__main__:
INFO:__main__:------ ITERATION 210 ------
INFO:__main__:Layers generated: [('64', '1', '2'), ('256', '3', '1'), ('16', '3', '2')]
INFO:__main__:ChildCNNModel(
  (model): Sequential(
    (0): Conv2d(3, 64, kernel_size=(1, 1), stride=(1, 1), padding=(2, 2))
    (1): ReLU()
    (2): MaxPool2d(kernel_size=2, stride=2, padding=0, dilation=1, ceil_mode=False)
    (3): Conv2d(64, 256, kernel_size=(3, 3), stride=(1, 1), padding=(1, 1))
    (4): ReLU()
    (5): MaxPool2d(kernel_size=2, stride=2, padding=0, dilation=1, ceil_mode=False)
    (6): Conv2d(256, 16, kernel_size=(3, 3), stride=(1, 1), padding=(2, 2))
    (7): ReLU()
    (8): MaxPool2d(kernel_size=2, stride=2, padding=0, dilation=1, ceil_mode=False)
    (9): Flatten(start_dim=1, end_dim=-1)
    (10): Linear(in_features=400, out_features=512, bias=True)
    (11): ReLU()
    (12): Linear(in_features=512, out_features=256, bias=True)
    (13): ReLU()
    (14): Linear(in_features=256, out_features=10, bias=True)
  )
)
INFO:__main__:CHILD MODEL LOSS: 0.9434763684272766 with train time 45.76179838180542
INFO:__main__:CHILD MODEL ACCURACY: 0.6777
INFO:__main__:Policy gradient: -0.9454483985900879
INFO:__main__:
INFO:__main__:------ ITERATION 211 ------
INFO:__main__:Layers generated: [('256', '3', '1'), ('128', '3', '2'), ('32', '3', '2')]
INFO:__main__:ChildCNNModel(
  (model): Sequential(
    (0): Conv2d(3, 256, kernel_size=(3, 3), stride=(1, 1), padding=(1, 1))
    (1): ReLU()
    (2): MaxPool2d(kernel_size=2, stride=2, padding=0, dilation=1, ceil_mode=False)
    (3): Conv2d(256, 128, kernel_size=(3, 3), stride=(1, 1), padding=(2, 2))
    (4): ReLU()
    (5): MaxPool2d(kernel_size=2, stride=2, padding=0, dilation=1, ceil_mode=False)
    (6): Conv2d(128, 32, kernel_size=(3, 3), stride=(1, 1), padding=(2, 2))
    (7): ReLU()
    (8): MaxPool2d(kernel_size=2, stride=2, padding=0, dilation=1, ceil_mode=False)
    (9): Flatten(start_dim=1, end_dim=-1)
    (10): Linear(in_features=800, out_features=512, bias=True)
    (11): ReLU()
    (12): Linear(in_features=512, out_features=256, bias=True)
    (13): ReLU()
    (14): Linear(in_features=256, out_features=10, bias=True)
  )
)
INFO:__main__:CHILD MODEL LOSS: 0.6833048696517945 with train time 69.88261723518372
INFO:__main__:CHILD MODEL ACCURACY: 0.7701
INFO:__main__:Policy gradient: 0.14885704219341278
INFO:__main__:
INFO:__main__:------ ITERATION 212 ------
INFO:__main__:Layers generated: [('128', '3', '2'), ('64', '3', '1'), ('32', '3', '1')]
INFO:__main__:ChildCNNModel(
  (model): Sequential(
    (0): Conv2d(3, 128, kernel_size=(3, 3), stride=(1, 1), padding=(2, 2))
    (1): ReLU()
    (2): MaxPool2d(kernel_size=2, stride=2, padding=0, dilation=1, ceil_mode=False)
    (3): Conv2d(128, 64, kernel_size=(3, 3), stride=(1, 1), padding=(1, 1))
    (4): ReLU()
    (5): MaxPool2d(kernel_size=2, stride=2, padding=0, dilation=1, ceil_mode=False)
    (6): Conv2d(64, 32, kernel_size=(3, 3), stride=(1, 1), padding=(1, 1))
    (7): ReLU()
    (8): MaxPool2d(kernel_size=2, stride=2, padding=0, dilation=1, ceil_mode=False)
    (9): Flatten(start_dim=1, end_dim=-1)
    (10): Linear(in_features=512, out_features=512, bias=True)
    (11): ReLU()
    (12): Linear(in_features=512, out_features=256, bias=True)
    (13): ReLU()
    (14): Linear(in_features=256, out_features=10, bias=True)
  )
)
INFO:__main__:CHILD MODEL LOSS: 0.6854840397834778 with train time 40.8178071975708
INFO:__main__:CHILD MODEL ACCURACY: 0.7703
INFO:__main__:Policy gradient: 0.14300599694252014
INFO:__main__:
INFO:__main__:------ ITERATION 213 ------
INFO:__main__:Layers generated: [('256', '3', '1'), ('32', '3', '2'), ('256', '3', '2')]
INFO:__main__:ChildCNNModel(
  (model): Sequential(
    (0): Conv2d(3, 256, kernel_size=(3, 3), stride=(1, 1), padding=(1, 1))
    (1): ReLU()
    (2): MaxPool2d(kernel_size=2, stride=2, padding=0, dilation=1, ceil_mode=False)
    (3): Conv2d(256, 32, kernel_size=(3, 3), stride=(1, 1), padding=(2, 2))
    (4): ReLU()
    (5): MaxPool2d(kernel_size=2, stride=2, padding=0, dilation=1, ceil_mode=False)
    (6): Conv2d(32, 256, kernel_size=(3, 3), stride=(1, 1), padding=(2, 2))
    (7): ReLU()
    (8): MaxPool2d(kernel_size=2, stride=2, padding=0, dilation=1, ceil_mode=False)
    (9): Flatten(start_dim=1, end_dim=-1)
    (10): Linear(in_features=6400, out_features=512, bias=True)
    (11): ReLU()
    (12): Linear(in_features=512, out_features=256, bias=True)
    (13): ReLU()
    (14): Linear(in_features=256, out_features=10, bias=True)
  )
)
INFO:__main__:CHILD MODEL LOSS: 0.6278392068147659 with train time 64.02129411697388
INFO:__main__:CHILD MODEL ACCURACY: 0.7762
INFO:__main__:Policy gradient: 0.15840429067611694
INFO:__main__:
INFO:__main__:------ ITERATION 214 ------
INFO:__main__:Layers generated: [('128', '3', '0'), ('256', '1', '2'), ('256', '1', '2')]
INFO:__main__:ChildCNNModel(
  (model): Sequential(
    (0): Conv2d(3, 128, kernel_size=(3, 3), stride=(1, 1))
    (1): ReLU()
    (2): MaxPool2d(kernel_size=2, stride=2, padding=0, dilation=1, ceil_mode=False)
    (3): Conv2d(128, 256, kernel_size=(1, 1), stride=(1, 1), padding=(2, 2))
    (4): ReLU()
    (5): MaxPool2d(kernel_size=2, stride=2, padding=0, dilation=1, ceil_mode=False)
    (6): Conv2d(256, 256, kernel_size=(1, 1), stride=(1, 1), padding=(2, 2))
    (7): ReLU()
    (8): MaxPool2d(kernel_size=2, stride=2, padding=0, dilation=1, ceil_mode=False)
    (9): Flatten(start_dim=1, end_dim=-1)
    (10): Linear(in_features=9216, out_features=512, bias=True)
    (11): ReLU()
    (12): Linear(in_features=512, out_features=256, bias=True)
    (13): ReLU()
    (14): Linear(in_features=256, out_features=10, bias=True)
  )
)
INFO:__main__:CHILD MODEL LOSS: 0.6326645963191986 with train time 51.97107911109924
INFO:__main__:CHILD MODEL ACCURACY: 0.76
INFO:__main__:Policy gradient: 0.03520425409078598
INFO:__main__:
INFO:__main__:------ ITERATION 215 ------
INFO:__main__:Layers generated: [('128', '5', '2'), ('256', '3', '2'), ('128', '3', '2')]
INFO:__main__:ChildCNNModel(
  (model): Sequential(
    (0): Conv2d(3, 128, kernel_size=(5, 5), stride=(1, 1), padding=(2, 2))
    (1): ReLU()
    (2): MaxPool2d(kernel_size=2, stride=2, padding=0, dilation=1, ceil_mode=False)
    (3): Conv2d(128, 256, kernel_size=(3, 3), stride=(1, 1), padding=(2, 2))
    (4): ReLU()
    (5): MaxPool2d(kernel_size=2, stride=2, padding=0, dilation=1, ceil_mode=False)
    (6): Conv2d(256, 128, kernel_size=(3, 3), stride=(1, 1), padding=(2, 2))
    (7): ReLU()
    (8): MaxPool2d(kernel_size=2, stride=2, padding=0, dilation=1, ceil_mode=False)
    (9): Flatten(start_dim=1, end_dim=-1)
    (10): Linear(in_features=3200, out_features=512, bias=True)
    (11): ReLU()
    (12): Linear(in_features=512, out_features=256, bias=True)
    (13): ReLU()
    (14): Linear(in_features=256, out_features=10, bias=True)
  )
)
INFO:__main__:CHILD MODEL LOSS: 0.5615500469207764 with train time 67.62477135658264
INFO:__main__:CHILD MODEL ACCURACY: 0.7975
INFO:__main__:Policy gradient: 0.40546706318855286
INFO:__main__:
INFO:__main__:------ ITERATION 216 ------
INFO:__main__:Layers generated: [('256', '3', '2'), ('256', '3', '2'), ('128', '3', '2')]
INFO:__main__:ChildCNNModel(
  (model): Sequential(
    (0): Conv2d(3, 256, kernel_size=(3, 3), stride=(1, 1), padding=(2, 2))
    (1): ReLU()
    (2): MaxPool2d(kernel_size=2, stride=2, padding=0, dilation=1, ceil_mode=False)
    (3): Conv2d(256, 256, kernel_size=(3, 3), stride=(1, 1), padding=(2, 2))
    (4): ReLU()
    (5): MaxPool2d(kernel_size=2, stride=2, padding=0, dilation=1, ceil_mode=False)
    (6): Conv2d(256, 128, kernel_size=(3, 3), stride=(1, 1), padding=(2, 2))
    (7): ReLU()
    (8): MaxPool2d(kernel_size=2, stride=2, padding=0, dilation=1, ceil_mode=False)
    (9): Flatten(start_dim=1, end_dim=-1)
    (10): Linear(in_features=3200, out_features=512, bias=True)
    (11): ReLU()
    (12): Linear(in_features=512, out_features=256, bias=True)
    (13): ReLU()
    (14): Linear(in_features=256, out_features=10, bias=True)
  )
)
INFO:__main__:CHILD MODEL LOSS: 0.5686469143629074 with train time 104.72888803482056
INFO:__main__:CHILD MODEL ACCURACY: 0.7972
INFO:__main__:Policy gradient: 0.25186604261398315
INFO:__main__:
INFO:__main__:------ ITERATION 217 ------
INFO:__main__:Layers generated: [('16', '3', '1'), ('64', '5', '2'), ('32', '3', '2')]
INFO:__main__:ChildCNNModel(
  (model): Sequential(
    (0): Conv2d(3, 16, kernel_size=(3, 3), stride=(1, 1), padding=(1, 1))
    (1): ReLU()
    (2): MaxPool2d(kernel_size=2, stride=2, padding=0, dilation=1, ceil_mode=False)
    (3): Conv2d(16, 64, kernel_size=(5, 5), stride=(1, 1), padding=(2, 2))
    (4): ReLU()
    (5): MaxPool2d(kernel_size=2, stride=2, padding=0, dilation=1, ceil_mode=False)
    (6): Conv2d(64, 32, kernel_size=(3, 3), stride=(1, 1), padding=(2, 2))
    (7): ReLU()
    (8): MaxPool2d(kernel_size=2, stride=2, padding=0, dilation=1, ceil_mode=False)
    (9): Flatten(start_dim=1, end_dim=-1)
    (10): Linear(in_features=800, out_features=512, bias=True)
    (11): ReLU()
    (12): Linear(in_features=512, out_features=256, bias=True)
    (13): ReLU()
    (14): Linear(in_features=256, out_features=10, bias=True)
  )
)
INFO:__main__:CHILD MODEL LOSS: 0.7353300368785858 with train time 30.96881413459778
INFO:__main__:CHILD MODEL ACCURACY: 0.7557
INFO:__main__:Policy gradient: -0.10131822526454926
INFO:__main__:
INFO:__main__:------ ITERATION 218 ------
INFO:__main__:Layers generated: [('256', '1', '2'), ('32', '3', '1'), ('32', '3', '2')]
INFO:__main__:ChildCNNModel(
  (model): Sequential(
    (0): Conv2d(3, 256, kernel_size=(1, 1), stride=(1, 1), padding=(2, 2))
    (1): ReLU()
    (2): MaxPool2d(kernel_size=2, stride=2, padding=0, dilation=1, ceil_mode=False)
    (3): Conv2d(256, 32, kernel_size=(3, 3), stride=(1, 1), padding=(1, 1))
    (4): ReLU()
    (5): MaxPool2d(kernel_size=2, stride=2, padding=0, dilation=1, ceil_mode=False)
    (6): Conv2d(32, 32, kernel_size=(3, 3), stride=(1, 1), padding=(2, 2))
    (7): ReLU()
    (8): MaxPool2d(kernel_size=2, stride=2, padding=0, dilation=1, ceil_mode=False)
    (9): Flatten(start_dim=1, end_dim=-1)
    (10): Linear(in_features=800, out_features=512, bias=True)
    (11): ReLU()
    (12): Linear(in_features=512, out_features=256, bias=True)
    (13): ReLU()
    (14): Linear(in_features=256, out_features=10, bias=True)
  )
)
INFO:__main__:CHILD MODEL LOSS: 0.9422235887050628 with train time 73.46146321296692
INFO:__main__:CHILD MODEL ACCURACY: 0.6642
INFO:__main__:Policy gradient: -0.9691171050071716
INFO:__main__:
INFO:__main__:------ ITERATION 219 ------
INFO:__main__:Layers generated: [('32', '3', '2'), ('32', '3', '0'), ('256', '3', '1')]
INFO:__main__:ChildCNNModel(
  (model): Sequential(
    (0): Conv2d(3, 32, kernel_size=(3, 3), stride=(1, 1), padding=(2, 2))
    (1): ReLU()
    (2): MaxPool2d(kernel_size=2, stride=2, padding=0, dilation=1, ceil_mode=False)
    (3): Conv2d(32, 32, kernel_size=(3, 3), stride=(1, 1))
    (4): ReLU()
    (5): MaxPool2d(kernel_size=2, stride=2, padding=0, dilation=1, ceil_mode=False)
    (6): Conv2d(32, 256, kernel_size=(3, 3), stride=(1, 1), padding=(1, 1))
    (7): ReLU()
    (8): MaxPool2d(kernel_size=2, stride=2, padding=0, dilation=1, ceil_mode=False)
    (9): Flatten(start_dim=1, end_dim=-1)
    (10): Linear(in_features=2304, out_features=512, bias=True)
    (11): ReLU()
    (12): Linear(in_features=512, out_features=256, bias=True)
    (13): ReLU()
    (14): Linear(in_features=256, out_features=10, bias=True)
  )
)
INFO:__main__:CHILD MODEL LOSS: 0.6482204304933548 with train time 31.669288873672485
INFO:__main__:CHILD MODEL ACCURACY: 0.7851
INFO:__main__:Policy gradient: 0.25248512625694275
INFO:__main__:
INFO:__main__:------ ITERATION 220 ------
INFO:__main__:Layers generated: [('64', '5', '2'), ('64', '3', '2'), ('16', '1', '2')]
INFO:__main__:ChildCNNModel(
  (model): Sequential(
    (0): Conv2d(3, 64, kernel_size=(5, 5), stride=(1, 1), padding=(2, 2))
    (1): ReLU()
    (2): MaxPool2d(kernel_size=2, stride=2, padding=0, dilation=1, ceil_mode=False)
    (3): Conv2d(64, 64, kernel_size=(3, 3), stride=(1, 1), padding=(2, 2))
    (4): ReLU()
    (5): MaxPool2d(kernel_size=2, stride=2, padding=0, dilation=1, ceil_mode=False)
    (6): Conv2d(64, 16, kernel_size=(1, 1), stride=(1, 1), padding=(2, 2))
    (7): ReLU()
    (8): MaxPool2d(kernel_size=2, stride=2, padding=0, dilation=1, ceil_mode=False)
    (9): Flatten(start_dim=1, end_dim=-1)
    (10): Linear(in_features=576, out_features=512, bias=True)
    (11): ReLU()
    (12): Linear(in_features=512, out_features=256, bias=True)
    (13): ReLU()
    (14): Linear(in_features=256, out_features=10, bias=True)
  )
)
INFO:__main__:CHILD MODEL LOSS: 0.8057631015777588 with train time 34.044532775878906
INFO:__main__:CHILD MODEL ACCURACY: 0.7219
INFO:__main__:Policy gradient: -0.4525897204875946
INFO:__main__:
INFO:__main__:------ ITERATION 221 ------
INFO:__main__:Layers generated: [('256', '3', '1'), ('256', '3', '2'), ('128', '3', '1')]
INFO:__main__:ChildCNNModel(
  (model): Sequential(
    (0): Conv2d(3, 256, kernel_size=(3, 3), stride=(1, 1), padding=(1, 1))
    (1): ReLU()
    (2): MaxPool2d(kernel_size=2, stride=2, padding=0, dilation=1, ceil_mode=False)
    (3): Conv2d(256, 256, kernel_size=(3, 3), stride=(1, 1), padding=(2, 2))
    (4): ReLU()
    (5): MaxPool2d(kernel_size=2, stride=2, padding=0, dilation=1, ceil_mode=False)
    (6): Conv2d(256, 128, kernel_size=(3, 3), stride=(1, 1), padding=(1, 1))
    (7): ReLU()
    (8): MaxPool2d(kernel_size=2, stride=2, padding=0, dilation=1, ceil_mode=False)
    (9): Flatten(start_dim=1, end_dim=-1)
    (10): Linear(in_features=2048, out_features=512, bias=True)
    (11): ReLU()
    (12): Linear(in_features=512, out_features=256, bias=True)
    (13): ReLU()
    (14): Linear(in_features=256, out_features=10, bias=True)
  )
)
INFO:__main__:CHILD MODEL LOSS: 0.6070795179605484 with train time 92.13606405258179
INFO:__main__:CHILD MODEL ACCURACY: 0.7781
INFO:__main__:Policy gradient: 0.1877087950706482
INFO:__main__:
INFO:__main__:------ ITERATION 222 ------
INFO:__main__:Layers generated: [('256', '3', '2'), ('32', '5', '1'), ('256', '5', '1')]
INFO:__main__:ChildCNNModel(
  (model): Sequential(
    (0): Conv2d(3, 256, kernel_size=(3, 3), stride=(1, 1), padding=(2, 2))
    (1): ReLU()
    (2): MaxPool2d(kernel_size=2, stride=2, padding=0, dilation=1, ceil_mode=False)
    (3): Conv2d(256, 32, kernel_size=(5, 5), stride=(1, 1), padding=(1, 1))
    (4): ReLU()
    (5): MaxPool2d(kernel_size=2, stride=2, padding=0, dilation=1, ceil_mode=False)
    (6): Conv2d(32, 256, kernel_size=(5, 5), stride=(1, 1), padding=(1, 1))
    (7): ReLU()
    (8): MaxPool2d(kernel_size=2, stride=2, padding=0, dilation=1, ceil_mode=False)
    (9): Flatten(start_dim=1, end_dim=-1)
    (10): Linear(in_features=1024, out_features=512, bias=True)
    (11): ReLU()
    (12): Linear(in_features=512, out_features=256, bias=True)
    (13): ReLU()
    (14): Linear(in_features=256, out_features=10, bias=True)
  )
)
INFO:__main__:CHILD MODEL LOSS: 0.6982561516761779 with train time 71.34743237495422
INFO:__main__:CHILD MODEL ACCURACY: 0.7787
INFO:__main__:Policy gradient: 0.2130182981491089
INFO:__main__:
INFO:__main__:------ ITERATION 223 ------
INFO:__main__:Layers generated: [('16', '3', '0'), ('128', '3', '2'), ('256', '3', '2')]
INFO:__main__:ChildCNNModel(
  (model): Sequential(
    (0): Conv2d(3, 16, kernel_size=(3, 3), stride=(1, 1))
    (1): ReLU()
    (2): MaxPool2d(kernel_size=2, stride=2, padding=0, dilation=1, ceil_mode=False)
    (3): Conv2d(16, 128, kernel_size=(3, 3), stride=(1, 1), padding=(2, 2))
    (4): ReLU()
    (5): MaxPool2d(kernel_size=2, stride=2, padding=0, dilation=1, ceil_mode=False)
    (6): Conv2d(128, 256, kernel_size=(3, 3), stride=(1, 1), padding=(2, 2))
    (7): ReLU()
    (8): MaxPool2d(kernel_size=2, stride=2, padding=0, dilation=1, ceil_mode=False)
    (9): Flatten(start_dim=1, end_dim=-1)
    (10): Linear(in_features=6400, out_features=512, bias=True)
    (11): ReLU()
    (12): Linear(in_features=512, out_features=256, bias=True)
    (13): ReLU()
    (14): Linear(in_features=256, out_features=10, bias=True)
  )
)
INFO:__main__:CHILD MODEL LOSS: 0.5436932641267777 with train time 33.97645664215088
INFO:__main__:CHILD MODEL ACCURACY: 0.8026
INFO:__main__:Policy gradient: 0.43507876992225647
INFO:__main__:
INFO:__main__:------ ITERATION 224 ------
INFO:__main__:Layers generated: [('32', '3', '1'), ('256', '5', '1'), ('128', '3', '0')]
INFO:__main__:ChildCNNModel(
  (model): Sequential(
    (0): Conv2d(3, 32, kernel_size=(3, 3), stride=(1, 1), padding=(1, 1))
    (1): ReLU()
    (2): MaxPool2d(kernel_size=2, stride=2, padding=0, dilation=1, ceil_mode=False)
    (3): Conv2d(32, 256, kernel_size=(5, 5), stride=(1, 1), padding=(1, 1))
    (4): ReLU()
    (5): MaxPool2d(kernel_size=2, stride=2, padding=0, dilation=1, ceil_mode=False)
    (6): Conv2d(256, 128, kernel_size=(3, 3), stride=(1, 1))
    (7): ReLU()
    (8): MaxPool2d(kernel_size=2, stride=2, padding=0, dilation=1, ceil_mode=False)
    (9): Flatten(start_dim=1, end_dim=-1)
    (10): Linear(in_features=512, out_features=512, bias=True)
    (11): ReLU()
    (12): Linear(in_features=512, out_features=256, bias=True)
    (13): ReLU()
    (14): Linear(in_features=256, out_features=10, bias=True)
  )
)
INFO:__main__:CHILD MODEL LOSS: 0.6556398086547851 with train time 35.77037262916565
INFO:__main__:CHILD MODEL ACCURACY: 0.7787
INFO:__main__:Policy gradient: 0.16252198815345764
INFO:__main__:
INFO:__main__:------ ITERATION 225 ------
INFO:__main__:Layers generated: [('32', '3', '1'), ('16', '3', '1'), ('256', '3', '2')]
INFO:__main__:ChildCNNModel(
  (model): Sequential(
    (0): Conv2d(3, 32, kernel_size=(3, 3), stride=(1, 1), padding=(1, 1))
    (1): ReLU()
    (2): MaxPool2d(kernel_size=2, stride=2, padding=0, dilation=1, ceil_mode=False)
    (3): Conv2d(32, 16, kernel_size=(3, 3), stride=(1, 1), padding=(1, 1))
    (4): ReLU()
    (5): MaxPool2d(kernel_size=2, stride=2, padding=0, dilation=1, ceil_mode=False)
    (6): Conv2d(16, 256, kernel_size=(3, 3), stride=(1, 1), padding=(2, 2))
    (7): ReLU()
    (8): MaxPool2d(kernel_size=2, stride=2, padding=0, dilation=1, ceil_mode=False)
    (9): Flatten(start_dim=1, end_dim=-1)
    (10): Linear(in_features=6400, out_features=512, bias=True)
    (11): ReLU()
    (12): Linear(in_features=512, out_features=256, bias=True)
    (13): ReLU()
    (14): Linear(in_features=256, out_features=10, bias=True)
  )
)
INFO:__main__:CHILD MODEL LOSS: 0.6485084511041641 with train time 31.237077951431274
INFO:__main__:CHILD MODEL ACCURACY: 0.7796
INFO:__main__:Policy gradient: 0.13634461164474487
INFO:__main__:
INFO:__main__:------ ITERATION 226 ------
INFO:__main__:Layers generated: [('64', '5', '2'), ('32', '3', '1'), ('256', '1', '1')]
INFO:__main__:ChildCNNModel(
  (model): Sequential(
    (0): Conv2d(3, 64, kernel_size=(5, 5), stride=(1, 1), padding=(2, 2))
    (1): ReLU()
    (2): MaxPool2d(kernel_size=2, stride=2, padding=0, dilation=1, ceil_mode=False)
    (3): Conv2d(64, 32, kernel_size=(3, 3), stride=(1, 1), padding=(1, 1))
    (4): ReLU()
    (5): MaxPool2d(kernel_size=2, stride=2, padding=0, dilation=1, ceil_mode=False)
    (6): Conv2d(32, 256, kernel_size=(1, 1), stride=(1, 1), padding=(1, 1))
    (7): ReLU()
    (8): MaxPool2d(kernel_size=2, stride=2, padding=0, dilation=1, ceil_mode=False)
    (9): Flatten(start_dim=1, end_dim=-1)
    (10): Linear(in_features=6400, out_features=512, bias=True)
    (11): ReLU()
    (12): Linear(in_features=512, out_features=256, bias=True)
    (13): ReLU()
    (14): Linear(in_features=256, out_features=10, bias=True)
  )
)
INFO:__main__:CHILD MODEL LOSS: 0.6933443300724029 with train time 34.56102442741394
INFO:__main__:CHILD MODEL ACCURACY: 0.7601
INFO:__main__:Policy gradient: -0.0690198764204979
INFO:__main__:
INFO:__main__:------ ITERATION 227 ------
INFO:__main__:Layers generated: [('128', '3', '2'), ('256', '3', '2'), ('32', '3', '1')]
INFO:__main__:ChildCNNModel(
  (model): Sequential(
    (0): Conv2d(3, 128, kernel_size=(3, 3), stride=(1, 1), padding=(2, 2))
    (1): ReLU()
    (2): MaxPool2d(kernel_size=2, stride=2, padding=0, dilation=1, ceil_mode=False)
    (3): Conv2d(128, 256, kernel_size=(3, 3), stride=(1, 1), padding=(2, 2))
    (4): ReLU()
    (5): MaxPool2d(kernel_size=2, stride=2, padding=0, dilation=1, ceil_mode=False)
    (6): Conv2d(256, 32, kernel_size=(3, 3), stride=(1, 1), padding=(1, 1))
    (7): ReLU()
    (8): MaxPool2d(kernel_size=2, stride=2, padding=0, dilation=1, ceil_mode=False)
    (9): Flatten(start_dim=1, end_dim=-1)
    (10): Linear(in_features=512, out_features=512, bias=True)
    (11): ReLU()
    (12): Linear(in_features=512, out_features=256, bias=True)
    (13): ReLU()
    (14): Linear(in_features=256, out_features=10, bias=True)
  )
)
INFO:__main__:CHILD MODEL LOSS: 0.641609570980072 with train time 66.37476992607117
INFO:__main__:CHILD MODEL ACCURACY: 0.7756
INFO:__main__:Policy gradient: 0.08010850101709366
INFO:__main__:
INFO:__main__:------ ITERATION 228 ------
INFO:__main__:Layers generated: [('256', '3', '1'), ('256', '5', '0'), ('128', '3', '1')]
INFO:__main__:ChildCNNModel(
  (model): Sequential(
    (0): Conv2d(3, 256, kernel_size=(3, 3), stride=(1, 1), padding=(1, 1))
    (1): ReLU()
    (2): MaxPool2d(kernel_size=2, stride=2, padding=0, dilation=1, ceil_mode=False)
    (3): Conv2d(256, 256, kernel_size=(5, 5), stride=(1, 1))
    (4): ReLU()
    (5): MaxPool2d(kernel_size=2, stride=2, padding=0, dilation=1, ceil_mode=False)
    (6): Conv2d(256, 128, kernel_size=(3, 3), stride=(1, 1), padding=(1, 1))
    (7): ReLU()
    (8): MaxPool2d(kernel_size=2, stride=2, padding=0, dilation=1, ceil_mode=False)
    (9): Flatten(start_dim=1, end_dim=-1)
    (10): Linear(in_features=1152, out_features=512, bias=True)
    (11): ReLU()
    (12): Linear(in_features=512, out_features=256, bias=True)
    (13): ReLU()
    (14): Linear(in_features=256, out_features=10, bias=True)
  )
)
INFO:__main__:CHILD MODEL LOSS: 0.6623464357852936 with train time 94.90760827064514
INFO:__main__:CHILD MODEL ACCURACY: 0.7689
INFO:__main__:Policy gradient: 0.02474607340991497
INFO:__main__:
INFO:__main__:------ ITERATION 229 ------
INFO:__main__:Layers generated: [('256', '3', '2'), ('32', '3', '0'), ('256', '3', '0')]
INFO:__main__:ChildCNNModel(
  (model): Sequential(
    (0): Conv2d(3, 256, kernel_size=(3, 3), stride=(1, 1), padding=(2, 2))
    (1): ReLU()
    (2): MaxPool2d(kernel_size=2, stride=2, padding=0, dilation=1, ceil_mode=False)
    (3): Conv2d(256, 32, kernel_size=(3, 3), stride=(1, 1))
    (4): ReLU()
    (5): MaxPool2d(kernel_size=2, stride=2, padding=0, dilation=1, ceil_mode=False)
    (6): Conv2d(32, 256, kernel_size=(3, 3), stride=(1, 1))
    (7): ReLU()
    (8): MaxPool2d(kernel_size=2, stride=2, padding=0, dilation=1, ceil_mode=False)
    (9): Flatten(start_dim=1, end_dim=-1)
    (10): Linear(in_features=1024, out_features=512, bias=True)
    (11): ReLU()
    (12): Linear(in_features=512, out_features=256, bias=True)
    (13): ReLU()
    (14): Linear(in_features=256, out_features=10, bias=True)
  )
)
INFO:__main__:CHILD MODEL LOSS: 0.7461790611743927 with train time 60.44868230819702
INFO:__main__:CHILD MODEL ACCURACY: 0.7547
INFO:__main__:Policy gradient: -0.10055883973836899
INFO:__main__:
INFO:__main__:------ ITERATION 230 ------
INFO:__main__:Layers generated: [('64', '3', '2'), ('256', '3', '1'), ('64', '3', '1')]
INFO:__main__:ChildCNNModel(
  (model): Sequential(
    (0): Conv2d(3, 64, kernel_size=(3, 3), stride=(1, 1), padding=(2, 2))
    (1): ReLU()
    (2): MaxPool2d(kernel_size=2, stride=2, padding=0, dilation=1, ceil_mode=False)
    (3): Conv2d(64, 256, kernel_size=(3, 3), stride=(1, 1), padding=(1, 1))
    (4): ReLU()
    (5): MaxPool2d(kernel_size=2, stride=2, padding=0, dilation=1, ceil_mode=False)
    (6): Conv2d(256, 64, kernel_size=(3, 3), stride=(1, 1), padding=(1, 1))
    (7): ReLU()
    (8): MaxPool2d(kernel_size=2, stride=2, padding=0, dilation=1, ceil_mode=False)
    (9): Flatten(start_dim=1, end_dim=-1)
    (10): Linear(in_features=1024, out_features=512, bias=True)
    (11): ReLU()
    (12): Linear(in_features=512, out_features=256, bias=True)
    (13): ReLU()
    (14): Linear(in_features=256, out_features=10, bias=True)
  )
)
INFO:__main__:CHILD MODEL LOSS: 0.5877768046855927 with train time 40.494227170944214
INFO:__main__:CHILD MODEL ACCURACY: 0.7934
INFO:__main__:Policy gradient: 0.22563578188419342
INFO:__main__:
INFO:__main__:------ ITERATION 231 ------
INFO:__main__:Layers generated: [('256', '3', '2'), ('32', '1', '0'), ('32', '3', '0')]
INFO:__main__:ChildCNNModel(
  (model): Sequential(
    (0): Conv2d(3, 256, kernel_size=(3, 3), stride=(1, 1), padding=(2, 2))
    (1): ReLU()
    (2): MaxPool2d(kernel_size=2, stride=2, padding=0, dilation=1, ceil_mode=False)
    (3): Conv2d(256, 32, kernel_size=(1, 1), stride=(1, 1))
    (4): ReLU()
    (5): MaxPool2d(kernel_size=2, stride=2, padding=0, dilation=1, ceil_mode=False)
    (6): Conv2d(32, 32, kernel_size=(3, 3), stride=(1, 1))
    (7): ReLU()
    (8): MaxPool2d(kernel_size=2, stride=2, padding=0, dilation=1, ceil_mode=False)
    (9): Flatten(start_dim=1, end_dim=-1)
    (10): Linear(in_features=288, out_features=512, bias=True)
    (11): ReLU()
    (12): Linear(in_features=512, out_features=256, bias=True)
    (13): ReLU()
    (14): Linear(in_features=256, out_features=10, bias=True)
  )
)
INFO:__main__:CHILD MODEL LOSS: 0.8045417947769165 with train time 52.05937743186951
INFO:__main__:CHILD MODEL ACCURACY: 0.7386
INFO:__main__:Policy gradient: -0.32018977403640747
INFO:__main__:
INFO:__main__:------ ITERATION 232 ------
INFO:__main__:Layers generated: [('32', '3', '2'), ('32', '3', '2'), ('16', '5', '1')]
INFO:__main__:ChildCNNModel(
  (model): Sequential(
    (0): Conv2d(3, 32, kernel_size=(3, 3), stride=(1, 1), padding=(2, 2))
    (1): ReLU()
    (2): MaxPool2d(kernel_size=2, stride=2, padding=0, dilation=1, ceil_mode=False)
    (3): Conv2d(32, 32, kernel_size=(3, 3), stride=(1, 1), padding=(2, 2))
    (4): ReLU()
    (5): MaxPool2d(kernel_size=2, stride=2, padding=0, dilation=1, ceil_mode=False)
    (6): Conv2d(32, 16, kernel_size=(5, 5), stride=(1, 1), padding=(1, 1))
    (7): ReLU()
    (8): MaxPool2d(kernel_size=2, stride=2, padding=0, dilation=1, ceil_mode=False)
    (9): Flatten(start_dim=1, end_dim=-1)
    (10): Linear(in_features=144, out_features=512, bias=True)
    (11): ReLU()
    (12): Linear(in_features=512, out_features=256, bias=True)
    (13): ReLU()
    (14): Linear(in_features=256, out_features=10, bias=True)
  )
)
INFO:__main__:CHILD MODEL LOSS: 0.8837887284755707 with train time 31.28032636642456
INFO:__main__:CHILD MODEL ACCURACY: 0.7011
INFO:__main__:Policy gradient: -0.621297299861908
INFO:__main__:
INFO:__main__:------ ITERATION 233 ------
INFO:__main__:Layers generated: [('32', '3', '1'), ('256', '3', '1'), ('128', '3', '1')]
INFO:__main__:ChildCNNModel(
  (model): Sequential(
    (0): Conv2d(3, 32, kernel_size=(3, 3), stride=(1, 1), padding=(1, 1))
    (1): ReLU()
    (2): MaxPool2d(kernel_size=2, stride=2, padding=0, dilation=1, ceil_mode=False)
    (3): Conv2d(32, 256, kernel_size=(3, 3), stride=(1, 1), padding=(1, 1))
    (4): ReLU()
    (5): MaxPool2d(kernel_size=2, stride=2, padding=0, dilation=1, ceil_mode=False)
    (6): Conv2d(256, 128, kernel_size=(3, 3), stride=(1, 1), padding=(1, 1))
    (7): ReLU()
    (8): MaxPool2d(kernel_size=2, stride=2, padding=0, dilation=1, ceil_mode=False)
    (9): Flatten(start_dim=1, end_dim=-1)
    (10): Linear(in_features=2048, out_features=512, bias=True)
    (11): ReLU()
    (12): Linear(in_features=512, out_features=256, bias=True)
    (13): ReLU()
    (14): Linear(in_features=256, out_features=10, bias=True)
  )
)
INFO:__main__:CHILD MODEL LOSS: 0.5552065492868423 with train time 35.65258812904358
INFO:__main__:CHILD MODEL ACCURACY: 0.8067
INFO:__main__:Policy gradient: 0.37818238139152527
INFO:__main__:
INFO:__main__:------ ITERATION 234 ------
INFO:__main__:Layers generated: [('256', '3', '2'), ('256', '3', '1'), ('32', '5', '2')]
INFO:__main__:ChildCNNModel(
  (model): Sequential(
    (0): Conv2d(3, 256, kernel_size=(3, 3), stride=(1, 1), padding=(2, 2))
    (1): ReLU()
    (2): MaxPool2d(kernel_size=2, stride=2, padding=0, dilation=1, ceil_mode=False)
    (3): Conv2d(256, 256, kernel_size=(3, 3), stride=(1, 1), padding=(1, 1))
    (4): ReLU()
    (5): MaxPool2d(kernel_size=2, stride=2, padding=0, dilation=1, ceil_mode=False)
    (6): Conv2d(256, 32, kernel_size=(5, 5), stride=(1, 1), padding=(2, 2))
    (7): ReLU()
    (8): MaxPool2d(kernel_size=2, stride=2, padding=0, dilation=1, ceil_mode=False)
    (9): Flatten(start_dim=1, end_dim=-1)
    (10): Linear(in_features=512, out_features=512, bias=True)
    (11): ReLU()
    (12): Linear(in_features=512, out_features=256, bias=True)
    (13): ReLU()
    (14): Linear(in_features=256, out_features=10, bias=True)
  )
)
INFO:__main__:CHILD MODEL LOSS: 0.6384973740577697 with train time 99.34786462783813
INFO:__main__:CHILD MODEL ACCURACY: 0.7915
INFO:__main__:Policy gradient: 0.22567550837993622
INFO:__main__:
INFO:__main__:------ ITERATION 235 ------
INFO:__main__:Layers generated: [('64', '3', '2'), ('128', '3', '1'), ('32', '3', '2')]
INFO:__main__:ChildCNNModel(
  (model): Sequential(
    (0): Conv2d(3, 64, kernel_size=(3, 3), stride=(1, 1), padding=(2, 2))
    (1): ReLU()
    (2): MaxPool2d(kernel_size=2, stride=2, padding=0, dilation=1, ceil_mode=False)
    (3): Conv2d(64, 128, kernel_size=(3, 3), stride=(1, 1), padding=(1, 1))
    (4): ReLU()
    (5): MaxPool2d(kernel_size=2, stride=2, padding=0, dilation=1, ceil_mode=False)
    (6): Conv2d(128, 32, kernel_size=(3, 3), stride=(1, 1), padding=(2, 2))
    (7): ReLU()
    (8): MaxPool2d(kernel_size=2, stride=2, padding=0, dilation=1, ceil_mode=False)
    (9): Flatten(start_dim=1, end_dim=-1)
    (10): Linear(in_features=800, out_features=512, bias=True)
    (11): ReLU()
    (12): Linear(in_features=512, out_features=256, bias=True)
    (13): ReLU()
    (14): Linear(in_features=256, out_features=10, bias=True)
  )
)
INFO:__main__:CHILD MODEL LOSS: 0.6492625335454941 with train time 37.29932427406311
INFO:__main__:CHILD MODEL ACCURACY: 0.7615
INFO:__main__:Policy gradient: -0.041913606226444244
INFO:__main__:
INFO:__main__:------ ITERATION 236 ------
INFO:__main__:Layers generated: [('16', '3', '1'), ('128', '1', '1'), ('256', '3', '1')]
INFO:__main__:ChildCNNModel(
  (model): Sequential(
    (0): Conv2d(3, 16, kernel_size=(3, 3), stride=(1, 1), padding=(1, 1))
    (1): ReLU()
    (2): MaxPool2d(kernel_size=2, stride=2, padding=0, dilation=1, ceil_mode=False)
    (3): Conv2d(16, 128, kernel_size=(1, 1), stride=(1, 1), padding=(1, 1))
    (4): ReLU()
    (5): MaxPool2d(kernel_size=2, stride=2, padding=0, dilation=1, ceil_mode=False)
    (6): Conv2d(128, 256, kernel_size=(3, 3), stride=(1, 1), padding=(1, 1))
    (7): ReLU()
    (8): MaxPool2d(kernel_size=2, stride=2, padding=0, dilation=1, ceil_mode=False)
    (9): Flatten(start_dim=1, end_dim=-1)
    (10): Linear(in_features=4096, out_features=512, bias=True)
    (11): ReLU()
    (12): Linear(in_features=512, out_features=256, bias=True)
    (13): ReLU()
    (14): Linear(in_features=256, out_features=10, bias=True)
  )
)
INFO:__main__:CHILD MODEL LOSS: 0.6597801158428193 with train time 33.56498885154724
INFO:__main__:CHILD MODEL ACCURACY: 0.7794
INFO:__main__:Policy gradient: 0.15054000914096832
INFO:__main__:
INFO:__main__:------ ITERATION 237 ------
INFO:__main__:Layers generated: [('32', '3', '0'), ('16', '1', '1'), ('128', '5', '1')]
INFO:__main__:ChildCNNModel(
  (model): Sequential(
    (0): Conv2d(3, 32, kernel_size=(3, 3), stride=(1, 1))
    (1): ReLU()
    (2): MaxPool2d(kernel_size=2, stride=2, padding=0, dilation=1, ceil_mode=False)
    (3): Conv2d(32, 16, kernel_size=(1, 1), stride=(1, 1), padding=(1, 1))
    (4): ReLU()
    (5): MaxPool2d(kernel_size=2, stride=2, padding=0, dilation=1, ceil_mode=False)
    (6): Conv2d(16, 128, kernel_size=(5, 5), stride=(1, 1), padding=(1, 1))
    (7): ReLU()
    (8): MaxPool2d(kernel_size=2, stride=2, padding=0, dilation=1, ceil_mode=False)
    (9): Flatten(start_dim=1, end_dim=-1)
    (10): Linear(in_features=1152, out_features=512, bias=True)
    (11): ReLU()
    (12): Linear(in_features=512, out_features=256, bias=True)
    (13): ReLU()
    (14): Linear(in_features=256, out_features=10, bias=True)
  )
)
INFO:__main__:CHILD MODEL LOSS: 0.7809374907016754 with train time 30.509271383285522
INFO:__main__:CHILD MODEL ACCURACY: 0.7484
INFO:__main__:Policy gradient: -0.2577749192714691
INFO:__main__:
INFO:__main__:------ ITERATION 238 ------
INFO:__main__:Layers generated: [('256', '3', '1'), ('16', '5', '0'), ('64', '3', '1')]
INFO:__main__:ChildCNNModel(
  (model): Sequential(
    (0): Conv2d(3, 256, kernel_size=(3, 3), stride=(1, 1), padding=(1, 1))
    (1): ReLU()
    (2): MaxPool2d(kernel_size=2, stride=2, padding=0, dilation=1, ceil_mode=False)
    (3): Conv2d(256, 16, kernel_size=(5, 5), stride=(1, 1))
    (4): ReLU()
    (5): MaxPool2d(kernel_size=2, stride=2, padding=0, dilation=1, ceil_mode=False)
    (6): Conv2d(16, 64, kernel_size=(3, 3), stride=(1, 1), padding=(1, 1))
    (7): ReLU()
    (8): MaxPool2d(kernel_size=2, stride=2, padding=0, dilation=1, ceil_mode=False)
    (9): Flatten(start_dim=1, end_dim=-1)
    (10): Linear(in_features=576, out_features=512, bias=True)
    (11): ReLU()
    (12): Linear(in_features=512, out_features=256, bias=True)
    (13): ReLU()
    (14): Linear(in_features=256, out_features=10, bias=True)
  )
)
INFO:__main__:CHILD MODEL LOSS: 0.8102189464569092 with train time 56.06684732437134
INFO:__main__:CHILD MODEL ACCURACY: 0.739
INFO:__main__:Policy gradient: -0.2942938208580017
INFO:__main__:
INFO:__main__:------ ITERATION 239 ------
INFO:__main__:Layers generated: [('256', '3', '2'), ('32', '5', '2'), ('256', '3', '0')]
INFO:__main__:ChildCNNModel(
  (model): Sequential(
    (0): Conv2d(3, 256, kernel_size=(3, 3), stride=(1, 1), padding=(2, 2))
    (1): ReLU()
    (2): MaxPool2d(kernel_size=2, stride=2, padding=0, dilation=1, ceil_mode=False)
    (3): Conv2d(256, 32, kernel_size=(5, 5), stride=(1, 1), padding=(2, 2))
    (4): ReLU()
    (5): MaxPool2d(kernel_size=2, stride=2, padding=0, dilation=1, ceil_mode=False)
    (6): Conv2d(32, 256, kernel_size=(3, 3), stride=(1, 1))
    (7): ReLU()
    (8): MaxPool2d(kernel_size=2, stride=2, padding=0, dilation=1, ceil_mode=False)
    (9): Flatten(start_dim=1, end_dim=-1)
    (10): Linear(in_features=2304, out_features=512, bias=True)
    (11): ReLU()
    (12): Linear(in_features=512, out_features=256, bias=True)
    (13): ReLU()
    (14): Linear(in_features=256, out_features=10, bias=True)
  )
)
INFO:__main__:CHILD MODEL LOSS: 0.6622575566768646 with train time 69.94092416763306
INFO:__main__:CHILD MODEL ACCURACY: 0.7734
INFO:__main__:Policy gradient: 0.09722814708948135
INFO:__main__:
INFO:__main__:------ ITERATION 240 ------
INFO:__main__:Layers generated: [('16', '3', '2'), ('64', '5', '1'), ('128', '3', '1')]
INFO:__main__:ChildCNNModel(
  (model): Sequential(
    (0): Conv2d(3, 16, kernel_size=(3, 3), stride=(1, 1), padding=(2, 2))
    (1): ReLU()
    (2): MaxPool2d(kernel_size=2, stride=2, padding=0, dilation=1, ceil_mode=False)
    (3): Conv2d(16, 64, kernel_size=(5, 5), stride=(1, 1), padding=(1, 1))
    (4): ReLU()
    (5): MaxPool2d(kernel_size=2, stride=2, padding=0, dilation=1, ceil_mode=False)
    (6): Conv2d(64, 128, kernel_size=(3, 3), stride=(1, 1), padding=(1, 1))
    (7): ReLU()
    (8): MaxPool2d(kernel_size=2, stride=2, padding=0, dilation=1, ceil_mode=False)
    (9): Flatten(start_dim=1, end_dim=-1)
    (10): Linear(in_features=1152, out_features=512, bias=True)
    (11): ReLU()
    (12): Linear(in_features=512, out_features=256, bias=True)
    (13): ReLU()
    (14): Linear(in_features=256, out_features=10, bias=True)
  )
)
INFO:__main__:CHILD MODEL LOSS: 0.7034684977531434 with train time 31.04611587524414
INFO:__main__:CHILD MODEL ACCURACY: 0.7673
INFO:__main__:Policy gradient: 0.036150187253952026
INFO:__main__:
INFO:__main__:------ ITERATION 241 ------
INFO:__main__:Layers generated: [('64', '3', '2'), ('128', '3', '2'), ('32', '3', '1')]
INFO:__main__:ChildCNNModel(
  (model): Sequential(
    (0): Conv2d(3, 64, kernel_size=(3, 3), stride=(1, 1), padding=(2, 2))
    (1): ReLU()
    (2): MaxPool2d(kernel_size=2, stride=2, padding=0, dilation=1, ceil_mode=False)
    (3): Conv2d(64, 128, kernel_size=(3, 3), stride=(1, 1), padding=(2, 2))
    (4): ReLU()
    (5): MaxPool2d(kernel_size=2, stride=2, padding=0, dilation=1, ceil_mode=False)
    (6): Conv2d(128, 32, kernel_size=(3, 3), stride=(1, 1), padding=(1, 1))
    (7): ReLU()
    (8): MaxPool2d(kernel_size=2, stride=2, padding=0, dilation=1, ceil_mode=False)
    (9): Flatten(start_dim=1, end_dim=-1)
    (10): Linear(in_features=512, out_features=512, bias=True)
    (11): ReLU()
    (12): Linear(in_features=512, out_features=256, bias=True)
    (13): ReLU()
    (14): Linear(in_features=256, out_features=10, bias=True)
  )
)
INFO:__main__:CHILD MODEL LOSS: 0.6750826253890991 with train time 37.99085569381714
INFO:__main__:CHILD MODEL ACCURACY: 0.7757
INFO:__main__:Policy gradient: 0.09643232077360153
INFO:__main__:
INFO:__main__:------ ITERATION 242 ------
INFO:__main__:Layers generated: [('64', '5', '2'), ('256', '3', '1'), ('128', '3', '1')]
INFO:__main__:ChildCNNModel(
  (model): Sequential(
    (0): Conv2d(3, 64, kernel_size=(5, 5), stride=(1, 1), padding=(2, 2))
    (1): ReLU()
    (2): MaxPool2d(kernel_size=2, stride=2, padding=0, dilation=1, ceil_mode=False)
    (3): Conv2d(64, 256, kernel_size=(3, 3), stride=(1, 1), padding=(1, 1))
    (4): ReLU()
    (5): MaxPool2d(kernel_size=2, stride=2, padding=0, dilation=1, ceil_mode=False)
    (6): Conv2d(256, 128, kernel_size=(3, 3), stride=(1, 1), padding=(1, 1))
    (7): ReLU()
    (8): MaxPool2d(kernel_size=2, stride=2, padding=0, dilation=1, ceil_mode=False)
    (9): Flatten(start_dim=1, end_dim=-1)
    (10): Linear(in_features=2048, out_features=512, bias=True)
    (11): ReLU()
    (12): Linear(in_features=512, out_features=256, bias=True)
    (13): ReLU()
    (14): Linear(in_features=256, out_features=10, bias=True)
  )
)
INFO:__main__:CHILD MODEL LOSS: 0.5658773837089539 with train time 39.719618797302246
INFO:__main__:CHILD MODEL ACCURACY: 0.8058
INFO:__main__:Policy gradient: 0.40202760696411133
INFO:__main__:
INFO:__main__:------ ITERATION 243 ------
INFO:__main__:Layers generated: [('64', '3', '0'), ('64', '3', '2'), ('64', '1', '1')]
INFO:__main__:ChildCNNModel(
  (model): Sequential(
    (0): Conv2d(3, 64, kernel_size=(3, 3), stride=(1, 1))
    (1): ReLU()
    (2): MaxPool2d(kernel_size=2, stride=2, padding=0, dilation=1, ceil_mode=False)
    (3): Conv2d(64, 64, kernel_size=(3, 3), stride=(1, 1), padding=(2, 2))
    (4): ReLU()
    (5): MaxPool2d(kernel_size=2, stride=2, padding=0, dilation=1, ceil_mode=False)
    (6): Conv2d(64, 64, kernel_size=(1, 1), stride=(1, 1), padding=(1, 1))
    (7): ReLU()
    (8): MaxPool2d(kernel_size=2, stride=2, padding=0, dilation=1, ceil_mode=False)
    (9): Flatten(start_dim=1, end_dim=-1)
    (10): Linear(in_features=1600, out_features=512, bias=True)
    (11): ReLU()
    (12): Linear(in_features=512, out_features=256, bias=True)
    (13): ReLU()
    (14): Linear(in_features=256, out_features=10, bias=True)
  )
)
INFO:__main__:CHILD MODEL LOSS: 0.705030727148056 with train time 33.26328802108765
INFO:__main__:CHILD MODEL ACCURACY: 0.7715
INFO:__main__:Policy gradient: 0.025556722655892372
INFO:__main__:
INFO:__main__:------ ITERATION 244 ------
INFO:__main__:Layers generated: [('256', '3', '2'), ('256', '3', '1'), ('128', '3', '0')]
INFO:__main__:ChildCNNModel(
  (model): Sequential(
    (0): Conv2d(3, 256, kernel_size=(3, 3), stride=(1, 1), padding=(2, 2))
    (1): ReLU()
    (2): MaxPool2d(kernel_size=2, stride=2, padding=0, dilation=1, ceil_mode=False)
    (3): Conv2d(256, 256, kernel_size=(3, 3), stride=(1, 1), padding=(1, 1))
    (4): ReLU()
    (5): MaxPool2d(kernel_size=2, stride=2, padding=0, dilation=1, ceil_mode=False)
    (6): Conv2d(256, 128, kernel_size=(3, 3), stride=(1, 1))
    (7): ReLU()
    (8): MaxPool2d(kernel_size=2, stride=2, padding=0, dilation=1, ceil_mode=False)
    (9): Flatten(start_dim=1, end_dim=-1)
    (10): Linear(in_features=1152, out_features=512, bias=True)
    (11): ReLU()
    (12): Linear(in_features=512, out_features=256, bias=True)
    (13): ReLU()
    (14): Linear(in_features=256, out_features=10, bias=True)
  )
)
INFO:__main__:CHILD MODEL LOSS: 0.6150165718793869 with train time 93.11034107208252
INFO:__main__:CHILD MODEL ACCURACY: 0.7887
INFO:__main__:Policy gradient: 0.14677895605564117
INFO:__main__:
INFO:__main__:------ ITERATION 245 ------
INFO:__main__:Layers generated: [('256', '3', '2'), ('256', '3', '1'), ('64', '3', '2')]
INFO:__main__:ChildCNNModel(
  (model): Sequential(
    (0): Conv2d(3, 256, kernel_size=(3, 3), stride=(1, 1), padding=(2, 2))
    (1): ReLU()
    (2): MaxPool2d(kernel_size=2, stride=2, padding=0, dilation=1, ceil_mode=False)
    (3): Conv2d(256, 256, kernel_size=(3, 3), stride=(1, 1), padding=(1, 1))
    (4): ReLU()
    (5): MaxPool2d(kernel_size=2, stride=2, padding=0, dilation=1, ceil_mode=False)
    (6): Conv2d(256, 64, kernel_size=(3, 3), stride=(1, 1), padding=(2, 2))
    (7): ReLU()
    (8): MaxPool2d(kernel_size=2, stride=2, padding=0, dilation=1, ceil_mode=False)
    (9): Flatten(start_dim=1, end_dim=-1)
    (10): Linear(in_features=1600, out_features=512, bias=True)
    (11): ReLU()
    (12): Linear(in_features=512, out_features=256, bias=True)
    (13): ReLU()
    (14): Linear(in_features=256, out_features=10, bias=True)
  )
)
INFO:__main__:CHILD MODEL LOSS: 0.5812873795032502 with train time 93.23907113075256
INFO:__main__:CHILD MODEL ACCURACY: 0.7912
INFO:__main__:Policy gradient: 0.13346801698207855
INFO:__main__:
INFO:__main__:------ ITERATION 246 ------
INFO:__main__:Layers generated: [('64', '5', '1'), ('32', '3', '0'), ('64', '3', '2')]
INFO:__main__:ChildCNNModel(
  (model): Sequential(
    (0): Conv2d(3, 64, kernel_size=(5, 5), stride=(1, 1), padding=(1, 1))
    (1): ReLU()
    (2): MaxPool2d(kernel_size=2, stride=2, padding=0, dilation=1, ceil_mode=False)
    (3): Conv2d(64, 32, kernel_size=(3, 3), stride=(1, 1))
    (4): ReLU()
    (5): MaxPool2d(kernel_size=2, stride=2, padding=0, dilation=1, ceil_mode=False)
    (6): Conv2d(32, 64, kernel_size=(3, 3), stride=(1, 1), padding=(2, 2))
    (7): ReLU()
    (8): MaxPool2d(kernel_size=2, stride=2, padding=0, dilation=1, ceil_mode=False)
    (9): Flatten(start_dim=1, end_dim=-1)
    (10): Linear(in_features=1024, out_features=512, bias=True)
    (11): ReLU()
    (12): Linear(in_features=512, out_features=256, bias=True)
    (13): ReLU()
    (14): Linear(in_features=256, out_features=10, bias=True)
  )
)
INFO:__main__:CHILD MODEL LOSS: 0.7399786756038665 with train time 33.171271562576294
INFO:__main__:CHILD MODEL ACCURACY: 0.7439
INFO:__main__:Policy gradient: -0.34826549887657166
INFO:__main__:
INFO:__main__:------ ITERATION 247 ------
INFO:__main__:Layers generated: [('64', '5', '2'), ('32', '3', '0'), ('32', '5', '1')]
INFO:__main__:ChildCNNModel(
  (model): Sequential(
    (0): Conv2d(3, 64, kernel_size=(5, 5), stride=(1, 1), padding=(2, 2))
    (1): ReLU()
    (2): MaxPool2d(kernel_size=2, stride=2, padding=0, dilation=1, ceil_mode=False)
    (3): Conv2d(64, 32, kernel_size=(3, 3), stride=(1, 1))
    (4): ReLU()
    (5): MaxPool2d(kernel_size=2, stride=2, padding=0, dilation=1, ceil_mode=False)
    (6): Conv2d(32, 32, kernel_size=(5, 5), stride=(1, 1), padding=(1, 1))
    (7): ReLU()
    (8): MaxPool2d(kernel_size=2, stride=2, padding=0, dilation=1, ceil_mode=False)
    (9): Flatten(start_dim=1, end_dim=-1)
    (10): Linear(in_features=128, out_features=512, bias=True)
    (11): ReLU()
    (12): Linear(in_features=512, out_features=256, bias=True)
    (13): ReLU()
    (14): Linear(in_features=256, out_features=10, bias=True)
  )
)
INFO:__main__:CHILD MODEL LOSS: 0.8349873564243316 with train time 33.30979776382446
INFO:__main__:CHILD MODEL ACCURACY: 0.7176
INFO:__main__:Policy gradient: -0.6581236124038696
INFO:__main__:
INFO:__main__:------ ITERATION 248 ------
INFO:__main__:Layers generated: [('256', '1', '2'), ('256', '5', '1'), ('128', '5', '2')]
INFO:__main__:ChildCNNModel(
  (model): Sequential(
    (0): Conv2d(3, 256, kernel_size=(1, 1), stride=(1, 1), padding=(2, 2))
    (1): ReLU()
    (2): MaxPool2d(kernel_size=2, stride=2, padding=0, dilation=1, ceil_mode=False)
    (3): Conv2d(256, 256, kernel_size=(5, 5), stride=(1, 1), padding=(1, 1))
    (4): ReLU()
    (5): MaxPool2d(kernel_size=2, stride=2, padding=0, dilation=1, ceil_mode=False)
    (6): Conv2d(256, 128, kernel_size=(5, 5), stride=(1, 1), padding=(2, 2))
    (7): ReLU()
    (8): MaxPool2d(kernel_size=2, stride=2, padding=0, dilation=1, ceil_mode=False)
    (9): Flatten(start_dim=1, end_dim=-1)
    (10): Linear(in_features=2048, out_features=512, bias=True)
    (11): ReLU()
    (12): Linear(in_features=512, out_features=256, bias=True)
    (13): ReLU()
    (14): Linear(in_features=256, out_features=10, bias=True)
  )
)
INFO:__main__:CHILD MODEL LOSS: 0.9150780947208405 with train time 151.22840929031372
INFO:__main__:CHILD MODEL ACCURACY: 0.674
INFO:__main__:Policy gradient: -1.138586401939392
INFO:__main__:
INFO:__main__:------ ITERATION 249 ------
INFO:__main__:Layers generated: [('32', '3', '2'), ('256', '3', '1'), ('128', '3', '1')]
INFO:__main__:ChildCNNModel(
  (model): Sequential(
    (0): Conv2d(3, 32, kernel_size=(3, 3), stride=(1, 1), padding=(2, 2))
    (1): ReLU()
    (2): MaxPool2d(kernel_size=2, stride=2, padding=0, dilation=1, ceil_mode=False)
    (3): Conv2d(32, 256, kernel_size=(3, 3), stride=(1, 1), padding=(1, 1))
    (4): ReLU()
    (5): MaxPool2d(kernel_size=2, stride=2, padding=0, dilation=1, ceil_mode=False)
    (6): Conv2d(256, 128, kernel_size=(3, 3), stride=(1, 1), padding=(1, 1))
    (7): ReLU()
    (8): MaxPool2d(kernel_size=2, stride=2, padding=0, dilation=1, ceil_mode=False)
    (9): Flatten(start_dim=1, end_dim=-1)
    (10): Linear(in_features=2048, out_features=512, bias=True)
    (11): ReLU()
    (12): Linear(in_features=512, out_features=256, bias=True)
    (13): ReLU()
    (14): Linear(in_features=256, out_features=10, bias=True)
  )
)
INFO:__main__:CHILD MODEL LOSS: 0.5899716765880585 with train time 37.14261603355408
INFO:__main__:CHILD MODEL ACCURACY: 0.8052
INFO:__main__:Policy gradient: 0.358214795589447
INFO:__main__:
INFO:__main__:------ ITERATION 250 ------
INFO:__main__:Layers generated: [('256', '3', '2'), ('128', '3', '0'), ('32', '3', '2')]
INFO:__main__:ChildCNNModel(
  (model): Sequential(
    (0): Conv2d(3, 256, kernel_size=(3, 3), stride=(1, 1), padding=(2, 2))
    (1): ReLU()
    (2): MaxPool2d(kernel_size=2, stride=2, padding=0, dilation=1, ceil_mode=False)
    (3): Conv2d(256, 128, kernel_size=(3, 3), stride=(1, 1))
    (4): ReLU()
    (5): MaxPool2d(kernel_size=2, stride=2, padding=0, dilation=1, ceil_mode=False)
    (6): Conv2d(128, 32, kernel_size=(3, 3), stride=(1, 1), padding=(2, 2))
    (7): ReLU()
    (8): MaxPool2d(kernel_size=2, stride=2, padding=0, dilation=1, ceil_mode=False)
    (9): Flatten(start_dim=1, end_dim=-1)
    (10): Linear(in_features=512, out_features=512, bias=True)
    (11): ReLU()
    (12): Linear(in_features=512, out_features=256, bias=True)
    (13): ReLU()
    (14): Linear(in_features=256, out_features=10, bias=True)
  )
)
INFO:__main__:CHILD MODEL LOSS: 0.681339833021164 with train time 70.09169244766235
INFO:__main__:CHILD MODEL ACCURACY: 0.7702
INFO:__main__:Policy gradient: 0.07629840075969696
INFO:__main__:
INFO:__main__:------ ITERATION 251 ------
INFO:__main__:Layers generated: [('128', '3', '2'), ('128', '3', '2'), ('256', '5', '1')]
INFO:__main__:ChildCNNModel(
  (model): Sequential(
    (0): Conv2d(3, 128, kernel_size=(3, 3), stride=(1, 1), padding=(2, 2))
    (1): ReLU()
    (2): MaxPool2d(kernel_size=2, stride=2, padding=0, dilation=1, ceil_mode=False)
    (3): Conv2d(128, 128, kernel_size=(3, 3), stride=(1, 1), padding=(2, 2))
    (4): ReLU()
    (5): MaxPool2d(kernel_size=2, stride=2, padding=0, dilation=1, ceil_mode=False)
    (6): Conv2d(128, 256, kernel_size=(5, 5), stride=(1, 1), padding=(1, 1))
    (7): ReLU()
    (8): MaxPool2d(kernel_size=2, stride=2, padding=0, dilation=1, ceil_mode=False)
    (9): Flatten(start_dim=1, end_dim=-1)
    (10): Linear(in_features=2304, out_features=512, bias=True)
    (11): ReLU()
    (12): Linear(in_features=512, out_features=256, bias=True)
    (13): ReLU()
    (14): Linear(in_features=256, out_features=10, bias=True)
  )
)
INFO:__main__:CHILD MODEL LOSS: 0.5314711241722107 with train time 56.301053047180176
INFO:__main__:CHILD MODEL ACCURACY: 0.8071
INFO:__main__:Policy gradient: 0.42225345969200134
INFO:__main__:
INFO:__main__:------ ITERATION 252 ------
INFO:__main__:Layers generated: [('16', '5', '1'), ('16', '3', '0'), ('256', '1', '1')]
INFO:__main__:ChildCNNModel(
  (model): Sequential(
    (0): Conv2d(3, 16, kernel_size=(5, 5), stride=(1, 1), padding=(1, 1))
    (1): ReLU()
    (2): MaxPool2d(kernel_size=2, stride=2, padding=0, dilation=1, ceil_mode=False)
    (3): Conv2d(16, 16, kernel_size=(3, 3), stride=(1, 1))
    (4): ReLU()
    (5): MaxPool2d(kernel_size=2, stride=2, padding=0, dilation=1, ceil_mode=False)
    (6): Conv2d(16, 256, kernel_size=(1, 1), stride=(1, 1), padding=(1, 1))
    (7): ReLU()
    (8): MaxPool2d(kernel_size=2, stride=2, padding=0, dilation=1, ceil_mode=False)
    (9): Flatten(start_dim=1, end_dim=-1)
    (10): Linear(in_features=4096, out_features=512, bias=True)
    (11): ReLU()
    (12): Linear(in_features=512, out_features=256, bias=True)
    (13): ReLU()
    (14): Linear(in_features=256, out_features=10, bias=True)
  )
)
INFO:__main__:CHILD MODEL LOSS: 0.8831506202220917 with train time 30.68286418914795
INFO:__main__:CHILD MODEL ACCURACY: 0.7176
INFO:__main__:Policy gradient: -0.7131626605987549
INFO:__main__:
INFO:__main__:------ ITERATION 253 ------
INFO:__main__:Layers generated: [('256', '5', '0'), ('128', '5', '0'), ('32', '3', '0')]
INFO:__main__:ChildCNNModel(
  (model): Sequential(
    (0): Conv2d(3, 256, kernel_size=(5, 5), stride=(1, 1))
    (1): ReLU()
    (2): MaxPool2d(kernel_size=2, stride=2, padding=0, dilation=1, ceil_mode=False)
    (3): Conv2d(256, 128, kernel_size=(5, 5), stride=(1, 1))
    (4): ReLU()
    (5): MaxPool2d(kernel_size=2, stride=2, padding=0, dilation=1, ceil_mode=False)
    (6): Conv2d(128, 32, kernel_size=(3, 3), stride=(1, 1))
    (7): ReLU()
    (8): MaxPool2d(kernel_size=2, stride=2, padding=0, dilation=1, ceil_mode=False)
    (9): Flatten(start_dim=1, end_dim=-1)
    (10): Linear(in_features=32, out_features=512, bias=True)
    (11): ReLU()
    (12): Linear(in_features=512, out_features=256, bias=True)
    (13): ReLU()
    (14): Linear(in_features=256, out_features=10, bias=True)
  )
)
INFO:__main__:CHILD MODEL LOSS: 0.9273506700992584 with train time 57.86943054199219
INFO:__main__:CHILD MODEL ACCURACY: 0.7013
INFO:__main__:Policy gradient: -0.858934760093689
INFO:__main__:
INFO:__main__:------ ITERATION 254 ------
INFO:__main__:Layers generated: [('256', '3', '0'), ('256', '3', '1'), ('256', '3', '0')]
INFO:__main__:ChildCNNModel(
  (model): Sequential(
    (0): Conv2d(3, 256, kernel_size=(3, 3), stride=(1, 1))
    (1): ReLU()
    (2): MaxPool2d(kernel_size=2, stride=2, padding=0, dilation=1, ceil_mode=False)
    (3): Conv2d(256, 256, kernel_size=(3, 3), stride=(1, 1), padding=(1, 1))
    (4): ReLU()
    (5): MaxPool2d(kernel_size=2, stride=2, padding=0, dilation=1, ceil_mode=False)
    (6): Conv2d(256, 256, kernel_size=(3, 3), stride=(1, 1))
    (7): ReLU()
    (8): MaxPool2d(kernel_size=2, stride=2, padding=0, dilation=1, ceil_mode=False)
    (9): Flatten(start_dim=1, end_dim=-1)
    (10): Linear(in_features=1024, out_features=512, bias=True)
    (11): ReLU()
    (12): Linear(in_features=512, out_features=256, bias=True)
    (13): ReLU()
    (14): Linear(in_features=256, out_features=10, bias=True)
  )
)
INFO:__main__:CHILD MODEL LOSS: 0.6426704608201981 with train time 74.66824054718018
INFO:__main__:CHILD MODEL ACCURACY: 0.7899
INFO:__main__:Policy gradient: 0.30044400691986084
INFO:__main__:
INFO:__main__:------ ITERATION 255 ------
INFO:__main__:Layers generated: [('256', '3', '2'), ('64', '3', '1'), ('32', '1', '1')]
INFO:__main__:ChildCNNModel(
  (model): Sequential(
    (0): Conv2d(3, 256, kernel_size=(3, 3), stride=(1, 1), padding=(2, 2))
    (1): ReLU()
    (2): MaxPool2d(kernel_size=2, stride=2, padding=0, dilation=1, ceil_mode=False)
    (3): Conv2d(256, 64, kernel_size=(3, 3), stride=(1, 1), padding=(1, 1))
    (4): ReLU()
    (5): MaxPool2d(kernel_size=2, stride=2, padding=0, dilation=1, ceil_mode=False)
    (6): Conv2d(64, 32, kernel_size=(1, 1), stride=(1, 1), padding=(1, 1))
    (7): ReLU()
    (8): MaxPool2d(kernel_size=2, stride=2, padding=0, dilation=1, ceil_mode=False)
    (9): Flatten(start_dim=1, end_dim=-1)
    (10): Linear(in_features=800, out_features=512, bias=True)
    (11): ReLU()
    (12): Linear(in_features=512, out_features=256, bias=True)
    (13): ReLU()
    (14): Linear(in_features=256, out_features=10, bias=True)
  )
)
INFO:__main__:CHILD MODEL LOSS: 0.704698903799057 with train time 64.99607419967651
INFO:__main__:CHILD MODEL ACCURACY: 0.7544
INFO:__main__:Policy gradient: -0.04343502223491669
INFO:__main__:
INFO:__main__:------ ITERATION 256 ------
INFO:__main__:Layers generated: [('64', '3', '1'), ('32', '3', '1'), ('256', '3', '1')]
INFO:__main__:ChildCNNModel(
  (model): Sequential(
    (0): Conv2d(3, 64, kernel_size=(3, 3), stride=(1, 1), padding=(1, 1))
    (1): ReLU()
    (2): MaxPool2d(kernel_size=2, stride=2, padding=0, dilation=1, ceil_mode=False)
    (3): Conv2d(64, 32, kernel_size=(3, 3), stride=(1, 1), padding=(1, 1))
    (4): ReLU()
    (5): MaxPool2d(kernel_size=2, stride=2, padding=0, dilation=1, ceil_mode=False)
    (6): Conv2d(32, 256, kernel_size=(3, 3), stride=(1, 1), padding=(1, 1))
    (7): ReLU()
    (8): MaxPool2d(kernel_size=2, stride=2, padding=0, dilation=1, ceil_mode=False)
    (9): Flatten(start_dim=1, end_dim=-1)
    (10): Linear(in_features=4096, out_features=512, bias=True)
    (11): ReLU()
    (12): Linear(in_features=512, out_features=256, bias=True)
    (13): ReLU()
    (14): Linear(in_features=256, out_features=10, bias=True)
  )
)
INFO:__main__:CHILD MODEL LOSS: 0.5665594894886017 with train time 34.55631375312805
INFO:__main__:CHILD MODEL ACCURACY: 0.8058
INFO:__main__:Policy gradient: 0.3916636109352112
INFO:__main__:
INFO:__main__:------ ITERATION 257 ------
INFO:__main__:Layers generated: [('256', '3', '2'), ('32', '3', '0'), ('128', '3', '1')]
INFO:__main__:ChildCNNModel(
  (model): Sequential(
    (0): Conv2d(3, 256, kernel_size=(3, 3), stride=(1, 1), padding=(2, 2))
    (1): ReLU()
    (2): MaxPool2d(kernel_size=2, stride=2, padding=0, dilation=1, ceil_mode=False)
    (3): Conv2d(256, 32, kernel_size=(3, 3), stride=(1, 1))
    (4): ReLU()
    (5): MaxPool2d(kernel_size=2, stride=2, padding=0, dilation=1, ceil_mode=False)
    (6): Conv2d(32, 128, kernel_size=(3, 3), stride=(1, 1), padding=(1, 1))
    (7): ReLU()
    (8): MaxPool2d(kernel_size=2, stride=2, padding=0, dilation=1, ceil_mode=False)
    (9): Flatten(start_dim=1, end_dim=-1)
    (10): Linear(in_features=1152, out_features=512, bias=True)
    (11): ReLU()
    (12): Linear(in_features=512, out_features=256, bias=True)
    (13): ReLU()
    (14): Linear(in_features=256, out_features=10, bias=True)
  )
)
INFO:__main__:CHILD MODEL LOSS: 0.6641851350069046 with train time 60.32690167427063
INFO:__main__:CHILD MODEL ACCURACY: 0.7779
INFO:__main__:Policy gradient: 0.12021364271640778
INFO:__main__:
INFO:__main__:------ ITERATION 258 ------
INFO:__main__:Layers generated: [('32', '3', '2'), ('128', '3', '2'), ('128', '3', '0')]
INFO:__main__:ChildCNNModel(
  (model): Sequential(
    (0): Conv2d(3, 32, kernel_size=(3, 3), stride=(1, 1), padding=(2, 2))
    (1): ReLU()
    (2): MaxPool2d(kernel_size=2, stride=2, padding=0, dilation=1, ceil_mode=False)
    (3): Conv2d(32, 128, kernel_size=(3, 3), stride=(1, 1), padding=(2, 2))
    (4): ReLU()
    (5): MaxPool2d(kernel_size=2, stride=2, padding=0, dilation=1, ceil_mode=False)
    (6): Conv2d(128, 128, kernel_size=(3, 3), stride=(1, 1))
    (7): ReLU()
    (8): MaxPool2d(kernel_size=2, stride=2, padding=0, dilation=1, ceil_mode=False)
    (9): Flatten(start_dim=1, end_dim=-1)
    (10): Linear(in_features=1152, out_features=512, bias=True)
    (11): ReLU()
    (12): Linear(in_features=512, out_features=256, bias=True)
    (13): ReLU()
    (14): Linear(in_features=256, out_features=10, bias=True)
  )
)
INFO:__main__:CHILD MODEL LOSS: 0.6226519899368286 with train time 34.27832007408142
INFO:__main__:CHILD MODEL ACCURACY: 0.7906
INFO:__main__:Policy gradient: 0.21992070972919464
INFO:__main__:
INFO:__main__:------ ITERATION 259 ------
INFO:__main__:Layers generated: [('256', '3', '1'), ('64', '5', '1'), ('32', '1', '1')]
INFO:__main__:ChildCNNModel(
  (model): Sequential(
    (0): Conv2d(3, 256, kernel_size=(3, 3), stride=(1, 1), padding=(1, 1))
    (1): ReLU()
    (2): MaxPool2d(kernel_size=2, stride=2, padding=0, dilation=1, ceil_mode=False)
    (3): Conv2d(256, 64, kernel_size=(5, 5), stride=(1, 1), padding=(1, 1))
    (4): ReLU()
    (5): MaxPool2d(kernel_size=2, stride=2, padding=0, dilation=1, ceil_mode=False)
    (6): Conv2d(64, 32, kernel_size=(1, 1), stride=(1, 1), padding=(1, 1))
    (7): ReLU()
    (8): MaxPool2d(kernel_size=2, stride=2, padding=0, dilation=1, ceil_mode=False)
    (9): Flatten(start_dim=1, end_dim=-1)
    (10): Linear(in_features=512, out_features=512, bias=True)
    (11): ReLU()
    (12): Linear(in_features=512, out_features=256, bias=True)
    (13): ReLU()
    (14): Linear(in_features=256, out_features=10, bias=True)
  )
)
INFO:__main__:CHILD MODEL LOSS: 0.7195341470241546 with train time 63.042275190353394
INFO:__main__:CHILD MODEL ACCURACY: 0.7642
INFO:__main__:Policy gradient: -0.03647014871239662
INFO:__main__:
INFO:__main__:------ ITERATION 260 ------
INFO:__main__:Layers generated: [('256', '3', '1'), ('128', '3', '1'), ('128', '3', '1')]
INFO:__main__:ChildCNNModel(
  (model): Sequential(
    (0): Conv2d(3, 256, kernel_size=(3, 3), stride=(1, 1), padding=(1, 1))
    (1): ReLU()
    (2): MaxPool2d(kernel_size=2, stride=2, padding=0, dilation=1, ceil_mode=False)
    (3): Conv2d(256, 128, kernel_size=(3, 3), stride=(1, 1), padding=(1, 1))
    (4): ReLU()
    (5): MaxPool2d(kernel_size=2, stride=2, padding=0, dilation=1, ceil_mode=False)
    (6): Conv2d(128, 128, kernel_size=(3, 3), stride=(1, 1), padding=(1, 1))
    (7): ReLU()
    (8): MaxPool2d(kernel_size=2, stride=2, padding=0, dilation=1, ceil_mode=False)
    (9): Flatten(start_dim=1, end_dim=-1)
    (10): Linear(in_features=2048, out_features=512, bias=True)
    (11): ReLU()
    (12): Linear(in_features=512, out_features=256, bias=True)
    (13): ReLU()
    (14): Linear(in_features=256, out_features=10, bias=True)
  )
)
INFO:__main__:CHILD MODEL LOSS: 0.5420588310956955 with train time 66.61698627471924
INFO:__main__:CHILD MODEL ACCURACY: 0.8024
INFO:__main__:Policy gradient: 0.2670728266239166
INFO:__main__:
INFO:__main__:------ ITERATION 261 ------
INFO:__main__:Layers generated: [('32', '3', '2'), ('16', '3', '1'), ('32', '5', '2')]
INFO:__main__:ChildCNNModel(
  (model): Sequential(
    (0): Conv2d(3, 32, kernel_size=(3, 3), stride=(1, 1), padding=(2, 2))
    (1): ReLU()
    (2): MaxPool2d(kernel_size=2, stride=2, padding=0, dilation=1, ceil_mode=False)
    (3): Conv2d(32, 16, kernel_size=(3, 3), stride=(1, 1), padding=(1, 1))
    (4): ReLU()
    (5): MaxPool2d(kernel_size=2, stride=2, padding=0, dilation=1, ceil_mode=False)
    (6): Conv2d(16, 32, kernel_size=(5, 5), stride=(1, 1), padding=(2, 2))
    (7): ReLU()
    (8): MaxPool2d(kernel_size=2, stride=2, padding=0, dilation=1, ceil_mode=False)
    (9): Flatten(start_dim=1, end_dim=-1)
    (10): Linear(in_features=512, out_features=512, bias=True)
    (11): ReLU()
    (12): Linear(in_features=512, out_features=256, bias=True)
    (13): ReLU()
    (14): Linear(in_features=256, out_features=10, bias=True)
  )
)
INFO:__main__:CHILD MODEL LOSS: 0.7925216455459595 with train time 31.243451833724976
INFO:__main__:CHILD MODEL ACCURACY: 0.7358
INFO:__main__:Policy gradient: -0.35714486241340637
INFO:__main__:
INFO:__main__:------ ITERATION 262 ------
INFO:__main__:Layers generated: [('256', '3', '2'), ('128', '1', '0'), ('32', '3', '2')]
INFO:__main__:ChildCNNModel(
  (model): Sequential(
    (0): Conv2d(3, 256, kernel_size=(3, 3), stride=(1, 1), padding=(2, 2))
    (1): ReLU()
    (2): MaxPool2d(kernel_size=2, stride=2, padding=0, dilation=1, ceil_mode=False)
    (3): Conv2d(256, 128, kernel_size=(1, 1), stride=(1, 1))
    (4): ReLU()
    (5): MaxPool2d(kernel_size=2, stride=2, padding=0, dilation=1, ceil_mode=False)
    (6): Conv2d(128, 32, kernel_size=(3, 3), stride=(1, 1), padding=(2, 2))
    (7): ReLU()
    (8): MaxPool2d(kernel_size=2, stride=2, padding=0, dilation=1, ceil_mode=False)
    (9): Flatten(start_dim=1, end_dim=-1)
    (10): Linear(in_features=800, out_features=512, bias=True)
    (11): ReLU()
    (12): Linear(in_features=512, out_features=256, bias=True)
    (13): ReLU()
    (14): Linear(in_features=256, out_features=10, bias=True)
  )
)
INFO:__main__:CHILD MODEL LOSS: 0.6685649585723877 with train time 58.60329532623291
INFO:__main__:CHILD MODEL ACCURACY: 0.7641
INFO:__main__:Policy gradient: -0.03184659034013748
INFO:__main__:
INFO:__main__:------ ITERATION 263 ------
INFO:__main__:Layers generated: [('256', '3', '1'), ('128', '3', '2'), ('256', '5', '2')]
INFO:__main__:ChildCNNModel(
  (model): Sequential(
    (0): Conv2d(3, 256, kernel_size=(3, 3), stride=(1, 1), padding=(1, 1))
    (1): ReLU()
    (2): MaxPool2d(kernel_size=2, stride=2, padding=0, dilation=1, ceil_mode=False)
    (3): Conv2d(256, 128, kernel_size=(3, 3), stride=(1, 1), padding=(2, 2))
    (4): ReLU()
    (5): MaxPool2d(kernel_size=2, stride=2, padding=0, dilation=1, ceil_mode=False)
    (6): Conv2d(128, 256, kernel_size=(5, 5), stride=(1, 1), padding=(2, 2))
    (7): ReLU()
    (8): MaxPool2d(kernel_size=2, stride=2, padding=0, dilation=1, ceil_mode=False)
    (9): Flatten(start_dim=1, end_dim=-1)
    (10): Linear(in_features=4096, out_features=512, bias=True)
    (11): ReLU()
    (12): Linear(in_features=512, out_features=256, bias=True)
    (13): ReLU()
    (14): Linear(in_features=256, out_features=10, bias=True)
  )
)
INFO:__main__:CHILD MODEL LOSS: 0.6343426631689072 with train time 82.26379108428955
INFO:__main__:CHILD MODEL ACCURACY: 0.786
INFO:__main__:Policy gradient: 0.17092405259609222
INFO:__main__:
INFO:__main__:------ ITERATION 264 ------
INFO:__main__:Layers generated: [('256', '3', '1'), ('128', '5', '0'), ('64', '3', '2')]
INFO:__main__:ChildCNNModel(
  (model): Sequential(
    (0): Conv2d(3, 256, kernel_size=(3, 3), stride=(1, 1), padding=(1, 1))
    (1): ReLU()
    (2): MaxPool2d(kernel_size=2, stride=2, padding=0, dilation=1, ceil_mode=False)
    (3): Conv2d(256, 128, kernel_size=(5, 5), stride=(1, 1))
    (4): ReLU()
    (5): MaxPool2d(kernel_size=2, stride=2, padding=0, dilation=1, ceil_mode=False)
    (6): Conv2d(128, 64, kernel_size=(3, 3), stride=(1, 1), padding=(2, 2))
    (7): ReLU()
    (8): MaxPool2d(kernel_size=2, stride=2, padding=0, dilation=1, ceil_mode=False)
    (9): Flatten(start_dim=1, end_dim=-1)
    (10): Linear(in_features=1024, out_features=512, bias=True)
    (11): ReLU()
    (12): Linear(in_features=512, out_features=256, bias=True)
    (13): ReLU()
    (14): Linear(in_features=256, out_features=10, bias=True)
  )
)
INFO:__main__:CHILD MODEL LOSS: 0.6278169913291931 with train time 73.80702996253967
INFO:__main__:CHILD MODEL ACCURACY: 0.7858
INFO:__main__:Policy gradient: 0.18044321238994598
INFO:__main__:
INFO:__main__:------ ITERATION 265 ------
INFO:__main__:Layers generated: [('256', '3', '1'), ('128', '5', '1'), ('128', '3', '1')]
INFO:__main__:ChildCNNModel(
  (model): Sequential(
    (0): Conv2d(3, 256, kernel_size=(3, 3), stride=(1, 1), padding=(1, 1))
    (1): ReLU()
    (2): MaxPool2d(kernel_size=2, stride=2, padding=0, dilation=1, ceil_mode=False)
    (3): Conv2d(256, 128, kernel_size=(5, 5), stride=(1, 1), padding=(1, 1))
    (4): ReLU()
    (5): MaxPool2d(kernel_size=2, stride=2, padding=0, dilation=1, ceil_mode=False)
    (6): Conv2d(128, 128, kernel_size=(3, 3), stride=(1, 1), padding=(1, 1))
    (7): ReLU()
    (8): MaxPool2d(kernel_size=2, stride=2, padding=0, dilation=1, ceil_mode=False)
    (9): Flatten(start_dim=1, end_dim=-1)
    (10): Linear(in_features=1152, out_features=512, bias=True)
    (11): ReLU()
    (12): Linear(in_features=512, out_features=256, bias=True)
    (13): ReLU()
    (14): Linear(in_features=256, out_features=10, bias=True)
  )
)
INFO:__main__:CHILD MODEL LOSS: 0.6791410074234009 with train time 81.47454261779785
INFO:__main__:CHILD MODEL ACCURACY: 0.7734
INFO:__main__:Policy gradient: 0.027497516945004463
INFO:__main__:
INFO:__main__:------ ITERATION 266 ------
INFO:__main__:Layers generated: [('64', '3', '2'), ('256', '3', '1'), ('128', '3', '2')]
INFO:__main__:ChildCNNModel(
  (model): Sequential(
    (0): Conv2d(3, 64, kernel_size=(3, 3), stride=(1, 1), padding=(2, 2))
    (1): ReLU()
    (2): MaxPool2d(kernel_size=2, stride=2, padding=0, dilation=1, ceil_mode=False)
    (3): Conv2d(64, 256, kernel_size=(3, 3), stride=(1, 1), padding=(1, 1))
    (4): ReLU()
    (5): MaxPool2d(kernel_size=2, stride=2, padding=0, dilation=1, ceil_mode=False)
    (6): Conv2d(256, 128, kernel_size=(3, 3), stride=(1, 1), padding=(2, 2))
    (7): ReLU()
    (8): MaxPool2d(kernel_size=2, stride=2, padding=0, dilation=1, ceil_mode=False)
    (9): Flatten(start_dim=1, end_dim=-1)
    (10): Linear(in_features=3200, out_features=512, bias=True)
    (11): ReLU()
    (12): Linear(in_features=512, out_features=256, bias=True)
    (13): ReLU()
    (14): Linear(in_features=256, out_features=10, bias=True)
  )
)
INFO:__main__:CHILD MODEL LOSS: 0.5558890744447708 with train time 42.65598464012146
INFO:__main__:CHILD MODEL ACCURACY: 0.7959
INFO:__main__:Policy gradient: 0.19178703427314758
INFO:__main__:
INFO:__main__:------ ITERATION 267 ------
INFO:__main__:Layers generated: [('32', '3', '1'), ('128', '3', '1'), ('128', '3', '2')]
INFO:__main__:ChildCNNModel(
  (model): Sequential(
    (0): Conv2d(3, 32, kernel_size=(3, 3), stride=(1, 1), padding=(1, 1))
    (1): ReLU()
    (2): MaxPool2d(kernel_size=2, stride=2, padding=0, dilation=1, ceil_mode=False)
    (3): Conv2d(32, 128, kernel_size=(3, 3), stride=(1, 1), padding=(1, 1))
    (4): ReLU()
    (5): MaxPool2d(kernel_size=2, stride=2, padding=0, dilation=1, ceil_mode=False)
    (6): Conv2d(128, 128, kernel_size=(3, 3), stride=(1, 1), padding=(2, 2))
    (7): ReLU()
    (8): MaxPool2d(kernel_size=2, stride=2, padding=0, dilation=1, ceil_mode=False)
    (9): Flatten(start_dim=1, end_dim=-1)
    (10): Linear(in_features=3200, out_features=512, bias=True)
    (11): ReLU()
    (12): Linear(in_features=512, out_features=256, bias=True)
    (13): ReLU()
    (14): Linear(in_features=256, out_features=10, bias=True)
  )
)
INFO:__main__:CHILD MODEL LOSS: 0.5484008585214615 with train time 33.25992131233215
INFO:__main__:CHILD MODEL ACCURACY: 0.7984
INFO:__main__:Policy gradient: 0.19838693737983704
INFO:__main__:
INFO:__main__:------ ITERATION 268 ------
INFO:__main__:Layers generated: [('16', '3', '1'), ('64', '3', '0'), ('32', '3', '2')]
INFO:__main__:ChildCNNModel(
  (model): Sequential(
    (0): Conv2d(3, 16, kernel_size=(3, 3), stride=(1, 1), padding=(1, 1))
    (1): ReLU()
    (2): MaxPool2d(kernel_size=2, stride=2, padding=0, dilation=1, ceil_mode=False)
    (3): Conv2d(16, 64, kernel_size=(3, 3), stride=(1, 1))
    (4): ReLU()
    (5): MaxPool2d(kernel_size=2, stride=2, padding=0, dilation=1, ceil_mode=False)
    (6): Conv2d(64, 32, kernel_size=(3, 3), stride=(1, 1), padding=(2, 2))
    (7): ReLU()
    (8): MaxPool2d(kernel_size=2, stride=2, padding=0, dilation=1, ceil_mode=False)
    (9): Flatten(start_dim=1, end_dim=-1)
    (10): Linear(in_features=512, out_features=512, bias=True)
    (11): ReLU()
    (12): Linear(in_features=512, out_features=256, bias=True)
    (13): ReLU()
    (14): Linear(in_features=256, out_features=10, bias=True)
  )
)
INFO:__main__:CHILD MODEL LOSS: 0.7629169631004333 with train time 31.458462476730347
INFO:__main__:CHILD MODEL ACCURACY: 0.7491
INFO:__main__:Policy gradient: -0.273133784532547
INFO:__main__:
INFO:__main__:------ ITERATION 269 ------
INFO:__main__:Layers generated: [('256', '3', '1'), ('32', '3', '0'), ('128', '3', '2')]
INFO:__main__:ChildCNNModel(
  (model): Sequential(
    (0): Conv2d(3, 256, kernel_size=(3, 3), stride=(1, 1), padding=(1, 1))
    (1): ReLU()
    (2): MaxPool2d(kernel_size=2, stride=2, padding=0, dilation=1, ceil_mode=False)
    (3): Conv2d(256, 32, kernel_size=(3, 3), stride=(1, 1))
    (4): ReLU()
    (5): MaxPool2d(kernel_size=2, stride=2, padding=0, dilation=1, ceil_mode=False)
    (6): Conv2d(32, 128, kernel_size=(3, 3), stride=(1, 1), padding=(2, 2))
    (7): ReLU()
    (8): MaxPool2d(kernel_size=2, stride=2, padding=0, dilation=1, ceil_mode=False)
    (9): Flatten(start_dim=1, end_dim=-1)
    (10): Linear(in_features=2048, out_features=512, bias=True)
    (11): ReLU()
    (12): Linear(in_features=512, out_features=256, bias=True)
    (13): ReLU()
    (14): Linear(in_features=256, out_features=10, bias=True)
  )
)
INFO:__main__:CHILD MODEL LOSS: 0.6860500771999359 with train time 52.94341540336609
INFO:__main__:CHILD MODEL ACCURACY: 0.7698
INFO:__main__:Policy gradient: -0.028331371024250984
INFO:__main__:
INFO:__main__:------ ITERATION 270 ------
INFO:__main__:Layers generated: [('32', '3', '2'), ('128', '3', '2'), ('128', '3', '1')]
INFO:__main__:ChildCNNModel(
  (model): Sequential(
    (0): Conv2d(3, 32, kernel_size=(3, 3), stride=(1, 1), padding=(2, 2))
    (1): ReLU()
    (2): MaxPool2d(kernel_size=2, stride=2, padding=0, dilation=1, ceil_mode=False)
    (3): Conv2d(32, 128, kernel_size=(3, 3), stride=(1, 1), padding=(2, 2))
    (4): ReLU()
    (5): MaxPool2d(kernel_size=2, stride=2, padding=0, dilation=1, ceil_mode=False)
    (6): Conv2d(128, 128, kernel_size=(3, 3), stride=(1, 1), padding=(1, 1))
    (7): ReLU()
    (8): MaxPool2d(kernel_size=2, stride=2, padding=0, dilation=1, ceil_mode=False)
    (9): Flatten(start_dim=1, end_dim=-1)
    (10): Linear(in_features=2048, out_features=512, bias=True)
    (11): ReLU()
    (12): Linear(in_features=512, out_features=256, bias=True)
    (13): ReLU()
    (14): Linear(in_features=256, out_features=10, bias=True)
  )
)
INFO:__main__:CHILD MODEL LOSS: 0.571081966996193 with train time 34.68913531303406
INFO:__main__:CHILD MODEL ACCURACY: 0.7991
INFO:__main__:Policy gradient: 0.19313497841358185
INFO:__main__:
INFO:__main__:------ ITERATION 271 ------
INFO:__main__:Layers generated: [('256', '3', '1'), ('256', '3', '2'), ('32', '3', '2')]
INFO:__main__:ChildCNNModel(
  (model): Sequential(
    (0): Conv2d(3, 256, kernel_size=(3, 3), stride=(1, 1), padding=(1, 1))
    (1): ReLU()
    (2): MaxPool2d(kernel_size=2, stride=2, padding=0, dilation=1, ceil_mode=False)
    (3): Conv2d(256, 256, kernel_size=(3, 3), stride=(1, 1), padding=(2, 2))
    (4): ReLU()
    (5): MaxPool2d(kernel_size=2, stride=2, padding=0, dilation=1, ceil_mode=False)
    (6): Conv2d(256, 32, kernel_size=(3, 3), stride=(1, 1), padding=(2, 2))
    (7): ReLU()
    (8): MaxPool2d(kernel_size=2, stride=2, padding=0, dilation=1, ceil_mode=False)
    (9): Flatten(start_dim=1, end_dim=-1)
    (10): Linear(in_features=800, out_features=512, bias=True)
    (11): ReLU()
    (12): Linear(in_features=512, out_features=256, bias=True)
    (13): ReLU()
    (14): Linear(in_features=256, out_features=10, bias=True)
  )
)
INFO:__main__:CHILD MODEL LOSS: 0.6279127213954926 with train time 89.54242897033691
INFO:__main__:CHILD MODEL ACCURACY: 0.7771
INFO:__main__:Policy gradient: 0.012091655284166336
INFO:__main__:
INFO:__main__:------ ITERATION 272 ------
INFO:__main__:Layers generated: [('256', '3', '2'), ('32', '3', '1'), ('32', '3', '1')]
INFO:__main__:ChildCNNModel(
  (model): Sequential(
    (0): Conv2d(3, 256, kernel_size=(3, 3), stride=(1, 1), padding=(2, 2))
    (1): ReLU()
    (2): MaxPool2d(kernel_size=2, stride=2, padding=0, dilation=1, ceil_mode=False)
    (3): Conv2d(256, 32, kernel_size=(3, 3), stride=(1, 1), padding=(1, 1))
    (4): ReLU()
    (5): MaxPool2d(kernel_size=2, stride=2, padding=0, dilation=1, ceil_mode=False)
    (6): Conv2d(32, 32, kernel_size=(3, 3), stride=(1, 1), padding=(1, 1))
    (7): ReLU()
    (8): MaxPool2d(kernel_size=2, stride=2, padding=0, dilation=1, ceil_mode=False)
    (9): Flatten(start_dim=1, end_dim=-1)
    (10): Linear(in_features=512, out_features=512, bias=True)
    (11): ReLU()
    (12): Linear(in_features=512, out_features=256, bias=True)
    (13): ReLU()
    (14): Linear(in_features=256, out_features=10, bias=True)
  )
)
INFO:__main__:CHILD MODEL LOSS: 0.7106857390403748 with train time 60.645527839660645
INFO:__main__:CHILD MODEL ACCURACY: 0.7685
INFO:__main__:Policy gradient: -0.04979660362005234
INFO:__main__:
INFO:__main__:------ ITERATION 273 ------
INFO:__main__:Layers generated: [('32', '3', '2'), ('256', '3', '2'), ('64', '3', '2')]
INFO:__main__:ChildCNNModel(
  (model): Sequential(
    (0): Conv2d(3, 32, kernel_size=(3, 3), stride=(1, 1), padding=(2, 2))
    (1): ReLU()
    (2): MaxPool2d(kernel_size=2, stride=2, padding=0, dilation=1, ceil_mode=False)
    (3): Conv2d(32, 256, kernel_size=(3, 3), stride=(1, 1), padding=(2, 2))
    (4): ReLU()
    (5): MaxPool2d(kernel_size=2, stride=2, padding=0, dilation=1, ceil_mode=False)
    (6): Conv2d(256, 64, kernel_size=(3, 3), stride=(1, 1), padding=(2, 2))
    (7): ReLU()
    (8): MaxPool2d(kernel_size=2, stride=2, padding=0, dilation=1, ceil_mode=False)
    (9): Flatten(start_dim=1, end_dim=-1)
    (10): Linear(in_features=1600, out_features=512, bias=True)
    (11): ReLU()
    (12): Linear(in_features=512, out_features=256, bias=True)
    (13): ReLU()
    (14): Linear(in_features=256, out_features=10, bias=True)
  )
)
INFO:__main__:CHILD MODEL LOSS: 0.6236687697172165 with train time 38.60935664176941
INFO:__main__:CHILD MODEL ACCURACY: 0.7897
INFO:__main__:Policy gradient: 0.10499279201030731
INFO:__main__:
INFO:__main__:------ ITERATION 274 ------
INFO:__main__:Layers generated: [('256', '3', '1'), ('128', '1', '1'), ('256', '1', '0')]
INFO:__main__:ChildCNNModel(
  (model): Sequential(
    (0): Conv2d(3, 256, kernel_size=(3, 3), stride=(1, 1), padding=(1, 1))
    (1): ReLU()
    (2): MaxPool2d(kernel_size=2, stride=2, padding=0, dilation=1, ceil_mode=False)
    (3): Conv2d(256, 128, kernel_size=(1, 1), stride=(1, 1), padding=(1, 1))
    (4): ReLU()
    (5): MaxPool2d(kernel_size=2, stride=2, padding=0, dilation=1, ceil_mode=False)
    (6): Conv2d(128, 256, kernel_size=(1, 1), stride=(1, 1))
    (7): ReLU()
    (8): MaxPool2d(kernel_size=2, stride=2, padding=0, dilation=1, ceil_mode=False)
    (9): Flatten(start_dim=1, end_dim=-1)
    (10): Linear(in_features=4096, out_features=512, bias=True)
    (11): ReLU()
    (12): Linear(in_features=512, out_features=256, bias=True)
    (13): ReLU()
    (14): Linear(in_features=256, out_features=10, bias=True)
  )
)
INFO:__main__:CHILD MODEL LOSS: 0.6543223483562469 with train time 58.10469651222229
INFO:__main__:CHILD MODEL ACCURACY: 0.7885
INFO:__main__:Policy gradient: 0.15496006608009338
INFO:__main__:
INFO:__main__:------ ITERATION 275 ------
INFO:__main__:Layers generated: [('128', '3', '2'), ('256', '3', '2'), ('256', '3', '2')]
INFO:__main__:ChildCNNModel(
  (model): Sequential(
    (0): Conv2d(3, 128, kernel_size=(3, 3), stride=(1, 1), padding=(2, 2))
    (1): ReLU()
    (2): MaxPool2d(kernel_size=2, stride=2, padding=0, dilation=1, ceil_mode=False)
    (3): Conv2d(128, 256, kernel_size=(3, 3), stride=(1, 1), padding=(2, 2))
    (4): ReLU()
    (5): MaxPool2d(kernel_size=2, stride=2, padding=0, dilation=1, ceil_mode=False)
    (6): Conv2d(256, 256, kernel_size=(3, 3), stride=(1, 1), padding=(2, 2))
    (7): ReLU()
    (8): MaxPool2d(kernel_size=2, stride=2, padding=0, dilation=1, ceil_mode=False)
    (9): Flatten(start_dim=1, end_dim=-1)
    (10): Linear(in_features=6400, out_features=512, bias=True)
    (11): ReLU()
    (12): Linear(in_features=512, out_features=256, bias=True)
    (13): ReLU()
    (14): Linear(in_features=256, out_features=10, bias=True)
  )
)
INFO:__main__:CHILD MODEL LOSS: 0.5326058282852173 with train time 81.5354437828064
INFO:__main__:CHILD MODEL ACCURACY: 0.802
INFO:__main__:Policy gradient: 0.169560506939888
INFO:__main__:
INFO:__main__:------ ITERATION 276 ------
INFO:__main__:Layers generated: [('256', '3', '0'), ('16', '1', '2'), ('128', '3', '2')]
INFO:__main__:ChildCNNModel(
  (model): Sequential(
    (0): Conv2d(3, 256, kernel_size=(3, 3), stride=(1, 1))
    (1): ReLU()
    (2): MaxPool2d(kernel_size=2, stride=2, padding=0, dilation=1, ceil_mode=False)
    (3): Conv2d(256, 16, kernel_size=(1, 1), stride=(1, 1), padding=(2, 2))
    (4): ReLU()
    (5): MaxPool2d(kernel_size=2, stride=2, padding=0, dilation=1, ceil_mode=False)
    (6): Conv2d(16, 128, kernel_size=(3, 3), stride=(1, 1), padding=(2, 2))
    (7): ReLU()
    (8): MaxPool2d(kernel_size=2, stride=2, padding=0, dilation=1, ceil_mode=False)
    (9): Flatten(start_dim=1, end_dim=-1)
    (10): Linear(in_features=3200, out_features=512, bias=True)
    (11): ReLU()
    (12): Linear(in_features=512, out_features=256, bias=True)
    (13): ReLU()
    (14): Linear(in_features=256, out_features=10, bias=True)
  )
)
INFO:__main__:CHILD MODEL LOSS: 0.6842506551742553 with train time 45.5881769657135
INFO:__main__:CHILD MODEL ACCURACY: 0.7685
INFO:__main__:Policy gradient: -0.139048770070076
INFO:__main__:
INFO:__main__:------ ITERATION 277 ------
INFO:__main__:Layers generated: [('128', '3', '2'), ('256', '3', '2'), ('256', '3', '0')]
INFO:__main__:ChildCNNModel(
  (model): Sequential(
    (0): Conv2d(3, 128, kernel_size=(3, 3), stride=(1, 1), padding=(2, 2))
    (1): ReLU()
    (2): MaxPool2d(kernel_size=2, stride=2, padding=0, dilation=1, ceil_mode=False)
    (3): Conv2d(128, 256, kernel_size=(3, 3), stride=(1, 1), padding=(2, 2))
    (4): ReLU()
    (5): MaxPool2d(kernel_size=2, stride=2, padding=0, dilation=1, ceil_mode=False)
    (6): Conv2d(256, 256, kernel_size=(3, 3), stride=(1, 1))
    (7): ReLU()
    (8): MaxPool2d(kernel_size=2, stride=2, padding=0, dilation=1, ceil_mode=False)
    (9): Flatten(start_dim=1, end_dim=-1)
    (10): Linear(in_features=2304, out_features=512, bias=True)
    (11): ReLU()
    (12): Linear(in_features=512, out_features=256, bias=True)
    (13): ReLU()
    (14): Linear(in_features=256, out_features=10, bias=True)
  )
)
INFO:__main__:CHILD MODEL LOSS: 0.5672887655496597 with train time 70.9435441493988
INFO:__main__:CHILD MODEL ACCURACY: 0.8136
INFO:__main__:Policy gradient: 0.2780439555644989
INFO:__main__:
INFO:__main__:------ ITERATION 278 ------
INFO:__main__:Layers generated: [('32', '3', '2'), ('32', '3', '2'), ('256', '3', '1')]
INFO:__main__:ChildCNNModel(
  (model): Sequential(
    (0): Conv2d(3, 32, kernel_size=(3, 3), stride=(1, 1), padding=(2, 2))
    (1): ReLU()
    (2): MaxPool2d(kernel_size=2, stride=2, padding=0, dilation=1, ceil_mode=False)
    (3): Conv2d(32, 32, kernel_size=(3, 3), stride=(1, 1), padding=(2, 2))
    (4): ReLU()
    (5): MaxPool2d(kernel_size=2, stride=2, padding=0, dilation=1, ceil_mode=False)
    (6): Conv2d(32, 256, kernel_size=(3, 3), stride=(1, 1), padding=(1, 1))
    (7): ReLU()
    (8): MaxPool2d(kernel_size=2, stride=2, padding=0, dilation=1, ceil_mode=False)
    (9): Flatten(start_dim=1, end_dim=-1)
    (10): Linear(in_features=4096, out_features=512, bias=True)
    (11): ReLU()
    (12): Linear(in_features=512, out_features=256, bias=True)
    (13): ReLU()
    (14): Linear(in_features=256, out_features=10, bias=True)
  )
)
INFO:__main__:CHILD MODEL LOSS: 0.6075977457761764 with train time 31.7247052192688
INFO:__main__:CHILD MODEL ACCURACY: 0.794
INFO:__main__:Policy gradient: 0.08356375992298126
INFO:__main__:
INFO:__main__:------ ITERATION 279 ------
INFO:__main__:Layers generated: [('64', '3', '2'), ('128', '5', '2'), ('256', '3', '0')]
INFO:__main__:ChildCNNModel(
  (model): Sequential(
    (0): Conv2d(3, 64, kernel_size=(3, 3), stride=(1, 1), padding=(2, 2))
    (1): ReLU()
    (2): MaxPool2d(kernel_size=2, stride=2, padding=0, dilation=1, ceil_mode=False)
    (3): Conv2d(64, 128, kernel_size=(5, 5), stride=(1, 1), padding=(2, 2))
    (4): ReLU()
    (5): MaxPool2d(kernel_size=2, stride=2, padding=0, dilation=1, ceil_mode=False)
    (6): Conv2d(128, 256, kernel_size=(3, 3), stride=(1, 1))
    (7): ReLU()
    (8): MaxPool2d(kernel_size=2, stride=2, padding=0, dilation=1, ceil_mode=False)
    (9): Flatten(start_dim=1, end_dim=-1)
    (10): Linear(in_features=2304, out_features=512, bias=True)
    (11): ReLU()
    (12): Linear(in_features=512, out_features=256, bias=True)
    (13): ReLU()
    (14): Linear(in_features=256, out_features=10, bias=True)
  )
)
INFO:__main__:CHILD MODEL LOSS: 0.5718611271381379 with train time 39.224364280700684
INFO:__main__:CHILD MODEL ACCURACY: 0.7937
INFO:__main__:Policy gradient: 0.10849110037088394
INFO:__main__:
INFO:__main__:------ ITERATION 280 ------
INFO:__main__:Layers generated: [('64', '3', '2'), ('32', '3', '2'), ('64', '3', '0')]
INFO:__main__:ChildCNNModel(
  (model): Sequential(
    (0): Conv2d(3, 64, kernel_size=(3, 3), stride=(1, 1), padding=(2, 2))
    (1): ReLU()
    (2): MaxPool2d(kernel_size=2, stride=2, padding=0, dilation=1, ceil_mode=False)
    (3): Conv2d(64, 32, kernel_size=(3, 3), stride=(1, 1), padding=(2, 2))
    (4): ReLU()
    (5): MaxPool2d(kernel_size=2, stride=2, padding=0, dilation=1, ceil_mode=False)
    (6): Conv2d(32, 64, kernel_size=(3, 3), stride=(1, 1))
    (7): ReLU()
    (8): MaxPool2d(kernel_size=2, stride=2, padding=0, dilation=1, ceil_mode=False)
    (9): Flatten(start_dim=1, end_dim=-1)
    (10): Linear(in_features=576, out_features=512, bias=True)
    (11): ReLU()
    (12): Linear(in_features=512, out_features=256, bias=True)
    (13): ReLU()
    (14): Linear(in_features=256, out_features=10, bias=True)
  )
)
INFO:__main__:CHILD MODEL LOSS: 0.7232818148136139 with train time 34.136788845062256
INFO:__main__:CHILD MODEL ACCURACY: 0.7701
INFO:__main__:Policy gradient: -0.13390082120895386
INFO:__main__:
INFO:__main__:------ ITERATION 281 ------
INFO:__main__:Layers generated: [('256', '3', '1'), ('256', '3', '2'), ('32', '3', '1')]
INFO:__main__:ChildCNNModel(
  (model): Sequential(
    (0): Conv2d(3, 256, kernel_size=(3, 3), stride=(1, 1), padding=(1, 1))
    (1): ReLU()
    (2): MaxPool2d(kernel_size=2, stride=2, padding=0, dilation=1, ceil_mode=False)
    (3): Conv2d(256, 256, kernel_size=(3, 3), stride=(1, 1), padding=(2, 2))
    (4): ReLU()
    (5): MaxPool2d(kernel_size=2, stride=2, padding=0, dilation=1, ceil_mode=False)
    (6): Conv2d(256, 32, kernel_size=(3, 3), stride=(1, 1), padding=(1, 1))
    (7): ReLU()
    (8): MaxPool2d(kernel_size=2, stride=2, padding=0, dilation=1, ceil_mode=False)
    (9): Flatten(start_dim=1, end_dim=-1)
    (10): Linear(in_features=512, out_features=512, bias=True)
    (11): ReLU()
    (12): Linear(in_features=512, out_features=256, bias=True)
    (13): ReLU()
    (14): Linear(in_features=256, out_features=10, bias=True)
  )
)
INFO:__main__:CHILD MODEL LOSS: 0.6492578902244568 with train time 88.9426634311676
INFO:__main__:CHILD MODEL ACCURACY: 0.7854
INFO:__main__:Policy gradient: 0.01611354947090149
INFO:__main__:
INFO:__main__:------ ITERATION 282 ------
INFO:__main__:Layers generated: [('32', '3', '2'), ('128', '3', '2'), ('32', '3', '2')]
INFO:__main__:ChildCNNModel(
  (model): Sequential(
    (0): Conv2d(3, 32, kernel_size=(3, 3), stride=(1, 1), padding=(2, 2))
    (1): ReLU()
    (2): MaxPool2d(kernel_size=2, stride=2, padding=0, dilation=1, ceil_mode=False)
    (3): Conv2d(32, 128, kernel_size=(3, 3), stride=(1, 1), padding=(2, 2))
    (4): ReLU()
    (5): MaxPool2d(kernel_size=2, stride=2, padding=0, dilation=1, ceil_mode=False)
    (6): Conv2d(128, 32, kernel_size=(3, 3), stride=(1, 1), padding=(2, 2))
    (7): ReLU()
    (8): MaxPool2d(kernel_size=2, stride=2, padding=0, dilation=1, ceil_mode=False)
    (9): Flatten(start_dim=1, end_dim=-1)
    (10): Linear(in_features=800, out_features=512, bias=True)
    (11): ReLU()
    (12): Linear(in_features=512, out_features=256, bias=True)
    (13): ReLU()
    (14): Linear(in_features=256, out_features=10, bias=True)
  )
)
INFO:__main__:CHILD MODEL LOSS: 0.6992028464078903 with train time 34.41425323486328
INFO:__main__:CHILD MODEL ACCURACY: 0.7632
INFO:__main__:Policy gradient: -0.1513591855764389
INFO:__main__:
INFO:__main__:------ ITERATION 283 ------
INFO:__main__:Layers generated: [('16', '1', '2'), ('256', '3', '2'), ('256', '3', '2')]
INFO:__main__:ChildCNNModel(
  (model): Sequential(
    (0): Conv2d(3, 16, kernel_size=(1, 1), stride=(1, 1), padding=(2, 2))
    (1): ReLU()
    (2): MaxPool2d(kernel_size=2, stride=2, padding=0, dilation=1, ceil_mode=False)
    (3): Conv2d(16, 256, kernel_size=(3, 3), stride=(1, 1), padding=(2, 2))
    (4): ReLU()
    (5): MaxPool2d(kernel_size=2, stride=2, padding=0, dilation=1, ceil_mode=False)
    (6): Conv2d(256, 256, kernel_size=(3, 3), stride=(1, 1), padding=(2, 2))
    (7): ReLU()
    (8): MaxPool2d(kernel_size=2, stride=2, padding=0, dilation=1, ceil_mode=False)
    (9): Flatten(start_dim=1, end_dim=-1)
    (10): Linear(in_features=9216, out_features=512, bias=True)
    (11): ReLU()
    (12): Linear(in_features=512, out_features=256, bias=True)
    (13): ReLU()
    (14): Linear(in_features=256, out_features=10, bias=True)
  )
)
INFO:__main__:CHILD MODEL LOSS: 0.7443772749900818 with train time 49.16049885749817
INFO:__main__:CHILD MODEL ACCURACY: 0.7388
INFO:__main__:Policy gradient: -0.4413182735443115
INFO:__main__:
INFO:__main__:------ ITERATION 284 ------
INFO:__main__:Layers generated: [('256', '3', '1'), ('256', '1', '1'), ('128', '3', '1')]
INFO:__main__:ChildCNNModel(
  (model): Sequential(
    (0): Conv2d(3, 256, kernel_size=(3, 3), stride=(1, 1), padding=(1, 1))
    (1): ReLU()
    (2): MaxPool2d(kernel_size=2, stride=2, padding=0, dilation=1, ceil_mode=False)
    (3): Conv2d(256, 256, kernel_size=(1, 1), stride=(1, 1), padding=(1, 1))
    (4): ReLU()
    (5): MaxPool2d(kernel_size=2, stride=2, padding=0, dilation=1, ceil_mode=False)
    (6): Conv2d(256, 128, kernel_size=(3, 3), stride=(1, 1), padding=(1, 1))
    (7): ReLU()
    (8): MaxPool2d(kernel_size=2, stride=2, padding=0, dilation=1, ceil_mode=False)
    (9): Flatten(start_dim=1, end_dim=-1)
    (10): Linear(in_features=2048, out_features=512, bias=True)
    (11): ReLU()
    (12): Linear(in_features=512, out_features=256, bias=True)
    (13): ReLU()
    (14): Linear(in_features=256, out_features=10, bias=True)
  )
)
INFO:__main__:CHILD MODEL LOSS: 0.5766560652256012 with train time 69.22221660614014
INFO:__main__:CHILD MODEL ACCURACY: 0.7948
INFO:__main__:Policy gradient: 0.16355445981025696
INFO:__main__:
INFO:__main__:------ ITERATION 285 ------
INFO:__main__:Layers generated: [('32', '3', '2'), ('64', '3', '0'), ('128', '3', '2')]
INFO:__main__:ChildCNNModel(
  (model): Sequential(
    (0): Conv2d(3, 32, kernel_size=(3, 3), stride=(1, 1), padding=(2, 2))
    (1): ReLU()
    (2): MaxPool2d(kernel_size=2, stride=2, padding=0, dilation=1, ceil_mode=False)
    (3): Conv2d(32, 64, kernel_size=(3, 3), stride=(1, 1))
    (4): ReLU()
    (5): MaxPool2d(kernel_size=2, stride=2, padding=0, dilation=1, ceil_mode=False)
    (6): Conv2d(64, 128, kernel_size=(3, 3), stride=(1, 1), padding=(2, 2))
    (7): ReLU()
    (8): MaxPool2d(kernel_size=2, stride=2, padding=0, dilation=1, ceil_mode=False)
    (9): Flatten(start_dim=1, end_dim=-1)
    (10): Linear(in_features=2048, out_features=512, bias=True)
    (11): ReLU()
    (12): Linear(in_features=512, out_features=256, bias=True)
    (13): ReLU()
    (14): Linear(in_features=256, out_features=10, bias=True)
  )
)
INFO:__main__:CHILD MODEL LOSS: 0.6155199139118195 with train time 31.70973515510559
INFO:__main__:CHILD MODEL ACCURACY: 0.79
INFO:__main__:Policy gradient: 0.09643048793077469
INFO:__main__:
INFO:__main__:------ ITERATION 286 ------
INFO:__main__:Layers generated: [('256', '3', '2'), ('128', '3', '1'), ('256', '3', '2')]
INFO:__main__:ChildCNNModel(
  (model): Sequential(
    (0): Conv2d(3, 256, kernel_size=(3, 3), stride=(1, 1), padding=(2, 2))
    (1): ReLU()
    (2): MaxPool2d(kernel_size=2, stride=2, padding=0, dilation=1, ceil_mode=False)
    (3): Conv2d(256, 128, kernel_size=(3, 3), stride=(1, 1), padding=(1, 1))
    (4): ReLU()
    (5): MaxPool2d(kernel_size=2, stride=2, padding=0, dilation=1, ceil_mode=False)
    (6): Conv2d(128, 256, kernel_size=(3, 3), stride=(1, 1), padding=(2, 2))
    (7): ReLU()
    (8): MaxPool2d(kernel_size=2, stride=2, padding=0, dilation=1, ceil_mode=False)
    (9): Flatten(start_dim=1, end_dim=-1)
    (10): Linear(in_features=6400, out_features=512, bias=True)
    (11): ReLU()
    (12): Linear(in_features=512, out_features=256, bias=True)
    (13): ReLU()
    (14): Linear(in_features=256, out_features=10, bias=True)
  )
)
INFO:__main__:CHILD MODEL LOSS: 0.5222892622947692 with train time 81.73779368400574
INFO:__main__:CHILD MODEL ACCURACY: 0.8093
INFO:__main__:Policy gradient: 0.18887023627758026
INFO:__main__:
INFO:__main__:------ ITERATION 287 ------
INFO:__main__:Layers generated: [('256', '3', '1'), ('256', '3', '2'), ('32', '3', '2')]
INFO:__main__:ChildCNNModel(
  (model): Sequential(
    (0): Conv2d(3, 256, kernel_size=(3, 3), stride=(1, 1), padding=(1, 1))
    (1): ReLU()
    (2): MaxPool2d(kernel_size=2, stride=2, padding=0, dilation=1, ceil_mode=False)
    (3): Conv2d(256, 256, kernel_size=(3, 3), stride=(1, 1), padding=(2, 2))
    (4): ReLU()
    (5): MaxPool2d(kernel_size=2, stride=2, padding=0, dilation=1, ceil_mode=False)
    (6): Conv2d(256, 32, kernel_size=(3, 3), stride=(1, 1), padding=(2, 2))
    (7): ReLU()
    (8): MaxPool2d(kernel_size=2, stride=2, padding=0, dilation=1, ceil_mode=False)
    (9): Flatten(start_dim=1, end_dim=-1)
    (10): Linear(in_features=800, out_features=512, bias=True)
    (11): ReLU()
    (12): Linear(in_features=512, out_features=256, bias=True)
    (13): ReLU()
    (14): Linear(in_features=256, out_features=10, bias=True)
  )
)
INFO:__main__:CHILD MODEL LOSS: 0.6197309917211533 with train time 89.61918497085571
INFO:__main__:CHILD MODEL ACCURACY: 0.7912
INFO:__main__:Policy gradient: 0.05850152671337128
INFO:__main__:
INFO:__main__:------ ITERATION 288 ------
INFO:__main__:Layers generated: [('256', '3', '1'), ('128', '3', '2'), ('128', '5', '1')]
INFO:__main__:ChildCNNModel(
  (model): Sequential(
    (0): Conv2d(3, 256, kernel_size=(3, 3), stride=(1, 1), padding=(1, 1))
    (1): ReLU()
    (2): MaxPool2d(kernel_size=2, stride=2, padding=0, dilation=1, ceil_mode=False)
    (3): Conv2d(256, 128, kernel_size=(3, 3), stride=(1, 1), padding=(2, 2))
    (4): ReLU()
    (5): MaxPool2d(kernel_size=2, stride=2, padding=0, dilation=1, ceil_mode=False)
    (6): Conv2d(128, 128, kernel_size=(5, 5), stride=(1, 1), padding=(1, 1))
    (7): ReLU()
    (8): MaxPool2d(kernel_size=2, stride=2, padding=0, dilation=1, ceil_mode=False)
    (9): Flatten(start_dim=1, end_dim=-1)
    (10): Linear(in_features=1152, out_features=512, bias=True)
    (11): ReLU()
    (12): Linear(in_features=512, out_features=256, bias=True)
    (13): ReLU()
    (14): Linear(in_features=256, out_features=10, bias=True)
  )
)
INFO:__main__:CHILD MODEL LOSS: 0.5789968756437301 with train time 72.92895746231079
INFO:__main__:CHILD MODEL ACCURACY: 0.8088
INFO:__main__:Policy gradient: 0.22500285506248474
INFO:__main__:
INFO:__main__:------ ITERATION 289 ------
INFO:__main__:Layers generated: [('16', '5', '2'), ('256', '5', '2'), ('256', '5', '1')]
INFO:__main__:ChildCNNModel(
  (model): Sequential(
    (0): Conv2d(3, 16, kernel_size=(5, 5), stride=(1, 1), padding=(2, 2))
    (1): ReLU()
    (2): MaxPool2d(kernel_size=2, stride=2, padding=0, dilation=1, ceil_mode=False)
    (3): Conv2d(16, 256, kernel_size=(5, 5), stride=(1, 1), padding=(2, 2))
    (4): ReLU()
    (5): MaxPool2d(kernel_size=2, stride=2, padding=0, dilation=1, ceil_mode=False)
    (6): Conv2d(256, 256, kernel_size=(5, 5), stride=(1, 1), padding=(1, 1))
    (7): ReLU()
    (8): MaxPool2d(kernel_size=2, stride=2, padding=0, dilation=1, ceil_mode=False)
    (9): Flatten(start_dim=1, end_dim=-1)
    (10): Linear(in_features=2304, out_features=512, bias=True)
    (11): ReLU()
    (12): Linear(in_features=512, out_features=256, bias=True)
    (13): ReLU()
    (14): Linear(in_features=256, out_features=10, bias=True)
  )
)
INFO:__main__:CHILD MODEL LOSS: 0.5702469376325607 with train time 40.99177622795105
INFO:__main__:CHILD MODEL ACCURACY: 0.7963
INFO:__main__:Policy gradient: 0.13548235595226288
INFO:__main__:
INFO:__main__:------ ITERATION 290 ------
INFO:__main__:Layers generated: [('32', '3', '2'), ('128', '5', '2'), ('256', '3', '1')]
INFO:__main__:ChildCNNModel(
  (model): Sequential(
    (0): Conv2d(3, 32, kernel_size=(3, 3), stride=(1, 1), padding=(2, 2))
    (1): ReLU()
    (2): MaxPool2d(kernel_size=2, stride=2, padding=0, dilation=1, ceil_mode=False)
    (3): Conv2d(32, 128, kernel_size=(5, 5), stride=(1, 1), padding=(2, 2))
    (4): ReLU()
    (5): MaxPool2d(kernel_size=2, stride=2, padding=0, dilation=1, ceil_mode=False)
    (6): Conv2d(128, 256, kernel_size=(3, 3), stride=(1, 1), padding=(1, 1))
    (7): ReLU()
    (8): MaxPool2d(kernel_size=2, stride=2, padding=0, dilation=1, ceil_mode=False)
    (9): Flatten(start_dim=1, end_dim=-1)
    (10): Linear(in_features=4096, out_features=512, bias=True)
    (11): ReLU()
    (12): Linear(in_features=512, out_features=256, bias=True)
    (13): ReLU()
    (14): Linear(in_features=256, out_features=10, bias=True)
  )
)
INFO:__main__:CHILD MODEL LOSS: 0.5348374359607696 with train time 35.40495038032532
INFO:__main__:CHILD MODEL ACCURACY: 0.8053
INFO:__main__:Policy gradient: 0.1598132848739624
INFO:__main__:
INFO:__main__:------ ITERATION 291 ------
INFO:__main__:Layers generated: [('16', '3', '2'), ('256', '3', '1'), ('32', '3', '1')]
INFO:__main__:ChildCNNModel(
  (model): Sequential(
    (0): Conv2d(3, 16, kernel_size=(3, 3), stride=(1, 1), padding=(2, 2))
    (1): ReLU()
    (2): MaxPool2d(kernel_size=2, stride=2, padding=0, dilation=1, ceil_mode=False)
    (3): Conv2d(16, 256, kernel_size=(3, 3), stride=(1, 1), padding=(1, 1))
    (4): ReLU()
    (5): MaxPool2d(kernel_size=2, stride=2, padding=0, dilation=1, ceil_mode=False)
    (6): Conv2d(256, 32, kernel_size=(3, 3), stride=(1, 1), padding=(1, 1))
    (7): ReLU()
    (8): MaxPool2d(kernel_size=2, stride=2, padding=0, dilation=1, ceil_mode=False)
    (9): Flatten(start_dim=1, end_dim=-1)
    (10): Linear(in_features=512, out_features=512, bias=True)
    (11): ReLU()
    (12): Linear(in_features=512, out_features=256, bias=True)
    (13): ReLU()
    (14): Linear(in_features=256, out_features=10, bias=True)
  )
)
INFO:__main__:CHILD MODEL LOSS: 0.7580250778198242 with train time 34.39145827293396
INFO:__main__:CHILD MODEL ACCURACY: 0.7532
INFO:__main__:Policy gradient: -0.28216296434402466
INFO:__main__:
INFO:__main__:------ ITERATION 292 ------
INFO:__main__:Layers generated: [('256', '5', '1'), ('128', '3', '0'), ('256', '3', '0')]
INFO:__main__:ChildCNNModel(
  (model): Sequential(
    (0): Conv2d(3, 256, kernel_size=(5, 5), stride=(1, 1), padding=(1, 1))
    (1): ReLU()
    (2): MaxPool2d(kernel_size=2, stride=2, padding=0, dilation=1, ceil_mode=False)
    (3): Conv2d(256, 128, kernel_size=(3, 3), stride=(1, 1))
    (4): ReLU()
    (5): MaxPool2d(kernel_size=2, stride=2, padding=0, dilation=1, ceil_mode=False)
    (6): Conv2d(128, 256, kernel_size=(3, 3), stride=(1, 1))
    (7): ReLU()
    (8): MaxPool2d(kernel_size=2, stride=2, padding=0, dilation=1, ceil_mode=False)
    (9): Flatten(start_dim=1, end_dim=-1)
    (10): Linear(in_features=1024, out_features=512, bias=True)
    (11): ReLU()
    (12): Linear(in_features=512, out_features=256, bias=True)
    (13): ReLU()
    (14): Linear(in_features=256, out_features=10, bias=True)
  )
)
INFO:__main__:CHILD MODEL LOSS: 0.6569217910766602 with train time 56.72076630592346
INFO:__main__:CHILD MODEL ACCURACY: 0.7823
INFO:__main__:Policy gradient: -0.03569858521223068
INFO:__main__:
INFO:__main__:------ ITERATION 293 ------
INFO:__main__:Layers generated: [('256', '3', '0'), ('32', '3', '1'), ('128', '3', '1')]
INFO:__main__:ChildCNNModel(
  (model): Sequential(
    (0): Conv2d(3, 256, kernel_size=(3, 3), stride=(1, 1))
    (1): ReLU()
    (2): MaxPool2d(kernel_size=2, stride=2, padding=0, dilation=1, ceil_mode=False)
    (3): Conv2d(256, 32, kernel_size=(3, 3), stride=(1, 1), padding=(1, 1))
    (4): ReLU()
    (5): MaxPool2d(kernel_size=2, stride=2, padding=0, dilation=1, ceil_mode=False)
    (6): Conv2d(32, 128, kernel_size=(3, 3), stride=(1, 1), padding=(1, 1))
    (7): ReLU()
    (8): MaxPool2d(kernel_size=2, stride=2, padding=0, dilation=1, ceil_mode=False)
    (9): Flatten(start_dim=1, end_dim=-1)
    (10): Linear(in_features=1152, out_features=512, bias=True)
    (11): ReLU()
    (12): Linear(in_features=512, out_features=256, bias=True)
    (13): ReLU()
    (14): Linear(in_features=256, out_features=10, bias=True)
  )
)
INFO:__main__:CHILD MODEL LOSS: 0.6681212722063065 with train time 48.169546365737915
INFO:__main__:CHILD MODEL ACCURACY: 0.7718
INFO:__main__:Policy gradient: -0.11228469014167786
INFO:__main__:
INFO:__main__:------ ITERATION 294 ------
INFO:__main__:Layers generated: [('64', '3', '2'), ('16', '3', '1'), ('256', '1', '2')]
INFO:__main__:ChildCNNModel(
  (model): Sequential(
    (0): Conv2d(3, 64, kernel_size=(3, 3), stride=(1, 1), padding=(2, 2))
    (1): ReLU()
    (2): MaxPool2d(kernel_size=2, stride=2, padding=0, dilation=1, ceil_mode=False)
    (3): Conv2d(64, 16, kernel_size=(3, 3), stride=(1, 1), padding=(1, 1))
    (4): ReLU()
    (5): MaxPool2d(kernel_size=2, stride=2, padding=0, dilation=1, ceil_mode=False)
    (6): Conv2d(16, 256, kernel_size=(1, 1), stride=(1, 1), padding=(2, 2))
    (7): ReLU()
    (8): MaxPool2d(kernel_size=2, stride=2, padding=0, dilation=1, ceil_mode=False)
    (9): Flatten(start_dim=1, end_dim=-1)
    (10): Linear(in_features=9216, out_features=512, bias=True)
    (11): ReLU()
    (12): Linear(in_features=512, out_features=256, bias=True)
    (13): ReLU()
    (14): Linear(in_features=256, out_features=10, bias=True)
  )
)
INFO:__main__:CHILD MODEL LOSS: 0.9050015571117401 with train time 36.95222020149231
INFO:__main__:CHILD MODEL ACCURACY: 0.7017
INFO:__main__:Policy gradient: -0.9181914329528809
INFO:__main__:
INFO:__main__:------ ITERATION 295 ------
INFO:__main__:Layers generated: [('32', '3', '0'), ('16', '3', '0'), ('256', '3', '0')]
INFO:__main__:ChildCNNModel(
  (model): Sequential(
    (0): Conv2d(3, 32, kernel_size=(3, 3), stride=(1, 1))
    (1): ReLU()
    (2): MaxPool2d(kernel_size=2, stride=2, padding=0, dilation=1, ceil_mode=False)
    (3): Conv2d(32, 16, kernel_size=(3, 3), stride=(1, 1))
    (4): ReLU()
    (5): MaxPool2d(kernel_size=2, stride=2, padding=0, dilation=1, ceil_mode=False)
    (6): Conv2d(16, 256, kernel_size=(3, 3), stride=(1, 1))
    (7): ReLU()
    (8): MaxPool2d(kernel_size=2, stride=2, padding=0, dilation=1, ceil_mode=False)
    (9): Flatten(start_dim=1, end_dim=-1)
    (10): Linear(in_features=1024, out_features=512, bias=True)
    (11): ReLU()
    (12): Linear(in_features=512, out_features=256, bias=True)
    (13): ReLU()
    (14): Linear(in_features=256, out_features=10, bias=True)
  )
)
INFO:__main__:CHILD MODEL LOSS: 0.8201618516445159 with train time 30.43716311454773
INFO:__main__:CHILD MODEL ACCURACY: 0.7186
INFO:__main__:Policy gradient: -0.6769370436668396
INFO:__main__:
INFO:__main__:------ ITERATION 296 ------
INFO:__main__:Layers generated: [('256', '5', '2'), ('256', '3', '1'), ('32', '3', '1')]
INFO:__main__:ChildCNNModel(
  (model): Sequential(
    (0): Conv2d(3, 256, kernel_size=(5, 5), stride=(1, 1), padding=(2, 2))
    (1): ReLU()
    (2): MaxPool2d(kernel_size=2, stride=2, padding=0, dilation=1, ceil_mode=False)
    (3): Conv2d(256, 256, kernel_size=(3, 3), stride=(1, 1), padding=(1, 1))
    (4): ReLU()
    (5): MaxPool2d(kernel_size=2, stride=2, padding=0, dilation=1, ceil_mode=False)
    (6): Conv2d(256, 32, kernel_size=(3, 3), stride=(1, 1), padding=(1, 1))
    (7): ReLU()
    (8): MaxPool2d(kernel_size=2, stride=2, padding=0, dilation=1, ceil_mode=False)
    (9): Flatten(start_dim=1, end_dim=-1)
    (10): Linear(in_features=512, out_features=512, bias=True)
    (11): ReLU()
    (12): Linear(in_features=512, out_features=256, bias=True)
    (13): ReLU()
    (14): Linear(in_features=256, out_features=10, bias=True)
  )
)
INFO:__main__:CHILD MODEL LOSS: 0.653611512541771 with train time 83.21150755882263
INFO:__main__:CHILD MODEL ACCURACY: 0.777
INFO:__main__:Policy gradient: 0.062117572873830795
INFO:__main__:
INFO:__main__:------ ITERATION 297 ------
INFO:__main__:Layers generated: [('64', '3', '2'), ('32', '3', '1'), ('128', '3', '0')]
INFO:__main__:ChildCNNModel(
  (model): Sequential(
    (0): Conv2d(3, 64, kernel_size=(3, 3), stride=(1, 1), padding=(2, 2))
    (1): ReLU()
    (2): MaxPool2d(kernel_size=2, stride=2, padding=0, dilation=1, ceil_mode=False)
    (3): Conv2d(64, 32, kernel_size=(3, 3), stride=(1, 1), padding=(1, 1))
    (4): ReLU()
    (5): MaxPool2d(kernel_size=2, stride=2, padding=0, dilation=1, ceil_mode=False)
    (6): Conv2d(32, 128, kernel_size=(3, 3), stride=(1, 1))
    (7): ReLU()
    (8): MaxPool2d(kernel_size=2, stride=2, padding=0, dilation=1, ceil_mode=False)
    (9): Flatten(start_dim=1, end_dim=-1)
    (10): Linear(in_features=1152, out_features=512, bias=True)
    (11): ReLU()
    (12): Linear(in_features=512, out_features=256, bias=True)
    (13): ReLU()
    (14): Linear(in_features=256, out_features=10, bias=True)
  )
)
INFO:__main__:CHILD MODEL LOSS: 0.6682557849884033 with train time 34.29231595993042
INFO:__main__:CHILD MODEL ACCURACY: 0.7854
INFO:__main__:Policy gradient: 0.13484802842140198
INFO:__main__:
INFO:__main__:------ ITERATION 298 ------
INFO:__main__:Layers generated: [('256', '3', '1'), ('32', '3', '1'), ('256', '3', '2')]
INFO:__main__:ChildCNNModel(
  (model): Sequential(
    (0): Conv2d(3, 256, kernel_size=(3, 3), stride=(1, 1), padding=(1, 1))
    (1): ReLU()
    (2): MaxPool2d(kernel_size=2, stride=2, padding=0, dilation=1, ceil_mode=False)
    (3): Conv2d(256, 32, kernel_size=(3, 3), stride=(1, 1), padding=(1, 1))
    (4): ReLU()
    (5): MaxPool2d(kernel_size=2, stride=2, padding=0, dilation=1, ceil_mode=False)
    (6): Conv2d(32, 256, kernel_size=(3, 3), stride=(1, 1), padding=(2, 2))
    (7): ReLU()
    (8): MaxPool2d(kernel_size=2, stride=2, padding=0, dilation=1, ceil_mode=False)
    (9): Flatten(start_dim=1, end_dim=-1)
    (10): Linear(in_features=6400, out_features=512, bias=True)
    (11): ReLU()
    (12): Linear(in_features=512, out_features=256, bias=True)
    (13): ReLU()
    (14): Linear(in_features=256, out_features=10, bias=True)
  )
)
INFO:__main__:CHILD MODEL LOSS: 0.6651464825868607 with train time 58.60185670852661
INFO:__main__:CHILD MODEL ACCURACY: 0.7794
INFO:__main__:Policy gradient: 0.05132918059825897
INFO:__main__:
INFO:__main__:------ ITERATION 299 ------
INFO:__main__:Layers generated: [('64', '3', '2'), ('256', '3', '1'), ('32', '3', '2')]
INFO:__main__:ChildCNNModel(
  (model): Sequential(
    (0): Conv2d(3, 64, kernel_size=(3, 3), stride=(1, 1), padding=(2, 2))
    (1): ReLU()
    (2): MaxPool2d(kernel_size=2, stride=2, padding=0, dilation=1, ceil_mode=False)
    (3): Conv2d(64, 256, kernel_size=(3, 3), stride=(1, 1), padding=(1, 1))
    (4): ReLU()
    (5): MaxPool2d(kernel_size=2, stride=2, padding=0, dilation=1, ceil_mode=False)
    (6): Conv2d(256, 32, kernel_size=(3, 3), stride=(1, 1), padding=(2, 2))
    (7): ReLU()
    (8): MaxPool2d(kernel_size=2, stride=2, padding=0, dilation=1, ceil_mode=False)
    (9): Flatten(start_dim=1, end_dim=-1)
    (10): Linear(in_features=800, out_features=512, bias=True)
    (11): ReLU()
    (12): Linear(in_features=512, out_features=256, bias=True)
    (13): ReLU()
    (14): Linear(in_features=256, out_features=10, bias=True)
  )
)
INFO:__main__:CHILD MODEL LOSS: 0.6277211154699326 with train time 41.27627158164978
INFO:__main__:CHILD MODEL ACCURACY: 0.782
INFO:__main__:Policy gradient: 0.07139097154140472
INFO:__main__:
INFO:__main__:------ ITERATION 300 ------
INFO:__main__:Layers generated: [('32', '3', '2'), ('32', '5', '0'), ('128', '1', '1')]
INFO:__main__:ChildCNNModel(
  (model): Sequential(
    (0): Conv2d(3, 32, kernel_size=(3, 3), stride=(1, 1), padding=(2, 2))
    (1): ReLU()
    (2): MaxPool2d(kernel_size=2, stride=2, padding=0, dilation=1, ceil_mode=False)
    (3): Conv2d(32, 32, kernel_size=(5, 5), stride=(1, 1))
    (4): ReLU()
    (5): MaxPool2d(kernel_size=2, stride=2, padding=0, dilation=1, ceil_mode=False)
    (6): Conv2d(32, 128, kernel_size=(1, 1), stride=(1, 1), padding=(1, 1))
    (7): ReLU()
    (8): MaxPool2d(kernel_size=2, stride=2, padding=0, dilation=1, ceil_mode=False)
    (9): Flatten(start_dim=1, end_dim=-1)
    (10): Linear(in_features=2048, out_features=512, bias=True)
    (11): ReLU()
    (12): Linear(in_features=512, out_features=256, bias=True)
    (13): ReLU()
    (14): Linear(in_features=256, out_features=10, bias=True)
  )
)
INFO:__main__:CHILD MODEL LOSS: 0.7764437835216522 with train time 31.607898950576782
INFO:__main__:CHILD MODEL ACCURACY: 0.7541
INFO:__main__:Policy gradient: -0.24711516499519348
INFO:__main__:
INFO:__main__:------ ITERATION 301 ------
INFO:__main__:Layers generated: [('32', '5', '0'), ('256', '3', '0'), ('16', '1', '1')]
INFO:__main__:ChildCNNModel(
  (model): Sequential(
    (0): Conv2d(3, 32, kernel_size=(5, 5), stride=(1, 1))
    (1): ReLU()
    (2): MaxPool2d(kernel_size=2, stride=2, padding=0, dilation=1, ceil_mode=False)
    (3): Conv2d(32, 256, kernel_size=(3, 3), stride=(1, 1))
    (4): ReLU()
    (5): MaxPool2d(kernel_size=2, stride=2, padding=0, dilation=1, ceil_mode=False)
    (6): Conv2d(256, 16, kernel_size=(1, 1), stride=(1, 1), padding=(1, 1))
    (7): ReLU()
    (8): MaxPool2d(kernel_size=2, stride=2, padding=0, dilation=1, ceil_mode=False)
    (9): Flatten(start_dim=1, end_dim=-1)
    (10): Linear(in_features=256, out_features=512, bias=True)
    (11): ReLU()
    (12): Linear(in_features=512, out_features=256, bias=True)
    (13): ReLU()
    (14): Linear(in_features=256, out_features=10, bias=True)
  )
)
INFO:__main__:CHILD MODEL LOSS: 0.8055536308288574 with train time 31.334320068359375
INFO:__main__:CHILD MODEL ACCURACY: 0.7381
INFO:__main__:Policy gradient: -0.5213908553123474
INFO:__main__:
INFO:__main__:------ ITERATION 302 ------
INFO:__main__:Layers generated: [('32', '3', '0'), ('64', '1', '1'), ('64', '3', '2')]
INFO:__main__:ChildCNNModel(
  (model): Sequential(
    (0): Conv2d(3, 32, kernel_size=(3, 3), stride=(1, 1))
    (1): ReLU()
    (2): MaxPool2d(kernel_size=2, stride=2, padding=0, dilation=1, ceil_mode=False)
    (3): Conv2d(32, 64, kernel_size=(1, 1), stride=(1, 1), padding=(1, 1))
    (4): ReLU()
    (5): MaxPool2d(kernel_size=2, stride=2, padding=0, dilation=1, ceil_mode=False)
    (6): Conv2d(64, 64, kernel_size=(3, 3), stride=(1, 1), padding=(2, 2))
    (7): ReLU()
    (8): MaxPool2d(kernel_size=2, stride=2, padding=0, dilation=1, ceil_mode=False)
    (9): Flatten(start_dim=1, end_dim=-1)
    (10): Linear(in_features=1600, out_features=512, bias=True)
    (11): ReLU()
    (12): Linear(in_features=512, out_features=256, bias=True)
    (13): ReLU()
    (14): Linear(in_features=256, out_features=10, bias=True)
  )
)
INFO:__main__:CHILD MODEL LOSS: 0.6985254534482956 with train time 30.786266803741455
INFO:__main__:CHILD MODEL ACCURACY: 0.7566
INFO:__main__:Policy gradient: -0.14340652525424957
INFO:__main__:
INFO:__main__:------ ITERATION 303 ------
INFO:__main__:Layers generated: [('256', '3', '2'), ('64', '3', '0'), ('64', '3', '2')]
INFO:__main__:ChildCNNModel(
  (model): Sequential(
    (0): Conv2d(3, 256, kernel_size=(3, 3), stride=(1, 1), padding=(2, 2))
    (1): ReLU()
    (2): MaxPool2d(kernel_size=2, stride=2, padding=0, dilation=1, ceil_mode=False)
    (3): Conv2d(256, 64, kernel_size=(3, 3), stride=(1, 1))
    (4): ReLU()
    (5): MaxPool2d(kernel_size=2, stride=2, padding=0, dilation=1, ceil_mode=False)
    (6): Conv2d(64, 64, kernel_size=(3, 3), stride=(1, 1), padding=(2, 2))
    (7): ReLU()
    (8): MaxPool2d(kernel_size=2, stride=2, padding=0, dilation=1, ceil_mode=False)
    (9): Flatten(start_dim=1, end_dim=-1)
    (10): Linear(in_features=1024, out_features=512, bias=True)
    (11): ReLU()
    (12): Linear(in_features=512, out_features=256, bias=True)
    (13): ReLU()
    (14): Linear(in_features=256, out_features=10, bias=True)
  )
)
INFO:__main__:CHILD MODEL LOSS: 0.6337696726322174 with train time 62.439810276031494
INFO:__main__:CHILD MODEL ACCURACY: 0.7914
INFO:__main__:Policy gradient: 0.212004154920578
INFO:__main__:
INFO:__main__:------ ITERATION 304 ------
INFO:__main__:Layers generated: [('32', '3', '0'), ('128', '5', '2'), ('128', '3', '1')]
INFO:__main__:ChildCNNModel(
  (model): Sequential(
    (0): Conv2d(3, 32, kernel_size=(3, 3), stride=(1, 1))
    (1): ReLU()
    (2): MaxPool2d(kernel_size=2, stride=2, padding=0, dilation=1, ceil_mode=False)
    (3): Conv2d(32, 128, kernel_size=(5, 5), stride=(1, 1), padding=(2, 2))
    (4): ReLU()
    (5): MaxPool2d(kernel_size=2, stride=2, padding=0, dilation=1, ceil_mode=False)
    (6): Conv2d(128, 128, kernel_size=(3, 3), stride=(1, 1), padding=(1, 1))
    (7): ReLU()
    (8): MaxPool2d(kernel_size=2, stride=2, padding=0, dilation=1, ceil_mode=False)
    (9): Flatten(start_dim=1, end_dim=-1)
    (10): Linear(in_features=1152, out_features=512, bias=True)
    (11): ReLU()
    (12): Linear(in_features=512, out_features=256, bias=True)
    (13): ReLU()
    (14): Linear(in_features=256, out_features=10, bias=True)
  )
)
INFO:__main__:CHILD MODEL LOSS: 0.6070101931095123 with train time 32.37045216560364
INFO:__main__:CHILD MODEL ACCURACY: 0.7976
INFO:__main__:Policy gradient: 0.29424524307250977
INFO:__main__:
INFO:__main__:------ ITERATION 305 ------
INFO:__main__:Layers generated: [('128', '5', '2'), ('128', '3', '1'), ('32', '3', '2')]
INFO:__main__:ChildCNNModel(
  (model): Sequential(
    (0): Conv2d(3, 128, kernel_size=(5, 5), stride=(1, 1), padding=(2, 2))
    (1): ReLU()
    (2): MaxPool2d(kernel_size=2, stride=2, padding=0, dilation=1, ceil_mode=False)
    (3): Conv2d(128, 128, kernel_size=(3, 3), stride=(1, 1), padding=(1, 1))
    (4): ReLU()
    (5): MaxPool2d(kernel_size=2, stride=2, padding=0, dilation=1, ceil_mode=False)
    (6): Conv2d(128, 32, kernel_size=(3, 3), stride=(1, 1), padding=(2, 2))
    (7): ReLU()
    (8): MaxPool2d(kernel_size=2, stride=2, padding=0, dilation=1, ceil_mode=False)
    (9): Flatten(start_dim=1, end_dim=-1)
    (10): Linear(in_features=800, out_features=512, bias=True)
    (11): ReLU()
    (12): Linear(in_features=512, out_features=256, bias=True)
    (13): ReLU()
    (14): Linear(in_features=256, out_features=10, bias=True)
  )
)
INFO:__main__:CHILD MODEL LOSS: 0.6438169573545456 with train time 41.13693928718567
INFO:__main__:CHILD MODEL ACCURACY: 0.7844
INFO:__main__:Policy gradient: 0.12230964750051498
INFO:__main__:
INFO:__main__:------ ITERATION 306 ------
INFO:__main__:Layers generated: [('256', '3', '0'), ('64', '3', '2'), ('256', '3', '1')]
INFO:__main__:ChildCNNModel(
  (model): Sequential(
    (0): Conv2d(3, 256, kernel_size=(3, 3), stride=(1, 1))
    (1): ReLU()
    (2): MaxPool2d(kernel_size=2, stride=2, padding=0, dilation=1, ceil_mode=False)
    (3): Conv2d(256, 64, kernel_size=(3, 3), stride=(1, 1), padding=(2, 2))
    (4): ReLU()
    (5): MaxPool2d(kernel_size=2, stride=2, padding=0, dilation=1, ceil_mode=False)
    (6): Conv2d(64, 256, kernel_size=(3, 3), stride=(1, 1), padding=(1, 1))
    (7): ReLU()
    (8): MaxPool2d(kernel_size=2, stride=2, padding=0, dilation=1, ceil_mode=False)
    (9): Flatten(start_dim=1, end_dim=-1)
    (10): Linear(in_features=4096, out_features=512, bias=True)
    (11): ReLU()
    (12): Linear(in_features=512, out_features=256, bias=True)
    (13): ReLU()
    (14): Linear(in_features=256, out_features=10, bias=True)
  )
)
INFO:__main__:CHILD MODEL LOSS: 0.5328157842159271 with train time 56.86106586456299
INFO:__main__:CHILD MODEL ACCURACY: 0.7902
INFO:__main__:Policy gradient: 0.13886946439743042
INFO:__main__:
INFO:__main__:------ ITERATION 307 ------
INFO:__main__:Layers generated: [('32', '3', '2'), ('32', '3', '1'), ('64', '3', '1')]
INFO:__main__:ChildCNNModel(
  (model): Sequential(
    (0): Conv2d(3, 32, kernel_size=(3, 3), stride=(1, 1), padding=(2, 2))
    (1): ReLU()
    (2): MaxPool2d(kernel_size=2, stride=2, padding=0, dilation=1, ceil_mode=False)
    (3): Conv2d(32, 32, kernel_size=(3, 3), stride=(1, 1), padding=(1, 1))
    (4): ReLU()
    (5): MaxPool2d(kernel_size=2, stride=2, padding=0, dilation=1, ceil_mode=False)
    (6): Conv2d(32, 64, kernel_size=(3, 3), stride=(1, 1), padding=(1, 1))
    (7): ReLU()
    (8): MaxPool2d(kernel_size=2, stride=2, padding=0, dilation=1, ceil_mode=False)
    (9): Flatten(start_dim=1, end_dim=-1)
    (10): Linear(in_features=1024, out_features=512, bias=True)
    (11): ReLU()
    (12): Linear(in_features=512, out_features=256, bias=True)
    (13): ReLU()
    (14): Linear(in_features=256, out_features=10, bias=True)
  )
)
INFO:__main__:CHILD MODEL LOSS: 0.7212135088443756 with train time 30.62787675857544
INFO:__main__:CHILD MODEL ACCURACY: 0.7568
INFO:__main__:Policy gradient: -0.14610931277275085
INFO:__main__:
INFO:__main__:------ ITERATION 308 ------
INFO:__main__:Layers generated: [('32', '3', '2'), ('256', '3', '2'), ('32', '3', '1')]
INFO:__main__:ChildCNNModel(
  (model): Sequential(
    (0): Conv2d(3, 32, kernel_size=(3, 3), stride=(1, 1), padding=(2, 2))
    (1): ReLU()
    (2): MaxPool2d(kernel_size=2, stride=2, padding=0, dilation=1, ceil_mode=False)
    (3): Conv2d(32, 256, kernel_size=(3, 3), stride=(1, 1), padding=(2, 2))
    (4): ReLU()
    (5): MaxPool2d(kernel_size=2, stride=2, padding=0, dilation=1, ceil_mode=False)
    (6): Conv2d(256, 32, kernel_size=(3, 3), stride=(1, 1), padding=(1, 1))
    (7): ReLU()
    (8): MaxPool2d(kernel_size=2, stride=2, padding=0, dilation=1, ceil_mode=False)
    (9): Flatten(start_dim=1, end_dim=-1)
    (10): Linear(in_features=512, out_features=512, bias=True)
    (11): ReLU()
    (12): Linear(in_features=512, out_features=256, bias=True)
    (13): ReLU()
    (14): Linear(in_features=256, out_features=10, bias=True)
  )
)
INFO:__main__:CHILD MODEL LOSS: 0.6677122418880462 with train time 37.41944479942322
INFO:__main__:CHILD MODEL ACCURACY: 0.7817
INFO:__main__:Policy gradient: 0.05808532238006592
INFO:__main__:
INFO:__main__:------ ITERATION 309 ------
INFO:__main__:Layers generated: [('256', '3', '2'), ('256', '3', '0'), ('128', '5', '2')]
INFO:__main__:ChildCNNModel(
  (model): Sequential(
    (0): Conv2d(3, 256, kernel_size=(3, 3), stride=(1, 1), padding=(2, 2))
    (1): ReLU()
    (2): MaxPool2d(kernel_size=2, stride=2, padding=0, dilation=1, ceil_mode=False)
    (3): Conv2d(256, 256, kernel_size=(3, 3), stride=(1, 1))
    (4): ReLU()
    (5): MaxPool2d(kernel_size=2, stride=2, padding=0, dilation=1, ceil_mode=False)
    (6): Conv2d(256, 128, kernel_size=(5, 5), stride=(1, 1), padding=(2, 2))
    (7): ReLU()
    (8): MaxPool2d(kernel_size=2, stride=2, padding=0, dilation=1, ceil_mode=False)
    (9): Flatten(start_dim=1, end_dim=-1)
    (10): Linear(in_features=1152, out_features=512, bias=True)
    (11): ReLU()
    (12): Linear(in_features=512, out_features=256, bias=True)
    (13): ReLU()
    (14): Linear(in_features=256, out_features=10, bias=True)
  )
)
INFO:__main__:CHILD MODEL LOSS: 0.5887063442468643 with train time 90.96447205543518
INFO:__main__:CHILD MODEL ACCURACY: 0.7902
INFO:__main__:Policy gradient: 0.14467979967594147
INFO:__main__:
INFO:__main__:------ ITERATION 310 ------
INFO:__main__:Layers generated: [('256', '5', '0'), ('256', '3', '1'), ('32', '3', '2')]
INFO:__main__:ChildCNNModel(
  (model): Sequential(
    (0): Conv2d(3, 256, kernel_size=(5, 5), stride=(1, 1))
    (1): ReLU()
    (2): MaxPool2d(kernel_size=2, stride=2, padding=0, dilation=1, ceil_mode=False)
    (3): Conv2d(256, 256, kernel_size=(3, 3), stride=(1, 1), padding=(1, 1))
    (4): ReLU()
    (5): MaxPool2d(kernel_size=2, stride=2, padding=0, dilation=1, ceil_mode=False)
    (6): Conv2d(256, 32, kernel_size=(3, 3), stride=(1, 1), padding=(2, 2))
    (7): ReLU()
    (8): MaxPool2d(kernel_size=2, stride=2, padding=0, dilation=1, ceil_mode=False)
    (9): Flatten(start_dim=1, end_dim=-1)
    (10): Linear(in_features=512, out_features=512, bias=True)
    (11): ReLU()
    (12): Linear(in_features=512, out_features=256, bias=True)
    (13): ReLU()
    (14): Linear(in_features=256, out_features=10, bias=True)
  )
)
INFO:__main__:CHILD MODEL LOSS: 0.6402814402580261 with train time 67.04821729660034
INFO:__main__:CHILD MODEL ACCURACY: 0.788
INFO:__main__:Policy gradient: 0.1276894062757492
INFO:__main__:
INFO:__main__:------ ITERATION 311 ------
INFO:__main__:Layers generated: [('256', '3', '2'), ('64', '3', '2'), ('32', '3', '0')]
INFO:__main__:ChildCNNModel(
  (model): Sequential(
    (0): Conv2d(3, 256, kernel_size=(3, 3), stride=(1, 1), padding=(2, 2))
    (1): ReLU()
    (2): MaxPool2d(kernel_size=2, stride=2, padding=0, dilation=1, ceil_mode=False)
    (3): Conv2d(256, 64, kernel_size=(3, 3), stride=(1, 1), padding=(2, 2))
    (4): ReLU()
    (5): MaxPool2d(kernel_size=2, stride=2, padding=0, dilation=1, ceil_mode=False)
    (6): Conv2d(64, 32, kernel_size=(3, 3), stride=(1, 1))
    (7): ReLU()
    (8): MaxPool2d(kernel_size=2, stride=2, padding=0, dilation=1, ceil_mode=False)
    (9): Flatten(start_dim=1, end_dim=-1)
    (10): Linear(in_features=288, out_features=512, bias=True)
    (11): ReLU()
    (12): Linear(in_features=512, out_features=256, bias=True)
    (13): ReLU()
    (14): Linear(in_features=256, out_features=10, bias=True)
  )
)
INFO:__main__:CHILD MODEL LOSS: 0.7412127981185913 with train time 66.31679463386536
INFO:__main__:CHILD MODEL ACCURACY: 0.7564
INFO:__main__:Policy gradient: -0.17613737285137177
INFO:__main__:
INFO:__main__:------ ITERATION 312 ------
INFO:__main__:Layers generated: [('256', '3', '2'), ('32', '3', '0'), ('32', '3', '2')]
INFO:__main__:ChildCNNModel(
  (model): Sequential(
    (0): Conv2d(3, 256, kernel_size=(3, 3), stride=(1, 1), padding=(2, 2))
    (1): ReLU()
    (2): MaxPool2d(kernel_size=2, stride=2, padding=0, dilation=1, ceil_mode=False)
    (3): Conv2d(256, 32, kernel_size=(3, 3), stride=(1, 1))
    (4): ReLU()
    (5): MaxPool2d(kernel_size=2, stride=2, padding=0, dilation=1, ceil_mode=False)
    (6): Conv2d(32, 32, kernel_size=(3, 3), stride=(1, 1), padding=(2, 2))
    (7): ReLU()
    (8): MaxPool2d(kernel_size=2, stride=2, padding=0, dilation=1, ceil_mode=False)
    (9): Flatten(start_dim=1, end_dim=-1)
    (10): Linear(in_features=512, out_features=512, bias=True)
    (11): ReLU()
    (12): Linear(in_features=512, out_features=256, bias=True)
    (13): ReLU()
    (14): Linear(in_features=256, out_features=10, bias=True)
  )
)
INFO:__main__:CHILD MODEL LOSS: 0.7432104148864747 with train time 59.48404097557068
INFO:__main__:CHILD MODEL ACCURACY: 0.7551
INFO:__main__:Policy gradient: -0.1693054437637329
INFO:__main__:
INFO:__main__:------ ITERATION 313 ------
INFO:__main__:Layers generated: [('64', '3', '1'), ('32', '5', '1'), ('256', '3', '1')]
INFO:__main__:ChildCNNModel(
  (model): Sequential(
    (0): Conv2d(3, 64, kernel_size=(3, 3), stride=(1, 1), padding=(1, 1))
    (1): ReLU()
    (2): MaxPool2d(kernel_size=2, stride=2, padding=0, dilation=1, ceil_mode=False)
    (3): Conv2d(64, 32, kernel_size=(5, 5), stride=(1, 1), padding=(1, 1))
    (4): ReLU()
    (5): MaxPool2d(kernel_size=2, stride=2, padding=0, dilation=1, ceil_mode=False)
    (6): Conv2d(32, 256, kernel_size=(3, 3), stride=(1, 1), padding=(1, 1))
    (7): ReLU()
    (8): MaxPool2d(kernel_size=2, stride=2, padding=0, dilation=1, ceil_mode=False)
    (9): Flatten(start_dim=1, end_dim=-1)
    (10): Linear(in_features=2304, out_features=512, bias=True)
    (11): ReLU()
    (12): Linear(in_features=512, out_features=256, bias=True)
    (13): ReLU()
    (14): Linear(in_features=256, out_features=10, bias=True)
  )
)
INFO:__main__:CHILD MODEL LOSS: 0.6381209661960602 with train time 34.01016902923584
INFO:__main__:CHILD MODEL ACCURACY: 0.7883
INFO:__main__:Policy gradient: 0.1542753130197525
INFO:__main__:
INFO:__main__:------ ITERATION 314 ------
INFO:__main__:Layers generated: [('32', '5', '1'), ('64', '3', '2'), ('256', '3', '1')]
INFO:__main__:ChildCNNModel(
  (model): Sequential(
    (0): Conv2d(3, 32, kernel_size=(5, 5), stride=(1, 1), padding=(1, 1))
    (1): ReLU()
    (2): MaxPool2d(kernel_size=2, stride=2, padding=0, dilation=1, ceil_mode=False)
    (3): Conv2d(32, 64, kernel_size=(3, 3), stride=(1, 1), padding=(2, 2))
    (4): ReLU()
    (5): MaxPool2d(kernel_size=2, stride=2, padding=0, dilation=1, ceil_mode=False)
    (6): Conv2d(64, 256, kernel_size=(3, 3), stride=(1, 1), padding=(1, 1))
    (7): ReLU()
    (8): MaxPool2d(kernel_size=2, stride=2, padding=0, dilation=1, ceil_mode=False)
    (9): Flatten(start_dim=1, end_dim=-1)
    (10): Linear(in_features=4096, out_features=512, bias=True)
    (11): ReLU()
    (12): Linear(in_features=512, out_features=256, bias=True)
    (13): ReLU()
    (14): Linear(in_features=256, out_features=10, bias=True)
  )
)
INFO:__main__:CHILD MODEL LOSS: 0.5750862368345261 with train time 31.03690242767334
INFO:__main__:CHILD MODEL ACCURACY: 0.8027
INFO:__main__:Policy gradient: 0.28473809361457825
INFO:__main__:
INFO:__main__:------ ITERATION 315 ------
INFO:__main__:Layers generated: [('256', '3', '2'), ('32', '3', '1'), ('256', '3', '2')]
INFO:__main__:ChildCNNModel(
  (model): Sequential(
    (0): Conv2d(3, 256, kernel_size=(3, 3), stride=(1, 1), padding=(2, 2))
    (1): ReLU()
    (2): MaxPool2d(kernel_size=2, stride=2, padding=0, dilation=1, ceil_mode=False)
    (3): Conv2d(256, 32, kernel_size=(3, 3), stride=(1, 1), padding=(1, 1))
    (4): ReLU()
    (5): MaxPool2d(kernel_size=2, stride=2, padding=0, dilation=1, ceil_mode=False)
    (6): Conv2d(32, 256, kernel_size=(3, 3), stride=(1, 1), padding=(2, 2))
    (7): ReLU()
    (8): MaxPool2d(kernel_size=2, stride=2, padding=0, dilation=1, ceil_mode=False)
    (9): Flatten(start_dim=1, end_dim=-1)
    (10): Linear(in_features=6400, out_features=512, bias=True)
    (11): ReLU()
    (12): Linear(in_features=512, out_features=256, bias=True)
    (13): ReLU()
    (14): Linear(in_features=256, out_features=10, bias=True)
  )
)
INFO:__main__:CHILD MODEL LOSS: 0.6468624413013458 with train time 66.55861616134644
INFO:__main__:CHILD MODEL ACCURACY: 0.7778
INFO:__main__:Policy gradient: 0.0028362488374114037
INFO:__main__:
INFO:__main__:------ ITERATION 316 ------
INFO:__main__:Layers generated: [('256', '3', '1'), ('256', '5', '2'), ('64', '3', '0')]
INFO:__main__:ChildCNNModel(
  (model): Sequential(
    (0): Conv2d(3, 256, kernel_size=(3, 3), stride=(1, 1), padding=(1, 1))
    (1): ReLU()
    (2): MaxPool2d(kernel_size=2, stride=2, padding=0, dilation=1, ceil_mode=False)
    (3): Conv2d(256, 256, kernel_size=(5, 5), stride=(1, 1), padding=(2, 2))
    (4): ReLU()
    (5): MaxPool2d(kernel_size=2, stride=2, padding=0, dilation=1, ceil_mode=False)
    (6): Conv2d(256, 64, kernel_size=(3, 3), stride=(1, 1))
    (7): ReLU()
    (8): MaxPool2d(kernel_size=2, stride=2, padding=0, dilation=1, ceil_mode=False)
    (9): Flatten(start_dim=1, end_dim=-1)
    (10): Linear(in_features=576, out_features=512, bias=True)
    (11): ReLU()
    (12): Linear(in_features=512, out_features=256, bias=True)
    (13): ReLU()
    (14): Linear(in_features=256, out_features=10, bias=True)
  )
)
INFO:__main__:CHILD MODEL LOSS: 0.6617970790863037 with train time 121.55043864250183
INFO:__main__:CHILD MODEL ACCURACY: 0.7734
INFO:__main__:Policy gradient: -0.04035544767975807
INFO:__main__:
INFO:__main__:------ ITERATION 317 ------
INFO:__main__:Layers generated: [('256', '3', '0'), ('64', '5', '1'), ('128', '3', '1')]
INFO:__main__:ChildCNNModel(
  (model): Sequential(
    (0): Conv2d(3, 256, kernel_size=(3, 3), stride=(1, 1))
    (1): ReLU()
    (2): MaxPool2d(kernel_size=2, stride=2, padding=0, dilation=1, ceil_mode=False)
    (3): Conv2d(256, 64, kernel_size=(5, 5), stride=(1, 1), padding=(1, 1))
    (4): ReLU()
    (5): MaxPool2d(kernel_size=2, stride=2, padding=0, dilation=1, ceil_mode=False)
    (6): Conv2d(64, 128, kernel_size=(3, 3), stride=(1, 1), padding=(1, 1))
    (7): ReLU()
    (8): MaxPool2d(kernel_size=2, stride=2, padding=0, dilation=1, ceil_mode=False)
    (9): Flatten(start_dim=1, end_dim=-1)
    (10): Linear(in_features=1152, out_features=512, bias=True)
    (11): ReLU()
    (12): Linear(in_features=512, out_features=256, bias=True)
    (13): ReLU()
    (14): Linear(in_features=256, out_features=10, bias=True)
  )
)
INFO:__main__:CHILD MODEL LOSS: 0.6509489175081253 with train time 56.590927600860596
INFO:__main__:CHILD MODEL ACCURACY: 0.775
INFO:__main__:Policy gradient: -0.021115416660904884
INFO:__main__:
INFO:__main__:------ ITERATION 318 ------
INFO:__main__:Layers generated: [('128', '5', '2'), ('128', '3', '1'), ('128', '3', '2')]
INFO:__main__:ChildCNNModel(
  (model): Sequential(
    (0): Conv2d(3, 128, kernel_size=(5, 5), stride=(1, 1), padding=(2, 2))
    (1): ReLU()
    (2): MaxPool2d(kernel_size=2, stride=2, padding=0, dilation=1, ceil_mode=False)
    (3): Conv2d(128, 128, kernel_size=(3, 3), stride=(1, 1), padding=(1, 1))
    (4): ReLU()
    (5): MaxPool2d(kernel_size=2, stride=2, padding=0, dilation=1, ceil_mode=False)
    (6): Conv2d(128, 128, kernel_size=(3, 3), stride=(1, 1), padding=(2, 2))
    (7): ReLU()
    (8): MaxPool2d(kernel_size=2, stride=2, padding=0, dilation=1, ceil_mode=False)
    (9): Flatten(start_dim=1, end_dim=-1)
    (10): Linear(in_features=3200, out_features=512, bias=True)
    (11): ReLU()
    (12): Linear(in_features=512, out_features=256, bias=True)
    (13): ReLU()
    (14): Linear(in_features=256, out_features=10, bias=True)
  )
)
INFO:__main__:CHILD MODEL LOSS: 0.5629357067346573 with train time 42.296555519104004
INFO:__main__:CHILD MODEL ACCURACY: 0.7981
INFO:__main__:Policy gradient: 0.2060617357492447
INFO:__main__:
INFO:__main__:------ ITERATION 319 ------
INFO:__main__:Layers generated: [('64', '3', '2'), ('256', '3', '1'), ('32', '3', '2')]
INFO:__main__:ChildCNNModel(
  (model): Sequential(
    (0): Conv2d(3, 64, kernel_size=(3, 3), stride=(1, 1), padding=(2, 2))
    (1): ReLU()
    (2): MaxPool2d(kernel_size=2, stride=2, padding=0, dilation=1, ceil_mode=False)
    (3): Conv2d(64, 256, kernel_size=(3, 3), stride=(1, 1), padding=(1, 1))
    (4): ReLU()
    (5): MaxPool2d(kernel_size=2, stride=2, padding=0, dilation=1, ceil_mode=False)
    (6): Conv2d(256, 32, kernel_size=(3, 3), stride=(1, 1), padding=(2, 2))
    (7): ReLU()
    (8): MaxPool2d(kernel_size=2, stride=2, padding=0, dilation=1, ceil_mode=False)
    (9): Flatten(start_dim=1, end_dim=-1)
    (10): Linear(in_features=800, out_features=512, bias=True)
    (11): ReLU()
    (12): Linear(in_features=512, out_features=256, bias=True)
    (13): ReLU()
    (14): Linear(in_features=256, out_features=10, bias=True)
  )
)
INFO:__main__:CHILD MODEL LOSS: 0.6172262428998947 with train time 41.052109479904175
INFO:__main__:CHILD MODEL ACCURACY: 0.7896
INFO:__main__:Policy gradient: 0.08254189044237137
INFO:__main__:
INFO:__main__:------ ITERATION 320 ------
INFO:__main__:Layers generated: [('256', '3', '2'), ('128', '3', '1'), ('128', '3', '2')]
INFO:__main__:ChildCNNModel(
  (model): Sequential(
    (0): Conv2d(3, 256, kernel_size=(3, 3), stride=(1, 1), padding=(2, 2))
    (1): ReLU()
    (2): MaxPool2d(kernel_size=2, stride=2, padding=0, dilation=1, ceil_mode=False)
    (3): Conv2d(256, 128, kernel_size=(3, 3), stride=(1, 1), padding=(1, 1))
    (4): ReLU()
    (5): MaxPool2d(kernel_size=2, stride=2, padding=0, dilation=1, ceil_mode=False)
    (6): Conv2d(128, 128, kernel_size=(3, 3), stride=(1, 1), padding=(2, 2))
    (7): ReLU()
    (8): MaxPool2d(kernel_size=2, stride=2, padding=0, dilation=1, ceil_mode=False)
    (9): Flatten(start_dim=1, end_dim=-1)
    (10): Linear(in_features=3200, out_features=512, bias=True)
    (11): ReLU()
    (12): Linear(in_features=512, out_features=256, bias=True)
    (13): ReLU()
    (14): Linear(in_features=256, out_features=10, bias=True)
  )
)
INFO:__main__:CHILD MODEL LOSS: 0.5533353697061538 with train time 76.01853537559509
INFO:__main__:CHILD MODEL ACCURACY: 0.7999
INFO:__main__:Policy gradient: 0.127913236618042
INFO:__main__:
INFO:__main__:------ ITERATION 321 ------
INFO:__main__:Layers generated: [('256', '3', '2'), ('256', '3', '1'), ('256', '3', '2')]
INFO:__main__:ChildCNNModel(
  (model): Sequential(
    (0): Conv2d(3, 256, kernel_size=(3, 3), stride=(1, 1), padding=(2, 2))
    (1): ReLU()
    (2): MaxPool2d(kernel_size=2, stride=2, padding=0, dilation=1, ceil_mode=False)
    (3): Conv2d(256, 256, kernel_size=(3, 3), stride=(1, 1), padding=(1, 1))
    (4): ReLU()
    (5): MaxPool2d(kernel_size=2, stride=2, padding=0, dilation=1, ceil_mode=False)
    (6): Conv2d(256, 256, kernel_size=(3, 3), stride=(1, 1), padding=(2, 2))
    (7): ReLU()
    (8): MaxPool2d(kernel_size=2, stride=2, padding=0, dilation=1, ceil_mode=False)
    (9): Flatten(start_dim=1, end_dim=-1)
    (10): Linear(in_features=6400, out_features=512, bias=True)
    (11): ReLU()
    (12): Linear(in_features=512, out_features=256, bias=True)
    (13): ReLU()
    (14): Linear(in_features=256, out_features=10, bias=True)
  )
)
INFO:__main__:CHILD MODEL LOSS: 0.5516770057678223 with train time 104.93297505378723
INFO:__main__:CHILD MODEL ACCURACY: 0.8047
INFO:__main__:Policy gradient: 0.12915946543216705
INFO:__main__:
INFO:__main__:------ ITERATION 322 ------
INFO:__main__:Layers generated: [('32', '3', '0'), ('128', '3', '1'), ('128', '3', '2')]
INFO:__main__:ChildCNNModel(
  (model): Sequential(
    (0): Conv2d(3, 32, kernel_size=(3, 3), stride=(1, 1))
    (1): ReLU()
    (2): MaxPool2d(kernel_size=2, stride=2, padding=0, dilation=1, ceil_mode=False)
    (3): Conv2d(32, 128, kernel_size=(3, 3), stride=(1, 1), padding=(1, 1))
    (4): ReLU()
    (5): MaxPool2d(kernel_size=2, stride=2, padding=0, dilation=1, ceil_mode=False)
    (6): Conv2d(128, 128, kernel_size=(3, 3), stride=(1, 1), padding=(2, 2))
    (7): ReLU()
    (8): MaxPool2d(kernel_size=2, stride=2, padding=0, dilation=1, ceil_mode=False)
    (9): Flatten(start_dim=1, end_dim=-1)
    (10): Linear(in_features=2048, out_features=512, bias=True)
    (11): ReLU()
    (12): Linear(in_features=512, out_features=256, bias=True)
    (13): ReLU()
    (14): Linear(in_features=256, out_features=10, bias=True)
  )
)
INFO:__main__:CHILD MODEL LOSS: 0.5799486206769944 with train time 31.783732414245605
INFO:__main__:CHILD MODEL ACCURACY: 0.7947
INFO:__main__:Policy gradient: 0.09201910346746445
INFO:__main__:
INFO:__main__:------ ITERATION 323 ------
INFO:__main__:Layers generated: [('16', '3', '1'), ('32', '3', '0'), ('32', '3', '2')]
INFO:__main__:ChildCNNModel(
  (model): Sequential(
    (0): Conv2d(3, 16, kernel_size=(3, 3), stride=(1, 1), padding=(1, 1))
    (1): ReLU()
    (2): MaxPool2d(kernel_size=2, stride=2, padding=0, dilation=1, ceil_mode=False)
    (3): Conv2d(16, 32, kernel_size=(3, 3), stride=(1, 1))
    (4): ReLU()
    (5): MaxPool2d(kernel_size=2, stride=2, padding=0, dilation=1, ceil_mode=False)
    (6): Conv2d(32, 32, kernel_size=(3, 3), stride=(1, 1), padding=(2, 2))
    (7): ReLU()
    (8): MaxPool2d(kernel_size=2, stride=2, padding=0, dilation=1, ceil_mode=False)
    (9): Flatten(start_dim=1, end_dim=-1)
    (10): Linear(in_features=512, out_features=512, bias=True)
    (11): ReLU()
    (12): Linear(in_features=512, out_features=256, bias=True)
    (13): ReLU()
    (14): Linear(in_features=256, out_features=10, bias=True)
  )
)
INFO:__main__:CHILD MODEL LOSS: 0.8392549862861634 with train time 31.615421295166016
INFO:__main__:CHILD MODEL ACCURACY: 0.7297
INFO:__main__:Policy gradient: -0.594122588634491
INFO:__main__:
INFO:__main__:------ ITERATION 324 ------
INFO:__main__:Layers generated: [('256', '3', '2'), ('32', '3', '2'), ('256', '3', '0')]
INFO:__main__:ChildCNNModel(
  (model): Sequential(
    (0): Conv2d(3, 256, kernel_size=(3, 3), stride=(1, 1), padding=(2, 2))
    (1): ReLU()
    (2): MaxPool2d(kernel_size=2, stride=2, padding=0, dilation=1, ceil_mode=False)
    (3): Conv2d(256, 32, kernel_size=(3, 3), stride=(1, 1), padding=(2, 2))
    (4): ReLU()
    (5): MaxPool2d(kernel_size=2, stride=2, padding=0, dilation=1, ceil_mode=False)
    (6): Conv2d(32, 256, kernel_size=(3, 3), stride=(1, 1))
    (7): ReLU()
    (8): MaxPool2d(kernel_size=2, stride=2, padding=0, dilation=1, ceil_mode=False)
    (9): Flatten(start_dim=1, end_dim=-1)
    (10): Linear(in_features=2304, out_features=512, bias=True)
    (11): ReLU()
    (12): Linear(in_features=512, out_features=256, bias=True)
    (13): ReLU()
    (14): Linear(in_features=256, out_features=10, bias=True)
  )
)
INFO:__main__:CHILD MODEL LOSS: 0.6085614272356034 with train time 65.41078782081604
INFO:__main__:CHILD MODEL ACCURACY: 0.7903
INFO:__main__:Policy gradient: 0.08030775934457779
INFO:__main__:
INFO:__main__:------ ITERATION 325 ------
INFO:__main__:Layers generated: [('256', '3', '2'), ('256', '3', '2'), ('128', '3', '2')]
INFO:__main__:ChildCNNModel(
  (model): Sequential(
    (0): Conv2d(3, 256, kernel_size=(3, 3), stride=(1, 1), padding=(2, 2))
    (1): ReLU()
    (2): MaxPool2d(kernel_size=2, stride=2, padding=0, dilation=1, ceil_mode=False)
    (3): Conv2d(256, 256, kernel_size=(3, 3), stride=(1, 1), padding=(2, 2))
    (4): ReLU()
    (5): MaxPool2d(kernel_size=2, stride=2, padding=0, dilation=1, ceil_mode=False)
    (6): Conv2d(256, 128, kernel_size=(3, 3), stride=(1, 1), padding=(2, 2))
    (7): ReLU()
    (8): MaxPool2d(kernel_size=2, stride=2, padding=0, dilation=1, ceil_mode=False)
    (9): Flatten(start_dim=1, end_dim=-1)
    (10): Linear(in_features=3200, out_features=512, bias=True)
    (11): ReLU()
    (12): Linear(in_features=512, out_features=256, bias=True)
    (13): ReLU()
    (14): Linear(in_features=256, out_features=10, bias=True)
  )
)
INFO:__main__:CHILD MODEL LOSS: 0.550022707939148 with train time 104.83255219459534
INFO:__main__:CHILD MODEL ACCURACY: 0.8078
INFO:__main__:Policy gradient: 0.16037210822105408
INFO:__main__:
INFO:__main__:------ ITERATION 326 ------
INFO:__main__:Layers generated: [('32', '3', '2'), ('32', '3', '2'), ('16', '3', '0')]
INFO:__main__:ChildCNNModel(
  (model): Sequential(
    (0): Conv2d(3, 32, kernel_size=(3, 3), stride=(1, 1), padding=(2, 2))
    (1): ReLU()
    (2): MaxPool2d(kernel_size=2, stride=2, padding=0, dilation=1, ceil_mode=False)
    (3): Conv2d(32, 32, kernel_size=(3, 3), stride=(1, 1), padding=(2, 2))
    (4): ReLU()
    (5): MaxPool2d(kernel_size=2, stride=2, padding=0, dilation=1, ceil_mode=False)
    (6): Conv2d(32, 16, kernel_size=(3, 3), stride=(1, 1))
    (7): ReLU()
    (8): MaxPool2d(kernel_size=2, stride=2, padding=0, dilation=1, ceil_mode=False)
    (9): Flatten(start_dim=1, end_dim=-1)
    (10): Linear(in_features=144, out_features=512, bias=True)
    (11): ReLU()
    (12): Linear(in_features=512, out_features=256, bias=True)
    (13): ReLU()
    (14): Linear(in_features=256, out_features=10, bias=True)
  )
)
INFO:__main__:CHILD MODEL LOSS: 0.8896461682319641 with train time 30.89570140838623
INFO:__main__:CHILD MODEL ACCURACY: 0.7182
INFO:__main__:Policy gradient: -0.652645468711853
INFO:__main__:
INFO:__main__:------ ITERATION 327 ------
INFO:__main__:Layers generated: [('32', '3', '1'), ('128', '5', '1'), ('64', '5', '0')]
INFO:__main__:ChildCNNModel(
  (model): Sequential(
    (0): Conv2d(3, 32, kernel_size=(3, 3), stride=(1, 1), padding=(1, 1))
    (1): ReLU()
    (2): MaxPool2d(kernel_size=2, stride=2, padding=0, dilation=1, ceil_mode=False)
    (3): Conv2d(32, 128, kernel_size=(5, 5), stride=(1, 1), padding=(1, 1))
    (4): ReLU()
    (5): MaxPool2d(kernel_size=2, stride=2, padding=0, dilation=1, ceil_mode=False)
    (6): Conv2d(128, 64, kernel_size=(5, 5), stride=(1, 1))
    (7): ReLU()
    (8): MaxPool2d(kernel_size=2, stride=2, padding=0, dilation=1, ceil_mode=False)
    (9): Flatten(start_dim=1, end_dim=-1)
    (10): Linear(in_features=64, out_features=512, bias=True)
    (11): ReLU()
    (12): Linear(in_features=512, out_features=256, bias=True)
    (13): ReLU()
    (14): Linear(in_features=256, out_features=10, bias=True)
  )
)
INFO:__main__:CHILD MODEL LOSS: 0.7169708034992218 with train time 31.595656394958496
INFO:__main__:CHILD MODEL ACCURACY: 0.7445
INFO:__main__:Policy gradient: -0.4319407641887665
INFO:__main__:
INFO:__main__:------ ITERATION 328 ------
INFO:__main__:Layers generated: [('32', '1', '0'), ('256', '3', '1'), ('32', '3', '1')]
INFO:__main__:ChildCNNModel(
  (model): Sequential(
    (0): Conv2d(3, 32, kernel_size=(1, 1), stride=(1, 1))
    (1): ReLU()
    (2): MaxPool2d(kernel_size=2, stride=2, padding=0, dilation=1, ceil_mode=False)
    (3): Conv2d(32, 256, kernel_size=(3, 3), stride=(1, 1), padding=(1, 1))
    (4): ReLU()
    (5): MaxPool2d(kernel_size=2, stride=2, padding=0, dilation=1, ceil_mode=False)
    (6): Conv2d(256, 32, kernel_size=(3, 3), stride=(1, 1), padding=(1, 1))
    (7): ReLU()
    (8): MaxPool2d(kernel_size=2, stride=2, padding=0, dilation=1, ceil_mode=False)
    (9): Flatten(start_dim=1, end_dim=-1)
    (10): Linear(in_features=512, out_features=512, bias=True)
    (11): ReLU()
    (12): Linear(in_features=512, out_features=256, bias=True)
    (13): ReLU()
    (14): Linear(in_features=256, out_features=10, bias=True)
  )
)
INFO:__main__:CHILD MODEL LOSS: 0.8662764949798584 with train time 35.28144192695618
INFO:__main__:CHILD MODEL ACCURACY: 0.7097
INFO:__main__:Policy gradient: -0.7868921160697937
INFO:__main__:
INFO:__main__:------ ITERATION 329 ------
INFO:__main__:Layers generated: [('64', '3', '2'), ('256', '3', '1'), ('64', '3', '2')]
INFO:__main__:ChildCNNModel(
  (model): Sequential(
    (0): Conv2d(3, 64, kernel_size=(3, 3), stride=(1, 1), padding=(2, 2))
    (1): ReLU()
    (2): MaxPool2d(kernel_size=2, stride=2, padding=0, dilation=1, ceil_mode=False)
    (3): Conv2d(64, 256, kernel_size=(3, 3), stride=(1, 1), padding=(1, 1))
    (4): ReLU()
    (5): MaxPool2d(kernel_size=2, stride=2, padding=0, dilation=1, ceil_mode=False)
    (6): Conv2d(256, 64, kernel_size=(3, 3), stride=(1, 1), padding=(2, 2))
    (7): ReLU()
    (8): MaxPool2d(kernel_size=2, stride=2, padding=0, dilation=1, ceil_mode=False)
    (9): Flatten(start_dim=1, end_dim=-1)
    (10): Linear(in_features=1600, out_features=512, bias=True)
    (11): ReLU()
    (12): Linear(in_features=512, out_features=256, bias=True)
    (13): ReLU()
    (14): Linear(in_features=256, out_features=10, bias=True)
  )
)
INFO:__main__:CHILD MODEL LOSS: 0.5583053066730499 with train time 40.83039736747742
INFO:__main__:CHILD MODEL ACCURACY: 0.7998
INFO:__main__:Policy gradient: 0.24739600718021393
INFO:__main__:
INFO:__main__:------ ITERATION 330 ------
INFO:__main__:Layers generated: [('32', '3', '1'), ('256', '3', '2'), ('256', '5', '1')]
INFO:__main__:ChildCNNModel(
  (model): Sequential(
    (0): Conv2d(3, 32, kernel_size=(3, 3), stride=(1, 1), padding=(1, 1))
    (1): ReLU()
    (2): MaxPool2d(kernel_size=2, stride=2, padding=0, dilation=1, ceil_mode=False)
    (3): Conv2d(32, 256, kernel_size=(3, 3), stride=(1, 1), padding=(2, 2))
    (4): ReLU()
    (5): MaxPool2d(kernel_size=2, stride=2, padding=0, dilation=1, ceil_mode=False)
    (6): Conv2d(256, 256, kernel_size=(5, 5), stride=(1, 1), padding=(1, 1))
    (7): ReLU()
    (8): MaxPool2d(kernel_size=2, stride=2, padding=0, dilation=1, ceil_mode=False)
    (9): Flatten(start_dim=1, end_dim=-1)
    (10): Linear(in_features=2304, out_features=512, bias=True)
    (11): ReLU()
    (12): Linear(in_features=512, out_features=256, bias=True)
    (13): ReLU()
    (14): Linear(in_features=256, out_features=10, bias=True)
  )
)
INFO:__main__:CHILD MODEL LOSS: 0.5236890527009964 with train time 44.1093111038208
INFO:__main__:CHILD MODEL ACCURACY: 0.8077
INFO:__main__:Policy gradient: 0.3212118446826935
INFO:__main__:
INFO:__main__:------ ITERATION 331 ------
INFO:__main__:Layers generated: [('256', '3', '1'), ('32', '3', '1'), ('256', '1', '1')]
INFO:__main__:ChildCNNModel(
  (model): Sequential(
    (0): Conv2d(3, 256, kernel_size=(3, 3), stride=(1, 1), padding=(1, 1))
    (1): ReLU()
    (2): MaxPool2d(kernel_size=2, stride=2, padding=0, dilation=1, ceil_mode=False)
    (3): Conv2d(256, 32, kernel_size=(3, 3), stride=(1, 1), padding=(1, 1))
    (4): ReLU()
    (5): MaxPool2d(kernel_size=2, stride=2, padding=0, dilation=1, ceil_mode=False)
    (6): Conv2d(32, 256, kernel_size=(1, 1), stride=(1, 1), padding=(1, 1))
    (7): ReLU()
    (8): MaxPool2d(kernel_size=2, stride=2, padding=0, dilation=1, ceil_mode=False)
    (9): Flatten(start_dim=1, end_dim=-1)
    (10): Linear(in_features=6400, out_features=512, bias=True)
    (11): ReLU()
    (12): Linear(in_features=512, out_features=256, bias=True)
    (13): ReLU()
    (14): Linear(in_features=256, out_features=10, bias=True)
  )
)
INFO:__main__:CHILD MODEL LOSS: 0.926178020954132 with train time 58.67107081413269
INFO:__main__:CHILD MODEL ACCURACY: 0.6944
INFO:__main__:Policy gradient: -0.7605283856391907
INFO:__main__:
INFO:__main__:------ ITERATION 332 ------
INFO:__main__:Layers generated: [('256', '3', '2'), ('256', '5', '0'), ('128', '3', '1')]
INFO:__main__:ChildCNNModel(
  (model): Sequential(
    (0): Conv2d(3, 256, kernel_size=(3, 3), stride=(1, 1), padding=(2, 2))
    (1): ReLU()
    (2): MaxPool2d(kernel_size=2, stride=2, padding=0, dilation=1, ceil_mode=False)
    (3): Conv2d(256, 256, kernel_size=(5, 5), stride=(1, 1))
    (4): ReLU()
    (5): MaxPool2d(kernel_size=2, stride=2, padding=0, dilation=1, ceil_mode=False)
    (6): Conv2d(256, 128, kernel_size=(3, 3), stride=(1, 1), padding=(1, 1))
    (7): ReLU()
    (8): MaxPool2d(kernel_size=2, stride=2, padding=0, dilation=1, ceil_mode=False)
    (9): Flatten(start_dim=1, end_dim=-1)
    (10): Linear(in_features=1152, out_features=512, bias=True)
    (11): ReLU()
    (12): Linear(in_features=512, out_features=256, bias=True)
    (13): ReLU()
    (14): Linear(in_features=256, out_features=10, bias=True)
  )
)
INFO:__main__:CHILD MODEL LOSS: 0.6245082503557206 with train time 107.74733233451843
INFO:__main__:CHILD MODEL ACCURACY: 0.7854
INFO:__main__:Policy gradient: 0.17515715956687927
INFO:__main__:
INFO:__main__:------ ITERATION 333 ------
INFO:__main__:Layers generated: [('256', '3', '2'), ('32', '3', '2'), ('256', '3', '1')]
INFO:__main__:ChildCNNModel(
  (model): Sequential(
    (0): Conv2d(3, 256, kernel_size=(3, 3), stride=(1, 1), padding=(2, 2))
    (1): ReLU()
    (2): MaxPool2d(kernel_size=2, stride=2, padding=0, dilation=1, ceil_mode=False)
    (3): Conv2d(256, 32, kernel_size=(3, 3), stride=(1, 1), padding=(2, 2))
    (4): ReLU()
    (5): MaxPool2d(kernel_size=2, stride=2, padding=0, dilation=1, ceil_mode=False)
    (6): Conv2d(32, 256, kernel_size=(3, 3), stride=(1, 1), padding=(1, 1))
    (7): ReLU()
    (8): MaxPool2d(kernel_size=2, stride=2, padding=0, dilation=1, ceil_mode=False)
    (9): Flatten(start_dim=1, end_dim=-1)
    (10): Linear(in_features=4096, out_features=512, bias=True)
    (11): ReLU()
    (12): Linear(in_features=512, out_features=256, bias=True)
    (13): ReLU()
    (14): Linear(in_features=256, out_features=10, bias=True)
  )
)
INFO:__main__:CHILD MODEL LOSS: 0.5859322177171707 with train time 67.42171835899353
INFO:__main__:CHILD MODEL ACCURACY: 0.7955
INFO:__main__:Policy gradient: 0.17701290547847748
INFO:__main__:
INFO:__main__:------ ITERATION 334 ------
INFO:__main__:Layers generated: [('64', '3', '1'), ('32', '3', '1'), ('32', '3', '2')]
INFO:__main__:ChildCNNModel(
  (model): Sequential(
    (0): Conv2d(3, 64, kernel_size=(3, 3), stride=(1, 1), padding=(1, 1))
    (1): ReLU()
    (2): MaxPool2d(kernel_size=2, stride=2, padding=0, dilation=1, ceil_mode=False)
    (3): Conv2d(64, 32, kernel_size=(3, 3), stride=(1, 1), padding=(1, 1))
    (4): ReLU()
    (5): MaxPool2d(kernel_size=2, stride=2, padding=0, dilation=1, ceil_mode=False)
    (6): Conv2d(32, 32, kernel_size=(3, 3), stride=(1, 1), padding=(2, 2))
    (7): ReLU()
    (8): MaxPool2d(kernel_size=2, stride=2, padding=0, dilation=1, ceil_mode=False)
    (9): Flatten(start_dim=1, end_dim=-1)
    (10): Linear(in_features=800, out_features=512, bias=True)
    (11): ReLU()
    (12): Linear(in_features=512, out_features=256, bias=True)
    (13): ReLU()
    (14): Linear(in_features=256, out_features=10, bias=True)
  )
)
INFO:__main__:CHILD MODEL LOSS: 0.721475218296051 with train time 33.71661639213562
INFO:__main__:CHILD MODEL ACCURACY: 0.7611
INFO:__main__:Policy gradient: -0.09133253991603851
INFO:__main__:
INFO:__main__:------ ITERATION 335 ------
INFO:__main__:Layers generated: [('128', '3', '2'), ('256', '3', '2'), ('128', '1', '1')]
INFO:__main__:ChildCNNModel(
  (model): Sequential(
    (0): Conv2d(3, 128, kernel_size=(3, 3), stride=(1, 1), padding=(2, 2))
    (1): ReLU()
    (2): MaxPool2d(kernel_size=2, stride=2, padding=0, dilation=1, ceil_mode=False)
    (3): Conv2d(128, 256, kernel_size=(3, 3), stride=(1, 1), padding=(2, 2))
    (4): ReLU()
    (5): MaxPool2d(kernel_size=2, stride=2, padding=0, dilation=1, ceil_mode=False)
    (6): Conv2d(256, 128, kernel_size=(1, 1), stride=(1, 1), padding=(1, 1))
    (7): ReLU()
    (8): MaxPool2d(kernel_size=2, stride=2, padding=0, dilation=1, ceil_mode=False)
    (9): Flatten(start_dim=1, end_dim=-1)
    (10): Linear(in_features=3200, out_features=512, bias=True)
    (11): ReLU()
    (12): Linear(in_features=512, out_features=256, bias=True)
    (13): ReLU()
    (14): Linear(in_features=256, out_features=10, bias=True)
  )
)
INFO:__main__:CHILD MODEL LOSS: 0.599237715959549 with train time 67.12779092788696
INFO:__main__:CHILD MODEL ACCURACY: 0.7902
INFO:__main__:Policy gradient: 0.18554528057575226
INFO:__main__:
INFO:__main__:------ ITERATION 336 ------
INFO:__main__:Layers generated: [('256', '3', '2'), ('128', '5', '2'), ('256', '3', '0')]
INFO:__main__:ChildCNNModel(
  (model): Sequential(
    (0): Conv2d(3, 256, kernel_size=(3, 3), stride=(1, 1), padding=(2, 2))
    (1): ReLU()
    (2): MaxPool2d(kernel_size=2, stride=2, padding=0, dilation=1, ceil_mode=False)
    (3): Conv2d(256, 128, kernel_size=(5, 5), stride=(1, 1), padding=(2, 2))
    (4): ReLU()
    (5): MaxPool2d(kernel_size=2, stride=2, padding=0, dilation=1, ceil_mode=False)
    (6): Conv2d(128, 256, kernel_size=(3, 3), stride=(1, 1))
    (7): ReLU()
    (8): MaxPool2d(kernel_size=2, stride=2, padding=0, dilation=1, ceil_mode=False)
    (9): Flatten(start_dim=1, end_dim=-1)
    (10): Linear(in_features=2304, out_features=512, bias=True)
    (11): ReLU()
    (12): Linear(in_features=512, out_features=256, bias=True)
    (13): ReLU()
    (14): Linear(in_features=256, out_features=10, bias=True)
  )
)
INFO:__main__:CHILD MODEL LOSS: 0.6645219271183014 with train time 99.6589663028717
INFO:__main__:CHILD MODEL ACCURACY: 0.7719
INFO:__main__:Policy gradient: -0.0006886392366141081
INFO:__main__:
INFO:__main__:------ ITERATION 337 ------
INFO:__main__:Layers generated: [('256', '3', '0'), ('64', '3', '2'), ('64', '3', '0')]
INFO:__main__:ChildCNNModel(
  (model): Sequential(
    (0): Conv2d(3, 256, kernel_size=(3, 3), stride=(1, 1))
    (1): ReLU()
    (2): MaxPool2d(kernel_size=2, stride=2, padding=0, dilation=1, ceil_mode=False)
    (3): Conv2d(256, 64, kernel_size=(3, 3), stride=(1, 1), padding=(2, 2))
    (4): ReLU()
    (5): MaxPool2d(kernel_size=2, stride=2, padding=0, dilation=1, ceil_mode=False)
    (6): Conv2d(64, 64, kernel_size=(3, 3), stride=(1, 1))
    (7): ReLU()
    (8): MaxPool2d(kernel_size=2, stride=2, padding=0, dilation=1, ceil_mode=False)
    (9): Flatten(start_dim=1, end_dim=-1)
    (10): Linear(in_features=576, out_features=512, bias=True)
    (11): ReLU()
    (12): Linear(in_features=512, out_features=256, bias=True)
    (13): ReLU()
    (14): Linear(in_features=256, out_features=10, bias=True)
  )
)
INFO:__main__:CHILD MODEL LOSS: 0.6405828436613082 with train time 53.494141817092896
INFO:__main__:CHILD MODEL ACCURACY: 0.7841
INFO:__main__:Policy gradient: 0.1268829107284546
INFO:__main__:
INFO:__main__:------ ITERATION 338 ------
INFO:__main__:Layers generated: [('256', '3', '2'), ('256', '3', '2'), ('32', '3', '1')]
INFO:__main__:ChildCNNModel(
  (model): Sequential(
    (0): Conv2d(3, 256, kernel_size=(3, 3), stride=(1, 1), padding=(2, 2))
    (1): ReLU()
    (2): MaxPool2d(kernel_size=2, stride=2, padding=0, dilation=1, ceil_mode=False)
    (3): Conv2d(256, 256, kernel_size=(3, 3), stride=(1, 1), padding=(2, 2))
    (4): ReLU()
    (5): MaxPool2d(kernel_size=2, stride=2, padding=0, dilation=1, ceil_mode=False)
    (6): Conv2d(256, 32, kernel_size=(3, 3), stride=(1, 1), padding=(1, 1))
    (7): ReLU()
    (8): MaxPool2d(kernel_size=2, stride=2, padding=0, dilation=1, ceil_mode=False)
    (9): Flatten(start_dim=1, end_dim=-1)
    (10): Linear(in_features=512, out_features=512, bias=True)
    (11): ReLU()
    (12): Linear(in_features=512, out_features=256, bias=True)
    (13): ReLU()
    (14): Linear(in_features=256, out_features=10, bias=True)
  )
)
INFO:__main__:CHILD MODEL LOSS: 0.653038446187973 with train time 98.76041531562805
INFO:__main__:CHILD MODEL ACCURACY: 0.7734
INFO:__main__:Policy gradient: 0.00136933836620301
INFO:__main__:
INFO:__main__:------ ITERATION 339 ------
INFO:__main__:Layers generated: [('32', '3', '1'), ('128', '5', '2'), ('64', '3', '2')]
INFO:__main__:ChildCNNModel(
  (model): Sequential(
    (0): Conv2d(3, 32, kernel_size=(3, 3), stride=(1, 1), padding=(1, 1))
    (1): ReLU()
    (2): MaxPool2d(kernel_size=2, stride=2, padding=0, dilation=1, ceil_mode=False)
    (3): Conv2d(32, 128, kernel_size=(5, 5), stride=(1, 1), padding=(2, 2))
    (4): ReLU()
    (5): MaxPool2d(kernel_size=2, stride=2, padding=0, dilation=1, ceil_mode=False)
    (6): Conv2d(128, 64, kernel_size=(3, 3), stride=(1, 1), padding=(2, 2))
    (7): ReLU()
    (8): MaxPool2d(kernel_size=2, stride=2, padding=0, dilation=1, ceil_mode=False)
    (9): Flatten(start_dim=1, end_dim=-1)
    (10): Linear(in_features=1600, out_features=512, bias=True)
    (11): ReLU()
    (12): Linear(in_features=512, out_features=256, bias=True)
    (13): ReLU()
    (14): Linear(in_features=256, out_features=10, bias=True)
  )
)
INFO:__main__:CHILD MODEL LOSS: 0.6177355182170868 with train time 33.55980157852173
INFO:__main__:CHILD MODEL ACCURACY: 0.7888
INFO:__main__:Policy gradient: 0.15944378077983856
INFO:__main__:
INFO:__main__:------ ITERATION 340 ------
INFO:__main__:Layers generated: [('64', '3', '1'), ('256', '3', '2'), ('256', '5', '1')]
INFO:__main__:ChildCNNModel(
  (model): Sequential(
    (0): Conv2d(3, 64, kernel_size=(3, 3), stride=(1, 1), padding=(1, 1))
    (1): ReLU()
    (2): MaxPool2d(kernel_size=2, stride=2, padding=0, dilation=1, ceil_mode=False)
    (3): Conv2d(64, 256, kernel_size=(3, 3), stride=(1, 1), padding=(2, 2))
    (4): ReLU()
    (5): MaxPool2d(kernel_size=2, stride=2, padding=0, dilation=1, ceil_mode=False)
    (6): Conv2d(256, 256, kernel_size=(5, 5), stride=(1, 1), padding=(1, 1))
    (7): ReLU()
    (8): MaxPool2d(kernel_size=2, stride=2, padding=0, dilation=1, ceil_mode=False)
    (9): Flatten(start_dim=1, end_dim=-1)
    (10): Linear(in_features=2304, out_features=512, bias=True)
    (11): ReLU()
    (12): Linear(in_features=512, out_features=256, bias=True)
    (13): ReLU()
    (14): Linear(in_features=256, out_features=10, bias=True)
  )
)
INFO:__main__:CHILD MODEL LOSS: 0.5299189239740372 with train time 57.30852174758911
INFO:__main__:CHILD MODEL ACCURACY: 0.8067
INFO:__main__:Policy gradient: 0.29219850897789
INFO:__main__:
INFO:__main__:------ ITERATION 341 ------
INFO:__main__:Layers generated: [('256', '3', '2'), ('32', '3', '1'), ('64', '3', '2')]
INFO:__main__:ChildCNNModel(
  (model): Sequential(
    (0): Conv2d(3, 256, kernel_size=(3, 3), stride=(1, 1), padding=(2, 2))
    (1): ReLU()
    (2): MaxPool2d(kernel_size=2, stride=2, padding=0, dilation=1, ceil_mode=False)
    (3): Conv2d(256, 32, kernel_size=(3, 3), stride=(1, 1), padding=(1, 1))
    (4): ReLU()
    (5): MaxPool2d(kernel_size=2, stride=2, padding=0, dilation=1, ceil_mode=False)
    (6): Conv2d(32, 64, kernel_size=(3, 3), stride=(1, 1), padding=(2, 2))
    (7): ReLU()
    (8): MaxPool2d(kernel_size=2, stride=2, padding=0, dilation=1, ceil_mode=False)
    (9): Flatten(start_dim=1, end_dim=-1)
    (10): Linear(in_features=1600, out_features=512, bias=True)
    (11): ReLU()
    (12): Linear(in_features=512, out_features=256, bias=True)
    (13): ReLU()
    (14): Linear(in_features=256, out_features=10, bias=True)
  )
)
INFO:__main__:CHILD MODEL LOSS: 0.6920137269496918 with train time 61.556013345718384
INFO:__main__:CHILD MODEL ACCURACY: 0.7743
INFO:__main__:Policy gradient: -0.02663559466600418
INFO:__main__:
INFO:__main__:------ ITERATION 342 ------
INFO:__main__:Layers generated: [('256', '3', '2'), ('128', '3', '1'), ('64', '3', '2')]
INFO:__main__:ChildCNNModel(
  (model): Sequential(
    (0): Conv2d(3, 256, kernel_size=(3, 3), stride=(1, 1), padding=(2, 2))
    (1): ReLU()
    (2): MaxPool2d(kernel_size=2, stride=2, padding=0, dilation=1, ceil_mode=False)
    (3): Conv2d(256, 128, kernel_size=(3, 3), stride=(1, 1), padding=(1, 1))
    (4): ReLU()
    (5): MaxPool2d(kernel_size=2, stride=2, padding=0, dilation=1, ceil_mode=False)
    (6): Conv2d(128, 64, kernel_size=(3, 3), stride=(1, 1), padding=(2, 2))
    (7): ReLU()
    (8): MaxPool2d(kernel_size=2, stride=2, padding=0, dilation=1, ceil_mode=False)
    (9): Flatten(start_dim=1, end_dim=-1)
    (10): Linear(in_features=1600, out_features=512, bias=True)
    (11): ReLU()
    (12): Linear(in_features=512, out_features=256, bias=True)
    (13): ReLU()
    (14): Linear(in_features=256, out_features=10, bias=True)
  )
)
INFO:__main__:CHILD MODEL LOSS: 0.588235092997551 with train time 73.8728199005127
INFO:__main__:CHILD MODEL ACCURACY: 0.7931
INFO:__main__:Policy gradient: 0.10202309489250183
INFO:__main__:
INFO:__main__:------ ITERATION 343 ------
INFO:__main__:Layers generated: [('256', '3', '2'), ('32', '5', '1'), ('256', '3', '2')]
INFO:__main__:ChildCNNModel(
  (model): Sequential(
    (0): Conv2d(3, 256, kernel_size=(3, 3), stride=(1, 1), padding=(2, 2))
    (1): ReLU()
    (2): MaxPool2d(kernel_size=2, stride=2, padding=0, dilation=1, ceil_mode=False)
    (3): Conv2d(256, 32, kernel_size=(5, 5), stride=(1, 1), padding=(1, 1))
    (4): ReLU()
    (5): MaxPool2d(kernel_size=2, stride=2, padding=0, dilation=1, ceil_mode=False)
    (6): Conv2d(32, 256, kernel_size=(3, 3), stride=(1, 1), padding=(2, 2))
    (7): ReLU()
    (8): MaxPool2d(kernel_size=2, stride=2, padding=0, dilation=1, ceil_mode=False)
    (9): Flatten(start_dim=1, end_dim=-1)
    (10): Linear(in_features=4096, out_features=512, bias=True)
    (11): ReLU()
    (12): Linear(in_features=512, out_features=256, bias=True)
    (13): ReLU()
    (14): Linear(in_features=256, out_features=10, bias=True)
  )
)
INFO:__main__:CHILD MODEL LOSS: 0.7297916030883789 with train time 72.36582946777344
INFO:__main__:CHILD MODEL ACCURACY: 0.7434
INFO:__main__:Policy gradient: -0.2999325394630432
INFO:__main__:
INFO:__main__:------ ITERATION 344 ------
INFO:__main__:Layers generated: [('256', '3', '1'), ('256', '3', '0'), ('128', '3', '2')]
INFO:__main__:ChildCNNModel(
  (model): Sequential(
    (0): Conv2d(3, 256, kernel_size=(3, 3), stride=(1, 1), padding=(1, 1))
    (1): ReLU()
    (2): MaxPool2d(kernel_size=2, stride=2, padding=0, dilation=1, ceil_mode=False)
    (3): Conv2d(256, 256, kernel_size=(3, 3), stride=(1, 1))
    (4): ReLU()
    (5): MaxPool2d(kernel_size=2, stride=2, padding=0, dilation=1, ceil_mode=False)
    (6): Conv2d(256, 128, kernel_size=(3, 3), stride=(1, 1), padding=(2, 2))
    (7): ReLU()
    (8): MaxPool2d(kernel_size=2, stride=2, padding=0, dilation=1, ceil_mode=False)
    (9): Flatten(start_dim=1, end_dim=-1)
    (10): Linear(in_features=2048, out_features=512, bias=True)
    (11): ReLU()
    (12): Linear(in_features=512, out_features=256, bias=True)
    (13): ReLU()
    (14): Linear(in_features=256, out_features=10, bias=True)
  )
)
INFO:__main__:CHILD MODEL LOSS: 0.5773793879747391 with train time 78.39175486564636
INFO:__main__:CHILD MODEL ACCURACY: 0.7921
INFO:__main__:Policy gradient: 0.12882478535175323
INFO:__main__:
INFO:__main__:------ ITERATION 345 ------
INFO:__main__:Layers generated: [('256', '3', '1'), ('16', '3', '2'), ('256', '3', '1')]
INFO:__main__:ChildCNNModel(
  (model): Sequential(
    (0): Conv2d(3, 256, kernel_size=(3, 3), stride=(1, 1), padding=(1, 1))
    (1): ReLU()
    (2): MaxPool2d(kernel_size=2, stride=2, padding=0, dilation=1, ceil_mode=False)
    (3): Conv2d(256, 16, kernel_size=(3, 3), stride=(1, 1), padding=(2, 2))
    (4): ReLU()
    (5): MaxPool2d(kernel_size=2, stride=2, padding=0, dilation=1, ceil_mode=False)
    (6): Conv2d(16, 256, kernel_size=(3, 3), stride=(1, 1), padding=(1, 1))
    (7): ReLU()
    (8): MaxPool2d(kernel_size=2, stride=2, padding=0, dilation=1, ceil_mode=False)
    (9): Flatten(start_dim=1, end_dim=-1)
    (10): Linear(in_features=4096, out_features=512, bias=True)
    (11): ReLU()
    (12): Linear(in_features=512, out_features=256, bias=True)
    (13): ReLU()
    (14): Linear(in_features=256, out_features=10, bias=True)
  )
)
INFO:__main__:CHILD MODEL LOSS: 0.6700644555091858 with train time 54.88317060470581
INFO:__main__:CHILD MODEL ACCURACY: 0.7658
INFO:__main__:Policy gradient: -0.09361521899700165
INFO:__main__:
INFO:__main__:------ ITERATION 346 ------
INFO:__main__:Layers generated: [('256', '3', '2'), ('256', '3', '1'), ('256', '3', '2')]
INFO:__main__:ChildCNNModel(
  (model): Sequential(
    (0): Conv2d(3, 256, kernel_size=(3, 3), stride=(1, 1), padding=(2, 2))
    (1): ReLU()
    (2): MaxPool2d(kernel_size=2, stride=2, padding=0, dilation=1, ceil_mode=False)
    (3): Conv2d(256, 256, kernel_size=(3, 3), stride=(1, 1), padding=(1, 1))
    (4): ReLU()
    (5): MaxPool2d(kernel_size=2, stride=2, padding=0, dilation=1, ceil_mode=False)
    (6): Conv2d(256, 256, kernel_size=(3, 3), stride=(1, 1), padding=(2, 2))
    (7): ReLU()
    (8): MaxPool2d(kernel_size=2, stride=2, padding=0, dilation=1, ceil_mode=False)
    (9): Flatten(start_dim=1, end_dim=-1)
    (10): Linear(in_features=6400, out_features=512, bias=True)
    (11): ReLU()
    (12): Linear(in_features=512, out_features=256, bias=True)
    (13): ReLU()
    (14): Linear(in_features=256, out_features=10, bias=True)
  )
)
INFO:__main__:CHILD MODEL LOSS: 0.5525024763345718 with train time 104.9405267238617
INFO:__main__:CHILD MODEL ACCURACY: 0.8045
INFO:__main__:Policy gradient: 0.15032818913459778
INFO:__main__:
INFO:__main__:------ ITERATION 347 ------
INFO:__main__:Layers generated: [('32', '3', '1'), ('256', '3', '1'), ('256', '3', '1')]
INFO:__main__:ChildCNNModel(
  (model): Sequential(
    (0): Conv2d(3, 32, kernel_size=(3, 3), stride=(1, 1), padding=(1, 1))
    (1): ReLU()
    (2): MaxPool2d(kernel_size=2, stride=2, padding=0, dilation=1, ceil_mode=False)
    (3): Conv2d(32, 256, kernel_size=(3, 3), stride=(1, 1), padding=(1, 1))
    (4): ReLU()
    (5): MaxPool2d(kernel_size=2, stride=2, padding=0, dilation=1, ceil_mode=False)
    (6): Conv2d(256, 256, kernel_size=(3, 3), stride=(1, 1), padding=(1, 1))
    (7): ReLU()
    (8): MaxPool2d(kernel_size=2, stride=2, padding=0, dilation=1, ceil_mode=False)
    (9): Flatten(start_dim=1, end_dim=-1)
    (10): Linear(in_features=4096, out_features=512, bias=True)
    (11): ReLU()
    (12): Linear(in_features=512, out_features=256, bias=True)
    (13): ReLU()
    (14): Linear(in_features=256, out_features=10, bias=True)
  )
)
INFO:__main__:CHILD MODEL LOSS: 0.5105390599966049 with train time 37.43057155609131
INFO:__main__:CHILD MODEL ACCURACY: 0.8115
INFO:__main__:Policy gradient: 0.2324398308992386
INFO:__main__:
INFO:__main__:------ ITERATION 348 ------
INFO:__main__:Layers generated: [('256', '3', '2'), ('32', '3', '1'), ('256', '1', '2')]
INFO:__main__:ChildCNNModel(
  (model): Sequential(
    (0): Conv2d(3, 256, kernel_size=(3, 3), stride=(1, 1), padding=(2, 2))
    (1): ReLU()
    (2): MaxPool2d(kernel_size=2, stride=2, padding=0, dilation=1, ceil_mode=False)
    (3): Conv2d(256, 32, kernel_size=(3, 3), stride=(1, 1), padding=(1, 1))
    (4): ReLU()
    (5): MaxPool2d(kernel_size=2, stride=2, padding=0, dilation=1, ceil_mode=False)
    (6): Conv2d(32, 256, kernel_size=(1, 1), stride=(1, 1), padding=(2, 2))
    (7): ReLU()
    (8): MaxPool2d(kernel_size=2, stride=2, padding=0, dilation=1, ceil_mode=False)
    (9): Flatten(start_dim=1, end_dim=-1)
    (10): Linear(in_features=9216, out_features=512, bias=True)
    (11): ReLU()
    (12): Linear(in_features=512, out_features=256, bias=True)
    (13): ReLU()
    (14): Linear(in_features=256, out_features=10, bias=True)
  )
)
INFO:__main__:CHILD MODEL LOSS: 1.027834506034851 with train time 70.65570020675659
INFO:__main__:CHILD MODEL ACCURACY: 0.6418
INFO:__main__:Policy gradient: -1.272076964378357
INFO:__main__:
INFO:__main__:------ ITERATION 349 ------
INFO:__main__:Layers generated: [('128', '3', '1'), ('128', '3', '2'), ('256', '3', '2')]
INFO:__main__:ChildCNNModel(
  (model): Sequential(
    (0): Conv2d(3, 128, kernel_size=(3, 3), stride=(1, 1), padding=(1, 1))
    (1): ReLU()
    (2): MaxPool2d(kernel_size=2, stride=2, padding=0, dilation=1, ceil_mode=False)
    (3): Conv2d(128, 128, kernel_size=(3, 3), stride=(1, 1), padding=(2, 2))
    (4): ReLU()
    (5): MaxPool2d(kernel_size=2, stride=2, padding=0, dilation=1, ceil_mode=False)
    (6): Conv2d(128, 256, kernel_size=(3, 3), stride=(1, 1), padding=(2, 2))
    (7): ReLU()
    (8): MaxPool2d(kernel_size=2, stride=2, padding=0, dilation=1, ceil_mode=False)
    (9): Flatten(start_dim=1, end_dim=-1)
    (10): Linear(in_features=6400, out_features=512, bias=True)
    (11): ReLU()
    (12): Linear(in_features=512, out_features=256, bias=True)
    (13): ReLU()
    (14): Linear(in_features=256, out_features=10, bias=True)
  )
)
INFO:__main__:CHILD MODEL LOSS: 0.4992000148296356 with train time 54.20608735084534
INFO:__main__:CHILD MODEL ACCURACY: 0.8082
INFO:__main__:Policy gradient: 0.2857399880886078
INFO:__main__:
INFO:__main__:------ ITERATION 350 ------
INFO:__main__:Layers generated: [('64', '3', '2'), ('128', '3', '2'), ('128', '3', '0')]
INFO:__main__:ChildCNNModel(
  (model): Sequential(
    (0): Conv2d(3, 64, kernel_size=(3, 3), stride=(1, 1), padding=(2, 2))
    (1): ReLU()
    (2): MaxPool2d(kernel_size=2, stride=2, padding=0, dilation=1, ceil_mode=False)
    (3): Conv2d(64, 128, kernel_size=(3, 3), stride=(1, 1), padding=(2, 2))
    (4): ReLU()
    (5): MaxPool2d(kernel_size=2, stride=2, padding=0, dilation=1, ceil_mode=False)
    (6): Conv2d(128, 128, kernel_size=(3, 3), stride=(1, 1))
    (7): ReLU()
    (8): MaxPool2d(kernel_size=2, stride=2, padding=0, dilation=1, ceil_mode=False)
    (9): Flatten(start_dim=1, end_dim=-1)
    (10): Linear(in_features=1152, out_features=512, bias=True)
    (11): ReLU()
    (12): Linear(in_features=512, out_features=256, bias=True)
    (13): ReLU()
    (14): Linear(in_features=256, out_features=10, bias=True)
  )
)
INFO:__main__:CHILD MODEL LOSS: 0.6274410662651062 with train time 38.27323031425476
INFO:__main__:CHILD MODEL ACCURACY: 0.7885
INFO:__main__:Policy gradient: 0.14003179967403412
INFO:__main__:
INFO:__main__:------ ITERATION 351 ------
INFO:__main__:Layers generated: [('64', '3', '1'), ('256', '3', '2'), ('256', '3', '2')]
INFO:__main__:ChildCNNModel(
  (model): Sequential(
    (0): Conv2d(3, 64, kernel_size=(3, 3), stride=(1, 1), padding=(1, 1))
    (1): ReLU()
    (2): MaxPool2d(kernel_size=2, stride=2, padding=0, dilation=1, ceil_mode=False)
    (3): Conv2d(64, 256, kernel_size=(3, 3), stride=(1, 1), padding=(2, 2))
    (4): ReLU()
    (5): MaxPool2d(kernel_size=2, stride=2, padding=0, dilation=1, ceil_mode=False)
    (6): Conv2d(256, 256, kernel_size=(3, 3), stride=(1, 1), padding=(2, 2))
    (7): ReLU()
    (8): MaxPool2d(kernel_size=2, stride=2, padding=0, dilation=1, ceil_mode=False)
    (9): Flatten(start_dim=1, end_dim=-1)
    (10): Linear(in_features=6400, out_features=512, bias=True)
    (11): ReLU()
    (12): Linear(in_features=512, out_features=256, bias=True)
    (13): ReLU()
    (14): Linear(in_features=256, out_features=10, bias=True)
  )
)
INFO:__main__:CHILD MODEL LOSS: 0.5076529210805893 with train time 56.989097595214844
INFO:__main__:CHILD MODEL ACCURACY: 0.8145
INFO:__main__:Policy gradient: 0.28232163190841675
INFO:__main__:
INFO:__main__:------ ITERATION 352 ------
INFO:__main__:Layers generated: [('32', '5', '1'), ('256', '1', '0'), ('64', '1', '2')]
INFO:__main__:ChildCNNModel(
  (model): Sequential(
    (0): Conv2d(3, 32, kernel_size=(5, 5), stride=(1, 1), padding=(1, 1))
    (1): ReLU()
    (2): MaxPool2d(kernel_size=2, stride=2, padding=0, dilation=1, ceil_mode=False)
    (3): Conv2d(32, 256, kernel_size=(1, 1), stride=(1, 1))
    (4): ReLU()
    (5): MaxPool2d(kernel_size=2, stride=2, padding=0, dilation=1, ceil_mode=False)
    (6): Conv2d(256, 64, kernel_size=(1, 1), stride=(1, 1), padding=(2, 2))
    (7): ReLU()
    (8): MaxPool2d(kernel_size=2, stride=2, padding=0, dilation=1, ceil_mode=False)
    (9): Flatten(start_dim=1, end_dim=-1)
    (10): Linear(in_features=1600, out_features=512, bias=True)
    (11): ReLU()
    (12): Linear(in_features=512, out_features=256, bias=True)
    (13): ReLU()
    (14): Linear(in_features=256, out_features=10, bias=True)
  )
)
INFO:__main__:CHILD MODEL LOSS: 0.7921560196876526 with train time 34.180713176727295
INFO:__main__:CHILD MODEL ACCURACY: 0.7218
INFO:__main__:Policy gradient: -0.936241626739502
INFO:__main__:
INFO:__main__:------ ITERATION 353 ------
INFO:__main__:Layers generated: [('256', '5', '2'), ('128', '3', '2'), ('128', '3', '1')]
INFO:__main__:ChildCNNModel(
  (model): Sequential(
    (0): Conv2d(3, 256, kernel_size=(5, 5), stride=(1, 1), padding=(2, 2))
    (1): ReLU()
    (2): MaxPool2d(kernel_size=2, stride=2, padding=0, dilation=1, ceil_mode=False)
    (3): Conv2d(256, 128, kernel_size=(3, 3), stride=(1, 1), padding=(2, 2))
    (4): ReLU()
    (5): MaxPool2d(kernel_size=2, stride=2, padding=0, dilation=1, ceil_mode=False)
    (6): Conv2d(128, 128, kernel_size=(3, 3), stride=(1, 1), padding=(1, 1))
    (7): ReLU()
    (8): MaxPool2d(kernel_size=2, stride=2, padding=0, dilation=1, ceil_mode=False)
    (9): Flatten(start_dim=1, end_dim=-1)
    (10): Linear(in_features=2048, out_features=512, bias=True)
    (11): ReLU()
    (12): Linear(in_features=512, out_features=256, bias=True)
    (13): ReLU()
    (14): Linear(in_features=256, out_features=10, bias=True)
  )
)
INFO:__main__:CHILD MODEL LOSS: 0.5940380854606628 with train time 71.9985716342926
INFO:__main__:CHILD MODEL ACCURACY: 0.7873
INFO:__main__:Policy gradient: 0.12365972250699997
INFO:__main__:
INFO:__main__:------ ITERATION 354 ------
INFO:__main__:Layers generated: [('16', '3', '2'), ('32', '3', '2'), ('32', '3', '2')]
INFO:__main__:ChildCNNModel(
  (model): Sequential(
    (0): Conv2d(3, 16, kernel_size=(3, 3), stride=(1, 1), padding=(2, 2))
    (1): ReLU()
    (2): MaxPool2d(kernel_size=2, stride=2, padding=0, dilation=1, ceil_mode=False)
    (3): Conv2d(16, 32, kernel_size=(3, 3), stride=(1, 1), padding=(2, 2))
    (4): ReLU()
    (5): MaxPool2d(kernel_size=2, stride=2, padding=0, dilation=1, ceil_mode=False)
    (6): Conv2d(32, 32, kernel_size=(3, 3), stride=(1, 1), padding=(2, 2))
    (7): ReLU()
    (8): MaxPool2d(kernel_size=2, stride=2, padding=0, dilation=1, ceil_mode=False)
    (9): Flatten(start_dim=1, end_dim=-1)
    (10): Linear(in_features=800, out_features=512, bias=True)
    (11): ReLU()
    (12): Linear(in_features=512, out_features=256, bias=True)
    (13): ReLU()
    (14): Linear(in_features=256, out_features=10, bias=True)
  )
)
INFO:__main__:CHILD MODEL LOSS: 0.81450546169281 with train time 31.25715661048889
INFO:__main__:CHILD MODEL ACCURACY: 0.7156
INFO:__main__:Policy gradient: -0.5458226799964905
INFO:__main__:
INFO:__main__:------ ITERATION 355 ------
INFO:__main__:Layers generated: [('128', '3', '2'), ('128', '3', '2'), ('32', '3', '0')]
INFO:__main__:ChildCNNModel(
  (model): Sequential(
    (0): Conv2d(3, 128, kernel_size=(3, 3), stride=(1, 1), padding=(2, 2))
    (1): ReLU()
    (2): MaxPool2d(kernel_size=2, stride=2, padding=0, dilation=1, ceil_mode=False)
    (3): Conv2d(128, 128, kernel_size=(3, 3), stride=(1, 1), padding=(2, 2))
    (4): ReLU()
    (5): MaxPool2d(kernel_size=2, stride=2, padding=0, dilation=1, ceil_mode=False)
    (6): Conv2d(128, 32, kernel_size=(3, 3), stride=(1, 1))
    (7): ReLU()
    (8): MaxPool2d(kernel_size=2, stride=2, padding=0, dilation=1, ceil_mode=False)
    (9): Flatten(start_dim=1, end_dim=-1)
    (10): Linear(in_features=288, out_features=512, bias=True)
    (11): ReLU()
    (12): Linear(in_features=512, out_features=256, bias=True)
    (13): ReLU()
    (14): Linear(in_features=256, out_features=10, bias=True)
  )
)
INFO:__main__:CHILD MODEL LOSS: 0.7030280559062958 with train time 47.67724299430847
INFO:__main__:CHILD MODEL ACCURACY: 0.761
INFO:__main__:Policy gradient: -0.06268627196550369
INFO:__main__:
INFO:__main__:------ ITERATION 356 ------
INFO:__main__:Layers generated: [('256', '3', '1'), ('256', '5', '0'), ('128', '3', '2')]
INFO:__main__:ChildCNNModel(
  (model): Sequential(
    (0): Conv2d(3, 256, kernel_size=(3, 3), stride=(1, 1), padding=(1, 1))
    (1): ReLU()
    (2): MaxPool2d(kernel_size=2, stride=2, padding=0, dilation=1, ceil_mode=False)
    (3): Conv2d(256, 256, kernel_size=(5, 5), stride=(1, 1))
    (4): ReLU()
    (5): MaxPool2d(kernel_size=2, stride=2, padding=0, dilation=1, ceil_mode=False)
    (6): Conv2d(256, 128, kernel_size=(3, 3), stride=(1, 1), padding=(2, 2))
    (7): ReLU()
    (8): MaxPool2d(kernel_size=2, stride=2, padding=0, dilation=1, ceil_mode=False)
    (9): Flatten(start_dim=1, end_dim=-1)
    (10): Linear(in_features=2048, out_features=512, bias=True)
    (11): ReLU()
    (12): Linear(in_features=512, out_features=256, bias=True)
    (13): ReLU()
    (14): Linear(in_features=256, out_features=10, bias=True)
  )
)
INFO:__main__:CHILD MODEL LOSS: 0.6461299946308136 with train time 96.03534436225891
INFO:__main__:CHILD MODEL ACCURACY: 0.7721
INFO:__main__:Policy gradient: 0.04788855090737343
INFO:__main__:
INFO:__main__:------ ITERATION 357 ------
INFO:__main__:Layers generated: [('128', '3', '1'), ('256', '5', '2'), ('256', '3', '2')]
INFO:__main__:ChildCNNModel(
  (model): Sequential(
    (0): Conv2d(3, 128, kernel_size=(3, 3), stride=(1, 1), padding=(1, 1))
    (1): ReLU()
    (2): MaxPool2d(kernel_size=2, stride=2, padding=0, dilation=1, ceil_mode=False)
    (3): Conv2d(128, 256, kernel_size=(5, 5), stride=(1, 1), padding=(2, 2))
    (4): ReLU()
    (5): MaxPool2d(kernel_size=2, stride=2, padding=0, dilation=1, ceil_mode=False)
    (6): Conv2d(256, 256, kernel_size=(3, 3), stride=(1, 1), padding=(2, 2))
    (7): ReLU()
    (8): MaxPool2d(kernel_size=2, stride=2, padding=0, dilation=1, ceil_mode=False)
    (9): Flatten(start_dim=1, end_dim=-1)
    (10): Linear(in_features=6400, out_features=512, bias=True)
    (11): ReLU()
    (12): Linear(in_features=512, out_features=256, bias=True)
    (13): ReLU()
    (14): Linear(in_features=256, out_features=10, bias=True)
  )
)
INFO:__main__:CHILD MODEL LOSS: 0.5242305485010147 with train time 80.92276334762573
INFO:__main__:CHILD MODEL ACCURACY: 0.8033
INFO:__main__:Policy gradient: 0.30801311135292053
INFO:__main__:
INFO:__main__:------ ITERATION 358 ------
INFO:__main__:Layers generated: [('128', '3', '2'), ('64', '3', '2'), ('128', '1', '1')]
INFO:__main__:ChildCNNModel(
  (model): Sequential(
    (0): Conv2d(3, 128, kernel_size=(3, 3), stride=(1, 1), padding=(2, 2))
    (1): ReLU()
    (2): MaxPool2d(kernel_size=2, stride=2, padding=0, dilation=1, ceil_mode=False)
    (3): Conv2d(128, 64, kernel_size=(3, 3), stride=(1, 1), padding=(2, 2))
    (4): ReLU()
    (5): MaxPool2d(kernel_size=2, stride=2, padding=0, dilation=1, ceil_mode=False)
    (6): Conv2d(64, 128, kernel_size=(1, 1), stride=(1, 1), padding=(1, 1))
    (7): ReLU()
    (8): MaxPool2d(kernel_size=2, stride=2, padding=0, dilation=1, ceil_mode=False)
    (9): Flatten(start_dim=1, end_dim=-1)
    (10): Linear(in_features=3200, out_features=512, bias=True)
    (11): ReLU()
    (12): Linear(in_features=512, out_features=256, bias=True)
    (13): ReLU()
    (14): Linear(in_features=256, out_features=10, bias=True)
  )
)
INFO:__main__:CHILD MODEL LOSS: 0.6605380373001098 with train time 41.84955978393555
INFO:__main__:CHILD MODEL ACCURACY: 0.7771
INFO:__main__:Policy gradient: 0.05754653736948967
INFO:__main__:
INFO:__main__:------ ITERATION 359 ------
INFO:__main__:Layers generated: [('128', '5', '1'), ('128', '3', '1'), ('16', '3', '2')]
INFO:__main__:ChildCNNModel(
  (model): Sequential(
    (0): Conv2d(3, 128, kernel_size=(5, 5), stride=(1, 1), padding=(1, 1))
    (1): ReLU()
    (2): MaxPool2d(kernel_size=2, stride=2, padding=0, dilation=1, ceil_mode=False)
    (3): Conv2d(128, 128, kernel_size=(3, 3), stride=(1, 1), padding=(1, 1))
    (4): ReLU()
    (5): MaxPool2d(kernel_size=2, stride=2, padding=0, dilation=1, ceil_mode=False)
    (6): Conv2d(128, 16, kernel_size=(3, 3), stride=(1, 1), padding=(2, 2))
    (7): ReLU()
    (8): MaxPool2d(kernel_size=2, stride=2, padding=0, dilation=1, ceil_mode=False)
    (9): Flatten(start_dim=1, end_dim=-1)
    (10): Linear(in_features=256, out_features=512, bias=True)
    (11): ReLU()
    (12): Linear(in_features=512, out_features=256, bias=True)
    (13): ReLU()
    (14): Linear(in_features=256, out_features=10, bias=True)
  )
)
INFO:__main__:CHILD MODEL LOSS: 0.7493416011333466 with train time 39.026148080825806
INFO:__main__:CHILD MODEL ACCURACY: 0.7433
INFO:__main__:Policy gradient: -0.32598641514778137
INFO:__main__:
INFO:__main__:------ ITERATION 360 ------
INFO:__main__:Layers generated: [('256', '3', '2'), ('128', '3', '2'), ('256', '3', '1')]
INFO:__main__:ChildCNNModel(
  (model): Sequential(
    (0): Conv2d(3, 256, kernel_size=(3, 3), stride=(1, 1), padding=(2, 2))
    (1): ReLU()
    (2): MaxPool2d(kernel_size=2, stride=2, padding=0, dilation=1, ceil_mode=False)
    (3): Conv2d(256, 128, kernel_size=(3, 3), stride=(1, 1), padding=(2, 2))
    (4): ReLU()
    (5): MaxPool2d(kernel_size=2, stride=2, padding=0, dilation=1, ceil_mode=False)
    (6): Conv2d(128, 256, kernel_size=(3, 3), stride=(1, 1), padding=(1, 1))
    (7): ReLU()
    (8): MaxPool2d(kernel_size=2, stride=2, padding=0, dilation=1, ceil_mode=False)
    (9): Flatten(start_dim=1, end_dim=-1)
    (10): Linear(in_features=4096, out_features=512, bias=True)
    (11): ReLU()
    (12): Linear(in_features=512, out_features=256, bias=True)
    (13): ReLU()
    (14): Linear(in_features=256, out_features=10, bias=True)
  )
)
INFO:__main__:CHILD MODEL LOSS: 0.5418020123243332 with train time 82.77758312225342
INFO:__main__:CHILD MODEL ACCURACY: 0.8034
INFO:__main__:Policy gradient: 0.1948062926530838
INFO:__main__:
INFO:__main__:------ ITERATION 361 ------
INFO:__main__:Layers generated: [('32', '3', '2'), ('256', '3', '2'), ('256', '3', '1')]
INFO:__main__:ChildCNNModel(
  (model): Sequential(
    (0): Conv2d(3, 32, kernel_size=(3, 3), stride=(1, 1), padding=(2, 2))
    (1): ReLU()
    (2): MaxPool2d(kernel_size=2, stride=2, padding=0, dilation=1, ceil_mode=False)
    (3): Conv2d(32, 256, kernel_size=(3, 3), stride=(1, 1), padding=(2, 2))
    (4): ReLU()
    (5): MaxPool2d(kernel_size=2, stride=2, padding=0, dilation=1, ceil_mode=False)
    (6): Conv2d(256, 256, kernel_size=(3, 3), stride=(1, 1), padding=(1, 1))
    (7): ReLU()
    (8): MaxPool2d(kernel_size=2, stride=2, padding=0, dilation=1, ceil_mode=False)
    (9): Flatten(start_dim=1, end_dim=-1)
    (10): Linear(in_features=4096, out_features=512, bias=True)
    (11): ReLU()
    (12): Linear(in_features=512, out_features=256, bias=True)
    (13): ReLU()
    (14): Linear(in_features=256, out_features=10, bias=True)
  )
)
INFO:__main__:CHILD MODEL LOSS: 0.5715486717224121 with train time 41.50844192504883
INFO:__main__:CHILD MODEL ACCURACY: 0.8013
INFO:__main__:Policy gradient: 0.18282729387283325
INFO:__main__:
INFO:__main__:------ ITERATION 362 ------
INFO:__main__:Layers generated: [('256', '3', '2'), ('128', '3', '1'), ('256', '3', '1')]
INFO:__main__:ChildCNNModel(
  (model): Sequential(
    (0): Conv2d(3, 256, kernel_size=(3, 3), stride=(1, 1), padding=(2, 2))
    (1): ReLU()
    (2): MaxPool2d(kernel_size=2, stride=2, padding=0, dilation=1, ceil_mode=False)
    (3): Conv2d(256, 128, kernel_size=(3, 3), stride=(1, 1), padding=(1, 1))
    (4): ReLU()
    (5): MaxPool2d(kernel_size=2, stride=2, padding=0, dilation=1, ceil_mode=False)
    (6): Conv2d(128, 256, kernel_size=(3, 3), stride=(1, 1), padding=(1, 1))
    (7): ReLU()
    (8): MaxPool2d(kernel_size=2, stride=2, padding=0, dilation=1, ceil_mode=False)
    (9): Flatten(start_dim=1, end_dim=-1)
    (10): Linear(in_features=4096, out_features=512, bias=True)
    (11): ReLU()
    (12): Linear(in_features=512, out_features=256, bias=True)
    (13): ReLU()
    (14): Linear(in_features=256, out_features=10, bias=True)
  )
)
INFO:__main__:CHILD MODEL LOSS: 0.5586468507051467 with train time 77.73251152038574
INFO:__main__:CHILD MODEL ACCURACY: 0.8007
INFO:__main__:Policy gradient: 0.1491321623325348
INFO:__main__:
INFO:__main__:------ ITERATION 363 ------
INFO:__main__:Layers generated: [('32', '3', '2'), ('64', '3', '2'), ('256', '3', '1')]
INFO:__main__:ChildCNNModel(
  (model): Sequential(
    (0): Conv2d(3, 32, kernel_size=(3, 3), stride=(1, 1), padding=(2, 2))
    (1): ReLU()
    (2): MaxPool2d(kernel_size=2, stride=2, padding=0, dilation=1, ceil_mode=False)
    (3): Conv2d(32, 64, kernel_size=(3, 3), stride=(1, 1), padding=(2, 2))
    (4): ReLU()
    (5): MaxPool2d(kernel_size=2, stride=2, padding=0, dilation=1, ceil_mode=False)
    (6): Conv2d(64, 256, kernel_size=(3, 3), stride=(1, 1), padding=(1, 1))
    (7): ReLU()
    (8): MaxPool2d(kernel_size=2, stride=2, padding=0, dilation=1, ceil_mode=False)
    (9): Flatten(start_dim=1, end_dim=-1)
    (10): Linear(in_features=4096, out_features=512, bias=True)
    (11): ReLU()
    (12): Linear(in_features=512, out_features=256, bias=True)
    (13): ReLU()
    (14): Linear(in_features=256, out_features=10, bias=True)
  )
)
INFO:__main__:CHILD MODEL LOSS: 0.5514711174964905 with train time 33.10471558570862
INFO:__main__:CHILD MODEL ACCURACY: 0.8055
INFO:__main__:Policy gradient: 0.20504197478294373
INFO:__main__:
INFO:__main__:------ ITERATION 364 ------
INFO:__main__:Layers generated: [('128', '3', '2'), ('128', '5', '1'), ('128', '3', '1')]
INFO:__main__:ChildCNNModel(
  (model): Sequential(
    (0): Conv2d(3, 128, kernel_size=(3, 3), stride=(1, 1), padding=(2, 2))
    (1): ReLU()
    (2): MaxPool2d(kernel_size=2, stride=2, padding=0, dilation=1, ceil_mode=False)
    (3): Conv2d(128, 128, kernel_size=(5, 5), stride=(1, 1), padding=(1, 1))
    (4): ReLU()
    (5): MaxPool2d(kernel_size=2, stride=2, padding=0, dilation=1, ceil_mode=False)
    (6): Conv2d(128, 128, kernel_size=(3, 3), stride=(1, 1), padding=(1, 1))
    (7): ReLU()
    (8): MaxPool2d(kernel_size=2, stride=2, padding=0, dilation=1, ceil_mode=False)
    (9): Flatten(start_dim=1, end_dim=-1)
    (10): Linear(in_features=1152, out_features=512, bias=True)
    (11): ReLU()
    (12): Linear(in_features=512, out_features=256, bias=True)
    (13): ReLU()
    (14): Linear(in_features=256, out_features=10, bias=True)
  )
)
INFO:__main__:CHILD MODEL LOSS: 0.647043839097023 with train time 49.565730810165405
INFO:__main__:CHILD MODEL ACCURACY: 0.7807
INFO:__main__:Policy gradient: 0.0005692684790119529
INFO:__main__:
INFO:__main__:------ ITERATION 365 ------
INFO:__main__:Layers generated: [('256', '5', '2'), ('32', '3', '2'), ('128', '3', '1')]
INFO:__main__:ChildCNNModel(
  (model): Sequential(
    (0): Conv2d(3, 256, kernel_size=(5, 5), stride=(1, 1), padding=(2, 2))
    (1): ReLU()
    (2): MaxPool2d(kernel_size=2, stride=2, padding=0, dilation=1, ceil_mode=False)
    (3): Conv2d(256, 32, kernel_size=(3, 3), stride=(1, 1), padding=(2, 2))
    (4): ReLU()
    (5): MaxPool2d(kernel_size=2, stride=2, padding=0, dilation=1, ceil_mode=False)
    (6): Conv2d(32, 128, kernel_size=(3, 3), stride=(1, 1), padding=(1, 1))
    (7): ReLU()
    (8): MaxPool2d(kernel_size=2, stride=2, padding=0, dilation=1, ceil_mode=False)
    (9): Flatten(start_dim=1, end_dim=-1)
    (10): Linear(in_features=2048, out_features=512, bias=True)
    (11): ReLU()
    (12): Linear(in_features=512, out_features=256, bias=True)
    (13): ReLU()
    (14): Linear(in_features=256, out_features=10, bias=True)
  )
)
INFO:__main__:CHILD MODEL LOSS: 0.6456771655082703 with train time 59.321338415145874
INFO:__main__:CHILD MODEL ACCURACY: 0.7833
INFO:__main__:Policy gradient: 0.0251025203615427
INFO:__main__:
INFO:__main__:------ ITERATION 366 ------
INFO:__main__:Layers generated: [('32', '3', '2'), ('64', '3', '1'), ('128', '3', '2')]
INFO:__main__:ChildCNNModel(
  (model): Sequential(
    (0): Conv2d(3, 32, kernel_size=(3, 3), stride=(1, 1), padding=(2, 2))
    (1): ReLU()
    (2): MaxPool2d(kernel_size=2, stride=2, padding=0, dilation=1, ceil_mode=False)
    (3): Conv2d(32, 64, kernel_size=(3, 3), stride=(1, 1), padding=(1, 1))
    (4): ReLU()
    (5): MaxPool2d(kernel_size=2, stride=2, padding=0, dilation=1, ceil_mode=False)
    (6): Conv2d(64, 128, kernel_size=(3, 3), stride=(1, 1), padding=(2, 2))
    (7): ReLU()
    (8): MaxPool2d(kernel_size=2, stride=2, padding=0, dilation=1, ceil_mode=False)
    (9): Flatten(start_dim=1, end_dim=-1)
    (10): Linear(in_features=3200, out_features=512, bias=True)
    (11): ReLU()
    (12): Linear(in_features=512, out_features=256, bias=True)
    (13): ReLU()
    (14): Linear(in_features=256, out_features=10, bias=True)
  )
)
INFO:__main__:CHILD MODEL LOSS: 0.5878621071577073 with train time 31.885906219482422
INFO:__main__:CHILD MODEL ACCURACY: 0.802
INFO:__main__:Policy gradient: 0.16044142842292786
INFO:__main__:
INFO:__main__:------ ITERATION 367 ------
INFO:__main__:Layers generated: [('32', '3', '1'), ('64', '5', '1'), ('256', '3', '1')]
INFO:__main__:ChildCNNModel(
  (model): Sequential(
    (0): Conv2d(3, 32, kernel_size=(3, 3), stride=(1, 1), padding=(1, 1))
    (1): ReLU()
    (2): MaxPool2d(kernel_size=2, stride=2, padding=0, dilation=1, ceil_mode=False)
    (3): Conv2d(32, 64, kernel_size=(5, 5), stride=(1, 1), padding=(1, 1))
    (4): ReLU()
    (5): MaxPool2d(kernel_size=2, stride=2, padding=0, dilation=1, ceil_mode=False)
    (6): Conv2d(64, 256, kernel_size=(3, 3), stride=(1, 1), padding=(1, 1))
    (7): ReLU()
    (8): MaxPool2d(kernel_size=2, stride=2, padding=0, dilation=1, ceil_mode=False)
    (9): Flatten(start_dim=1, end_dim=-1)
    (10): Linear(in_features=2304, out_features=512, bias=True)
    (11): ReLU()
    (12): Linear(in_features=512, out_features=256, bias=True)
    (13): ReLU()
    (14): Linear(in_features=256, out_features=10, bias=True)
  )
)
INFO:__main__:CHILD MODEL LOSS: 0.586529519200325 with train time 31.368154287338257
INFO:__main__:CHILD MODEL ACCURACY: 0.7968
INFO:__main__:Policy gradient: 0.1431320160627365
INFO:__main__:
INFO:__main__:------ ITERATION 368 ------
INFO:__main__:Layers generated: [('64', '3', '1'), ('128', '3', '2'), ('32', '3', '0')]
INFO:__main__:ChildCNNModel(
  (model): Sequential(
    (0): Conv2d(3, 64, kernel_size=(3, 3), stride=(1, 1), padding=(1, 1))
    (1): ReLU()
    (2): MaxPool2d(kernel_size=2, stride=2, padding=0, dilation=1, ceil_mode=False)
    (3): Conv2d(64, 128, kernel_size=(3, 3), stride=(1, 1), padding=(2, 2))
    (4): ReLU()
    (5): MaxPool2d(kernel_size=2, stride=2, padding=0, dilation=1, ceil_mode=False)
    (6): Conv2d(128, 32, kernel_size=(3, 3), stride=(1, 1))
    (7): ReLU()
    (8): MaxPool2d(kernel_size=2, stride=2, padding=0, dilation=1, ceil_mode=False)
    (9): Flatten(start_dim=1, end_dim=-1)
    (10): Linear(in_features=288, out_features=512, bias=True)
    (11): ReLU()
    (12): Linear(in_features=512, out_features=256, bias=True)
    (13): ReLU()
    (14): Linear(in_features=256, out_features=10, bias=True)
  )
)
INFO:__main__:CHILD MODEL LOSS: 0.707529881477356 with train time 36.78716516494751
INFO:__main__:CHILD MODEL ACCURACY: 0.7712
INFO:__main__:Policy gradient: -0.13127200305461884
INFO:__main__:
INFO:__main__:------ ITERATION 369 ------
INFO:__main__:Layers generated: [('128', '3', '1'), ('32', '5', '2'), ('256', '3', '2')]
INFO:__main__:ChildCNNModel(
  (model): Sequential(
    (0): Conv2d(3, 128, kernel_size=(3, 3), stride=(1, 1), padding=(1, 1))
    (1): ReLU()
    (2): MaxPool2d(kernel_size=2, stride=2, padding=0, dilation=1, ceil_mode=False)
    (3): Conv2d(128, 32, kernel_size=(5, 5), stride=(1, 1), padding=(2, 2))
    (4): ReLU()
    (5): MaxPool2d(kernel_size=2, stride=2, padding=0, dilation=1, ceil_mode=False)
    (6): Conv2d(32, 256, kernel_size=(3, 3), stride=(1, 1), padding=(2, 2))
    (7): ReLU()
    (8): MaxPool2d(kernel_size=2, stride=2, padding=0, dilation=1, ceil_mode=False)
    (9): Flatten(start_dim=1, end_dim=-1)
    (10): Linear(in_features=6400, out_features=512, bias=True)
    (11): ReLU()
    (12): Linear(in_features=512, out_features=256, bias=True)
    (13): ReLU()
    (14): Linear(in_features=256, out_features=10, bias=True)
  )
)
INFO:__main__:CHILD MODEL LOSS: 0.94734037733078 with train time 41.08760070800781
INFO:__main__:CHILD MODEL ACCURACY: 0.6865
INFO:__main__:Policy gradient: -0.9637306928634644
INFO:__main__:
INFO:__main__:------ ITERATION 370 ------
INFO:__main__:Layers generated: [('64', '5', '2'), ('256', '1', '2'), ('64', '3', '1')]
INFO:__main__:ChildCNNModel(
  (model): Sequential(
    (0): Conv2d(3, 64, kernel_size=(5, 5), stride=(1, 1), padding=(2, 2))
    (1): ReLU()
    (2): MaxPool2d(kernel_size=2, stride=2, padding=0, dilation=1, ceil_mode=False)
    (3): Conv2d(64, 256, kernel_size=(1, 1), stride=(1, 1), padding=(2, 2))
    (4): ReLU()
    (5): MaxPool2d(kernel_size=2, stride=2, padding=0, dilation=1, ceil_mode=False)
    (6): Conv2d(256, 64, kernel_size=(3, 3), stride=(1, 1), padding=(1, 1))
    (7): ReLU()
    (8): MaxPool2d(kernel_size=2, stride=2, padding=0, dilation=1, ceil_mode=False)
    (9): Flatten(start_dim=1, end_dim=-1)
    (10): Linear(in_features=1600, out_features=512, bias=True)
    (11): ReLU()
    (12): Linear(in_features=512, out_features=256, bias=True)
    (13): ReLU()
    (14): Linear(in_features=256, out_features=10, bias=True)
  )
)
INFO:__main__:CHILD MODEL LOSS: 0.6314680285453796 with train time 41.12562441825867
INFO:__main__:CHILD MODEL ACCURACY: 0.7845
INFO:__main__:Policy gradient: 0.13668207824230194
INFO:__main__:
INFO:__main__:------ ITERATION 371 ------
INFO:__main__:Layers generated: [('256', '3', '2'), ('128', '3', '1'), ('256', '3', '2')]
INFO:__main__:ChildCNNModel(
  (model): Sequential(
    (0): Conv2d(3, 256, kernel_size=(3, 3), stride=(1, 1), padding=(2, 2))
    (1): ReLU()
    (2): MaxPool2d(kernel_size=2, stride=2, padding=0, dilation=1, ceil_mode=False)
    (3): Conv2d(256, 128, kernel_size=(3, 3), stride=(1, 1), padding=(1, 1))
    (4): ReLU()
    (5): MaxPool2d(kernel_size=2, stride=2, padding=0, dilation=1, ceil_mode=False)
    (6): Conv2d(128, 256, kernel_size=(3, 3), stride=(1, 1), padding=(2, 2))
    (7): ReLU()
    (8): MaxPool2d(kernel_size=2, stride=2, padding=0, dilation=1, ceil_mode=False)
    (9): Flatten(start_dim=1, end_dim=-1)
    (10): Linear(in_features=6400, out_features=512, bias=True)
    (11): ReLU()
    (12): Linear(in_features=512, out_features=256, bias=True)
    (13): ReLU()
    (14): Linear(in_features=256, out_features=10, bias=True)
  )
)
INFO:__main__:CHILD MODEL LOSS: 0.5294843488931655 with train time 81.6649923324585
INFO:__main__:CHILD MODEL ACCURACY: 0.8031
INFO:__main__:Policy gradient: 0.1598515808582306
INFO:__main__:
INFO:__main__:------ ITERATION 372 ------
INFO:__main__:Layers generated: [('64', '3', '1'), ('128', '3', '1'), ('64', '3', '2')]
INFO:__main__:ChildCNNModel(
  (model): Sequential(
    (0): Conv2d(3, 64, kernel_size=(3, 3), stride=(1, 1), padding=(1, 1))
    (1): ReLU()
    (2): MaxPool2d(kernel_size=2, stride=2, padding=0, dilation=1, ceil_mode=False)
    (3): Conv2d(64, 128, kernel_size=(3, 3), stride=(1, 1), padding=(1, 1))
    (4): ReLU()
    (5): MaxPool2d(kernel_size=2, stride=2, padding=0, dilation=1, ceil_mode=False)
    (6): Conv2d(128, 64, kernel_size=(3, 3), stride=(1, 1), padding=(2, 2))
    (7): ReLU()
    (8): MaxPool2d(kernel_size=2, stride=2, padding=0, dilation=1, ceil_mode=False)
    (9): Flatten(start_dim=1, end_dim=-1)
    (10): Linear(in_features=1600, out_features=512, bias=True)
    (11): ReLU()
    (12): Linear(in_features=512, out_features=256, bias=True)
    (13): ReLU()
    (14): Linear(in_features=256, out_features=10, bias=True)
  )
)
INFO:__main__:CHILD MODEL LOSS: 0.5789631917476654 with train time 36.027666091918945
INFO:__main__:CHILD MODEL ACCURACY: 0.8059
INFO:__main__:Policy gradient: 0.23065069317817688
INFO:__main__:
INFO:__main__:------ ITERATION 373 ------
INFO:__main__:Layers generated: [('32', '3', '1'), ('128', '3', '2'), ('256', '3', '1')]
INFO:__main__:ChildCNNModel(
  (model): Sequential(
    (0): Conv2d(3, 32, kernel_size=(3, 3), stride=(1, 1), padding=(1, 1))
    (1): ReLU()
    (2): MaxPool2d(kernel_size=2, stride=2, padding=0, dilation=1, ceil_mode=False)
    (3): Conv2d(32, 128, kernel_size=(3, 3), stride=(1, 1), padding=(2, 2))
    (4): ReLU()
    (5): MaxPool2d(kernel_size=2, stride=2, padding=0, dilation=1, ceil_mode=False)
    (6): Conv2d(128, 256, kernel_size=(3, 3), stride=(1, 1), padding=(1, 1))
    (7): ReLU()
    (8): MaxPool2d(kernel_size=2, stride=2, padding=0, dilation=1, ceil_mode=False)
    (9): Flatten(start_dim=1, end_dim=-1)
    (10): Linear(in_features=4096, out_features=512, bias=True)
    (11): ReLU()
    (12): Linear(in_features=512, out_features=256, bias=True)
    (13): ReLU()
    (14): Linear(in_features=256, out_features=10, bias=True)
  )
)
INFO:__main__:CHILD MODEL LOSS: 0.5466447501182556 with train time 35.2987916469574
INFO:__main__:CHILD MODEL ACCURACY: 0.7993
INFO:__main__:Policy gradient: 0.13575796782970428
INFO:__main__:
INFO:__main__:------ ITERATION 374 ------
INFO:__main__:Layers generated: [('16', '5', '2'), ('256', '3', '0'), ('256', '3', '2')]
INFO:__main__:ChildCNNModel(
  (model): Sequential(
    (0): Conv2d(3, 16, kernel_size=(5, 5), stride=(1, 1), padding=(2, 2))
    (1): ReLU()
    (2): MaxPool2d(kernel_size=2, stride=2, padding=0, dilation=1, ceil_mode=False)
    (3): Conv2d(16, 256, kernel_size=(3, 3), stride=(1, 1))
    (4): ReLU()
    (5): MaxPool2d(kernel_size=2, stride=2, padding=0, dilation=1, ceil_mode=False)
    (6): Conv2d(256, 256, kernel_size=(3, 3), stride=(1, 1), padding=(2, 2))
    (7): ReLU()
    (8): MaxPool2d(kernel_size=2, stride=2, padding=0, dilation=1, ceil_mode=False)
    (9): Flatten(start_dim=1, end_dim=-1)
    (10): Linear(in_features=4096, out_features=512, bias=True)
    (11): ReLU()
    (12): Linear(in_features=512, out_features=256, bias=True)
    (13): ReLU()
    (14): Linear(in_features=256, out_features=10, bias=True)
  )
)
INFO:__main__:CHILD MODEL LOSS: 0.5763635165691375 with train time 35.545926332473755
INFO:__main__:CHILD MODEL ACCURACY: 0.8014
INFO:__main__:Policy gradient: 0.2122083604335785
INFO:__main__:
INFO:__main__:------ ITERATION 375 ------
INFO:__main__:Layers generated: [('128', '5', '2'), ('256', '3', '2'), ('64', '3', '2')]
INFO:__main__:ChildCNNModel(
  (model): Sequential(
    (0): Conv2d(3, 128, kernel_size=(5, 5), stride=(1, 1), padding=(2, 2))
    (1): ReLU()
    (2): MaxPool2d(kernel_size=2, stride=2, padding=0, dilation=1, ceil_mode=False)
    (3): Conv2d(128, 256, kernel_size=(3, 3), stride=(1, 1), padding=(2, 2))
    (4): ReLU()
    (5): MaxPool2d(kernel_size=2, stride=2, padding=0, dilation=1, ceil_mode=False)
    (6): Conv2d(256, 64, kernel_size=(3, 3), stride=(1, 1), padding=(2, 2))
    (7): ReLU()
    (8): MaxPool2d(kernel_size=2, stride=2, padding=0, dilation=1, ceil_mode=False)
    (9): Flatten(start_dim=1, end_dim=-1)
    (10): Linear(in_features=1600, out_features=512, bias=True)
    (11): ReLU()
    (12): Linear(in_features=512, out_features=256, bias=True)
    (13): ReLU()
    (14): Linear(in_features=256, out_features=10, bias=True)
  )
)
INFO:__main__:CHILD MODEL LOSS: 0.6008741155862808 with train time 63.61142539978027
INFO:__main__:CHILD MODEL ACCURACY: 0.782
INFO:__main__:Policy gradient: -0.019097430631518364
INFO:__main__:
INFO:__main__:------ ITERATION 376 ------
INFO:__main__:Layers generated: [('128', '3', '2'), ('256', '3', '1'), ('256', '3', '2')]
INFO:__main__:ChildCNNModel(
  (model): Sequential(
    (0): Conv2d(3, 128, kernel_size=(3, 3), stride=(1, 1), padding=(2, 2))
    (1): ReLU()
    (2): MaxPool2d(kernel_size=2, stride=2, padding=0, dilation=1, ceil_mode=False)
    (3): Conv2d(128, 256, kernel_size=(3, 3), stride=(1, 1), padding=(1, 1))
    (4): ReLU()
    (5): MaxPool2d(kernel_size=2, stride=2, padding=0, dilation=1, ceil_mode=False)
    (6): Conv2d(256, 256, kernel_size=(3, 3), stride=(1, 1), padding=(2, 2))
    (7): ReLU()
    (8): MaxPool2d(kernel_size=2, stride=2, padding=0, dilation=1, ceil_mode=False)
    (9): Flatten(start_dim=1, end_dim=-1)
    (10): Linear(in_features=6400, out_features=512, bias=True)
    (11): ReLU()
    (12): Linear(in_features=512, out_features=256, bias=True)
    (13): ReLU()
    (14): Linear(in_features=256, out_features=10, bias=True)
  )
)
INFO:__main__:CHILD MODEL LOSS: 0.47979446411132814 with train time 67.07790350914001
INFO:__main__:CHILD MODEL ACCURACY: 0.8161
INFO:__main__:Policy gradient: 0.18797628581523895
INFO:__main__:
INFO:__main__:------ ITERATION 377 ------
INFO:__main__:Layers generated: [('16', '5', '2'), ('128', '3', '1'), ('128', '3', '2')]
INFO:__main__:ChildCNNModel(
  (model): Sequential(
    (0): Conv2d(3, 16, kernel_size=(5, 5), stride=(1, 1), padding=(2, 2))
    (1): ReLU()
    (2): MaxPool2d(kernel_size=2, stride=2, padding=0, dilation=1, ceil_mode=False)
    (3): Conv2d(16, 128, kernel_size=(3, 3), stride=(1, 1), padding=(1, 1))
    (4): ReLU()
    (5): MaxPool2d(kernel_size=2, stride=2, padding=0, dilation=1, ceil_mode=False)
    (6): Conv2d(128, 128, kernel_size=(3, 3), stride=(1, 1), padding=(2, 2))
    (7): ReLU()
    (8): MaxPool2d(kernel_size=2, stride=2, padding=0, dilation=1, ceil_mode=False)
    (9): Flatten(start_dim=1, end_dim=-1)
    (10): Linear(in_features=3200, out_features=512, bias=True)
    (11): ReLU()
    (12): Linear(in_features=512, out_features=256, bias=True)
    (13): ReLU()
    (14): Linear(in_features=256, out_features=10, bias=True)
  )
)
INFO:__main__:CHILD MODEL LOSS: 0.6089047125577927 with train time 31.910103797912598
INFO:__main__:CHILD MODEL ACCURACY: 0.787
INFO:__main__:Policy gradient: -0.0008619140717200935
INFO:__main__:
INFO:__main__:------ ITERATION 378 ------
INFO:__main__:Layers generated: [('128', '3', '2'), ('256', '3', '1'), ('128', '3', '0')]
INFO:__main__:ChildCNNModel(
  (model): Sequential(
    (0): Conv2d(3, 128, kernel_size=(3, 3), stride=(1, 1), padding=(2, 2))
    (1): ReLU()
    (2): MaxPool2d(kernel_size=2, stride=2, padding=0, dilation=1, ceil_mode=False)
    (3): Conv2d(128, 256, kernel_size=(3, 3), stride=(1, 1), padding=(1, 1))
    (4): ReLU()
    (5): MaxPool2d(kernel_size=2, stride=2, padding=0, dilation=1, ceil_mode=False)
    (6): Conv2d(256, 128, kernel_size=(3, 3), stride=(1, 1))
    (7): ReLU()
    (8): MaxPool2d(kernel_size=2, stride=2, padding=0, dilation=1, ceil_mode=False)
    (9): Flatten(start_dim=1, end_dim=-1)
    (10): Linear(in_features=1152, out_features=512, bias=True)
    (11): ReLU()
    (12): Linear(in_features=512, out_features=256, bias=True)
    (13): ReLU()
    (14): Linear(in_features=256, out_features=10, bias=True)
  )
)
INFO:__main__:CHILD MODEL LOSS: 0.5914676719903946 with train time 55.55885338783264
INFO:__main__:CHILD MODEL ACCURACY: 0.793
INFO:__main__:Policy gradient: 0.04559566453099251
INFO:__main__:
INFO:__main__:------ ITERATION 379 ------
INFO:__main__:Layers generated: [('128', '3', '2'), ('256', '3', '1'), ('256', '3', '1')]
INFO:__main__:ChildCNNModel(
  (model): Sequential(
    (0): Conv2d(3, 128, kernel_size=(3, 3), stride=(1, 1), padding=(2, 2))
    (1): ReLU()
    (2): MaxPool2d(kernel_size=2, stride=2, padding=0, dilation=1, ceil_mode=False)
    (3): Conv2d(128, 256, kernel_size=(3, 3), stride=(1, 1), padding=(1, 1))
    (4): ReLU()
    (5): MaxPool2d(kernel_size=2, stride=2, padding=0, dilation=1, ceil_mode=False)
    (6): Conv2d(256, 256, kernel_size=(3, 3), stride=(1, 1), padding=(1, 1))
    (7): ReLU()
    (8): MaxPool2d(kernel_size=2, stride=2, padding=0, dilation=1, ceil_mode=False)
    (9): Flatten(start_dim=1, end_dim=-1)
    (10): Linear(in_features=4096, out_features=512, bias=True)
    (11): ReLU()
    (12): Linear(in_features=512, out_features=256, bias=True)
    (13): ReLU()
    (14): Linear(in_features=256, out_features=10, bias=True)
  )
)
INFO:__main__:CHILD MODEL LOSS: 0.5526158584356308 with train time 61.37953472137451
INFO:__main__:CHILD MODEL ACCURACY: 0.8082
INFO:__main__:Policy gradient: 0.11969272792339325
INFO:__main__:
INFO:__main__:------ ITERATION 380 ------
INFO:__main__:Layers generated: [('16', '3', '1'), ('128', '3', '1'), ('256', '3', '0')]
INFO:__main__:ChildCNNModel(
  (model): Sequential(
    (0): Conv2d(3, 16, kernel_size=(3, 3), stride=(1, 1), padding=(1, 1))
    (1): ReLU()
    (2): MaxPool2d(kernel_size=2, stride=2, padding=0, dilation=1, ceil_mode=False)
    (3): Conv2d(16, 128, kernel_size=(3, 3), stride=(1, 1), padding=(1, 1))
    (4): ReLU()
    (5): MaxPool2d(kernel_size=2, stride=2, padding=0, dilation=1, ceil_mode=False)
    (6): Conv2d(128, 256, kernel_size=(3, 3), stride=(1, 1))
    (7): ReLU()
    (8): MaxPool2d(kernel_size=2, stride=2, padding=0, dilation=1, ceil_mode=False)
    (9): Flatten(start_dim=1, end_dim=-1)
    (10): Linear(in_features=2304, out_features=512, bias=True)
    (11): ReLU()
    (12): Linear(in_features=512, out_features=256, bias=True)
    (13): ReLU()
    (14): Linear(in_features=256, out_features=10, bias=True)
  )
)
INFO:__main__:CHILD MODEL LOSS: 0.5845602986812591 with train time 31.245699405670166
INFO:__main__:CHILD MODEL ACCURACY: 0.8073
INFO:__main__:Policy gradient: 0.16985024511814117
INFO:__main__:
INFO:__main__:------ ITERATION 381 ------
INFO:__main__:Layers generated: [('256', '3', '2'), ('128', '3', '1'), ('32', '3', '1')]
INFO:__main__:ChildCNNModel(
  (model): Sequential(
    (0): Conv2d(3, 256, kernel_size=(3, 3), stride=(1, 1), padding=(2, 2))
    (1): ReLU()
    (2): MaxPool2d(kernel_size=2, stride=2, padding=0, dilation=1, ceil_mode=False)
    (3): Conv2d(256, 128, kernel_size=(3, 3), stride=(1, 1), padding=(1, 1))
    (4): ReLU()
    (5): MaxPool2d(kernel_size=2, stride=2, padding=0, dilation=1, ceil_mode=False)
    (6): Conv2d(128, 32, kernel_size=(3, 3), stride=(1, 1), padding=(1, 1))
    (7): ReLU()
    (8): MaxPool2d(kernel_size=2, stride=2, padding=0, dilation=1, ceil_mode=False)
    (9): Flatten(start_dim=1, end_dim=-1)
    (10): Linear(in_features=512, out_features=512, bias=True)
    (11): ReLU()
    (12): Linear(in_features=512, out_features=256, bias=True)
    (13): ReLU()
    (14): Linear(in_features=256, out_features=10, bias=True)
  )
)
INFO:__main__:CHILD MODEL LOSS: 0.6538553354740143 with train time 73.04683470726013
INFO:__main__:CHILD MODEL ACCURACY: 0.7678
INFO:__main__:Policy gradient: -0.16949397325515747
INFO:__main__:
INFO:__main__:------ ITERATION 382 ------
INFO:__main__:Layers generated: [('32', '3', '2'), ('64', '3', '2'), ('128', '3', '1')]
INFO:__main__:ChildCNNModel(
  (model): Sequential(
    (0): Conv2d(3, 32, kernel_size=(3, 3), stride=(1, 1), padding=(2, 2))
    (1): ReLU()
    (2): MaxPool2d(kernel_size=2, stride=2, padding=0, dilation=1, ceil_mode=False)
    (3): Conv2d(32, 64, kernel_size=(3, 3), stride=(1, 1), padding=(2, 2))
    (4): ReLU()
    (5): MaxPool2d(kernel_size=2, stride=2, padding=0, dilation=1, ceil_mode=False)
    (6): Conv2d(64, 128, kernel_size=(3, 3), stride=(1, 1), padding=(1, 1))
    (7): ReLU()
    (8): MaxPool2d(kernel_size=2, stride=2, padding=0, dilation=1, ceil_mode=False)
    (9): Flatten(start_dim=1, end_dim=-1)
    (10): Linear(in_features=2048, out_features=512, bias=True)
    (11): ReLU()
    (12): Linear(in_features=512, out_features=256, bias=True)
    (13): ReLU()
    (14): Linear(in_features=256, out_features=10, bias=True)
  )
)
INFO:__main__:CHILD MODEL LOSS: 0.6033057668209076 with train time 31.737313270568848
INFO:__main__:CHILD MODEL ACCURACY: 0.7915
INFO:__main__:Policy gradient: 0.018085656687617302
INFO:__main__:
INFO:__main__:------ ITERATION 383 ------
INFO:__main__:Layers generated: [('256', '3', '2'), ('64', '3', '2'), ('64', '3', '2')]
INFO:__main__:ChildCNNModel(
  (model): Sequential(
    (0): Conv2d(3, 256, kernel_size=(3, 3), stride=(1, 1), padding=(2, 2))
    (1): ReLU()
    (2): MaxPool2d(kernel_size=2, stride=2, padding=0, dilation=1, ceil_mode=False)
    (3): Conv2d(256, 64, kernel_size=(3, 3), stride=(1, 1), padding=(2, 2))
    (4): ReLU()
    (5): MaxPool2d(kernel_size=2, stride=2, padding=0, dilation=1, ceil_mode=False)
    (6): Conv2d(64, 64, kernel_size=(3, 3), stride=(1, 1), padding=(2, 2))
    (7): ReLU()
    (8): MaxPool2d(kernel_size=2, stride=2, padding=0, dilation=1, ceil_mode=False)
    (9): Flatten(start_dim=1, end_dim=-1)
    (10): Linear(in_features=1600, out_features=512, bias=True)
    (11): ReLU()
    (12): Linear(in_features=512, out_features=256, bias=True)
    (13): ReLU()
    (14): Linear(in_features=256, out_features=10, bias=True)
  )
)
INFO:__main__:CHILD MODEL LOSS: 0.6073534053564071 with train time 67.31587767601013
INFO:__main__:CHILD MODEL ACCURACY: 0.7753
INFO:__main__:Policy gradient: -0.09851127117872238
INFO:__main__:
INFO:__main__:------ ITERATION 384 ------
INFO:__main__:Layers generated: [('64', '3', '2'), ('16', '3', '2'), ('256', '3', '1')]
INFO:__main__:ChildCNNModel(
  (model): Sequential(
    (0): Conv2d(3, 64, kernel_size=(3, 3), stride=(1, 1), padding=(2, 2))
    (1): ReLU()
    (2): MaxPool2d(kernel_size=2, stride=2, padding=0, dilation=1, ceil_mode=False)
    (3): Conv2d(64, 16, kernel_size=(3, 3), stride=(1, 1), padding=(2, 2))
    (4): ReLU()
    (5): MaxPool2d(kernel_size=2, stride=2, padding=0, dilation=1, ceil_mode=False)
    (6): Conv2d(16, 256, kernel_size=(3, 3), stride=(1, 1), padding=(1, 1))
    (7): ReLU()
    (8): MaxPool2d(kernel_size=2, stride=2, padding=0, dilation=1, ceil_mode=False)
    (9): Flatten(start_dim=1, end_dim=-1)
    (10): Linear(in_features=4096, out_features=512, bias=True)
    (11): ReLU()
    (12): Linear(in_features=512, out_features=256, bias=True)
    (13): ReLU()
    (14): Linear(in_features=256, out_features=10, bias=True)
  )
)
INFO:__main__:CHILD MODEL LOSS: 0.6517499545812607 with train time 34.650951862335205
INFO:__main__:CHILD MODEL ACCURACY: 0.7847
INFO:__main__:Policy gradient: -0.027122078463435173
INFO:__main__:
INFO:__main__:------ ITERATION 385 ------
INFO:__main__:Layers generated: [('256', '5', '1'), ('32', '3', '1'), ('256', '3', '2')]
INFO:__main__:ChildCNNModel(
  (model): Sequential(
    (0): Conv2d(3, 256, kernel_size=(5, 5), stride=(1, 1), padding=(1, 1))
    (1): ReLU()
    (2): MaxPool2d(kernel_size=2, stride=2, padding=0, dilation=1, ceil_mode=False)
    (3): Conv2d(256, 32, kernel_size=(3, 3), stride=(1, 1), padding=(1, 1))
    (4): ReLU()
    (5): MaxPool2d(kernel_size=2, stride=2, padding=0, dilation=1, ceil_mode=False)
    (6): Conv2d(32, 256, kernel_size=(3, 3), stride=(1, 1), padding=(2, 2))
    (7): ReLU()
    (8): MaxPool2d(kernel_size=2, stride=2, padding=0, dilation=1, ceil_mode=False)
    (9): Flatten(start_dim=1, end_dim=-1)
    (10): Linear(in_features=4096, out_features=512, bias=True)
    (11): ReLU()
    (12): Linear(in_features=512, out_features=256, bias=True)
    (13): ReLU()
    (14): Linear(in_features=256, out_features=10, bias=True)
  )
)
INFO:__main__:CHILD MODEL LOSS: 0.6018341714143753 with train time 52.2865846157074
INFO:__main__:CHILD MODEL ACCURACY: 0.7947
INFO:__main__:Policy gradient: 0.06947827339172363
INFO:__main__:
INFO:__main__:------ ITERATION 386 ------
INFO:__main__:Layers generated: [('256', '3', '2'), ('128', '3', '1'), ('256', '3', '2')]
INFO:__main__:ChildCNNModel(
  (model): Sequential(
    (0): Conv2d(3, 256, kernel_size=(3, 3), stride=(1, 1), padding=(2, 2))
    (1): ReLU()
    (2): MaxPool2d(kernel_size=2, stride=2, padding=0, dilation=1, ceil_mode=False)
    (3): Conv2d(256, 128, kernel_size=(3, 3), stride=(1, 1), padding=(1, 1))
    (4): ReLU()
    (5): MaxPool2d(kernel_size=2, stride=2, padding=0, dilation=1, ceil_mode=False)
    (6): Conv2d(128, 256, kernel_size=(3, 3), stride=(1, 1), padding=(2, 2))
    (7): ReLU()
    (8): MaxPool2d(kernel_size=2, stride=2, padding=0, dilation=1, ceil_mode=False)
    (9): Flatten(start_dim=1, end_dim=-1)
    (10): Linear(in_features=6400, out_features=512, bias=True)
    (11): ReLU()
    (12): Linear(in_features=512, out_features=256, bias=True)
    (13): ReLU()
    (14): Linear(in_features=256, out_features=10, bias=True)
  )
)
INFO:__main__:CHILD MODEL LOSS: 0.543625917315483 with train time 81.6104166507721
INFO:__main__:CHILD MODEL ACCURACY: 0.8008
INFO:__main__:Policy gradient: 0.06941057741641998
INFO:__main__:
INFO:__main__:------ ITERATION 387 ------
INFO:__main__:Layers generated: [('256', '3', '2'), ('64', '3', '2'), ('128', '3', '2')]
INFO:__main__:ChildCNNModel(
  (model): Sequential(
    (0): Conv2d(3, 256, kernel_size=(3, 3), stride=(1, 1), padding=(2, 2))
    (1): ReLU()
    (2): MaxPool2d(kernel_size=2, stride=2, padding=0, dilation=1, ceil_mode=False)
    (3): Conv2d(256, 64, kernel_size=(3, 3), stride=(1, 1), padding=(2, 2))
    (4): ReLU()
    (5): MaxPool2d(kernel_size=2, stride=2, padding=0, dilation=1, ceil_mode=False)
    (6): Conv2d(64, 128, kernel_size=(3, 3), stride=(1, 1), padding=(2, 2))
    (7): ReLU()
    (8): MaxPool2d(kernel_size=2, stride=2, padding=0, dilation=1, ceil_mode=False)
    (9): Flatten(start_dim=1, end_dim=-1)
    (10): Linear(in_features=3200, out_features=512, bias=True)
    (11): ReLU()
    (12): Linear(in_features=512, out_features=256, bias=True)
    (13): ReLU()
    (14): Linear(in_features=256, out_features=10, bias=True)
  )
)
INFO:__main__:CHILD MODEL LOSS: 0.5817536294460297 with train time 69.1115894317627
INFO:__main__:CHILD MODEL ACCURACY: 0.7859
INFO:__main__:Policy gradient: -0.02370614930987358
INFO:__main__:
INFO:__main__:------ ITERATION 388 ------
INFO:__main__:Layers generated: [('256', '3', '2'), ('64', '3', '2'), ('256', '3', '0')]
INFO:__main__:ChildCNNModel(
  (model): Sequential(
    (0): Conv2d(3, 256, kernel_size=(3, 3), stride=(1, 1), padding=(2, 2))
    (1): ReLU()
    (2): MaxPool2d(kernel_size=2, stride=2, padding=0, dilation=1, ceil_mode=False)
    (3): Conv2d(256, 64, kernel_size=(3, 3), stride=(1, 1), padding=(2, 2))
    (4): ReLU()
    (5): MaxPool2d(kernel_size=2, stride=2, padding=0, dilation=1, ceil_mode=False)
    (6): Conv2d(64, 256, kernel_size=(3, 3), stride=(1, 1))
    (7): ReLU()
    (8): MaxPool2d(kernel_size=2, stride=2, padding=0, dilation=1, ceil_mode=False)
    (9): Flatten(start_dim=1, end_dim=-1)
    (10): Linear(in_features=2304, out_features=512, bias=True)
    (11): ReLU()
    (12): Linear(in_features=512, out_features=256, bias=True)
    (13): ReLU()
    (14): Linear(in_features=256, out_features=10, bias=True)
  )
)
INFO:__main__:CHILD MODEL LOSS: 0.5858630671501159 with train time 70.32019782066345
INFO:__main__:CHILD MODEL ACCURACY: 0.7977
INFO:__main__:Policy gradient: 0.06571171432733536
INFO:__main__:
INFO:__main__:------ ITERATION 389 ------
INFO:__main__:Layers generated: [('128', '3', '2'), ('64', '3', '2'), ('128', '3', '0')]
INFO:__main__:ChildCNNModel(
  (model): Sequential(
    (0): Conv2d(3, 128, kernel_size=(3, 3), stride=(1, 1), padding=(2, 2))
    (1): ReLU()
    (2): MaxPool2d(kernel_size=2, stride=2, padding=0, dilation=1, ceil_mode=False)
    (3): Conv2d(128, 64, kernel_size=(3, 3), stride=(1, 1), padding=(2, 2))
    (4): ReLU()
    (5): MaxPool2d(kernel_size=2, stride=2, padding=0, dilation=1, ceil_mode=False)
    (6): Conv2d(64, 128, kernel_size=(3, 3), stride=(1, 1))
    (7): ReLU()
    (8): MaxPool2d(kernel_size=2, stride=2, padding=0, dilation=1, ceil_mode=False)
    (9): Flatten(start_dim=1, end_dim=-1)
    (10): Linear(in_features=1152, out_features=512, bias=True)
    (11): ReLU()
    (12): Linear(in_features=512, out_features=256, bias=True)
    (13): ReLU()
    (14): Linear(in_features=256, out_features=10, bias=True)
  )
)
INFO:__main__:CHILD MODEL LOSS: 0.6520982283353806 with train time 41.697848320007324
INFO:__main__:CHILD MODEL ACCURACY: 0.7938
INFO:__main__:Policy gradient: 0.03248531371355057
INFO:__main__:
INFO:__main__:------ ITERATION 390 ------
INFO:__main__:Layers generated: [('32', '1', '1'), ('128', '3', '2'), ('64', '3', '0')]
INFO:__main__:ChildCNNModel(
  (model): Sequential(
    (0): Conv2d(3, 32, kernel_size=(1, 1), stride=(1, 1), padding=(1, 1))
    (1): ReLU()
    (2): MaxPool2d(kernel_size=2, stride=2, padding=0, dilation=1, ceil_mode=False)
    (3): Conv2d(32, 128, kernel_size=(3, 3), stride=(1, 1), padding=(2, 2))
    (4): ReLU()
    (5): MaxPool2d(kernel_size=2, stride=2, padding=0, dilation=1, ceil_mode=False)
    (6): Conv2d(128, 64, kernel_size=(3, 3), stride=(1, 1))
    (7): ReLU()
    (8): MaxPool2d(kernel_size=2, stride=2, padding=0, dilation=1, ceil_mode=False)
    (9): Flatten(start_dim=1, end_dim=-1)
    (10): Linear(in_features=576, out_features=512, bias=True)
    (11): ReLU()
    (12): Linear(in_features=512, out_features=256, bias=True)
    (13): ReLU()
    (14): Linear(in_features=256, out_features=10, bias=True)
  )
)
INFO:__main__:CHILD MODEL LOSS: 0.89084818816185 with train time 34.55149531364441
INFO:__main__:CHILD MODEL ACCURACY: 0.7061
INFO:__main__:Policy gradient: -1.1338930130004883
INFO:__main__:
INFO:__main__:------ ITERATION 391 ------
INFO:__main__:Layers generated: [('32', '3', '1'), ('64', '3', '2'), ('32', '3', '2')]
INFO:__main__:ChildCNNModel(
  (model): Sequential(
    (0): Conv2d(3, 32, kernel_size=(3, 3), stride=(1, 1), padding=(1, 1))
    (1): ReLU()
    (2): MaxPool2d(kernel_size=2, stride=2, padding=0, dilation=1, ceil_mode=False)
    (3): Conv2d(32, 64, kernel_size=(3, 3), stride=(1, 1), padding=(2, 2))
    (4): ReLU()
    (5): MaxPool2d(kernel_size=2, stride=2, padding=0, dilation=1, ceil_mode=False)
    (6): Conv2d(64, 32, kernel_size=(3, 3), stride=(1, 1), padding=(2, 2))
    (7): ReLU()
    (8): MaxPool2d(kernel_size=2, stride=2, padding=0, dilation=1, ceil_mode=False)
    (9): Flatten(start_dim=1, end_dim=-1)
    (10): Linear(in_features=800, out_features=512, bias=True)
    (11): ReLU()
    (12): Linear(in_features=512, out_features=256, bias=True)
    (13): ReLU()
    (14): Linear(in_features=256, out_features=10, bias=True)
  )
)
INFO:__main__:CHILD MODEL LOSS: 0.7126049356460571 with train time 31.362033128738403
INFO:__main__:CHILD MODEL ACCURACY: 0.7573
INFO:__main__:Policy gradient: -0.23130036890506744
INFO:__main__:
INFO:__main__:------ ITERATION 392 ------
INFO:__main__:Layers generated: [('256', '3', '1'), ('64', '1', '1'), ('64', '5', '2')]
INFO:__main__:ChildCNNModel(
  (model): Sequential(
    (0): Conv2d(3, 256, kernel_size=(3, 3), stride=(1, 1), padding=(1, 1))
    (1): ReLU()
    (2): MaxPool2d(kernel_size=2, stride=2, padding=0, dilation=1, ceil_mode=False)
    (3): Conv2d(256, 64, kernel_size=(1, 1), stride=(1, 1), padding=(1, 1))
    (4): ReLU()
    (5): MaxPool2d(kernel_size=2, stride=2, padding=0, dilation=1, ceil_mode=False)
    (6): Conv2d(64, 64, kernel_size=(5, 5), stride=(1, 1), padding=(2, 2))
    (7): ReLU()
    (8): MaxPool2d(kernel_size=2, stride=2, padding=0, dilation=1, ceil_mode=False)
    (9): Flatten(start_dim=1, end_dim=-1)
    (10): Linear(in_features=1024, out_features=512, bias=True)
    (11): ReLU()
    (12): Linear(in_features=512, out_features=256, bias=True)
    (13): ReLU()
    (14): Linear(in_features=256, out_features=10, bias=True)
  )
)
INFO:__main__:CHILD MODEL LOSS: 0.6369677612781525 with train time 52.005922079086304
INFO:__main__:CHILD MODEL ACCURACY: 0.7734
INFO:__main__:Policy gradient: -0.08047648519277573
INFO:__main__:
INFO:__main__:------ ITERATION 393 ------
INFO:__main__:Layers generated: [('128', '1', '1'), ('256', '5', '1'), ('256', '3', '2')]
INFO:__main__:ChildCNNModel(
  (model): Sequential(
    (0): Conv2d(3, 128, kernel_size=(1, 1), stride=(1, 1), padding=(1, 1))
    (1): ReLU()
    (2): MaxPool2d(kernel_size=2, stride=2, padding=0, dilation=1, ceil_mode=False)
    (3): Conv2d(128, 256, kernel_size=(5, 5), stride=(1, 1), padding=(1, 1))
    (4): ReLU()
    (5): MaxPool2d(kernel_size=2, stride=2, padding=0, dilation=1, ceil_mode=False)
    (6): Conv2d(256, 256, kernel_size=(3, 3), stride=(1, 1), padding=(2, 2))
    (7): ReLU()
    (8): MaxPool2d(kernel_size=2, stride=2, padding=0, dilation=1, ceil_mode=False)
    (9): Flatten(start_dim=1, end_dim=-1)
    (10): Linear(in_features=4096, out_features=512, bias=True)
    (11): ReLU()
    (12): Linear(in_features=512, out_features=256, bias=True)
    (13): ReLU()
    (14): Linear(in_features=256, out_features=10, bias=True)
  )
)
INFO:__main__:CHILD MODEL LOSS: 0.8258407752513885 with train time 80.1042549610138
INFO:__main__:CHILD MODEL ACCURACY: 0.6885
INFO:__main__:Policy gradient: -1.1277915239334106
INFO:__main__:
INFO:__main__:------ ITERATION 394 ------
INFO:__main__:Layers generated: [('128', '5', '1'), ('128', '3', '1'), ('256', '3', '2')]
INFO:__main__:ChildCNNModel(
  (model): Sequential(
    (0): Conv2d(3, 128, kernel_size=(5, 5), stride=(1, 1), padding=(1, 1))
    (1): ReLU()
    (2): MaxPool2d(kernel_size=2, stride=2, padding=0, dilation=1, ceil_mode=False)
    (3): Conv2d(128, 128, kernel_size=(3, 3), stride=(1, 1), padding=(1, 1))
    (4): ReLU()
    (5): MaxPool2d(kernel_size=2, stride=2, padding=0, dilation=1, ceil_mode=False)
    (6): Conv2d(128, 256, kernel_size=(3, 3), stride=(1, 1), padding=(2, 2))
    (7): ReLU()
    (8): MaxPool2d(kernel_size=2, stride=2, padding=0, dilation=1, ceil_mode=False)
    (9): Flatten(start_dim=1, end_dim=-1)
    (10): Linear(in_features=4096, out_features=512, bias=True)
    (11): ReLU()
    (12): Linear(in_features=512, out_features=256, bias=True)
    (13): ReLU()
    (14): Linear(in_features=256, out_features=10, bias=True)
  )
)
INFO:__main__:CHILD MODEL LOSS: 0.5352971807718278 with train time 41.22345185279846
INFO:__main__:CHILD MODEL ACCURACY: 0.8142
INFO:__main__:Policy gradient: 0.4104304611682892
INFO:__main__:
INFO:__main__:------ ITERATION 395 ------
INFO:__main__:Layers generated: [('64', '3', '2'), ('256', '3', '2'), ('128', '3', '2')]
INFO:__main__:ChildCNNModel(
  (model): Sequential(
    (0): Conv2d(3, 64, kernel_size=(3, 3), stride=(1, 1), padding=(2, 2))
    (1): ReLU()
    (2): MaxPool2d(kernel_size=2, stride=2, padding=0, dilation=1, ceil_mode=False)
    (3): Conv2d(64, 256, kernel_size=(3, 3), stride=(1, 1), padding=(2, 2))
    (4): ReLU()
    (5): MaxPool2d(kernel_size=2, stride=2, padding=0, dilation=1, ceil_mode=False)
    (6): Conv2d(256, 128, kernel_size=(3, 3), stride=(1, 1), padding=(2, 2))
    (7): ReLU()
    (8): MaxPool2d(kernel_size=2, stride=2, padding=0, dilation=1, ceil_mode=False)
    (9): Flatten(start_dim=1, end_dim=-1)
    (10): Linear(in_features=3200, out_features=512, bias=True)
    (11): ReLU()
    (12): Linear(in_features=512, out_features=256, bias=True)
    (13): ReLU()
    (14): Linear(in_features=256, out_features=10, bias=True)
  )
)
INFO:__main__:CHILD MODEL LOSS: 0.5470972212553025 with train time 51.259865045547485
INFO:__main__:CHILD MODEL ACCURACY: 0.8087
INFO:__main__:Policy gradient: 0.21526014804840088
INFO:__main__:
INFO:__main__:------ ITERATION 396 ------
INFO:__main__:Layers generated: [('64', '3', '1'), ('32', '3', '2'), ('128', '3', '1')]
INFO:__main__:ChildCNNModel(
  (model): Sequential(
    (0): Conv2d(3, 64, kernel_size=(3, 3), stride=(1, 1), padding=(1, 1))
    (1): ReLU()
    (2): MaxPool2d(kernel_size=2, stride=2, padding=0, dilation=1, ceil_mode=False)
    (3): Conv2d(64, 32, kernel_size=(3, 3), stride=(1, 1), padding=(2, 2))
    (4): ReLU()
    (5): MaxPool2d(kernel_size=2, stride=2, padding=0, dilation=1, ceil_mode=False)
    (6): Conv2d(32, 128, kernel_size=(3, 3), stride=(1, 1), padding=(1, 1))
    (7): ReLU()
    (8): MaxPool2d(kernel_size=2, stride=2, padding=0, dilation=1, ceil_mode=False)
    (9): Flatten(start_dim=1, end_dim=-1)
    (10): Linear(in_features=2048, out_features=512, bias=True)
    (11): ReLU()
    (12): Linear(in_features=512, out_features=256, bias=True)
    (13): ReLU()
    (14): Linear(in_features=256, out_features=10, bias=True)
  )
)
INFO:__main__:CHILD MODEL LOSS: 0.6327791162729264 with train time 33.84265875816345
INFO:__main__:CHILD MODEL ACCURACY: 0.7774
INFO:__main__:Policy gradient: -0.002970188856124878
INFO:__main__:
INFO:__main__:------ ITERATION 397 ------
INFO:__main__:Layers generated: [('256', '3', '2'), ('32', '3', '1'), ('128', '3', '2')]
INFO:__main__:ChildCNNModel(
  (model): Sequential(
    (0): Conv2d(3, 256, kernel_size=(3, 3), stride=(1, 1), padding=(2, 2))
    (1): ReLU()
    (2): MaxPool2d(kernel_size=2, stride=2, padding=0, dilation=1, ceil_mode=False)
    (3): Conv2d(256, 32, kernel_size=(3, 3), stride=(1, 1), padding=(1, 1))
    (4): ReLU()
    (5): MaxPool2d(kernel_size=2, stride=2, padding=0, dilation=1, ceil_mode=False)
    (6): Conv2d(32, 128, kernel_size=(3, 3), stride=(1, 1), padding=(2, 2))
    (7): ReLU()
    (8): MaxPool2d(kernel_size=2, stride=2, padding=0, dilation=1, ceil_mode=False)
    (9): Flatten(start_dim=1, end_dim=-1)
    (10): Linear(in_features=3200, out_features=512, bias=True)
    (11): ReLU()
    (12): Linear(in_features=512, out_features=256, bias=True)
    (13): ReLU()
    (14): Linear(in_features=256, out_features=10, bias=True)
  )
)
INFO:__main__:CHILD MODEL LOSS: 0.599340552330017 with train time 63.05412840843201
INFO:__main__:CHILD MODEL ACCURACY: 0.7907
INFO:__main__:Policy gradient: 0.09097792953252792
INFO:__main__:
INFO:__main__:------ ITERATION 398 ------
INFO:__main__:Layers generated: [('256', '3', '2'), ('256', '3', '2'), ('128', '3', '1')]
INFO:__main__:ChildCNNModel(
  (model): Sequential(
    (0): Conv2d(3, 256, kernel_size=(3, 3), stride=(1, 1), padding=(2, 2))
    (1): ReLU()
    (2): MaxPool2d(kernel_size=2, stride=2, padding=0, dilation=1, ceil_mode=False)
    (3): Conv2d(256, 256, kernel_size=(3, 3), stride=(1, 1), padding=(2, 2))
    (4): ReLU()
    (5): MaxPool2d(kernel_size=2, stride=2, padding=0, dilation=1, ceil_mode=False)
    (6): Conv2d(256, 128, kernel_size=(3, 3), stride=(1, 1), padding=(1, 1))
    (7): ReLU()
    (8): MaxPool2d(kernel_size=2, stride=2, padding=0, dilation=1, ceil_mode=False)
    (9): Flatten(start_dim=1, end_dim=-1)
    (10): Linear(in_features=2048, out_features=512, bias=True)
    (11): ReLU()
    (12): Linear(in_features=512, out_features=256, bias=True)
    (13): ReLU()
    (14): Linear(in_features=256, out_features=10, bias=True)
  )
)
INFO:__main__:CHILD MODEL LOSS: 0.5593516904115677 with train time 102.04692649841309
INFO:__main__:CHILD MODEL ACCURACY: 0.8135
INFO:__main__:Policy gradient: 0.18183647096157074
INFO:__main__:
INFO:__main__:------ ITERATION 399 ------
INFO:__main__:Layers generated: [('128', '3', '2'), ('128', '3', '2'), ('256', '3', '2')]
INFO:__main__:ChildCNNModel(
  (model): Sequential(
    (0): Conv2d(3, 128, kernel_size=(3, 3), stride=(1, 1), padding=(2, 2))
    (1): ReLU()
    (2): MaxPool2d(kernel_size=2, stride=2, padding=0, dilation=1, ceil_mode=False)
    (3): Conv2d(128, 128, kernel_size=(3, 3), stride=(1, 1), padding=(2, 2))
    (4): ReLU()
    (5): MaxPool2d(kernel_size=2, stride=2, padding=0, dilation=1, ceil_mode=False)
    (6): Conv2d(128, 256, kernel_size=(3, 3), stride=(1, 1), padding=(2, 2))
    (7): ReLU()
    (8): MaxPool2d(kernel_size=2, stride=2, padding=0, dilation=1, ceil_mode=False)
    (9): Flatten(start_dim=1, end_dim=-1)
    (10): Linear(in_features=6400, out_features=512, bias=True)
    (11): ReLU()
    (12): Linear(in_features=512, out_features=256, bias=True)
    (13): ReLU()
    (14): Linear(in_features=256, out_features=10, bias=True)
  )
)
INFO:__main__:CHILD MODEL LOSS: 0.5383337514400482 with train time 58.3069863319397
INFO:__main__:CHILD MODEL ACCURACY: 0.8033
INFO:__main__:Policy gradient: 0.12417509406805038
INFO:__main__:
INFO:__main__:------ ITERATION 400 ------
INFO:__main__:Layers generated: [('128', '3', '2'), ('128', '3', '0'), ('256', '3', '2')]
INFO:__main__:ChildCNNModel(
  (model): Sequential(
    (0): Conv2d(3, 128, kernel_size=(3, 3), stride=(1, 1), padding=(2, 2))
    (1): ReLU()
    (2): MaxPool2d(kernel_size=2, stride=2, padding=0, dilation=1, ceil_mode=False)
    (3): Conv2d(128, 128, kernel_size=(3, 3), stride=(1, 1))
    (4): ReLU()
    (5): MaxPool2d(kernel_size=2, stride=2, padding=0, dilation=1, ceil_mode=False)
    (6): Conv2d(128, 256, kernel_size=(3, 3), stride=(1, 1), padding=(2, 2))
    (7): ReLU()
    (8): MaxPool2d(kernel_size=2, stride=2, padding=0, dilation=1, ceil_mode=False)
    (9): Flatten(start_dim=1, end_dim=-1)
    (10): Linear(in_features=4096, out_features=512, bias=True)
    (11): ReLU()
    (12): Linear(in_features=512, out_features=256, bias=True)
    (13): ReLU()
    (14): Linear(in_features=256, out_features=10, bias=True)
  )
)
INFO:__main__:CHILD MODEL LOSS: 0.5255007178783416 with train time 45.09478306770325
INFO:__main__:CHILD MODEL ACCURACY: 0.8052
INFO:__main__:Policy gradient: 0.15793386101722717
INFO:__main__:
INFO:__main__:------ ITERATION 401 ------
INFO:__main__:Layers generated: [('32', '3', '1'), ('256', '3', '1'), ('256', '5', '1')]
INFO:__main__:ChildCNNModel(
  (model): Sequential(
    (0): Conv2d(3, 32, kernel_size=(3, 3), stride=(1, 1), padding=(1, 1))
    (1): ReLU()
    (2): MaxPool2d(kernel_size=2, stride=2, padding=0, dilation=1, ceil_mode=False)
    (3): Conv2d(32, 256, kernel_size=(3, 3), stride=(1, 1), padding=(1, 1))
    (4): ReLU()
    (5): MaxPool2d(kernel_size=2, stride=2, padding=0, dilation=1, ceil_mode=False)
    (6): Conv2d(256, 256, kernel_size=(5, 5), stride=(1, 1), padding=(1, 1))
    (7): ReLU()
    (8): MaxPool2d(kernel_size=2, stride=2, padding=0, dilation=1, ceil_mode=False)
    (9): Flatten(start_dim=1, end_dim=-1)
    (10): Linear(in_features=2304, out_features=512, bias=True)
    (11): ReLU()
    (12): Linear(in_features=512, out_features=256, bias=True)
    (13): ReLU()
    (14): Linear(in_features=256, out_features=10, bias=True)
  )
)
INFO:__main__:CHILD MODEL LOSS: 0.49807903373241424 with train time 38.76596808433533
INFO:__main__:CHILD MODEL ACCURACY: 0.8017
INFO:__main__:Policy gradient: 0.1379958987236023
INFO:__main__:
INFO:__main__:------ ITERATION 402 ------
INFO:__main__:Layers generated: [('32', '3', '2'), ('256', '3', '2'), ('32', '1', '2')]
INFO:__main__:ChildCNNModel(
  (model): Sequential(
    (0): Conv2d(3, 32, kernel_size=(3, 3), stride=(1, 1), padding=(2, 2))
    (1): ReLU()
    (2): MaxPool2d(kernel_size=2, stride=2, padding=0, dilation=1, ceil_mode=False)
    (3): Conv2d(32, 256, kernel_size=(3, 3), stride=(1, 1), padding=(2, 2))
    (4): ReLU()
    (5): MaxPool2d(kernel_size=2, stride=2, padding=0, dilation=1, ceil_mode=False)
    (6): Conv2d(256, 32, kernel_size=(1, 1), stride=(1, 1), padding=(2, 2))
    (7): ReLU()
    (8): MaxPool2d(kernel_size=2, stride=2, padding=0, dilation=1, ceil_mode=False)
    (9): Flatten(start_dim=1, end_dim=-1)
    (10): Linear(in_features=1152, out_features=512, bias=True)
    (11): ReLU()
    (12): Linear(in_features=512, out_features=256, bias=True)
    (13): ReLU()
    (14): Linear(in_features=256, out_features=10, bias=True)
  )
)
INFO:__main__:CHILD MODEL LOSS: 0.727636598110199 with train time 37.504807233810425
INFO:__main__:CHILD MODEL ACCURACY: 0.7512
INFO:__main__:Policy gradient: -0.3952963054180145
INFO:__main__:
INFO:__main__:------ ITERATION 403 ------
INFO:__main__:Layers generated: [('128', '3', '1'), ('128', '3', '2'), ('256', '3', '2')]
INFO:__main__:ChildCNNModel(
  (model): Sequential(
    (0): Conv2d(3, 128, kernel_size=(3, 3), stride=(1, 1), padding=(1, 1))
    (1): ReLU()
    (2): MaxPool2d(kernel_size=2, stride=2, padding=0, dilation=1, ceil_mode=False)
    (3): Conv2d(128, 128, kernel_size=(3, 3), stride=(1, 1), padding=(2, 2))
    (4): ReLU()
    (5): MaxPool2d(kernel_size=2, stride=2, padding=0, dilation=1, ceil_mode=False)
    (6): Conv2d(128, 256, kernel_size=(3, 3), stride=(1, 1), padding=(2, 2))
    (7): ReLU()
    (8): MaxPool2d(kernel_size=2, stride=2, padding=0, dilation=1, ceil_mode=False)
    (9): Flatten(start_dim=1, end_dim=-1)
    (10): Linear(in_features=6400, out_features=512, bias=True)
    (11): ReLU()
    (12): Linear(in_features=512, out_features=256, bias=True)
    (13): ReLU()
    (14): Linear(in_features=256, out_features=10, bias=True)
  )
)
INFO:__main__:CHILD MODEL LOSS: 0.5106833564043045 with train time 54.23261213302612
INFO:__main__:CHILD MODEL ACCURACY: 0.8046
INFO:__main__:Policy gradient: 0.13274098932743073
INFO:__main__:
INFO:__main__:------ ITERATION 404 ------
INFO:__main__:Layers generated: [('32', '3', '1'), ('256', '3', '1'), ('64', '3', '1')]
INFO:__main__:ChildCNNModel(
  (model): Sequential(
    (0): Conv2d(3, 32, kernel_size=(3, 3), stride=(1, 1), padding=(1, 1))
    (1): ReLU()
    (2): MaxPool2d(kernel_size=2, stride=2, padding=0, dilation=1, ceil_mode=False)
    (3): Conv2d(32, 256, kernel_size=(3, 3), stride=(1, 1), padding=(1, 1))
    (4): ReLU()
    (5): MaxPool2d(kernel_size=2, stride=2, padding=0, dilation=1, ceil_mode=False)
    (6): Conv2d(256, 64, kernel_size=(3, 3), stride=(1, 1), padding=(1, 1))
    (7): ReLU()
    (8): MaxPool2d(kernel_size=2, stride=2, padding=0, dilation=1, ceil_mode=False)
    (9): Flatten(start_dim=1, end_dim=-1)
    (10): Linear(in_features=1024, out_features=512, bias=True)
    (11): ReLU()
    (12): Linear(in_features=512, out_features=256, bias=True)
    (13): ReLU()
    (14): Linear(in_features=256, out_features=10, bias=True)
  )
)
INFO:__main__:CHILD MODEL LOSS: 0.6013439750671387 with train time 35.35851526260376
INFO:__main__:CHILD MODEL ACCURACY: 0.7894
INFO:__main__:Policy gradient: 0.023558054119348526
INFO:__main__:
INFO:__main__:------ ITERATION 405 ------
INFO:__main__:Layers generated: [('256', '3', '1'), ('64', '3', '2'), ('64', '3', '1')]
INFO:__main__:ChildCNNModel(
  (model): Sequential(
    (0): Conv2d(3, 256, kernel_size=(3, 3), stride=(1, 1), padding=(1, 1))
    (1): ReLU()
    (2): MaxPool2d(kernel_size=2, stride=2, padding=0, dilation=1, ceil_mode=False)
    (3): Conv2d(256, 64, kernel_size=(3, 3), stride=(1, 1), padding=(2, 2))
    (4): ReLU()
    (5): MaxPool2d(kernel_size=2, stride=2, padding=0, dilation=1, ceil_mode=False)
    (6): Conv2d(64, 64, kernel_size=(3, 3), stride=(1, 1), padding=(1, 1))
    (7): ReLU()
    (8): MaxPool2d(kernel_size=2, stride=2, padding=0, dilation=1, ceil_mode=False)
    (9): Flatten(start_dim=1, end_dim=-1)
    (10): Linear(in_features=1024, out_features=512, bias=True)
    (11): ReLU()
    (12): Linear(in_features=512, out_features=256, bias=True)
    (13): ReLU()
    (14): Linear(in_features=256, out_features=10, bias=True)
  )
)
INFO:__main__:CHILD MODEL LOSS: 0.6280905705690384 with train time 59.67276644706726
INFO:__main__:CHILD MODEL ACCURACY: 0.7824
INFO:__main__:Policy gradient: -0.034076154232025146
INFO:__main__:
INFO:__main__:------ ITERATION 406 ------
INFO:__main__:Layers generated: [('128', '3', '2'), ('128', '3', '2'), ('256', '3', '2')]
INFO:__main__:ChildCNNModel(
  (model): Sequential(
    (0): Conv2d(3, 128, kernel_size=(3, 3), stride=(1, 1), padding=(2, 2))
    (1): ReLU()
    (2): MaxPool2d(kernel_size=2, stride=2, padding=0, dilation=1, ceil_mode=False)
    (3): Conv2d(128, 128, kernel_size=(3, 3), stride=(1, 1), padding=(2, 2))
    (4): ReLU()
    (5): MaxPool2d(kernel_size=2, stride=2, padding=0, dilation=1, ceil_mode=False)
    (6): Conv2d(128, 256, kernel_size=(3, 3), stride=(1, 1), padding=(2, 2))
    (7): ReLU()
    (8): MaxPool2d(kernel_size=2, stride=2, padding=0, dilation=1, ceil_mode=False)
    (9): Flatten(start_dim=1, end_dim=-1)
    (10): Linear(in_features=6400, out_features=512, bias=True)
    (11): ReLU()
    (12): Linear(in_features=512, out_features=256, bias=True)
    (13): ReLU()
    (14): Linear(in_features=256, out_features=10, bias=True)
  )
)
INFO:__main__:CHILD MODEL LOSS: 0.5218272125720977 with train time 58.346129417419434
INFO:__main__:CHILD MODEL ACCURACY: 0.8061
INFO:__main__:Policy gradient: 0.11442916095256805
INFO:__main__:
INFO:__main__:------ ITERATION 407 ------
INFO:__main__:Layers generated: [('128', '3', '2'), ('256', '3', '0'), ('128', '3', '2')]
INFO:__main__:ChildCNNModel(
  (model): Sequential(
    (0): Conv2d(3, 128, kernel_size=(3, 3), stride=(1, 1), padding=(2, 2))
    (1): ReLU()
    (2): MaxPool2d(kernel_size=2, stride=2, padding=0, dilation=1, ceil_mode=False)
    (3): Conv2d(128, 256, kernel_size=(3, 3), stride=(1, 1))
    (4): ReLU()
    (5): MaxPool2d(kernel_size=2, stride=2, padding=0, dilation=1, ceil_mode=False)
    (6): Conv2d(256, 128, kernel_size=(3, 3), stride=(1, 1), padding=(2, 2))
    (7): ReLU()
    (8): MaxPool2d(kernel_size=2, stride=2, padding=0, dilation=1, ceil_mode=False)
    (9): Flatten(start_dim=1, end_dim=-1)
    (10): Linear(in_features=2048, out_features=512, bias=True)
    (11): ReLU()
    (12): Linear(in_features=512, out_features=256, bias=True)
    (13): ReLU()
    (14): Linear(in_features=256, out_features=10, bias=True)
  )
)
INFO:__main__:CHILD MODEL LOSS: 0.5373099825382233 with train time 52.773165464401245
INFO:__main__:CHILD MODEL ACCURACY: 0.8089
INFO:__main__:Policy gradient: 0.15370409190654755
INFO:__main__:
INFO:__main__:------ ITERATION 408 ------
INFO:__main__:Layers generated: [('32', '3', '2'), ('256', '3', '2'), ('256', '3', '2')]
INFO:__main__:ChildCNNModel(
  (model): Sequential(
    (0): Conv2d(3, 32, kernel_size=(3, 3), stride=(1, 1), padding=(2, 2))
    (1): ReLU()
    (2): MaxPool2d(kernel_size=2, stride=2, padding=0, dilation=1, ceil_mode=False)
    (3): Conv2d(32, 256, kernel_size=(3, 3), stride=(1, 1), padding=(2, 2))
    (4): ReLU()
    (5): MaxPool2d(kernel_size=2, stride=2, padding=0, dilation=1, ceil_mode=False)
    (6): Conv2d(256, 256, kernel_size=(3, 3), stride=(1, 1), padding=(2, 2))
    (7): ReLU()
    (8): MaxPool2d(kernel_size=2, stride=2, padding=0, dilation=1, ceil_mode=False)
    (9): Flatten(start_dim=1, end_dim=-1)
    (10): Linear(in_features=6400, out_features=512, bias=True)
    (11): ReLU()
    (12): Linear(in_features=512, out_features=256, bias=True)
    (13): ReLU()
    (14): Linear(in_features=256, out_features=10, bias=True)
  )
)
INFO:__main__:CHILD MODEL LOSS: 0.515274045586586 with train time 46.561317682266235
INFO:__main__:CHILD MODEL ACCURACY: 0.8133
INFO:__main__:Policy gradient: 0.13734212517738342
INFO:__main__:
INFO:__main__:------ ITERATION 409 ------
INFO:__main__:Layers generated: [('64', '3', '2'), ('64', '3', '1'), ('32', '3', '2')]
INFO:__main__:ChildCNNModel(
  (model): Sequential(
    (0): Conv2d(3, 64, kernel_size=(3, 3), stride=(1, 1), padding=(2, 2))
    (1): ReLU()
    (2): MaxPool2d(kernel_size=2, stride=2, padding=0, dilation=1, ceil_mode=False)
    (3): Conv2d(64, 64, kernel_size=(3, 3), stride=(1, 1), padding=(1, 1))
    (4): ReLU()
    (5): MaxPool2d(kernel_size=2, stride=2, padding=0, dilation=1, ceil_mode=False)
    (6): Conv2d(64, 32, kernel_size=(3, 3), stride=(1, 1), padding=(2, 2))
    (7): ReLU()
    (8): MaxPool2d(kernel_size=2, stride=2, padding=0, dilation=1, ceil_mode=False)
    (9): Flatten(start_dim=1, end_dim=-1)
    (10): Linear(in_features=800, out_features=512, bias=True)
    (11): ReLU()
    (12): Linear(in_features=512, out_features=256, bias=True)
    (13): ReLU()
    (14): Linear(in_features=256, out_features=10, bias=True)
  )
)
INFO:__main__:CHILD MODEL LOSS: 0.6685381358861924 with train time 34.886634349823
INFO:__main__:CHILD MODEL ACCURACY: 0.7777
INFO:__main__:Policy gradient: -0.1288701295852661
INFO:__main__:
INFO:__main__:------ ITERATION 410 ------
INFO:__main__:Layers generated: [('64', '3', '1'), ('64', '3', '1'), ('256', '3', '2')]
INFO:__main__:ChildCNNModel(
  (model): Sequential(
    (0): Conv2d(3, 64, kernel_size=(3, 3), stride=(1, 1), padding=(1, 1))
    (1): ReLU()
    (2): MaxPool2d(kernel_size=2, stride=2, padding=0, dilation=1, ceil_mode=False)
    (3): Conv2d(64, 64, kernel_size=(3, 3), stride=(1, 1), padding=(1, 1))
    (4): ReLU()
    (5): MaxPool2d(kernel_size=2, stride=2, padding=0, dilation=1, ceil_mode=False)
    (6): Conv2d(64, 256, kernel_size=(3, 3), stride=(1, 1), padding=(2, 2))
    (7): ReLU()
    (8): MaxPool2d(kernel_size=2, stride=2, padding=0, dilation=1, ceil_mode=False)
    (9): Flatten(start_dim=1, end_dim=-1)
    (10): Linear(in_features=6400, out_features=512, bias=True)
    (11): ReLU()
    (12): Linear(in_features=512, out_features=256, bias=True)
    (13): ReLU()
    (14): Linear(in_features=256, out_features=10, bias=True)
  )
)
INFO:__main__:CHILD MODEL LOSS: 0.5273584280014038 with train time 35.81952619552612
INFO:__main__:CHILD MODEL ACCURACY: 0.8104
INFO:__main__:Policy gradient: 0.1515135020017624
INFO:__main__:
INFO:__main__:------ ITERATION 411 ------
INFO:__main__:Layers generated: [('32', '3', '2'), ('128', '3', '2'), ('16', '3', '2')]
INFO:__main__:ChildCNNModel(
  (model): Sequential(
    (0): Conv2d(3, 32, kernel_size=(3, 3), stride=(1, 1), padding=(2, 2))
    (1): ReLU()
    (2): MaxPool2d(kernel_size=2, stride=2, padding=0, dilation=1, ceil_mode=False)
    (3): Conv2d(32, 128, kernel_size=(3, 3), stride=(1, 1), padding=(2, 2))
    (4): ReLU()
    (5): MaxPool2d(kernel_size=2, stride=2, padding=0, dilation=1, ceil_mode=False)
    (6): Conv2d(128, 16, kernel_size=(3, 3), stride=(1, 1), padding=(2, 2))
    (7): ReLU()
    (8): MaxPool2d(kernel_size=2, stride=2, padding=0, dilation=1, ceil_mode=False)
    (9): Flatten(start_dim=1, end_dim=-1)
    (10): Linear(in_features=400, out_features=512, bias=True)
    (11): ReLU()
    (12): Linear(in_features=512, out_features=256, bias=True)
    (13): ReLU()
    (14): Linear(in_features=256, out_features=10, bias=True)
  )
)
INFO:__main__:CHILD MODEL LOSS: 0.776542432308197 with train time 34.16742515563965
INFO:__main__:CHILD MODEL ACCURACY: 0.7369
INFO:__main__:Policy gradient: -0.4960058331489563
INFO:__main__:
INFO:__main__:------ ITERATION 412 ------
INFO:__main__:Layers generated: [('256', '3', '0'), ('128', '3', '1'), ('64', '3', '2')]
INFO:__main__:ChildCNNModel(
  (model): Sequential(
    (0): Conv2d(3, 256, kernel_size=(3, 3), stride=(1, 1))
    (1): ReLU()
    (2): MaxPool2d(kernel_size=2, stride=2, padding=0, dilation=1, ceil_mode=False)
    (3): Conv2d(256, 128, kernel_size=(3, 3), stride=(1, 1), padding=(1, 1))
    (4): ReLU()
    (5): MaxPool2d(kernel_size=2, stride=2, padding=0, dilation=1, ceil_mode=False)
    (6): Conv2d(128, 64, kernel_size=(3, 3), stride=(1, 1), padding=(2, 2))
    (7): ReLU()
    (8): MaxPool2d(kernel_size=2, stride=2, padding=0, dilation=1, ceil_mode=False)
    (9): Flatten(start_dim=1, end_dim=-1)
    (10): Linear(in_features=1024, out_features=512, bias=True)
    (11): ReLU()
    (12): Linear(in_features=512, out_features=256, bias=True)
    (13): ReLU()
    (14): Linear(in_features=256, out_features=10, bias=True)
  )
)
INFO:__main__:CHILD MODEL LOSS: 0.6037054431438446 with train time 57.92890238761902
INFO:__main__:CHILD MODEL ACCURACY: 0.7997
INFO:__main__:Policy gradient: 0.10505183786153793
INFO:__main__:
INFO:__main__:------ ITERATION 413 ------
INFO:__main__:Layers generated: [('128', '3', '2'), ('128', '3', '1'), ('256', '3', '2')]
INFO:__main__:ChildCNNModel(
  (model): Sequential(
    (0): Conv2d(3, 128, kernel_size=(3, 3), stride=(1, 1), padding=(2, 2))
    (1): ReLU()
    (2): MaxPool2d(kernel_size=2, stride=2, padding=0, dilation=1, ceil_mode=False)
    (3): Conv2d(128, 128, kernel_size=(3, 3), stride=(1, 1), padding=(1, 1))
    (4): ReLU()
    (5): MaxPool2d(kernel_size=2, stride=2, padding=0, dilation=1, ceil_mode=False)
    (6): Conv2d(128, 256, kernel_size=(3, 3), stride=(1, 1), padding=(2, 2))
    (7): ReLU()
    (8): MaxPool2d(kernel_size=2, stride=2, padding=0, dilation=1, ceil_mode=False)
    (9): Flatten(start_dim=1, end_dim=-1)
    (10): Linear(in_features=6400, out_features=512, bias=True)
    (11): ReLU()
    (12): Linear(in_features=512, out_features=256, bias=True)
    (13): ReLU()
    (14): Linear(in_features=256, out_features=10, bias=True)
  )
)
INFO:__main__:CHILD MODEL LOSS: 0.5057571247816086 with train time 50.091763496398926
INFO:__main__:CHILD MODEL ACCURACY: 0.8161
INFO:__main__:Policy gradient: 0.1577267199754715
INFO:__main__:
INFO:__main__:------ ITERATION 414 ------
INFO:__main__:Layers generated: [('256', '3', '1'), ('128', '3', '2'), ('128', '1', '1')]
INFO:__main__:ChildCNNModel(
  (model): Sequential(
    (0): Conv2d(3, 256, kernel_size=(3, 3), stride=(1, 1), padding=(1, 1))
    (1): ReLU()
    (2): MaxPool2d(kernel_size=2, stride=2, padding=0, dilation=1, ceil_mode=False)
    (3): Conv2d(256, 128, kernel_size=(3, 3), stride=(1, 1), padding=(2, 2))
    (4): ReLU()
    (5): MaxPool2d(kernel_size=2, stride=2, padding=0, dilation=1, ceil_mode=False)
    (6): Conv2d(128, 128, kernel_size=(1, 1), stride=(1, 1), padding=(1, 1))
    (7): ReLU()
    (8): MaxPool2d(kernel_size=2, stride=2, padding=0, dilation=1, ceil_mode=False)
    (9): Flatten(start_dim=1, end_dim=-1)
    (10): Linear(in_features=3200, out_features=512, bias=True)
    (11): ReLU()
    (12): Linear(in_features=512, out_features=256, bias=True)
    (13): ReLU()
    (14): Linear(in_features=256, out_features=10, bias=True)
  )
)
INFO:__main__:CHILD MODEL LOSS: 0.6293297392129898 with train time 70.49336981773376
INFO:__main__:CHILD MODEL ACCURACY: 0.7798
INFO:__main__:Policy gradient: -0.11309477686882019
INFO:__main__:
INFO:__main__:------ ITERATION 415 ------
INFO:__main__:Layers generated: [('256', '3', '1'), ('256', '3', '2'), ('128', '3', '2')]
INFO:__main__:ChildCNNModel(
  (model): Sequential(
    (0): Conv2d(3, 256, kernel_size=(3, 3), stride=(1, 1), padding=(1, 1))
    (1): ReLU()
    (2): MaxPool2d(kernel_size=2, stride=2, padding=0, dilation=1, ceil_mode=False)
    (3): Conv2d(256, 256, kernel_size=(3, 3), stride=(1, 1), padding=(2, 2))
    (4): ReLU()
    (5): MaxPool2d(kernel_size=2, stride=2, padding=0, dilation=1, ceil_mode=False)
    (6): Conv2d(256, 128, kernel_size=(3, 3), stride=(1, 1), padding=(2, 2))
    (7): ReLU()
    (8): MaxPool2d(kernel_size=2, stride=2, padding=0, dilation=1, ceil_mode=False)
    (9): Flatten(start_dim=1, end_dim=-1)
    (10): Linear(in_features=3200, out_features=512, bias=True)
    (11): ReLU()
    (12): Linear(in_features=512, out_features=256, bias=True)
    (13): ReLU()
    (14): Linear(in_features=256, out_features=10, bias=True)
  )
)
INFO:__main__:CHILD MODEL LOSS: 0.559652157664299 with train time 95.06877183914185
INFO:__main__:CHILD MODEL ACCURACY: 0.7958
INFO:__main__:Policy gradient: 0.033286236226558685
INFO:__main__:
INFO:__main__:------ ITERATION 416 ------
INFO:__main__:Layers generated: [('256', '3', '2'), ('256', '3', '2'), ('32', '3', '2')]
INFO:__main__:ChildCNNModel(
  (model): Sequential(
    (0): Conv2d(3, 256, kernel_size=(3, 3), stride=(1, 1), padding=(2, 2))
    (1): ReLU()
    (2): MaxPool2d(kernel_size=2, stride=2, padding=0, dilation=1, ceil_mode=False)
    (3): Conv2d(256, 256, kernel_size=(3, 3), stride=(1, 1), padding=(2, 2))
    (4): ReLU()
    (5): MaxPool2d(kernel_size=2, stride=2, padding=0, dilation=1, ceil_mode=False)
    (6): Conv2d(256, 32, kernel_size=(3, 3), stride=(1, 1), padding=(2, 2))
    (7): ReLU()
    (8): MaxPool2d(kernel_size=2, stride=2, padding=0, dilation=1, ceil_mode=False)
    (9): Flatten(start_dim=1, end_dim=-1)
    (10): Linear(in_features=800, out_features=512, bias=True)
    (11): ReLU()
    (12): Linear(in_features=512, out_features=256, bias=True)
    (13): ReLU()
    (14): Linear(in_features=256, out_features=10, bias=True)
  )
)
INFO:__main__:CHILD MODEL LOSS: 0.6656394100189209 with train time 99.46785044670105
INFO:__main__:CHILD MODEL ACCURACY: 0.7755
INFO:__main__:Policy gradient: -0.09887433797121048
INFO:__main__:
INFO:__main__:------ ITERATION 417 ------
INFO:__main__:Layers generated: [('128', '3', '2'), ('128', '3', '1'), ('64', '3', '1')]
INFO:__main__:ChildCNNModel(
  (model): Sequential(
    (0): Conv2d(3, 128, kernel_size=(3, 3), stride=(1, 1), padding=(2, 2))
    (1): ReLU()
    (2): MaxPool2d(kernel_size=2, stride=2, padding=0, dilation=1, ceil_mode=False)
    (3): Conv2d(128, 128, kernel_size=(3, 3), stride=(1, 1), padding=(1, 1))
    (4): ReLU()
    (5): MaxPool2d(kernel_size=2, stride=2, padding=0, dilation=1, ceil_mode=False)
    (6): Conv2d(128, 64, kernel_size=(3, 3), stride=(1, 1), padding=(1, 1))
    (7): ReLU()
    (8): MaxPool2d(kernel_size=2, stride=2, padding=0, dilation=1, ceil_mode=False)
    (9): Flatten(start_dim=1, end_dim=-1)
    (10): Linear(in_features=1024, out_features=512, bias=True)
    (11): ReLU()
    (12): Linear(in_features=512, out_features=256, bias=True)
    (13): ReLU()
    (14): Linear(in_features=256, out_features=10, bias=True)
  )
)
INFO:__main__:CHILD MODEL LOSS: 0.5974533497095108 with train time 43.354806661605835
INFO:__main__:CHILD MODEL ACCURACY: 0.8036
INFO:__main__:Policy gradient: 0.09937825798988342
INFO:__main__:
INFO:__main__:------ ITERATION 418 ------
INFO:__main__:Layers generated: [('16', '3', '2'), ('256', '3', '1'), ('64', '3', '2')]
INFO:__main__:ChildCNNModel(
  (model): Sequential(
    (0): Conv2d(3, 16, kernel_size=(3, 3), stride=(1, 1), padding=(2, 2))
    (1): ReLU()
    (2): MaxPool2d(kernel_size=2, stride=2, padding=0, dilation=1, ceil_mode=False)
    (3): Conv2d(16, 256, kernel_size=(3, 3), stride=(1, 1), padding=(1, 1))
    (4): ReLU()
    (5): MaxPool2d(kernel_size=2, stride=2, padding=0, dilation=1, ceil_mode=False)
    (6): Conv2d(256, 64, kernel_size=(3, 3), stride=(1, 1), padding=(2, 2))
    (7): ReLU()
    (8): MaxPool2d(kernel_size=2, stride=2, padding=0, dilation=1, ceil_mode=False)
    (9): Flatten(start_dim=1, end_dim=-1)
    (10): Linear(in_features=1600, out_features=512, bias=True)
    (11): ReLU()
    (12): Linear(in_features=512, out_features=256, bias=True)
    (13): ReLU()
    (14): Linear(in_features=256, out_features=10, bias=True)
  )
)
INFO:__main__:CHILD MODEL LOSS: 0.6127978454828262 with train time 35.12115168571472
INFO:__main__:CHILD MODEL ACCURACY: 0.7908
INFO:__main__:Policy gradient: 0.0006784399156458676
INFO:__main__:
INFO:__main__:------ ITERATION 419 ------
INFO:__main__:Layers generated: [('256', '3', '2'), ('128', '3', '2'), ('256', '3', '1')]
INFO:__main__:ChildCNNModel(
  (model): Sequential(
    (0): Conv2d(3, 256, kernel_size=(3, 3), stride=(1, 1), padding=(2, 2))
    (1): ReLU()
    (2): MaxPool2d(kernel_size=2, stride=2, padding=0, dilation=1, ceil_mode=False)
    (3): Conv2d(256, 128, kernel_size=(3, 3), stride=(1, 1), padding=(2, 2))
    (4): ReLU()
    (5): MaxPool2d(kernel_size=2, stride=2, padding=0, dilation=1, ceil_mode=False)
    (6): Conv2d(128, 256, kernel_size=(3, 3), stride=(1, 1), padding=(1, 1))
    (7): ReLU()
    (8): MaxPool2d(kernel_size=2, stride=2, padding=0, dilation=1, ceil_mode=False)
    (9): Flatten(start_dim=1, end_dim=-1)
    (10): Linear(in_features=4096, out_features=512, bias=True)
    (11): ReLU()
    (12): Linear(in_features=512, out_features=256, bias=True)
    (13): ReLU()
    (14): Linear(in_features=256, out_features=10, bias=True)
  )
)
INFO:__main__:CHILD MODEL LOSS: 0.5691662708520889 with train time 82.76472043991089
INFO:__main__:CHILD MODEL ACCURACY: 0.8034
INFO:__main__:Policy gradient: 0.06518041342496872
INFO:__main__:
INFO:__main__:------ ITERATION 420 ------
INFO:__main__:Layers generated: [('16', '3', '1'), ('128', '3', '0'), ('64', '3', '1')]
INFO:__main__:ChildCNNModel(
  (model): Sequential(
    (0): Conv2d(3, 16, kernel_size=(3, 3), stride=(1, 1), padding=(1, 1))
    (1): ReLU()
    (2): MaxPool2d(kernel_size=2, stride=2, padding=0, dilation=1, ceil_mode=False)
    (3): Conv2d(16, 128, kernel_size=(3, 3), stride=(1, 1))
    (4): ReLU()
    (5): MaxPool2d(kernel_size=2, stride=2, padding=0, dilation=1, ceil_mode=False)
    (6): Conv2d(128, 64, kernel_size=(3, 3), stride=(1, 1), padding=(1, 1))
    (7): ReLU()
    (8): MaxPool2d(kernel_size=2, stride=2, padding=0, dilation=1, ceil_mode=False)
    (9): Flatten(start_dim=1, end_dim=-1)
    (10): Linear(in_features=576, out_features=512, bias=True)
    (11): ReLU()
    (12): Linear(in_features=512, out_features=256, bias=True)
    (13): ReLU()
    (14): Linear(in_features=256, out_features=10, bias=True)
  )
)
INFO:__main__:CHILD MODEL LOSS: 0.7072561848163604 with train time 30.884727239608765
INFO:__main__:CHILD MODEL ACCURACY: 0.7653
INFO:__main__:Policy gradient: -0.2878252863883972
INFO:__main__:
INFO:__main__:------ ITERATION 421 ------
INFO:__main__:Layers generated: [('256', '3', '2'), ('256', '3', '1'), ('128', '3', '1')]
INFO:__main__:ChildCNNModel(
  (model): Sequential(
    (0): Conv2d(3, 256, kernel_size=(3, 3), stride=(1, 1), padding=(2, 2))
    (1): ReLU()
    (2): MaxPool2d(kernel_size=2, stride=2, padding=0, dilation=1, ceil_mode=False)
    (3): Conv2d(256, 256, kernel_size=(3, 3), stride=(1, 1), padding=(1, 1))
    (4): ReLU()
    (5): MaxPool2d(kernel_size=2, stride=2, padding=0, dilation=1, ceil_mode=False)
    (6): Conv2d(256, 128, kernel_size=(3, 3), stride=(1, 1), padding=(1, 1))
    (7): ReLU()
    (8): MaxPool2d(kernel_size=2, stride=2, padding=0, dilation=1, ceil_mode=False)
    (9): Flatten(start_dim=1, end_dim=-1)
    (10): Linear(in_features=2048, out_features=512, bias=True)
    (11): ReLU()
    (12): Linear(in_features=512, out_features=256, bias=True)
    (13): ReLU()
    (14): Linear(in_features=256, out_features=10, bias=True)
  )
)
INFO:__main__:CHILD MODEL LOSS: 0.5695351004600525 with train time 94.47815728187561
INFO:__main__:CHILD MODEL ACCURACY: 0.8049
INFO:__main__:Policy gradient: 0.08123797178268433
INFO:__main__:
INFO:__main__:------ ITERATION 422 ------
INFO:__main__:Layers generated: [('16', '3', '2'), ('32', '3', '2'), ('256', '3', '2')]
INFO:__main__:ChildCNNModel(
  (model): Sequential(
    (0): Conv2d(3, 16, kernel_size=(3, 3), stride=(1, 1), padding=(2, 2))
    (1): ReLU()
    (2): MaxPool2d(kernel_size=2, stride=2, padding=0, dilation=1, ceil_mode=False)
    (3): Conv2d(16, 32, kernel_size=(3, 3), stride=(1, 1), padding=(2, 2))
    (4): ReLU()
    (5): MaxPool2d(kernel_size=2, stride=2, padding=0, dilation=1, ceil_mode=False)
    (6): Conv2d(32, 256, kernel_size=(3, 3), stride=(1, 1), padding=(2, 2))
    (7): ReLU()
    (8): MaxPool2d(kernel_size=2, stride=2, padding=0, dilation=1, ceil_mode=False)
    (9): Flatten(start_dim=1, end_dim=-1)
    (10): Linear(in_features=6400, out_features=512, bias=True)
    (11): ReLU()
    (12): Linear(in_features=512, out_features=256, bias=True)
    (13): ReLU()
    (14): Linear(in_features=256, out_features=10, bias=True)
  )
)
INFO:__main__:CHILD MODEL LOSS: 0.6525424956083298 with train time 30.92964458465576
INFO:__main__:CHILD MODEL ACCURACY: 0.7802
INFO:__main__:Policy gradient: -0.0920284315943718
INFO:__main__:
INFO:__main__:------ ITERATION 423 ------
INFO:__main__:Layers generated: [('256', '3', '0'), ('256', '3', '1'), ('256', '3', '1')]
INFO:__main__:ChildCNNModel(
  (model): Sequential(
    (0): Conv2d(3, 256, kernel_size=(3, 3), stride=(1, 1))
    (1): ReLU()
    (2): MaxPool2d(kernel_size=2, stride=2, padding=0, dilation=1, ceil_mode=False)
    (3): Conv2d(256, 256, kernel_size=(3, 3), stride=(1, 1), padding=(1, 1))
    (4): ReLU()
    (5): MaxPool2d(kernel_size=2, stride=2, padding=0, dilation=1, ceil_mode=False)
    (6): Conv2d(256, 256, kernel_size=(3, 3), stride=(1, 1), padding=(1, 1))
    (7): ReLU()
    (8): MaxPool2d(kernel_size=2, stride=2, padding=0, dilation=1, ceil_mode=False)
    (9): Flatten(start_dim=1, end_dim=-1)
    (10): Linear(in_features=2304, out_features=512, bias=True)
    (11): ReLU()
    (12): Linear(in_features=512, out_features=256, bias=True)
    (13): ReLU()
    (14): Linear(in_features=256, out_features=10, bias=True)
  )
)
INFO:__main__:CHILD MODEL LOSS: 0.5901017246246338 with train time 77.2952709197998
INFO:__main__:CHILD MODEL ACCURACY: 0.8014
INFO:__main__:Policy gradient: 0.08354843407869339
INFO:__main__:
INFO:__main__:------ ITERATION 424 ------
INFO:__main__:Layers generated: [('256', '3', '2'), ('128', '3', '1'), ('256', '1', '2')]
INFO:__main__:ChildCNNModel(
  (model): Sequential(
    (0): Conv2d(3, 256, kernel_size=(3, 3), stride=(1, 1), padding=(2, 2))
    (1): ReLU()
    (2): MaxPool2d(kernel_size=2, stride=2, padding=0, dilation=1, ceil_mode=False)
    (3): Conv2d(256, 128, kernel_size=(3, 3), stride=(1, 1), padding=(1, 1))
    (4): ReLU()
    (5): MaxPool2d(kernel_size=2, stride=2, padding=0, dilation=1, ceil_mode=False)
    (6): Conv2d(128, 256, kernel_size=(1, 1), stride=(1, 1), padding=(2, 2))
    (7): ReLU()
    (8): MaxPool2d(kernel_size=2, stride=2, padding=0, dilation=1, ceil_mode=False)
    (9): Flatten(start_dim=1, end_dim=-1)
    (10): Linear(in_features=9216, out_features=512, bias=True)
    (11): ReLU()
    (12): Linear(in_features=512, out_features=256, bias=True)
    (13): ReLU()
    (14): Linear(in_features=256, out_features=10, bias=True)
  )
)
INFO:__main__:CHILD MODEL LOSS: 0.6203855333328248 with train time 82.91921257972717
INFO:__main__:CHILD MODEL ACCURACY: 0.7871
INFO:__main__:Policy gradient: -0.033246446400880814
INFO:__main__:
INFO:__main__:------ ITERATION 425 ------
INFO:__main__:Layers generated: [('64', '3', '2'), ('256', '3', '2'), ('256', '3', '1')]
INFO:__main__:ChildCNNModel(
  (model): Sequential(
    (0): Conv2d(3, 64, kernel_size=(3, 3), stride=(1, 1), padding=(2, 2))
    (1): ReLU()
    (2): MaxPool2d(kernel_size=2, stride=2, padding=0, dilation=1, ceil_mode=False)
    (3): Conv2d(64, 256, kernel_size=(3, 3), stride=(1, 1), padding=(2, 2))
    (4): ReLU()
    (5): MaxPool2d(kernel_size=2, stride=2, padding=0, dilation=1, ceil_mode=False)
    (6): Conv2d(256, 256, kernel_size=(3, 3), stride=(1, 1), padding=(1, 1))
    (7): ReLU()
    (8): MaxPool2d(kernel_size=2, stride=2, padding=0, dilation=1, ceil_mode=False)
    (9): Flatten(start_dim=1, end_dim=-1)
    (10): Linear(in_features=4096, out_features=512, bias=True)
    (11): ReLU()
    (12): Linear(in_features=512, out_features=256, bias=True)
    (13): ReLU()
    (14): Linear(in_features=256, out_features=10, bias=True)
  )
)
INFO:__main__:CHILD MODEL LOSS: 0.5084509023427963 with train time 53.864986181259155
INFO:__main__:CHILD MODEL ACCURACY: 0.8175
INFO:__main__:Policy gradient: 0.15159182250499725
INFO:__main__:
INFO:__main__:------ ITERATION 426 ------
INFO:__main__:Layers generated: [('32', '3', '1'), ('128', '3', '1'), ('32', '5', '1')]
INFO:__main__:ChildCNNModel(
  (model): Sequential(
    (0): Conv2d(3, 32, kernel_size=(3, 3), stride=(1, 1), padding=(1, 1))
    (1): ReLU()
    (2): MaxPool2d(kernel_size=2, stride=2, padding=0, dilation=1, ceil_mode=False)
    (3): Conv2d(32, 128, kernel_size=(3, 3), stride=(1, 1), padding=(1, 1))
    (4): ReLU()
    (5): MaxPool2d(kernel_size=2, stride=2, padding=0, dilation=1, ceil_mode=False)
    (6): Conv2d(128, 32, kernel_size=(5, 5), stride=(1, 1), padding=(1, 1))
    (7): ReLU()
    (8): MaxPool2d(kernel_size=2, stride=2, padding=0, dilation=1, ceil_mode=False)
    (9): Flatten(start_dim=1, end_dim=-1)
    (10): Linear(in_features=288, out_features=512, bias=True)
    (11): ReLU()
    (12): Linear(in_features=512, out_features=256, bias=True)
    (13): ReLU()
    (14): Linear(in_features=256, out_features=10, bias=True)
  )
)
INFO:__main__:CHILD MODEL LOSS: 0.6897305736541748 with train time 31.810858249664307
INFO:__main__:CHILD MODEL ACCURACY: 0.773
INFO:__main__:Policy gradient: -0.2453264594078064
INFO:__main__:
INFO:__main__:------ ITERATION 427 ------
INFO:__main__:Layers generated: [('16', '3', '2'), ('64', '3', '1'), ('256', '3', '0')]
INFO:__main__:ChildCNNModel(
  (model): Sequential(
    (0): Conv2d(3, 16, kernel_size=(3, 3), stride=(1, 1), padding=(2, 2))
    (1): ReLU()
    (2): MaxPool2d(kernel_size=2, stride=2, padding=0, dilation=1, ceil_mode=False)
    (3): Conv2d(16, 64, kernel_size=(3, 3), stride=(1, 1), padding=(1, 1))
    (4): ReLU()
    (5): MaxPool2d(kernel_size=2, stride=2, padding=0, dilation=1, ceil_mode=False)
    (6): Conv2d(64, 256, kernel_size=(3, 3), stride=(1, 1))
    (7): ReLU()
    (8): MaxPool2d(kernel_size=2, stride=2, padding=0, dilation=1, ceil_mode=False)
    (9): Flatten(start_dim=1, end_dim=-1)
    (10): Linear(in_features=2304, out_features=512, bias=True)
    (11): ReLU()
    (12): Linear(in_features=512, out_features=256, bias=True)
    (13): ReLU()
    (14): Linear(in_features=256, out_features=10, bias=True)
  )
)
INFO:__main__:CHILD MODEL LOSS: 0.6444016340970993 with train time 30.473776817321777
INFO:__main__:CHILD MODEL ACCURACY: 0.7877
INFO:__main__:Policy gradient: -0.03499085083603859
INFO:__main__:
INFO:__main__:------ ITERATION 428 ------
INFO:__main__:Layers generated: [('256', '3', '1'), ('128', '3', '1'), ('256', '3', '1')]
INFO:__main__:ChildCNNModel(
  (model): Sequential(
    (0): Conv2d(3, 256, kernel_size=(3, 3), stride=(1, 1), padding=(1, 1))
    (1): ReLU()
    (2): MaxPool2d(kernel_size=2, stride=2, padding=0, dilation=1, ceil_mode=False)
    (3): Conv2d(256, 128, kernel_size=(3, 3), stride=(1, 1), padding=(1, 1))
    (4): ReLU()
    (5): MaxPool2d(kernel_size=2, stride=2, padding=0, dilation=1, ceil_mode=False)
    (6): Conv2d(128, 256, kernel_size=(3, 3), stride=(1, 1), padding=(1, 1))
    (7): ReLU()
    (8): MaxPool2d(kernel_size=2, stride=2, padding=0, dilation=1, ceil_mode=False)
    (9): Flatten(start_dim=1, end_dim=-1)
    (10): Linear(in_features=4096, out_features=512, bias=True)
    (11): ReLU()
    (12): Linear(in_features=512, out_features=256, bias=True)
    (13): ReLU()
    (14): Linear(in_features=256, out_features=10, bias=True)
  )
)
INFO:__main__:CHILD MODEL LOSS: 0.5357419347763062 with train time 69.87906551361084
INFO:__main__:CHILD MODEL ACCURACY: 0.8066
INFO:__main__:Policy gradient: 0.09580685198307037
INFO:__main__:
INFO:__main__:------ ITERATION 429 ------
INFO:__main__:Layers generated: [('16', '3', '1'), ('256', '3', '0'), ('32', '3', '1')]
INFO:__main__:ChildCNNModel(
  (model): Sequential(
    (0): Conv2d(3, 16, kernel_size=(3, 3), stride=(1, 1), padding=(1, 1))
    (1): ReLU()
    (2): MaxPool2d(kernel_size=2, stride=2, padding=0, dilation=1, ceil_mode=False)
    (3): Conv2d(16, 256, kernel_size=(3, 3), stride=(1, 1))
    (4): ReLU()
    (5): MaxPool2d(kernel_size=2, stride=2, padding=0, dilation=1, ceil_mode=False)
    (6): Conv2d(256, 32, kernel_size=(3, 3), stride=(1, 1), padding=(1, 1))
    (7): ReLU()
    (8): MaxPool2d(kernel_size=2, stride=2, padding=0, dilation=1, ceil_mode=False)
    (9): Flatten(start_dim=1, end_dim=-1)
    (10): Linear(in_features=288, out_features=512, bias=True)
    (11): ReLU()
    (12): Linear(in_features=512, out_features=256, bias=True)
    (13): ReLU()
    (14): Linear(in_features=256, out_features=10, bias=True)
  )
)
INFO:__main__:CHILD MODEL LOSS: 0.7569459571838378 with train time 32.83000087738037
INFO:__main__:CHILD MODEL ACCURACY: 0.7561
INFO:__main__:Policy gradient: -0.4098623991012573
INFO:__main__:
INFO:__main__:------ ITERATION 430 ------
INFO:__main__:Layers generated: [('128', '3', '2'), ('64', '3', '2'), ('64', '3', '1')]
INFO:__main__:ChildCNNModel(
  (model): Sequential(
    (0): Conv2d(3, 128, kernel_size=(3, 3), stride=(1, 1), padding=(2, 2))
    (1): ReLU()
    (2): MaxPool2d(kernel_size=2, stride=2, padding=0, dilation=1, ceil_mode=False)
    (3): Conv2d(128, 64, kernel_size=(3, 3), stride=(1, 1), padding=(2, 2))
    (4): ReLU()
    (5): MaxPool2d(kernel_size=2, stride=2, padding=0, dilation=1, ceil_mode=False)
    (6): Conv2d(64, 64, kernel_size=(3, 3), stride=(1, 1), padding=(1, 1))
    (7): ReLU()
    (8): MaxPool2d(kernel_size=2, stride=2, padding=0, dilation=1, ceil_mode=False)
    (9): Flatten(start_dim=1, end_dim=-1)
    (10): Linear(in_features=1024, out_features=512, bias=True)
    (11): ReLU()
    (12): Linear(in_features=512, out_features=256, bias=True)
    (13): ReLU()
    (14): Linear(in_features=256, out_features=10, bias=True)
  )
)
INFO:__main__:CHILD MODEL LOSS: 0.6458892676830291 with train time 41.256468296051025
INFO:__main__:CHILD MODEL ACCURACY: 0.7771
INFO:__main__:Policy gradient: -0.09052059799432755
INFO:__main__:
INFO:__main__:------ ITERATION 431 ------
INFO:__main__:Layers generated: [('32', '3', '2'), ('128', '5', '1'), ('16', '3', '2')]
INFO:__main__:ChildCNNModel(
  (model): Sequential(
    (0): Conv2d(3, 32, kernel_size=(3, 3), stride=(1, 1), padding=(2, 2))
    (1): ReLU()
    (2): MaxPool2d(kernel_size=2, stride=2, padding=0, dilation=1, ceil_mode=False)
    (3): Conv2d(32, 128, kernel_size=(5, 5), stride=(1, 1), padding=(1, 1))
    (4): ReLU()
    (5): MaxPool2d(kernel_size=2, stride=2, padding=0, dilation=1, ceil_mode=False)
    (6): Conv2d(128, 16, kernel_size=(3, 3), stride=(1, 1), padding=(2, 2))
    (7): ReLU()
    (8): MaxPool2d(kernel_size=2, stride=2, padding=0, dilation=1, ceil_mode=False)
    (9): Flatten(start_dim=1, end_dim=-1)
    (10): Linear(in_features=256, out_features=512, bias=True)
    (11): ReLU()
    (12): Linear(in_features=512, out_features=256, bias=True)
    (13): ReLU()
    (14): Linear(in_features=256, out_features=10, bias=True)
  )
)
INFO:__main__:CHILD MODEL LOSS: 0.7664253082275391 with train time 32.74068570137024
INFO:__main__:CHILD MODEL ACCURACY: 0.7475
INFO:__main__:Policy gradient: -0.47297051548957825
INFO:__main__:
INFO:__main__:------ ITERATION 432 ------
INFO:__main__:Layers generated: [('64', '3', '2'), ('256', '3', '2'), ('256', '3', '2')]
INFO:__main__:ChildCNNModel(
  (model): Sequential(
    (0): Conv2d(3, 64, kernel_size=(3, 3), stride=(1, 1), padding=(2, 2))
    (1): ReLU()
    (2): MaxPool2d(kernel_size=2, stride=2, padding=0, dilation=1, ceil_mode=False)
    (3): Conv2d(64, 256, kernel_size=(3, 3), stride=(1, 1), padding=(2, 2))
    (4): ReLU()
    (5): MaxPool2d(kernel_size=2, stride=2, padding=0, dilation=1, ceil_mode=False)
    (6): Conv2d(256, 256, kernel_size=(3, 3), stride=(1, 1), padding=(2, 2))
    (7): ReLU()
    (8): MaxPool2d(kernel_size=2, stride=2, padding=0, dilation=1, ceil_mode=False)
    (9): Flatten(start_dim=1, end_dim=-1)
    (10): Linear(in_features=6400, out_features=512, bias=True)
    (11): ReLU()
    (12): Linear(in_features=512, out_features=256, bias=True)
    (13): ReLU()
    (14): Linear(in_features=256, out_features=10, bias=True)
  )
)
INFO:__main__:CHILD MODEL LOSS: 0.49674885177612305 with train time 60.23174428939819
INFO:__main__:CHILD MODEL ACCURACY: 0.8242
INFO:__main__:Policy gradient: 0.2210584282875061
INFO:__main__:
INFO:__main__:------ ITERATION 433 ------
INFO:__main__:Layers generated: [('256', '3', '2'), ('256', '3', '0'), ('64', '3', '2')]
INFO:__main__:ChildCNNModel(
  (model): Sequential(
    (0): Conv2d(3, 256, kernel_size=(3, 3), stride=(1, 1), padding=(2, 2))
    (1): ReLU()
    (2): MaxPool2d(kernel_size=2, stride=2, padding=0, dilation=1, ceil_mode=False)
    (3): Conv2d(256, 256, kernel_size=(3, 3), stride=(1, 1))
    (4): ReLU()
    (5): MaxPool2d(kernel_size=2, stride=2, padding=0, dilation=1, ceil_mode=False)
    (6): Conv2d(256, 64, kernel_size=(3, 3), stride=(1, 1), padding=(2, 2))
    (7): ReLU()
    (8): MaxPool2d(kernel_size=2, stride=2, padding=0, dilation=1, ceil_mode=False)
    (9): Flatten(start_dim=1, end_dim=-1)
    (10): Linear(in_features=1024, out_features=512, bias=True)
    (11): ReLU()
    (12): Linear(in_features=512, out_features=256, bias=True)
    (13): ReLU()
    (14): Linear(in_features=256, out_features=10, bias=True)
  )
)
INFO:__main__:CHILD MODEL LOSS: 0.5918249753713608 with train time 86.10642504692078
INFO:__main__:CHILD MODEL ACCURACY: 0.7966
INFO:__main__:Policy gradient: 0.06757679581642151
INFO:__main__:
INFO:__main__:------ ITERATION 434 ------
INFO:__main__:Layers generated: [('16', '3', '2'), ('128', '3', '2'), ('256', '3', '2')]
INFO:__main__:ChildCNNModel(
  (model): Sequential(
    (0): Conv2d(3, 16, kernel_size=(3, 3), stride=(1, 1), padding=(2, 2))
    (1): ReLU()
    (2): MaxPool2d(kernel_size=2, stride=2, padding=0, dilation=1, ceil_mode=False)
    (3): Conv2d(16, 128, kernel_size=(3, 3), stride=(1, 1), padding=(2, 2))
    (4): ReLU()
    (5): MaxPool2d(kernel_size=2, stride=2, padding=0, dilation=1, ceil_mode=False)
    (6): Conv2d(128, 256, kernel_size=(3, 3), stride=(1, 1), padding=(2, 2))
    (7): ReLU()
    (8): MaxPool2d(kernel_size=2, stride=2, padding=0, dilation=1, ceil_mode=False)
    (9): Flatten(start_dim=1, end_dim=-1)
    (10): Linear(in_features=6400, out_features=512, bias=True)
    (11): ReLU()
    (12): Linear(in_features=512, out_features=256, bias=True)
    (13): ReLU()
    (14): Linear(in_features=256, out_features=10, bias=True)
  )
)
INFO:__main__:CHILD MODEL LOSS: 0.5654040215015411 with train time 35.78973317146301
INFO:__main__:CHILD MODEL ACCURACY: 0.802
INFO:__main__:Policy gradient: 0.09348084777593613
INFO:__main__:
INFO:__main__:------ ITERATION 435 ------
INFO:__main__:Layers generated: [('128', '3', '1'), ('128', '3', '2'), ('128', '3', '2')]
INFO:__main__:ChildCNNModel(
  (model): Sequential(
    (0): Conv2d(3, 128, kernel_size=(3, 3), stride=(1, 1), padding=(1, 1))
    (1): ReLU()
    (2): MaxPool2d(kernel_size=2, stride=2, padding=0, dilation=1, ceil_mode=False)
    (3): Conv2d(128, 128, kernel_size=(3, 3), stride=(1, 1), padding=(2, 2))
    (4): ReLU()
    (5): MaxPool2d(kernel_size=2, stride=2, padding=0, dilation=1, ceil_mode=False)
    (6): Conv2d(128, 128, kernel_size=(3, 3), stride=(1, 1), padding=(2, 2))
    (7): ReLU()
    (8): MaxPool2d(kernel_size=2, stride=2, padding=0, dilation=1, ceil_mode=False)
    (9): Flatten(start_dim=1, end_dim=-1)
    (10): Linear(in_features=3200, out_features=512, bias=True)
    (11): ReLU()
    (12): Linear(in_features=512, out_features=256, bias=True)
    (13): ReLU()
    (14): Linear(in_features=256, out_features=10, bias=True)
  )
)
INFO:__main__:CHILD MODEL LOSS: 0.5614786382913589 with train time 47.412269830703735
INFO:__main__:CHILD MODEL ACCURACY: 0.7996
INFO:__main__:Policy gradient: 0.06608369946479797
INFO:__main__:
INFO:__main__:------ ITERATION 436 ------
INFO:__main__:Layers generated: [('256', '3', '2'), ('256', '3', '1'), ('256', '3', '1')]
INFO:__main__:ChildCNNModel(
  (model): Sequential(
    (0): Conv2d(3, 256, kernel_size=(3, 3), stride=(1, 1), padding=(2, 2))
    (1): ReLU()
    (2): MaxPool2d(kernel_size=2, stride=2, padding=0, dilation=1, ceil_mode=False)
    (3): Conv2d(256, 256, kernel_size=(3, 3), stride=(1, 1), padding=(1, 1))
    (4): ReLU()
    (5): MaxPool2d(kernel_size=2, stride=2, padding=0, dilation=1, ceil_mode=False)
    (6): Conv2d(256, 256, kernel_size=(3, 3), stride=(1, 1), padding=(1, 1))
    (7): ReLU()
    (8): MaxPool2d(kernel_size=2, stride=2, padding=0, dilation=1, ceil_mode=False)
    (9): Flatten(start_dim=1, end_dim=-1)
    (10): Linear(in_features=4096, out_features=512, bias=True)
    (11): ReLU()
    (12): Linear(in_features=512, out_features=256, bias=True)
    (13): ReLU()
    (14): Linear(in_features=256, out_features=10, bias=True)
  )
)
INFO:__main__:CHILD MODEL LOSS: 0.5403770841360093 with train time 98.94304251670837
INFO:__main__:CHILD MODEL ACCURACY: 0.807
INFO:__main__:Policy gradient: 0.07562053203582764
INFO:__main__:
INFO:__main__:------ ITERATION 437 ------
INFO:__main__:Layers generated: [('256', '3', '2'), ('256', '5', '1'), ('128', '3', '1')]
INFO:__main__:ChildCNNModel(
  (model): Sequential(
    (0): Conv2d(3, 256, kernel_size=(3, 3), stride=(1, 1), padding=(2, 2))
    (1): ReLU()
    (2): MaxPool2d(kernel_size=2, stride=2, padding=0, dilation=1, ceil_mode=False)
    (3): Conv2d(256, 256, kernel_size=(5, 5), stride=(1, 1), padding=(1, 1))
    (4): ReLU()
    (5): MaxPool2d(kernel_size=2, stride=2, padding=0, dilation=1, ceil_mode=False)
    (6): Conv2d(256, 128, kernel_size=(3, 3), stride=(1, 1), padding=(1, 1))
    (7): ReLU()
    (8): MaxPool2d(kernel_size=2, stride=2, padding=0, dilation=1, ceil_mode=False)
    (9): Flatten(start_dim=1, end_dim=-1)
    (10): Linear(in_features=1152, out_features=512, bias=True)
    (11): ReLU()
    (12): Linear(in_features=512, out_features=256, bias=True)
    (13): ReLU()
    (14): Linear(in_features=256, out_features=10, bias=True)
  )
)
INFO:__main__:CHILD MODEL LOSS: 0.6250699952840805 with train time 123.88512516021729
INFO:__main__:CHILD MODEL ACCURACY: 0.7984
INFO:__main__:Policy gradient: 0.04536810889840126
INFO:__main__:
INFO:__main__:------ ITERATION 438 ------
INFO:__main__:Layers generated: [('32', '1', '0'), ('128', '3', '2'), ('256', '5', '1')]
INFO:__main__:ChildCNNModel(
  (model): Sequential(
    (0): Conv2d(3, 32, kernel_size=(1, 1), stride=(1, 1))
    (1): ReLU()
    (2): MaxPool2d(kernel_size=2, stride=2, padding=0, dilation=1, ceil_mode=False)
    (3): Conv2d(32, 128, kernel_size=(3, 3), stride=(1, 1), padding=(2, 2))
    (4): ReLU()
    (5): MaxPool2d(kernel_size=2, stride=2, padding=0, dilation=1, ceil_mode=False)
    (6): Conv2d(128, 256, kernel_size=(5, 5), stride=(1, 1), padding=(1, 1))
    (7): ReLU()
    (8): MaxPool2d(kernel_size=2, stride=2, padding=0, dilation=1, ceil_mode=False)
    (9): Flatten(start_dim=1, end_dim=-1)
    (10): Linear(in_features=2304, out_features=512, bias=True)
    (11): ReLU()
    (12): Linear(in_features=512, out_features=256, bias=True)
    (13): ReLU()
    (14): Linear(in_features=256, out_features=10, bias=True)
  )
)
INFO:__main__:CHILD MODEL LOSS: 0.748384886264801 with train time 35.91345500946045
INFO:__main__:CHILD MODEL ACCURACY: 0.7341
INFO:__main__:Policy gradient: -0.912151038646698
INFO:__main__:
INFO:__main__:------ ITERATION 439 ------
INFO:__main__:Layers generated: [('128', '3', '2'), ('256', '3', '2'), ('128', '3', '2')]
INFO:__main__:ChildCNNModel(
  (model): Sequential(
    (0): Conv2d(3, 128, kernel_size=(3, 3), stride=(1, 1), padding=(2, 2))
    (1): ReLU()
    (2): MaxPool2d(kernel_size=2, stride=2, padding=0, dilation=1, ceil_mode=False)
    (3): Conv2d(128, 256, kernel_size=(3, 3), stride=(1, 1), padding=(2, 2))
    (4): ReLU()
    (5): MaxPool2d(kernel_size=2, stride=2, padding=0, dilation=1, ceil_mode=False)
    (6): Conv2d(256, 128, kernel_size=(3, 3), stride=(1, 1), padding=(2, 2))
    (7): ReLU()
    (8): MaxPool2d(kernel_size=2, stride=2, padding=0, dilation=1, ceil_mode=False)
    (9): Flatten(start_dim=1, end_dim=-1)
    (10): Linear(in_features=3200, out_features=512, bias=True)
    (11): ReLU()
    (12): Linear(in_features=512, out_features=256, bias=True)
    (13): ReLU()
    (14): Linear(in_features=256, out_features=10, bias=True)
  )
)
INFO:__main__:CHILD MODEL LOSS: 0.5631580337285995 with train time 72.4024977684021
INFO:__main__:CHILD MODEL ACCURACY: 0.8022
INFO:__main__:Policy gradient: 0.08019905537366867
INFO:__main__:
INFO:__main__:------ ITERATION 440 ------
INFO:__main__:Layers generated: [('256', '3', '2'), ('256', '3', '1'), ('256', '3', '1')]
INFO:__main__:ChildCNNModel(
  (model): Sequential(
    (0): Conv2d(3, 256, kernel_size=(3, 3), stride=(1, 1), padding=(2, 2))
    (1): ReLU()
    (2): MaxPool2d(kernel_size=2, stride=2, padding=0, dilation=1, ceil_mode=False)
    (3): Conv2d(256, 256, kernel_size=(3, 3), stride=(1, 1), padding=(1, 1))
    (4): ReLU()
    (5): MaxPool2d(kernel_size=2, stride=2, padding=0, dilation=1, ceil_mode=False)
    (6): Conv2d(256, 256, kernel_size=(3, 3), stride=(1, 1), padding=(1, 1))
    (7): ReLU()
    (8): MaxPool2d(kernel_size=2, stride=2, padding=0, dilation=1, ceil_mode=False)
    (9): Flatten(start_dim=1, end_dim=-1)
    (10): Linear(in_features=4096, out_features=512, bias=True)
    (11): ReLU()
    (12): Linear(in_features=512, out_features=256, bias=True)
    (13): ReLU()
    (14): Linear(in_features=256, out_features=10, bias=True)
  )
)
INFO:__main__:CHILD MODEL LOSS: 0.5503741439580917 with train time 99.05300235748291
INFO:__main__:CHILD MODEL ACCURACY: 0.8104
INFO:__main__:Policy gradient: 0.1006920263171196
INFO:__main__:
INFO:__main__:------ ITERATION 441 ------
INFO:__main__:Layers generated: [('64', '3', '2'), ('16', '3', '0'), ('256', '3', '1')]
INFO:__main__:ChildCNNModel(
  (model): Sequential(
    (0): Conv2d(3, 64, kernel_size=(3, 3), stride=(1, 1), padding=(2, 2))
    (1): ReLU()
    (2): MaxPool2d(kernel_size=2, stride=2, padding=0, dilation=1, ceil_mode=False)
    (3): Conv2d(64, 16, kernel_size=(3, 3), stride=(1, 1))
    (4): ReLU()
    (5): MaxPool2d(kernel_size=2, stride=2, padding=0, dilation=1, ceil_mode=False)
    (6): Conv2d(16, 256, kernel_size=(3, 3), stride=(1, 1), padding=(1, 1))
    (7): ReLU()
    (8): MaxPool2d(kernel_size=2, stride=2, padding=0, dilation=1, ceil_mode=False)
    (9): Flatten(start_dim=1, end_dim=-1)
    (10): Linear(in_features=2304, out_features=512, bias=True)
    (11): ReLU()
    (12): Linear(in_features=512, out_features=256, bias=True)
    (13): ReLU()
    (14): Linear(in_features=256, out_features=10, bias=True)
  )
)
INFO:__main__:CHILD MODEL LOSS: 0.6716989592313767 with train time 34.01683020591736
INFO:__main__:CHILD MODEL ACCURACY: 0.7868
INFO:__main__:Policy gradient: -0.041581686586141586
INFO:__main__:
INFO:__main__:------ ITERATION 442 ------
INFO:__main__:Layers generated: [('128', '3', '2'), ('256', '3', '1'), ('256', '3', '1')]
INFO:__main__:ChildCNNModel(
  (model): Sequential(
    (0): Conv2d(3, 128, kernel_size=(3, 3), stride=(1, 1), padding=(2, 2))
    (1): ReLU()
    (2): MaxPool2d(kernel_size=2, stride=2, padding=0, dilation=1, ceil_mode=False)
    (3): Conv2d(128, 256, kernel_size=(3, 3), stride=(1, 1), padding=(1, 1))
    (4): ReLU()
    (5): MaxPool2d(kernel_size=2, stride=2, padding=0, dilation=1, ceil_mode=False)
    (6): Conv2d(256, 256, kernel_size=(3, 3), stride=(1, 1), padding=(1, 1))
    (7): ReLU()
    (8): MaxPool2d(kernel_size=2, stride=2, padding=0, dilation=1, ceil_mode=False)
    (9): Flatten(start_dim=1, end_dim=-1)
    (10): Linear(in_features=4096, out_features=512, bias=True)
    (11): ReLU()
    (12): Linear(in_features=512, out_features=256, bias=True)
    (13): ReLU()
    (14): Linear(in_features=256, out_features=10, bias=True)
  )
)
INFO:__main__:CHILD MODEL LOSS: 0.498539638876915 with train time 61.34516215324402
INFO:__main__:CHILD MODEL ACCURACY: 0.8042
INFO:__main__:Policy gradient: 0.07042702287435532
INFO:__main__:
INFO:__main__:------ ITERATION 443 ------
INFO:__main__:Layers generated: [('256', '3', '2'), ('256', '3', '1'), ('256', '3', '1')]
INFO:__main__:ChildCNNModel(
  (model): Sequential(
    (0): Conv2d(3, 256, kernel_size=(3, 3), stride=(1, 1), padding=(2, 2))
    (1): ReLU()
    (2): MaxPool2d(kernel_size=2, stride=2, padding=0, dilation=1, ceil_mode=False)
    (3): Conv2d(256, 256, kernel_size=(3, 3), stride=(1, 1), padding=(1, 1))
    (4): ReLU()
    (5): MaxPool2d(kernel_size=2, stride=2, padding=0, dilation=1, ceil_mode=False)
    (6): Conv2d(256, 256, kernel_size=(3, 3), stride=(1, 1), padding=(1, 1))
    (7): ReLU()
    (8): MaxPool2d(kernel_size=2, stride=2, padding=0, dilation=1, ceil_mode=False)
    (9): Flatten(start_dim=1, end_dim=-1)
    (10): Linear(in_features=4096, out_features=512, bias=True)
    (11): ReLU()
    (12): Linear(in_features=512, out_features=256, bias=True)
    (13): ReLU()
    (14): Linear(in_features=256, out_features=10, bias=True)
  )
)
INFO:__main__:CHILD MODEL LOSS: 0.5211428765058518 with train time 99.12426662445068
INFO:__main__:CHILD MODEL ACCURACY: 0.8174
INFO:__main__:Policy gradient: 0.11711777746677399
INFO:__main__:
INFO:__main__:------ ITERATION 444 ------
INFO:__main__:Layers generated: [('256', '3', '2'), ('256', '3', '2'), ('128', '3', '2')]
INFO:__main__:ChildCNNModel(
  (model): Sequential(
    (0): Conv2d(3, 256, kernel_size=(3, 3), stride=(1, 1), padding=(2, 2))
    (1): ReLU()
    (2): MaxPool2d(kernel_size=2, stride=2, padding=0, dilation=1, ceil_mode=False)
    (3): Conv2d(256, 256, kernel_size=(3, 3), stride=(1, 1), padding=(2, 2))
    (4): ReLU()
    (5): MaxPool2d(kernel_size=2, stride=2, padding=0, dilation=1, ceil_mode=False)
    (6): Conv2d(256, 128, kernel_size=(3, 3), stride=(1, 1), padding=(2, 2))
    (7): ReLU()
    (8): MaxPool2d(kernel_size=2, stride=2, padding=0, dilation=1, ceil_mode=False)
    (9): Flatten(start_dim=1, end_dim=-1)
    (10): Linear(in_features=3200, out_features=512, bias=True)
    (11): ReLU()
    (12): Linear(in_features=512, out_features=256, bias=True)
    (13): ReLU()
    (14): Linear(in_features=256, out_features=10, bias=True)
  )
)
INFO:__main__:CHILD MODEL LOSS: 0.5860120583772659 with train time 104.76864910125732
INFO:__main__:CHILD MODEL ACCURACY: 0.7879
INFO:__main__:Policy gradient: -0.030187128111720085
INFO:__main__:
INFO:__main__:------ ITERATION 445 ------
INFO:__main__:Layers generated: [('128', '3', '2'), ('256', '3', '1'), ('256', '3', '1')]
INFO:__main__:ChildCNNModel(
  (model): Sequential(
    (0): Conv2d(3, 128, kernel_size=(3, 3), stride=(1, 1), padding=(2, 2))
    (1): ReLU()
    (2): MaxPool2d(kernel_size=2, stride=2, padding=0, dilation=1, ceil_mode=False)
    (3): Conv2d(128, 256, kernel_size=(3, 3), stride=(1, 1), padding=(1, 1))
    (4): ReLU()
    (5): MaxPool2d(kernel_size=2, stride=2, padding=0, dilation=1, ceil_mode=False)
    (6): Conv2d(256, 256, kernel_size=(3, 3), stride=(1, 1), padding=(1, 1))
    (7): ReLU()
    (8): MaxPool2d(kernel_size=2, stride=2, padding=0, dilation=1, ceil_mode=False)
    (9): Flatten(start_dim=1, end_dim=-1)
    (10): Linear(in_features=4096, out_features=512, bias=True)
    (11): ReLU()
    (12): Linear(in_features=512, out_features=256, bias=True)
    (13): ReLU()
    (14): Linear(in_features=256, out_features=10, bias=True)
  )
)
INFO:__main__:CHILD MODEL LOSS: 0.5509542220830917 with train time 61.39600396156311
INFO:__main__:CHILD MODEL ACCURACY: 0.8063
INFO:__main__:Policy gradient: 0.06397847831249237
INFO:__main__:
INFO:__main__:------ ITERATION 446 ------
INFO:__main__:Layers generated: [('128', '3', '2'), ('128', '3', '2'), ('256', '3', '1')]
INFO:__main__:ChildCNNModel(
  (model): Sequential(
    (0): Conv2d(3, 128, kernel_size=(3, 3), stride=(1, 1), padding=(2, 2))
    (1): ReLU()
    (2): MaxPool2d(kernel_size=2, stride=2, padding=0, dilation=1, ceil_mode=False)
    (3): Conv2d(128, 128, kernel_size=(3, 3), stride=(1, 1), padding=(2, 2))
    (4): ReLU()
    (5): MaxPool2d(kernel_size=2, stride=2, padding=0, dilation=1, ceil_mode=False)
    (6): Conv2d(128, 256, kernel_size=(3, 3), stride=(1, 1), padding=(1, 1))
    (7): ReLU()
    (8): MaxPool2d(kernel_size=2, stride=2, padding=0, dilation=1, ceil_mode=False)
    (9): Flatten(start_dim=1, end_dim=-1)
    (10): Linear(in_features=4096, out_features=512, bias=True)
    (11): ReLU()
    (12): Linear(in_features=512, out_features=256, bias=True)
    (13): ReLU()
    (14): Linear(in_features=256, out_features=10, bias=True)
  )
)
INFO:__main__:CHILD MODEL LOSS: 0.5139829251766205 with train time 53.82203698158264
INFO:__main__:CHILD MODEL ACCURACY: 0.8121
INFO:__main__:Policy gradient: 0.09304076433181763
INFO:__main__:
INFO:__main__:------ ITERATION 447 ------
INFO:__main__:Layers generated: [('256', '3', '2'), ('128', '3', '1'), ('256', '3', '2')]
INFO:__main__:ChildCNNModel(
  (model): Sequential(
    (0): Conv2d(3, 256, kernel_size=(3, 3), stride=(1, 1), padding=(2, 2))
    (1): ReLU()
    (2): MaxPool2d(kernel_size=2, stride=2, padding=0, dilation=1, ceil_mode=False)
    (3): Conv2d(256, 128, kernel_size=(3, 3), stride=(1, 1), padding=(1, 1))
    (4): ReLU()
    (5): MaxPool2d(kernel_size=2, stride=2, padding=0, dilation=1, ceil_mode=False)
    (6): Conv2d(128, 256, kernel_size=(3, 3), stride=(1, 1), padding=(2, 2))
    (7): ReLU()
    (8): MaxPool2d(kernel_size=2, stride=2, padding=0, dilation=1, ceil_mode=False)
    (9): Flatten(start_dim=1, end_dim=-1)
    (10): Linear(in_features=6400, out_features=512, bias=True)
    (11): ReLU()
    (12): Linear(in_features=512, out_features=256, bias=True)
    (13): ReLU()
    (14): Linear(in_features=256, out_features=10, bias=True)
  )
)
INFO:__main__:CHILD MODEL LOSS: 0.6303912200927735 with train time 81.63131642341614
INFO:__main__:CHILD MODEL ACCURACY: 0.7766
INFO:__main__:Policy gradient: -0.0989392101764679
INFO:__main__:
INFO:__main__:------ ITERATION 448 ------
INFO:__main__:Layers generated: [('128', '3', '1'), ('256', '3', '2'), ('256', '3', '1')]
INFO:__main__:ChildCNNModel(
  (model): Sequential(
    (0): Conv2d(3, 128, kernel_size=(3, 3), stride=(1, 1), padding=(1, 1))
    (1): ReLU()
    (2): MaxPool2d(kernel_size=2, stride=2, padding=0, dilation=1, ceil_mode=False)
    (3): Conv2d(128, 256, kernel_size=(3, 3), stride=(1, 1), padding=(2, 2))
    (4): ReLU()
    (5): MaxPool2d(kernel_size=2, stride=2, padding=0, dilation=1, ceil_mode=False)
    (6): Conv2d(256, 256, kernel_size=(3, 3), stride=(1, 1), padding=(1, 1))
    (7): ReLU()
    (8): MaxPool2d(kernel_size=2, stride=2, padding=0, dilation=1, ceil_mode=False)
    (9): Flatten(start_dim=1, end_dim=-1)
    (10): Linear(in_features=4096, out_features=512, bias=True)
    (11): ReLU()
    (12): Linear(in_features=512, out_features=256, bias=True)
    (13): ReLU()
    (14): Linear(in_features=256, out_features=10, bias=True)
  )
)
INFO:__main__:CHILD MODEL LOSS: 0.5484583452939987 with train time 69.95693182945251
INFO:__main__:CHILD MODEL ACCURACY: 0.8125
INFO:__main__:Policy gradient: 0.10364606231451035
INFO:__main__:
INFO:__main__:------ ITERATION 449 ------
INFO:__main__:Layers generated: [('128', '3', '2'), ('128', '3', '2'), ('256', '3', '2')]
INFO:__main__:ChildCNNModel(
  (model): Sequential(
    (0): Conv2d(3, 128, kernel_size=(3, 3), stride=(1, 1), padding=(2, 2))
    (1): ReLU()
    (2): MaxPool2d(kernel_size=2, stride=2, padding=0, dilation=1, ceil_mode=False)
    (3): Conv2d(128, 128, kernel_size=(3, 3), stride=(1, 1), padding=(2, 2))
    (4): ReLU()
    (5): MaxPool2d(kernel_size=2, stride=2, padding=0, dilation=1, ceil_mode=False)
    (6): Conv2d(128, 256, kernel_size=(3, 3), stride=(1, 1), padding=(2, 2))
    (7): ReLU()
    (8): MaxPool2d(kernel_size=2, stride=2, padding=0, dilation=1, ceil_mode=False)
    (9): Flatten(start_dim=1, end_dim=-1)
    (10): Linear(in_features=6400, out_features=512, bias=True)
    (11): ReLU()
    (12): Linear(in_features=512, out_features=256, bias=True)
    (13): ReLU()
    (14): Linear(in_features=256, out_features=10, bias=True)
  )
)
INFO:__main__:CHILD MODEL LOSS: 0.529087314248085 with train time 58.31157374382019
INFO:__main__:CHILD MODEL ACCURACY: 0.8083
INFO:__main__:Policy gradient: 0.06297935545444489
INFO:__main__:
INFO:__main__:------ ITERATION 450 ------
INFO:__main__:Layers generated: [('256', '3', '1'), ('256', '3', '2'), ('128', '5', '2')]
INFO:__main__:ChildCNNModel(
  (model): Sequential(
    (0): Conv2d(3, 256, kernel_size=(3, 3), stride=(1, 1), padding=(1, 1))
    (1): ReLU()
    (2): MaxPool2d(kernel_size=2, stride=2, padding=0, dilation=1, ceil_mode=False)
    (3): Conv2d(256, 256, kernel_size=(3, 3), stride=(1, 1), padding=(2, 2))
    (4): ReLU()
    (5): MaxPool2d(kernel_size=2, stride=2, padding=0, dilation=1, ceil_mode=False)
    (6): Conv2d(256, 128, kernel_size=(5, 5), stride=(1, 1), padding=(2, 2))
    (7): ReLU()
    (8): MaxPool2d(kernel_size=2, stride=2, padding=0, dilation=1, ceil_mode=False)
    (9): Flatten(start_dim=1, end_dim=-1)
    (10): Linear(in_features=2048, out_features=512, bias=True)
    (11): ReLU()
    (12): Linear(in_features=512, out_features=256, bias=True)
    (13): ReLU()
    (14): Linear(in_features=256, out_features=10, bias=True)
  )
)
INFO:__main__:CHILD MODEL LOSS: 0.5936727721691132 with train time 98.63501691818237
INFO:__main__:CHILD MODEL ACCURACY: 0.7911
INFO:__main__:Policy gradient: -0.055369745939970016
INFO:__main__:
INFO:__main__:------ ITERATION 451 ------
INFO:__main__:Layers generated: [('64', '3', '2'), ('256', '3', '1'), ('256', '3', '0')]
INFO:__main__:ChildCNNModel(
  (model): Sequential(
    (0): Conv2d(3, 64, kernel_size=(3, 3), stride=(1, 1), padding=(2, 2))
    (1): ReLU()
    (2): MaxPool2d(kernel_size=2, stride=2, padding=0, dilation=1, ceil_mode=False)
    (3): Conv2d(64, 256, kernel_size=(3, 3), stride=(1, 1), padding=(1, 1))
    (4): ReLU()
    (5): MaxPool2d(kernel_size=2, stride=2, padding=0, dilation=1, ceil_mode=False)
    (6): Conv2d(256, 256, kernel_size=(3, 3), stride=(1, 1))
    (7): ReLU()
    (8): MaxPool2d(kernel_size=2, stride=2, padding=0, dilation=1, ceil_mode=False)
    (9): Flatten(start_dim=1, end_dim=-1)
    (10): Linear(in_features=2304, out_features=512, bias=True)
    (11): ReLU()
    (12): Linear(in_features=512, out_features=256, bias=True)
    (13): ReLU()
    (14): Linear(in_features=256, out_features=10, bias=True)
  )
)
INFO:__main__:CHILD MODEL LOSS: 0.5261904165744782 with train time 42.05642485618591
INFO:__main__:CHILD MODEL ACCURACY: 0.8152
INFO:__main__:Policy gradient: 0.13300958275794983
INFO:__main__:
INFO:__main__:------ ITERATION 452 ------
INFO:__main__:Layers generated: [('256', '3', '2'), ('256', '3', '1'), ('256', '5', '2')]
INFO:__main__:ChildCNNModel(
  (model): Sequential(
    (0): Conv2d(3, 256, kernel_size=(3, 3), stride=(1, 1), padding=(2, 2))
    (1): ReLU()
    (2): MaxPool2d(kernel_size=2, stride=2, padding=0, dilation=1, ceil_mode=False)
    (3): Conv2d(256, 256, kernel_size=(3, 3), stride=(1, 1), padding=(1, 1))
    (4): ReLU()
    (5): MaxPool2d(kernel_size=2, stride=2, padding=0, dilation=1, ceil_mode=False)
    (6): Conv2d(256, 256, kernel_size=(5, 5), stride=(1, 1), padding=(2, 2))
    (7): ReLU()
    (8): MaxPool2d(kernel_size=2, stride=2, padding=0, dilation=1, ceil_mode=False)
    (9): Flatten(start_dim=1, end_dim=-1)
    (10): Linear(in_features=4096, out_features=512, bias=True)
    (11): ReLU()
    (12): Linear(in_features=512, out_features=256, bias=True)
    (13): ReLU()
    (14): Linear(in_features=256, out_features=10, bias=True)
  )
)
INFO:__main__:CHILD MODEL LOSS: 0.6319503005743027 with train time 110.26885271072388
INFO:__main__:CHILD MODEL ACCURACY: 0.7885
INFO:__main__:Policy gradient: -0.06998558342456818
INFO:__main__:
INFO:__main__:------ ITERATION 453 ------
INFO:__main__:Layers generated: [('32', '3', '1'), ('256', '3', '1'), ('256', '3', '2')]
INFO:__main__:ChildCNNModel(
  (model): Sequential(
    (0): Conv2d(3, 32, kernel_size=(3, 3), stride=(1, 1), padding=(1, 1))
    (1): ReLU()
    (2): MaxPool2d(kernel_size=2, stride=2, padding=0, dilation=1, ceil_mode=False)
    (3): Conv2d(32, 256, kernel_size=(3, 3), stride=(1, 1), padding=(1, 1))
    (4): ReLU()
    (5): MaxPool2d(kernel_size=2, stride=2, padding=0, dilation=1, ceil_mode=False)
    (6): Conv2d(256, 256, kernel_size=(3, 3), stride=(1, 1), padding=(2, 2))
    (7): ReLU()
    (8): MaxPool2d(kernel_size=2, stride=2, padding=0, dilation=1, ceil_mode=False)
    (9): Flatten(start_dim=1, end_dim=-1)
    (10): Linear(in_features=6400, out_features=512, bias=True)
    (11): ReLU()
    (12): Linear(in_features=512, out_features=256, bias=True)
    (13): ReLU()
    (14): Linear(in_features=256, out_features=10, bias=True)
  )
)
INFO:__main__:CHILD MODEL LOSS: 0.4924173276424408 with train time 39.4111750125885
INFO:__main__:CHILD MODEL ACCURACY: 0.8131
INFO:__main__:Policy gradient: 0.1095246821641922
INFO:__main__:
INFO:__main__:------ ITERATION 454 ------
INFO:__main__:Layers generated: [('128', '3', '1'), ('256', '3', '2'), ('256', '3', '2')]
INFO:__main__:ChildCNNModel(
  (model): Sequential(
    (0): Conv2d(3, 128, kernel_size=(3, 3), stride=(1, 1), padding=(1, 1))
    (1): ReLU()
    (2): MaxPool2d(kernel_size=2, stride=2, padding=0, dilation=1, ceil_mode=False)
    (3): Conv2d(128, 256, kernel_size=(3, 3), stride=(1, 1), padding=(2, 2))
    (4): ReLU()
    (5): MaxPool2d(kernel_size=2, stride=2, padding=0, dilation=1, ceil_mode=False)
    (6): Conv2d(256, 256, kernel_size=(3, 3), stride=(1, 1), padding=(2, 2))
    (7): ReLU()
    (8): MaxPool2d(kernel_size=2, stride=2, padding=0, dilation=1, ceil_mode=False)
    (9): Flatten(start_dim=1, end_dim=-1)
    (10): Linear(in_features=6400, out_features=512, bias=True)
    (11): ReLU()
    (12): Linear(in_features=512, out_features=256, bias=True)
    (13): ReLU()
    (14): Linear(in_features=256, out_features=10, bias=True)
  )
)
INFO:__main__:CHILD MODEL LOSS: 0.5072125473022461 with train time 76.37125182151794
INFO:__main__:CHILD MODEL ACCURACY: 0.8065
INFO:__main__:Policy gradient: 0.04010641574859619
INFO:__main__:
INFO:__main__:------ ITERATION 455 ------
INFO:__main__:Layers generated: [('128', '3', '2'), ('64', '3', '1'), ('128', '3', '0')]
INFO:__main__:ChildCNNModel(
  (model): Sequential(
    (0): Conv2d(3, 128, kernel_size=(3, 3), stride=(1, 1), padding=(2, 2))
    (1): ReLU()
    (2): MaxPool2d(kernel_size=2, stride=2, padding=0, dilation=1, ceil_mode=False)
    (3): Conv2d(128, 64, kernel_size=(3, 3), stride=(1, 1), padding=(1, 1))
    (4): ReLU()
    (5): MaxPool2d(kernel_size=2, stride=2, padding=0, dilation=1, ceil_mode=False)
    (6): Conv2d(64, 128, kernel_size=(3, 3), stride=(1, 1))
    (7): ReLU()
    (8): MaxPool2d(kernel_size=2, stride=2, padding=0, dilation=1, ceil_mode=False)
    (9): Flatten(start_dim=1, end_dim=-1)
    (10): Linear(in_features=1152, out_features=512, bias=True)
    (11): ReLU()
    (12): Linear(in_features=512, out_features=256, bias=True)
    (13): ReLU()
    (14): Linear(in_features=256, out_features=10, bias=True)
  )
)
INFO:__main__:CHILD MODEL LOSS: 0.6122862793207169 with train time 40.91529893875122
INFO:__main__:CHILD MODEL ACCURACY: 0.7956
INFO:__main__:Policy gradient: -0.0394335575401783
INFO:__main__:
INFO:__main__:------ ITERATION 456 ------
INFO:__main__:Layers generated: [('128', '3', '2'), ('256', '3', '2'), ('256', '3', '2')]
INFO:__main__:ChildCNNModel(
  (model): Sequential(
    (0): Conv2d(3, 128, kernel_size=(3, 3), stride=(1, 1), padding=(2, 2))
    (1): ReLU()
    (2): MaxPool2d(kernel_size=2, stride=2, padding=0, dilation=1, ceil_mode=False)
    (3): Conv2d(128, 256, kernel_size=(3, 3), stride=(1, 1), padding=(2, 2))
    (4): ReLU()
    (5): MaxPool2d(kernel_size=2, stride=2, padding=0, dilation=1, ceil_mode=False)
    (6): Conv2d(256, 256, kernel_size=(3, 3), stride=(1, 1), padding=(2, 2))
    (7): ReLU()
    (8): MaxPool2d(kernel_size=2, stride=2, padding=0, dilation=1, ceil_mode=False)
    (9): Flatten(start_dim=1, end_dim=-1)
    (10): Linear(in_features=6400, out_features=512, bias=True)
    (11): ReLU()
    (12): Linear(in_features=512, out_features=256, bias=True)
    (13): ReLU()
    (14): Linear(in_features=256, out_features=10, bias=True)
  )
)
INFO:__main__:CHILD MODEL LOSS: 0.539608304977417 with train time 81.57625699043274
INFO:__main__:CHILD MODEL ACCURACY: 0.8088
INFO:__main__:Policy gradient: 0.041967347264289856
INFO:__main__:
INFO:__main__:------ ITERATION 457 ------
INFO:__main__:Layers generated: [('256', '3', '2'), ('128', '3', '1'), ('128', '3', '1')]
INFO:__main__:ChildCNNModel(
  (model): Sequential(
    (0): Conv2d(3, 256, kernel_size=(3, 3), stride=(1, 1), padding=(2, 2))
    (1): ReLU()
    (2): MaxPool2d(kernel_size=2, stride=2, padding=0, dilation=1, ceil_mode=False)
    (3): Conv2d(256, 128, kernel_size=(3, 3), stride=(1, 1), padding=(1, 1))
    (4): ReLU()
    (5): MaxPool2d(kernel_size=2, stride=2, padding=0, dilation=1, ceil_mode=False)
    (6): Conv2d(128, 128, kernel_size=(3, 3), stride=(1, 1), padding=(1, 1))
    (7): ReLU()
    (8): MaxPool2d(kernel_size=2, stride=2, padding=0, dilation=1, ceil_mode=False)
    (9): Flatten(start_dim=1, end_dim=-1)
    (10): Linear(in_features=2048, out_features=512, bias=True)
    (11): ReLU()
    (12): Linear(in_features=512, out_features=256, bias=True)
    (13): ReLU()
    (14): Linear(in_features=256, out_features=10, bias=True)
  )
)
INFO:__main__:CHILD MODEL LOSS: 0.5521876922845841 with train time 74.59187054634094
INFO:__main__:CHILD MODEL ACCURACY: 0.8069
INFO:__main__:Policy gradient: 0.036248255521059036
INFO:__main__:
INFO:__main__:------ ITERATION 458 ------
INFO:__main__:Layers generated: [('64', '3', '2'), ('64', '3', '1'), ('128', '3', '2')]
INFO:__main__:ChildCNNModel(
  (model): Sequential(
    (0): Conv2d(3, 64, kernel_size=(3, 3), stride=(1, 1), padding=(2, 2))
    (1): ReLU()
    (2): MaxPool2d(kernel_size=2, stride=2, padding=0, dilation=1, ceil_mode=False)
    (3): Conv2d(64, 64, kernel_size=(3, 3), stride=(1, 1), padding=(1, 1))
    (4): ReLU()
    (5): MaxPool2d(kernel_size=2, stride=2, padding=0, dilation=1, ceil_mode=False)
    (6): Conv2d(64, 128, kernel_size=(3, 3), stride=(1, 1), padding=(2, 2))
    (7): ReLU()
    (8): MaxPool2d(kernel_size=2, stride=2, padding=0, dilation=1, ceil_mode=False)
    (9): Flatten(start_dim=1, end_dim=-1)
    (10): Linear(in_features=3200, out_features=512, bias=True)
    (11): ReLU()
    (12): Linear(in_features=512, out_features=256, bias=True)
    (13): ReLU()
    (14): Linear(in_features=256, out_features=10, bias=True)
  )
)
INFO:__main__:CHILD MODEL LOSS: 0.5688432173728943 with train time 35.20268535614014
INFO:__main__:CHILD MODEL ACCURACY: 0.7926
INFO:__main__:Policy gradient: -0.06323385238647461
INFO:__main__:
INFO:__main__:------ ITERATION 459 ------
INFO:__main__:Layers generated: [('256', '3', '2'), ('256', '3', '1'), ('64', '3', '2')]
INFO:__main__:ChildCNNModel(
  (model): Sequential(
    (0): Conv2d(3, 256, kernel_size=(3, 3), stride=(1, 1), padding=(2, 2))
    (1): ReLU()
    (2): MaxPool2d(kernel_size=2, stride=2, padding=0, dilation=1, ceil_mode=False)
    (3): Conv2d(256, 256, kernel_size=(3, 3), stride=(1, 1), padding=(1, 1))
    (4): ReLU()
    (5): MaxPool2d(kernel_size=2, stride=2, padding=0, dilation=1, ceil_mode=False)
    (6): Conv2d(256, 64, kernel_size=(3, 3), stride=(1, 1), padding=(2, 2))
    (7): ReLU()
    (8): MaxPool2d(kernel_size=2, stride=2, padding=0, dilation=1, ceil_mode=False)
    (9): Flatten(start_dim=1, end_dim=-1)
    (10): Linear(in_features=1600, out_features=512, bias=True)
    (11): ReLU()
    (12): Linear(in_features=512, out_features=256, bias=True)
    (13): ReLU()
    (14): Linear(in_features=256, out_features=10, bias=True)
  )
)
INFO:__main__:CHILD MODEL LOSS: 0.6001419203281403 with train time 93.26247596740723
INFO:__main__:CHILD MODEL ACCURACY: 0.7898
INFO:__main__:Policy gradient: -0.059036221355199814
INFO:__main__:
INFO:__main__:------ ITERATION 460 ------
INFO:__main__:Layers generated: [('256', '3', '2'), ('256', '3', '1'), ('256', '3', '2')]
INFO:__main__:ChildCNNModel(
  (model): Sequential(
    (0): Conv2d(3, 256, kernel_size=(3, 3), stride=(1, 1), padding=(2, 2))
    (1): ReLU()
    (2): MaxPool2d(kernel_size=2, stride=2, padding=0, dilation=1, ceil_mode=False)
    (3): Conv2d(256, 256, kernel_size=(3, 3), stride=(1, 1), padding=(1, 1))
    (4): ReLU()
    (5): MaxPool2d(kernel_size=2, stride=2, padding=0, dilation=1, ceil_mode=False)
    (6): Conv2d(256, 256, kernel_size=(3, 3), stride=(1, 1), padding=(2, 2))
    (7): ReLU()
    (8): MaxPool2d(kernel_size=2, stride=2, padding=0, dilation=1, ceil_mode=False)
    (9): Flatten(start_dim=1, end_dim=-1)
    (10): Linear(in_features=6400, out_features=512, bias=True)
    (11): ReLU()
    (12): Linear(in_features=512, out_features=256, bias=True)
    (13): ReLU()
    (14): Linear(in_features=256, out_features=10, bias=True)
  )
)
INFO:__main__:CHILD MODEL LOSS: 0.5726562457084656 with train time 104.88782858848572
INFO:__main__:CHILD MODEL ACCURACY: 0.7998
INFO:__main__:Policy gradient: 0.0023063700646162033
INFO:__main__:
INFO:__main__:------ ITERATION 461 ------
INFO:__main__:Layers generated: [('128', '5', '2'), ('128', '3', '1'), ('256', '3', '2')]
INFO:__main__:ChildCNNModel(
  (model): Sequential(
    (0): Conv2d(3, 128, kernel_size=(5, 5), stride=(1, 1), padding=(2, 2))
    (1): ReLU()
    (2): MaxPool2d(kernel_size=2, stride=2, padding=0, dilation=1, ceil_mode=False)
    (3): Conv2d(128, 128, kernel_size=(3, 3), stride=(1, 1), padding=(1, 1))
    (4): ReLU()
    (5): MaxPool2d(kernel_size=2, stride=2, padding=0, dilation=1, ceil_mode=False)
    (6): Conv2d(128, 256, kernel_size=(3, 3), stride=(1, 1), padding=(2, 2))
    (7): ReLU()
    (8): MaxPool2d(kernel_size=2, stride=2, padding=0, dilation=1, ceil_mode=False)
    (9): Flatten(start_dim=1, end_dim=-1)
    (10): Linear(in_features=6400, out_features=512, bias=True)
    (11): ReLU()
    (12): Linear(in_features=512, out_features=256, bias=True)
    (13): ReLU()
    (14): Linear(in_features=256, out_features=10, bias=True)
  )
)
INFO:__main__:CHILD MODEL LOSS: 0.5173283445835114 with train time 46.10089898109436
INFO:__main__:CHILD MODEL ACCURACY: 0.7965
INFO:__main__:Policy gradient: -0.022957755252718925
INFO:__main__:
INFO:__main__:------ ITERATION 462 ------
INFO:__main__:Layers generated: [('128', '3', '2'), ('256', '3', '2'), ('256', '3', '1')]
INFO:__main__:ChildCNNModel(
  (model): Sequential(
    (0): Conv2d(3, 128, kernel_size=(3, 3), stride=(1, 1), padding=(2, 2))
    (1): ReLU()
    (2): MaxPool2d(kernel_size=2, stride=2, padding=0, dilation=1, ceil_mode=False)
    (3): Conv2d(128, 256, kernel_size=(3, 3), stride=(1, 1), padding=(2, 2))
    (4): ReLU()
    (5): MaxPool2d(kernel_size=2, stride=2, padding=0, dilation=1, ceil_mode=False)
    (6): Conv2d(256, 256, kernel_size=(3, 3), stride=(1, 1), padding=(1, 1))
    (7): ReLU()
    (8): MaxPool2d(kernel_size=2, stride=2, padding=0, dilation=1, ceil_mode=False)
    (9): Flatten(start_dim=1, end_dim=-1)
    (10): Linear(in_features=4096, out_features=512, bias=True)
    (11): ReLU()
    (12): Linear(in_features=512, out_features=256, bias=True)
    (13): ReLU()
    (14): Linear(in_features=256, out_features=10, bias=True)
  )
)
INFO:__main__:CHILD MODEL LOSS: 0.5297730646133423 with train time 75.18382787704468
INFO:__main__:CHILD MODEL ACCURACY: 0.8183
INFO:__main__:Policy gradient: 0.08989810198545456
INFO:__main__:
INFO:__main__:------ ITERATION 463 ------
INFO:__main__:Layers generated: [('128', '3', '2'), ('256', '3', '1'), ('256', '3', '2')]
INFO:__main__:ChildCNNModel(
  (model): Sequential(
    (0): Conv2d(3, 128, kernel_size=(3, 3), stride=(1, 1), padding=(2, 2))
    (1): ReLU()
    (2): MaxPool2d(kernel_size=2, stride=2, padding=0, dilation=1, ceil_mode=False)
    (3): Conv2d(128, 256, kernel_size=(3, 3), stride=(1, 1), padding=(1, 1))
    (4): ReLU()
    (5): MaxPool2d(kernel_size=2, stride=2, padding=0, dilation=1, ceil_mode=False)
    (6): Conv2d(256, 256, kernel_size=(3, 3), stride=(1, 1), padding=(2, 2))
    (7): ReLU()
    (8): MaxPool2d(kernel_size=2, stride=2, padding=0, dilation=1, ceil_mode=False)
    (9): Flatten(start_dim=1, end_dim=-1)
    (10): Linear(in_features=6400, out_features=512, bias=True)
    (11): ReLU()
    (12): Linear(in_features=512, out_features=256, bias=True)
    (13): ReLU()
    (14): Linear(in_features=256, out_features=10, bias=True)
  )
)
INFO:__main__:CHILD MODEL LOSS: 0.49595342767238615 with train time 67.18910551071167
INFO:__main__:CHILD MODEL ACCURACY: 0.8172
INFO:__main__:Policy gradient: 0.07752025872468948
INFO:__main__:
INFO:__main__:------ ITERATION 464 ------
INFO:__main__:Layers generated: [('128', '3', '2'), ('16', '3', '2'), ('256', '3', '0')]
INFO:__main__:ChildCNNModel(
  (model): Sequential(
    (0): Conv2d(3, 128, kernel_size=(3, 3), stride=(1, 1), padding=(2, 2))
    (1): ReLU()
    (2): MaxPool2d(kernel_size=2, stride=2, padding=0, dilation=1, ceil_mode=False)
    (3): Conv2d(128, 16, kernel_size=(3, 3), stride=(1, 1), padding=(2, 2))
    (4): ReLU()
    (5): MaxPool2d(kernel_size=2, stride=2, padding=0, dilation=1, ceil_mode=False)
    (6): Conv2d(16, 256, kernel_size=(3, 3), stride=(1, 1))
    (7): ReLU()
    (8): MaxPool2d(kernel_size=2, stride=2, padding=0, dilation=1, ceil_mode=False)
    (9): Flatten(start_dim=1, end_dim=-1)
    (10): Linear(in_features=2304, out_features=512, bias=True)
    (11): ReLU()
    (12): Linear(in_features=512, out_features=256, bias=True)
    (13): ReLU()
    (14): Linear(in_features=256, out_features=10, bias=True)
  )
)
INFO:__main__:CHILD MODEL LOSS: 0.6489994295835495 with train time 39.78782510757446
INFO:__main__:CHILD MODEL ACCURACY: 0.783
INFO:__main__:Policy gradient: -0.19067569077014923
INFO:__main__:
INFO:__main__:------ ITERATION 465 ------
INFO:__main__:Layers generated: [('128', '3', '0'), ('128', '3', '2'), ('128', '3', '1')]
INFO:__main__:ChildCNNModel(
  (model): Sequential(
    (0): Conv2d(3, 128, kernel_size=(3, 3), stride=(1, 1))
    (1): ReLU()
    (2): MaxPool2d(kernel_size=2, stride=2, padding=0, dilation=1, ceil_mode=False)
    (3): Conv2d(128, 128, kernel_size=(3, 3), stride=(1, 1), padding=(2, 2))
    (4): ReLU()
    (5): MaxPool2d(kernel_size=2, stride=2, padding=0, dilation=1, ceil_mode=False)
    (6): Conv2d(128, 128, kernel_size=(3, 3), stride=(1, 1), padding=(1, 1))
    (7): ReLU()
    (8): MaxPool2d(kernel_size=2, stride=2, padding=0, dilation=1, ceil_mode=False)
    (9): Flatten(start_dim=1, end_dim=-1)
    (10): Linear(in_features=2048, out_features=512, bias=True)
    (11): ReLU()
    (12): Linear(in_features=512, out_features=256, bias=True)
    (13): ReLU()
    (14): Linear(in_features=256, out_features=10, bias=True)
  )
)
INFO:__main__:CHILD MODEL LOSS: 0.5443275165557862 with train time 40.99775266647339
INFO:__main__:CHILD MODEL ACCURACY: 0.8095
INFO:__main__:Policy gradient: 0.07661014050245285
INFO:__main__:
INFO:__main__:------ ITERATION 466 ------
INFO:__main__:Layers generated: [('64', '3', '2'), ('256', '3', '2'), ('128', '5', '1')]
INFO:__main__:ChildCNNModel(
  (model): Sequential(
    (0): Conv2d(3, 64, kernel_size=(3, 3), stride=(1, 1), padding=(2, 2))
    (1): ReLU()
    (2): MaxPool2d(kernel_size=2, stride=2, padding=0, dilation=1, ceil_mode=False)
    (3): Conv2d(64, 256, kernel_size=(3, 3), stride=(1, 1), padding=(2, 2))
    (4): ReLU()
    (5): MaxPool2d(kernel_size=2, stride=2, padding=0, dilation=1, ceil_mode=False)
    (6): Conv2d(256, 128, kernel_size=(5, 5), stride=(1, 1), padding=(1, 1))
    (7): ReLU()
    (8): MaxPool2d(kernel_size=2, stride=2, padding=0, dilation=1, ceil_mode=False)
    (9): Flatten(start_dim=1, end_dim=-1)
    (10): Linear(in_features=1152, out_features=512, bias=True)
    (11): ReLU()
    (12): Linear(in_features=512, out_features=256, bias=True)
    (13): ReLU()
    (14): Linear(in_features=256, out_features=10, bias=True)
  )
)
INFO:__main__:CHILD MODEL LOSS: 0.6314521284103394 with train time 51.73054480552673
INFO:__main__:CHILD MODEL ACCURACY: 0.7763
INFO:__main__:Policy gradient: -0.22024385631084442
INFO:__main__:
INFO:__main__:------ ITERATION 467 ------
INFO:__main__:Layers generated: [('256', '3', '2'), ('128', '5', '2'), ('256', '3', '1')]
INFO:__main__:ChildCNNModel(
  (model): Sequential(
    (0): Conv2d(3, 256, kernel_size=(3, 3), stride=(1, 1), padding=(2, 2))
    (1): ReLU()
    (2): MaxPool2d(kernel_size=2, stride=2, padding=0, dilation=1, ceil_mode=False)
    (3): Conv2d(256, 128, kernel_size=(5, 5), stride=(1, 1), padding=(2, 2))
    (4): ReLU()
    (5): MaxPool2d(kernel_size=2, stride=2, padding=0, dilation=1, ceil_mode=False)
    (6): Conv2d(128, 256, kernel_size=(3, 3), stride=(1, 1), padding=(1, 1))
    (7): ReLU()
    (8): MaxPool2d(kernel_size=2, stride=2, padding=0, dilation=1, ceil_mode=False)
    (9): Flatten(start_dim=1, end_dim=-1)
    (10): Linear(in_features=4096, out_features=512, bias=True)
    (11): ReLU()
    (12): Linear(in_features=512, out_features=256, bias=True)
    (13): ReLU()
    (14): Linear(in_features=256, out_features=10, bias=True)
  )
)
INFO:__main__:CHILD MODEL LOSS: 0.6290134786367416 with train time 101.99752235412598
INFO:__main__:CHILD MODEL ACCURACY: 0.7711
INFO:__main__:Policy gradient: -0.21685652434825897
INFO:__main__:
INFO:__main__:------ ITERATION 468 ------
INFO:__main__:Layers generated: [('256', '3', '2'), ('256', '5', '2'), ('256', '3', '2')]
INFO:__main__:ChildCNNModel(
  (model): Sequential(
    (0): Conv2d(3, 256, kernel_size=(3, 3), stride=(1, 1), padding=(2, 2))
    (1): ReLU()
    (2): MaxPool2d(kernel_size=2, stride=2, padding=0, dilation=1, ceil_mode=False)
    (3): Conv2d(256, 256, kernel_size=(5, 5), stride=(1, 1), padding=(2, 2))
    (4): ReLU()
    (5): MaxPool2d(kernel_size=2, stride=2, padding=0, dilation=1, ceil_mode=False)
    (6): Conv2d(256, 256, kernel_size=(3, 3), stride=(1, 1), padding=(2, 2))
    (7): ReLU()
    (8): MaxPool2d(kernel_size=2, stride=2, padding=0, dilation=1, ceil_mode=False)
    (9): Flatten(start_dim=1, end_dim=-1)
    (10): Linear(in_features=6400, out_features=512, bias=True)
    (11): ReLU()
    (12): Linear(in_features=512, out_features=256, bias=True)
    (13): ReLU()
    (14): Linear(in_features=256, out_features=10, bias=True)
  )
)
INFO:__main__:CHILD MODEL LOSS: 0.5814046598672867 with train time 149.88293075561523
INFO:__main__:CHILD MODEL ACCURACY: 0.7952
INFO:__main__:Policy gradient: -0.006756267044693232
INFO:__main__:
INFO:__main__:------ ITERATION 469 ------
INFO:__main__:Layers generated: [('128', '3', '2'), ('128', '3', '1'), ('256', '3', '2')]
INFO:__main__:ChildCNNModel(
  (model): Sequential(
    (0): Conv2d(3, 128, kernel_size=(3, 3), stride=(1, 1), padding=(2, 2))
    (1): ReLU()
    (2): MaxPool2d(kernel_size=2, stride=2, padding=0, dilation=1, ceil_mode=False)
    (3): Conv2d(128, 128, kernel_size=(3, 3), stride=(1, 1), padding=(1, 1))
    (4): ReLU()
    (5): MaxPool2d(kernel_size=2, stride=2, padding=0, dilation=1, ceil_mode=False)
    (6): Conv2d(128, 256, kernel_size=(3, 3), stride=(1, 1), padding=(2, 2))
    (7): ReLU()
    (8): MaxPool2d(kernel_size=2, stride=2, padding=0, dilation=1, ceil_mode=False)
    (9): Flatten(start_dim=1, end_dim=-1)
    (10): Linear(in_features=6400, out_features=512, bias=True)
    (11): ReLU()
    (12): Linear(in_features=512, out_features=256, bias=True)
    (13): ReLU()
    (14): Linear(in_features=256, out_features=10, bias=True)
  )
)
INFO:__main__:CHILD MODEL LOSS: 0.5413654812574387 with train time 50.096240282058716
INFO:__main__:CHILD MODEL ACCURACY: 0.8116
INFO:__main__:Policy gradient: 0.08424195647239685
INFO:__main__:
INFO:__main__:------ ITERATION 470 ------
INFO:__main__:Layers generated: [('256', '3', '2'), ('128', '3', '1'), ('256', '1', '1')]
INFO:__main__:ChildCNNModel(
  (model): Sequential(
    (0): Conv2d(3, 256, kernel_size=(3, 3), stride=(1, 1), padding=(2, 2))
    (1): ReLU()
    (2): MaxPool2d(kernel_size=2, stride=2, padding=0, dilation=1, ceil_mode=False)
    (3): Conv2d(256, 128, kernel_size=(3, 3), stride=(1, 1), padding=(1, 1))
    (4): ReLU()
    (5): MaxPool2d(kernel_size=2, stride=2, padding=0, dilation=1, ceil_mode=False)
    (6): Conv2d(128, 256, kernel_size=(1, 1), stride=(1, 1), padding=(1, 1))
    (7): ReLU()
    (8): MaxPool2d(kernel_size=2, stride=2, padding=0, dilation=1, ceil_mode=False)
    (9): Flatten(start_dim=1, end_dim=-1)
    (10): Linear(in_features=6400, out_features=512, bias=True)
    (11): ReLU()
    (12): Linear(in_features=512, out_features=256, bias=True)
    (13): ReLU()
    (14): Linear(in_features=256, out_features=10, bias=True)
  )
)
INFO:__main__:CHILD MODEL LOSS: 0.5987407519817353 with train time 78.79303908348083
INFO:__main__:CHILD MODEL ACCURACY: 0.7905
INFO:__main__:Policy gradient: -0.06263186782598495
INFO:__main__:
INFO:__main__:------ ITERATION 471 ------
INFO:__main__:Layers generated: [('128', '3', '2'), ('256', '3', '2'), ('128', '3', '1')]
INFO:__main__:ChildCNNModel(
  (model): Sequential(
    (0): Conv2d(3, 128, kernel_size=(3, 3), stride=(1, 1), padding=(2, 2))
    (1): ReLU()
    (2): MaxPool2d(kernel_size=2, stride=2, padding=0, dilation=1, ceil_mode=False)
    (3): Conv2d(128, 256, kernel_size=(3, 3), stride=(1, 1), padding=(2, 2))
    (4): ReLU()
    (5): MaxPool2d(kernel_size=2, stride=2, padding=0, dilation=1, ceil_mode=False)
    (6): Conv2d(256, 128, kernel_size=(3, 3), stride=(1, 1), padding=(1, 1))
    (7): ReLU()
    (8): MaxPool2d(kernel_size=2, stride=2, padding=0, dilation=1, ceil_mode=False)
    (9): Flatten(start_dim=1, end_dim=-1)
    (10): Linear(in_features=2048, out_features=512, bias=True)
    (11): ReLU()
    (12): Linear(in_features=512, out_features=256, bias=True)
    (13): ReLU()
    (14): Linear(in_features=256, out_features=10, bias=True)
  )
)
INFO:__main__:CHILD MODEL LOSS: 0.5772515765428543 with train time 69.67500329017639
INFO:__main__:CHILD MODEL ACCURACY: 0.8005
INFO:__main__:Policy gradient: 0.01926513947546482
INFO:__main__:
INFO:__main__:------ ITERATION 472 ------
INFO:__main__:Layers generated: [('64', '3', '2'), ('256', '3', '1'), ('256', '3', '1')]
INFO:__main__:ChildCNNModel(
  (model): Sequential(
    (0): Conv2d(3, 64, kernel_size=(3, 3), stride=(1, 1), padding=(2, 2))
    (1): ReLU()
    (2): MaxPool2d(kernel_size=2, stride=2, padding=0, dilation=1, ceil_mode=False)
    (3): Conv2d(64, 256, kernel_size=(3, 3), stride=(1, 1), padding=(1, 1))
    (4): ReLU()
    (5): MaxPool2d(kernel_size=2, stride=2, padding=0, dilation=1, ceil_mode=False)
    (6): Conv2d(256, 256, kernel_size=(3, 3), stride=(1, 1), padding=(1, 1))
    (7): ReLU()
    (8): MaxPool2d(kernel_size=2, stride=2, padding=0, dilation=1, ceil_mode=False)
    (9): Flatten(start_dim=1, end_dim=-1)
    (10): Linear(in_features=4096, out_features=512, bias=True)
    (11): ReLU()
    (12): Linear(in_features=512, out_features=256, bias=True)
    (13): ReLU()
    (14): Linear(in_features=256, out_features=10, bias=True)
  )
)
INFO:__main__:CHILD MODEL LOSS: 0.5036603325605392 with train time 44.04807114601135
INFO:__main__:CHILD MODEL ACCURACY: 0.8122
INFO:__main__:Policy gradient: 0.08192027360200882
INFO:__main__:
INFO:__main__:------ ITERATION 473 ------
INFO:__main__:Layers generated: [('256', '3', '2'), ('256', '3', '1'), ('128', '5', '2')]
INFO:__main__:ChildCNNModel(
  (model): Sequential(
    (0): Conv2d(3, 256, kernel_size=(3, 3), stride=(1, 1), padding=(2, 2))
    (1): ReLU()
    (2): MaxPool2d(kernel_size=2, stride=2, padding=0, dilation=1, ceil_mode=False)
    (3): Conv2d(256, 256, kernel_size=(3, 3), stride=(1, 1), padding=(1, 1))
    (4): ReLU()
    (5): MaxPool2d(kernel_size=2, stride=2, padding=0, dilation=1, ceil_mode=False)
    (6): Conv2d(256, 128, kernel_size=(5, 5), stride=(1, 1), padding=(2, 2))
    (7): ReLU()
    (8): MaxPool2d(kernel_size=2, stride=2, padding=0, dilation=1, ceil_mode=False)
    (9): Flatten(start_dim=1, end_dim=-1)
    (10): Linear(in_features=2048, out_features=512, bias=True)
    (11): ReLU()
    (12): Linear(in_features=512, out_features=256, bias=True)
    (13): ReLU()
    (14): Linear(in_features=256, out_features=10, bias=True)
  )
)
INFO:__main__:CHILD MODEL LOSS: 0.5876754032373428 with train time 99.68730473518372
INFO:__main__:CHILD MODEL ACCURACY: 0.796
INFO:__main__:Policy gradient: -0.020659197121858597
INFO:__main__:
INFO:__main__:------ ITERATION 474 ------
INFO:__main__:Layers generated: [('256', '3', '2'), ('256', '3', '1'), ('128', '3', '2')]
INFO:__main__:ChildCNNModel(
  (model): Sequential(
    (0): Conv2d(3, 256, kernel_size=(3, 3), stride=(1, 1), padding=(2, 2))
    (1): ReLU()
    (2): MaxPool2d(kernel_size=2, stride=2, padding=0, dilation=1, ceil_mode=False)
    (3): Conv2d(256, 256, kernel_size=(3, 3), stride=(1, 1), padding=(1, 1))
    (4): ReLU()
    (5): MaxPool2d(kernel_size=2, stride=2, padding=0, dilation=1, ceil_mode=False)
    (6): Conv2d(256, 128, kernel_size=(3, 3), stride=(1, 1), padding=(2, 2))
    (7): ReLU()
    (8): MaxPool2d(kernel_size=2, stride=2, padding=0, dilation=1, ceil_mode=False)
    (9): Flatten(start_dim=1, end_dim=-1)
    (10): Linear(in_features=3200, out_features=512, bias=True)
    (11): ReLU()
    (12): Linear(in_features=512, out_features=256, bias=True)
    (13): ReLU()
    (14): Linear(in_features=256, out_features=10, bias=True)
  )
)
INFO:__main__:CHILD MODEL LOSS: 0.5630645792484283 with train time 96.5218734741211
INFO:__main__:CHILD MODEL ACCURACY: 0.8007
INFO:__main__:Policy gradient: 0.010432327166199684
INFO:__main__:
INFO:__main__:------ ITERATION 475 ------
INFO:__main__:Layers generated: [('64', '3', '2'), ('256', '3', '0'), ('128', '3', '1')]
INFO:__main__:ChildCNNModel(
  (model): Sequential(
    (0): Conv2d(3, 64, kernel_size=(3, 3), stride=(1, 1), padding=(2, 2))
    (1): ReLU()
    (2): MaxPool2d(kernel_size=2, stride=2, padding=0, dilation=1, ceil_mode=False)
    (3): Conv2d(64, 256, kernel_size=(3, 3), stride=(1, 1))
    (4): ReLU()
    (5): MaxPool2d(kernel_size=2, stride=2, padding=0, dilation=1, ceil_mode=False)
    (6): Conv2d(256, 128, kernel_size=(3, 3), stride=(1, 1), padding=(1, 1))
    (7): ReLU()
    (8): MaxPool2d(kernel_size=2, stride=2, padding=0, dilation=1, ceil_mode=False)
    (9): Flatten(start_dim=1, end_dim=-1)
    (10): Linear(in_features=1152, out_features=512, bias=True)
    (11): ReLU()
    (12): Linear(in_features=512, out_features=256, bias=True)
    (13): ReLU()
    (14): Linear(in_features=256, out_features=10, bias=True)
  )
)
INFO:__main__:CHILD MODEL LOSS: 0.5658989562988281 with train time 39.28516936302185
INFO:__main__:CHILD MODEL ACCURACY: 0.8071
INFO:__main__:Policy gradient: 0.06554751843214035
INFO:__main__:
INFO:__main__:------ ITERATION 476 ------
INFO:__main__:Layers generated: [('64', '3', '0'), ('256', '3', '1'), ('128', '3', '2')]
INFO:__main__:ChildCNNModel(
  (model): Sequential(
    (0): Conv2d(3, 64, kernel_size=(3, 3), stride=(1, 1))
    (1): ReLU()
    (2): MaxPool2d(kernel_size=2, stride=2, padding=0, dilation=1, ceil_mode=False)
    (3): Conv2d(64, 256, kernel_size=(3, 3), stride=(1, 1), padding=(1, 1))
    (4): ReLU()
    (5): MaxPool2d(kernel_size=2, stride=2, padding=0, dilation=1, ceil_mode=False)
    (6): Conv2d(256, 128, kernel_size=(3, 3), stride=(1, 1), padding=(2, 2))
    (7): ReLU()
    (8): MaxPool2d(kernel_size=2, stride=2, padding=0, dilation=1, ceil_mode=False)
    (9): Flatten(start_dim=1, end_dim=-1)
    (10): Linear(in_features=2048, out_features=512, bias=True)
    (11): ReLU()
    (12): Linear(in_features=512, out_features=256, bias=True)
    (13): ReLU()
    (14): Linear(in_features=256, out_features=10, bias=True)
  )
)
INFO:__main__:CHILD MODEL LOSS: 0.5656493391990661 with train time 38.90505313873291
INFO:__main__:CHILD MODEL ACCURACY: 0.7992
INFO:__main__:Policy gradient: -0.0030080873984843493
INFO:__main__:
INFO:__main__:------ ITERATION 477 ------
INFO:__main__:Layers generated: [('256', '1', '1'), ('64', '5', '2'), ('256', '3', '1')]
INFO:__main__:ChildCNNModel(
  (model): Sequential(
    (0): Conv2d(3, 256, kernel_size=(1, 1), stride=(1, 1), padding=(1, 1))
    (1): ReLU()
    (2): MaxPool2d(kernel_size=2, stride=2, padding=0, dilation=1, ceil_mode=False)
    (3): Conv2d(256, 64, kernel_size=(5, 5), stride=(1, 1), padding=(2, 2))
    (4): ReLU()
    (5): MaxPool2d(kernel_size=2, stride=2, padding=0, dilation=1, ceil_mode=False)
    (6): Conv2d(64, 256, kernel_size=(3, 3), stride=(1, 1), padding=(1, 1))
    (7): ReLU()
    (8): MaxPool2d(kernel_size=2, stride=2, padding=0, dilation=1, ceil_mode=False)
    (9): Flatten(start_dim=1, end_dim=-1)
    (10): Linear(in_features=4096, out_features=512, bias=True)
    (11): ReLU()
    (12): Linear(in_features=512, out_features=256, bias=True)
    (13): ReLU()
    (14): Linear(in_features=256, out_features=10, bias=True)
  )
)
INFO:__main__:CHILD MODEL LOSS: 0.9180667808055878 with train time 83.89786911010742
INFO:__main__:CHILD MODEL ACCURACY: 0.6738
INFO:__main__:Policy gradient: -1.6989762783050537
INFO:__main__:
INFO:__main__:------ ITERATION 478 ------
INFO:__main__:Layers generated: [('256', '3', '2'), ('256', '3', '2'), ('16', '3', '2')]
INFO:__main__:ChildCNNModel(
  (model): Sequential(
    (0): Conv2d(3, 256, kernel_size=(3, 3), stride=(1, 1), padding=(2, 2))
    (1): ReLU()
    (2): MaxPool2d(kernel_size=2, stride=2, padding=0, dilation=1, ceil_mode=False)
    (3): Conv2d(256, 256, kernel_size=(3, 3), stride=(1, 1), padding=(2, 2))
    (4): ReLU()
    (5): MaxPool2d(kernel_size=2, stride=2, padding=0, dilation=1, ceil_mode=False)
    (6): Conv2d(256, 16, kernel_size=(3, 3), stride=(1, 1), padding=(2, 2))
    (7): ReLU()
    (8): MaxPool2d(kernel_size=2, stride=2, padding=0, dilation=1, ceil_mode=False)
    (9): Flatten(start_dim=1, end_dim=-1)
    (10): Linear(in_features=400, out_features=512, bias=True)
    (11): ReLU()
    (12): Linear(in_features=512, out_features=256, bias=True)
    (13): ReLU()
    (14): Linear(in_features=256, out_features=10, bias=True)
  )
)
INFO:__main__:CHILD MODEL LOSS: 0.6867077294588089 with train time 98.0656750202179
INFO:__main__:CHILD MODEL ACCURACY: 0.7572
INFO:__main__:Policy gradient: -0.2120581716299057
INFO:__main__:
INFO:__main__:------ ITERATION 479 ------
INFO:__main__:Layers generated: [('256', '3', '1'), ('256', '3', '2'), ('256', '3', '1')]
INFO:__main__:ChildCNNModel(
  (model): Sequential(
    (0): Conv2d(3, 256, kernel_size=(3, 3), stride=(1, 1), padding=(1, 1))
    (1): ReLU()
    (2): MaxPool2d(kernel_size=2, stride=2, padding=0, dilation=1, ceil_mode=False)
    (3): Conv2d(256, 256, kernel_size=(3, 3), stride=(1, 1), padding=(2, 2))
    (4): ReLU()
    (5): MaxPool2d(kernel_size=2, stride=2, padding=0, dilation=1, ceil_mode=False)
    (6): Conv2d(256, 256, kernel_size=(3, 3), stride=(1, 1), padding=(1, 1))
    (7): ReLU()
    (8): MaxPool2d(kernel_size=2, stride=2, padding=0, dilation=1, ceil_mode=False)
    (9): Flatten(start_dim=1, end_dim=-1)
    (10): Linear(in_features=4096, out_features=512, bias=True)
    (11): ReLU()
    (12): Linear(in_features=512, out_features=256, bias=True)
    (13): ReLU()
    (14): Linear(in_features=256, out_features=10, bias=True)
  )
)
INFO:__main__:CHILD MODEL LOSS: 0.5488659341335297 with train time 97.79539704322815
INFO:__main__:CHILD MODEL ACCURACY: 0.8054
INFO:__main__:Policy gradient: 0.10995209217071533
INFO:__main__:
INFO:__main__:------ ITERATION 480 ------
INFO:__main__:Layers generated: [('256', '3', '2'), ('256', '3', '1'), ('128', '3', '1')]
INFO:__main__:ChildCNNModel(
  (model): Sequential(
    (0): Conv2d(3, 256, kernel_size=(3, 3), stride=(1, 1), padding=(2, 2))
    (1): ReLU()
    (2): MaxPool2d(kernel_size=2, stride=2, padding=0, dilation=1, ceil_mode=False)
    (3): Conv2d(256, 256, kernel_size=(3, 3), stride=(1, 1), padding=(1, 1))
    (4): ReLU()
    (5): MaxPool2d(kernel_size=2, stride=2, padding=0, dilation=1, ceil_mode=False)
    (6): Conv2d(256, 128, kernel_size=(3, 3), stride=(1, 1), padding=(1, 1))
    (7): ReLU()
    (8): MaxPool2d(kernel_size=2, stride=2, padding=0, dilation=1, ceil_mode=False)
    (9): Flatten(start_dim=1, end_dim=-1)
    (10): Linear(in_features=2048, out_features=512, bias=True)
    (11): ReLU()
    (12): Linear(in_features=512, out_features=256, bias=True)
    (13): ReLU()
    (14): Linear(in_features=256, out_features=10, bias=True)
  )
)
INFO:__main__:CHILD MODEL LOSS: 0.5617274825572968 with train time 94.50128674507141
INFO:__main__:CHILD MODEL ACCURACY: 0.8076
INFO:__main__:Policy gradient: 0.10531022399663925
INFO:__main__:
INFO:__main__:------ ITERATION 481 ------
INFO:__main__:Layers generated: [('16', '3', '2'), ('128', '3', '2'), ('256', '3', '1')]
INFO:__main__:ChildCNNModel(
  (model): Sequential(
    (0): Conv2d(3, 16, kernel_size=(3, 3), stride=(1, 1), padding=(2, 2))
    (1): ReLU()
    (2): MaxPool2d(kernel_size=2, stride=2, padding=0, dilation=1, ceil_mode=False)
    (3): Conv2d(16, 128, kernel_size=(3, 3), stride=(1, 1), padding=(2, 2))
    (4): ReLU()
    (5): MaxPool2d(kernel_size=2, stride=2, padding=0, dilation=1, ceil_mode=False)
    (6): Conv2d(128, 256, kernel_size=(3, 3), stride=(1, 1), padding=(1, 1))
    (7): ReLU()
    (8): MaxPool2d(kernel_size=2, stride=2, padding=0, dilation=1, ceil_mode=False)
    (9): Flatten(start_dim=1, end_dim=-1)
    (10): Linear(in_features=4096, out_features=512, bias=True)
    (11): ReLU()
    (12): Linear(in_features=512, out_features=256, bias=True)
    (13): ReLU()
    (14): Linear(in_features=256, out_features=10, bias=True)
  )
)
INFO:__main__:CHILD MODEL LOSS: 0.5759805499315261 with train time 34.37629818916321
INFO:__main__:CHILD MODEL ACCURACY: 0.7998
INFO:__main__:Policy gradient: 0.08089492470026016
INFO:__main__:
INFO:__main__:------ ITERATION 482 ------
INFO:__main__:Layers generated: [('128', '3', '0'), ('256', '3', '1'), ('256', '5', '1')]
INFO:__main__:ChildCNNModel(
  (model): Sequential(
    (0): Conv2d(3, 128, kernel_size=(3, 3), stride=(1, 1))
    (1): ReLU()
    (2): MaxPool2d(kernel_size=2, stride=2, padding=0, dilation=1, ceil_mode=False)
    (3): Conv2d(128, 256, kernel_size=(3, 3), stride=(1, 1), padding=(1, 1))
    (4): ReLU()
    (5): MaxPool2d(kernel_size=2, stride=2, padding=0, dilation=1, ceil_mode=False)
    (6): Conv2d(256, 256, kernel_size=(5, 5), stride=(1, 1), padding=(1, 1))
    (7): ReLU()
    (8): MaxPool2d(kernel_size=2, stride=2, padding=0, dilation=1, ceil_mode=False)
    (9): Flatten(start_dim=1, end_dim=-1)
    (10): Linear(in_features=1024, out_features=512, bias=True)
    (11): ReLU()
    (12): Linear(in_features=512, out_features=256, bias=True)
    (13): ReLU()
    (14): Linear(in_features=256, out_features=10, bias=True)
  )
)
INFO:__main__:CHILD MODEL LOSS: 0.531643655538559 with train time 51.883891344070435
INFO:__main__:CHILD MODEL ACCURACY: 0.8094
INFO:__main__:Policy gradient: 0.20045773684978485
INFO:__main__:
INFO:__main__:------ ITERATION 483 ------
INFO:__main__:Layers generated: [('64', '3', '2'), ('256', '3', '1'), ('64', '3', '1')]
INFO:__main__:ChildCNNModel(
  (model): Sequential(
    (0): Conv2d(3, 64, kernel_size=(3, 3), stride=(1, 1), padding=(2, 2))
    (1): ReLU()
    (2): MaxPool2d(kernel_size=2, stride=2, padding=0, dilation=1, ceil_mode=False)
    (3): Conv2d(64, 256, kernel_size=(3, 3), stride=(1, 1), padding=(1, 1))
    (4): ReLU()
    (5): MaxPool2d(kernel_size=2, stride=2, padding=0, dilation=1, ceil_mode=False)
    (6): Conv2d(256, 64, kernel_size=(3, 3), stride=(1, 1), padding=(1, 1))
    (7): ReLU()
    (8): MaxPool2d(kernel_size=2, stride=2, padding=0, dilation=1, ceil_mode=False)
    (9): Flatten(start_dim=1, end_dim=-1)
    (10): Linear(in_features=1024, out_features=512, bias=True)
    (11): ReLU()
    (12): Linear(in_features=512, out_features=256, bias=True)
    (13): ReLU()
    (14): Linear(in_features=256, out_features=10, bias=True)
  )
)
INFO:__main__:CHILD MODEL LOSS: 0.612204341173172 with train time 40.86862015724182
INFO:__main__:CHILD MODEL ACCURACY: 0.7946
INFO:__main__:Policy gradient: 0.0223816130310297
INFO:__main__:
INFO:__main__:------ ITERATION 484 ------
INFO:__main__:Layers generated: [('256', '3', '1'), ('256', '3', '2'), ('256', '1', '2')]
INFO:__main__:ChildCNNModel(
  (model): Sequential(
    (0): Conv2d(3, 256, kernel_size=(3, 3), stride=(1, 1), padding=(1, 1))
    (1): ReLU()
    (2): MaxPool2d(kernel_size=2, stride=2, padding=0, dilation=1, ceil_mode=False)
    (3): Conv2d(256, 256, kernel_size=(3, 3), stride=(1, 1), padding=(2, 2))
    (4): ReLU()
    (5): MaxPool2d(kernel_size=2, stride=2, padding=0, dilation=1, ceil_mode=False)
    (6): Conv2d(256, 256, kernel_size=(1, 1), stride=(1, 1), padding=(2, 2))
    (7): ReLU()
    (8): MaxPool2d(kernel_size=2, stride=2, padding=0, dilation=1, ceil_mode=False)
    (9): Flatten(start_dim=1, end_dim=-1)
    (10): Linear(in_features=9216, out_features=512, bias=True)
    (11): ReLU()
    (12): Linear(in_features=512, out_features=256, bias=True)
    (13): ReLU()
    (14): Linear(in_features=256, out_features=10, bias=True)
  )
)
INFO:__main__:CHILD MODEL LOSS: 0.5653175194263458 with train time 98.53002262115479
INFO:__main__:CHILD MODEL ACCURACY: 0.801
INFO:__main__:Policy gradient: 0.08289184421300888
INFO:__main__:
INFO:__main__:------ ITERATION 485 ------
INFO:__main__:Layers generated: [('64', '3', '2'), ('256', '3', '1'), ('128', '3', '2')]
INFO:__main__:ChildCNNModel(
  (model): Sequential(
    (0): Conv2d(3, 64, kernel_size=(3, 3), stride=(1, 1), padding=(2, 2))
    (1): ReLU()
    (2): MaxPool2d(kernel_size=2, stride=2, padding=0, dilation=1, ceil_mode=False)
    (3): Conv2d(64, 256, kernel_size=(3, 3), stride=(1, 1), padding=(1, 1))
    (4): ReLU()
    (5): MaxPool2d(kernel_size=2, stride=2, padding=0, dilation=1, ceil_mode=False)
    (6): Conv2d(256, 128, kernel_size=(3, 3), stride=(1, 1), padding=(2, 2))
    (7): ReLU()
    (8): MaxPool2d(kernel_size=2, stride=2, padding=0, dilation=1, ceil_mode=False)
    (9): Flatten(start_dim=1, end_dim=-1)
    (10): Linear(in_features=3200, out_features=512, bias=True)
    (11): ReLU()
    (12): Linear(in_features=512, out_features=256, bias=True)
    (13): ReLU()
    (14): Linear(in_features=256, out_features=10, bias=True)
  )
)
INFO:__main__:CHILD MODEL LOSS: 0.5361168279647827 with train time 42.534842014312744
INFO:__main__:CHILD MODEL ACCURACY: 0.8024
INFO:__main__:Policy gradient: 0.057517003268003464
INFO:__main__:
INFO:__main__:------ ITERATION 486 ------
INFO:__main__:Layers generated: [('128', '5', '1'), ('128', '3', '2'), ('128', '3', '1')]
INFO:__main__:ChildCNNModel(
  (model): Sequential(
    (0): Conv2d(3, 128, kernel_size=(5, 5), stride=(1, 1), padding=(1, 1))
    (1): ReLU()
    (2): MaxPool2d(kernel_size=2, stride=2, padding=0, dilation=1, ceil_mode=False)
    (3): Conv2d(128, 128, kernel_size=(3, 3), stride=(1, 1), padding=(2, 2))
    (4): ReLU()
    (5): MaxPool2d(kernel_size=2, stride=2, padding=0, dilation=1, ceil_mode=False)
    (6): Conv2d(128, 128, kernel_size=(3, 3), stride=(1, 1), padding=(1, 1))
    (7): ReLU()
    (8): MaxPool2d(kernel_size=2, stride=2, padding=0, dilation=1, ceil_mode=False)
    (9): Flatten(start_dim=1, end_dim=-1)
    (10): Linear(in_features=2048, out_features=512, bias=True)
    (11): ReLU()
    (12): Linear(in_features=512, out_features=256, bias=True)
    (13): ReLU()
    (14): Linear(in_features=256, out_features=10, bias=True)
  )
)
INFO:__main__:CHILD MODEL LOSS: 0.5738533035516739 with train time 41.01090168952942
INFO:__main__:CHILD MODEL ACCURACY: 0.8075
INFO:__main__:Policy gradient: 0.1350449174642563
INFO:__main__:
INFO:__main__:------ ITERATION 487 ------
INFO:__main__:Layers generated: [('256', '3', '2'), ('128', '3', '2'), ('256', '3', '2')]
INFO:__main__:ChildCNNModel(
  (model): Sequential(
    (0): Conv2d(3, 256, kernel_size=(3, 3), stride=(1, 1), padding=(2, 2))
    (1): ReLU()
    (2): MaxPool2d(kernel_size=2, stride=2, padding=0, dilation=1, ceil_mode=False)
    (3): Conv2d(256, 128, kernel_size=(3, 3), stride=(1, 1), padding=(2, 2))
    (4): ReLU()
    (5): MaxPool2d(kernel_size=2, stride=2, padding=0, dilation=1, ceil_mode=False)
    (6): Conv2d(128, 256, kernel_size=(3, 3), stride=(1, 1), padding=(2, 2))
    (7): ReLU()
    (8): MaxPool2d(kernel_size=2, stride=2, padding=0, dilation=1, ceil_mode=False)
    (9): Flatten(start_dim=1, end_dim=-1)
    (10): Linear(in_features=6400, out_features=512, bias=True)
    (11): ReLU()
    (12): Linear(in_features=512, out_features=256, bias=True)
    (13): ReLU()
    (14): Linear(in_features=256, out_features=10, bias=True)
  )
)
INFO:__main__:CHILD MODEL LOSS: 0.5320237371921539 with train time 87.3457338809967
INFO:__main__:CHILD MODEL ACCURACY: 0.7978
INFO:__main__:Policy gradient: 0.012936996296048164
INFO:__main__:
INFO:__main__:------ ITERATION 488 ------
INFO:__main__:Layers generated: [('32', '3', '2'), ('128', '5', '0'), ('256', '3', '2')]
INFO:__main__:ChildCNNModel(
  (model): Sequential(
    (0): Conv2d(3, 32, kernel_size=(3, 3), stride=(1, 1), padding=(2, 2))
    (1): ReLU()
    (2): MaxPool2d(kernel_size=2, stride=2, padding=0, dilation=1, ceil_mode=False)
    (3): Conv2d(32, 128, kernel_size=(5, 5), stride=(1, 1))
    (4): ReLU()
    (5): MaxPool2d(kernel_size=2, stride=2, padding=0, dilation=1, ceil_mode=False)
    (6): Conv2d(128, 256, kernel_size=(3, 3), stride=(1, 1), padding=(2, 2))
    (7): ReLU()
    (8): MaxPool2d(kernel_size=2, stride=2, padding=0, dilation=1, ceil_mode=False)
    (9): Flatten(start_dim=1, end_dim=-1)
    (10): Linear(in_features=4096, out_features=512, bias=True)
    (11): ReLU()
    (12): Linear(in_features=512, out_features=256, bias=True)
    (13): ReLU()
    (14): Linear(in_features=256, out_features=10, bias=True)
  )
)
INFO:__main__:CHILD MODEL LOSS: 0.5453122715950012 with train time 33.43084955215454
INFO:__main__:CHILD MODEL ACCURACY: 0.8122
INFO:__main__:Policy gradient: 0.18659117817878723
INFO:__main__:
INFO:__main__:------ ITERATION 489 ------
INFO:__main__:Layers generated: [('256', '3', '1'), ('64', '3', '1'), ('256', '3', '2')]
INFO:__main__:ChildCNNModel(
  (model): Sequential(
    (0): Conv2d(3, 256, kernel_size=(3, 3), stride=(1, 1), padding=(1, 1))
    (1): ReLU()
    (2): MaxPool2d(kernel_size=2, stride=2, padding=0, dilation=1, ceil_mode=False)
    (3): Conv2d(256, 64, kernel_size=(3, 3), stride=(1, 1), padding=(1, 1))
    (4): ReLU()
    (5): MaxPool2d(kernel_size=2, stride=2, padding=0, dilation=1, ceil_mode=False)
    (6): Conv2d(64, 256, kernel_size=(3, 3), stride=(1, 1), padding=(2, 2))
    (7): ReLU()
    (8): MaxPool2d(kernel_size=2, stride=2, padding=0, dilation=1, ceil_mode=False)
    (9): Flatten(start_dim=1, end_dim=-1)
    (10): Linear(in_features=6400, out_features=512, bias=True)
    (11): ReLU()
    (12): Linear(in_features=512, out_features=256, bias=True)
    (13): ReLU()
    (14): Linear(in_features=256, out_features=10, bias=True)
  )
)
INFO:__main__:CHILD MODEL LOSS: 0.5524819402694702 with train time 62.928122997283936
INFO:__main__:CHILD MODEL ACCURACY: 0.8135
INFO:__main__:Policy gradient: 0.11469539254903793
INFO:__main__:
INFO:__main__:------ ITERATION 490 ------
INFO:__main__:Layers generated: [('256', '1', '1'), ('128', '3', '1'), ('256', '3', '2')]
INFO:__main__:ChildCNNModel(
  (model): Sequential(
    (0): Conv2d(3, 256, kernel_size=(1, 1), stride=(1, 1), padding=(1, 1))
    (1): ReLU()
    (2): MaxPool2d(kernel_size=2, stride=2, padding=0, dilation=1, ceil_mode=False)
    (3): Conv2d(256, 128, kernel_size=(3, 3), stride=(1, 1), padding=(1, 1))
    (4): ReLU()
    (5): MaxPool2d(kernel_size=2, stride=2, padding=0, dilation=1, ceil_mode=False)
    (6): Conv2d(128, 256, kernel_size=(3, 3), stride=(1, 1), padding=(2, 2))
    (7): ReLU()
    (8): MaxPool2d(kernel_size=2, stride=2, padding=0, dilation=1, ceil_mode=False)
    (9): Flatten(start_dim=1, end_dim=-1)
    (10): Linear(in_features=6400, out_features=512, bias=True)
    (11): ReLU()
    (12): Linear(in_features=512, out_features=256, bias=True)
    (13): ReLU()
    (14): Linear(in_features=256, out_features=10, bias=True)
  )
)
INFO:__main__:CHILD MODEL LOSS: 0.8254305038452149 with train time 87.2737557888031
INFO:__main__:CHILD MODEL ACCURACY: 0.6994
INFO:__main__:Policy gradient: -1.0124229192733765
INFO:__main__:
INFO:__main__:------ ITERATION 491 ------
INFO:__main__:Layers generated: [('128', '3', '2'), ('256', '3', '2'), ('128', '3', '2')]
INFO:__main__:ChildCNNModel(
  (model): Sequential(
    (0): Conv2d(3, 128, kernel_size=(3, 3), stride=(1, 1), padding=(2, 2))
    (1): ReLU()
    (2): MaxPool2d(kernel_size=2, stride=2, padding=0, dilation=1, ceil_mode=False)
    (3): Conv2d(128, 256, kernel_size=(3, 3), stride=(1, 1), padding=(2, 2))
    (4): ReLU()
    (5): MaxPool2d(kernel_size=2, stride=2, padding=0, dilation=1, ceil_mode=False)
    (6): Conv2d(256, 128, kernel_size=(3, 3), stride=(1, 1), padding=(2, 2))
    (7): ReLU()
    (8): MaxPool2d(kernel_size=2, stride=2, padding=0, dilation=1, ceil_mode=False)
    (9): Flatten(start_dim=1, end_dim=-1)
    (10): Linear(in_features=3200, out_features=512, bias=True)
    (11): ReLU()
    (12): Linear(in_features=512, out_features=256, bias=True)
    (13): ReLU()
    (14): Linear(in_features=256, out_features=10, bias=True)
  )
)
INFO:__main__:CHILD MODEL LOSS: 0.5459093980789185 with train time 72.47142791748047
INFO:__main__:CHILD MODEL ACCURACY: 0.8029
INFO:__main__:Policy gradient: 0.07146003097295761
INFO:__main__:
INFO:__main__:------ ITERATION 492 ------
INFO:__main__:Layers generated: [('256', '1', '1'), ('128', '3', '2'), ('128', '3', '1')]
INFO:__main__:ChildCNNModel(
  (model): Sequential(
    (0): Conv2d(3, 256, kernel_size=(1, 1), stride=(1, 1), padding=(1, 1))
    (1): ReLU()
    (2): MaxPool2d(kernel_size=2, stride=2, padding=0, dilation=1, ceil_mode=False)
    (3): Conv2d(256, 128, kernel_size=(3, 3), stride=(1, 1), padding=(2, 2))
    (4): ReLU()
    (5): MaxPool2d(kernel_size=2, stride=2, padding=0, dilation=1, ceil_mode=False)
    (6): Conv2d(128, 128, kernel_size=(3, 3), stride=(1, 1), padding=(1, 1))
    (7): ReLU()
    (8): MaxPool2d(kernel_size=2, stride=2, padding=0, dilation=1, ceil_mode=False)
    (9): Flatten(start_dim=1, end_dim=-1)
    (10): Linear(in_features=2048, out_features=512, bias=True)
    (11): ReLU()
    (12): Linear(in_features=512, out_features=256, bias=True)
    (13): ReLU()
    (14): Linear(in_features=256, out_features=10, bias=True)
  )
)
INFO:__main__:CHILD MODEL LOSS: 0.791812360048294 with train time 84.33397078514099
INFO:__main__:CHILD MODEL ACCURACY: 0.716
INFO:__main__:Policy gradient: -0.7978814244270325
INFO:__main__:
INFO:__main__:------ ITERATION 493 ------
INFO:__main__:Layers generated: [('32', '3', '2'), ('256', '3', '2'), ('256', '3', '2')]
INFO:__main__:ChildCNNModel(
  (model): Sequential(
    (0): Conv2d(3, 32, kernel_size=(3, 3), stride=(1, 1), padding=(2, 2))
    (1): ReLU()
    (2): MaxPool2d(kernel_size=2, stride=2, padding=0, dilation=1, ceil_mode=False)
    (3): Conv2d(32, 256, kernel_size=(3, 3), stride=(1, 1), padding=(2, 2))
    (4): ReLU()
    (5): MaxPool2d(kernel_size=2, stride=2, padding=0, dilation=1, ceil_mode=False)
    (6): Conv2d(256, 256, kernel_size=(3, 3), stride=(1, 1), padding=(2, 2))
    (7): ReLU()
    (8): MaxPool2d(kernel_size=2, stride=2, padding=0, dilation=1, ceil_mode=False)
    (9): Flatten(start_dim=1, end_dim=-1)
    (10): Linear(in_features=6400, out_features=512, bias=True)
    (11): ReLU()
    (12): Linear(in_features=512, out_features=256, bias=True)
    (13): ReLU()
    (14): Linear(in_features=256, out_features=10, bias=True)
  )
)
INFO:__main__:CHILD MODEL LOSS: 0.5511622627973557 with train time 46.632216930389404
INFO:__main__:CHILD MODEL ACCURACY: 0.809
INFO:__main__:Policy gradient: 0.1527356058359146
INFO:__main__:
INFO:__main__:------ ITERATION 494 ------
INFO:__main__:Layers generated: [('256', '3', '1'), ('128', '3', '2'), ('256', '3', '1')]
INFO:__main__:ChildCNNModel(
  (model): Sequential(
    (0): Conv2d(3, 256, kernel_size=(3, 3), stride=(1, 1), padding=(1, 1))
    (1): ReLU()
    (2): MaxPool2d(kernel_size=2, stride=2, padding=0, dilation=1, ceil_mode=False)
    (3): Conv2d(256, 128, kernel_size=(3, 3), stride=(1, 1), padding=(2, 2))
    (4): ReLU()
    (5): MaxPool2d(kernel_size=2, stride=2, padding=0, dilation=1, ceil_mode=False)
    (6): Conv2d(128, 256, kernel_size=(3, 3), stride=(1, 1), padding=(1, 1))
    (7): ReLU()
    (8): MaxPool2d(kernel_size=2, stride=2, padding=0, dilation=1, ceil_mode=False)
    (9): Flatten(start_dim=1, end_dim=-1)
    (10): Linear(in_features=4096, out_features=512, bias=True)
    (11): ReLU()
    (12): Linear(in_features=512, out_features=256, bias=True)
    (13): ReLU()
    (14): Linear(in_features=256, out_features=10, bias=True)
  )
)
INFO:__main__:CHILD MODEL LOSS: 0.5333147253990174 with train time 75.11704516410828
INFO:__main__:CHILD MODEL ACCURACY: 0.8069
INFO:__main__:Policy gradient: 0.12451145797967911
INFO:__main__:
INFO:__main__:------ ITERATION 495 ------
INFO:__main__:Layers generated: [('64', '3', '2'), ('128', '3', '1'), ('256', '3', '2')]
INFO:__main__:ChildCNNModel(
  (model): Sequential(
    (0): Conv2d(3, 64, kernel_size=(3, 3), stride=(1, 1), padding=(2, 2))
    (1): ReLU()
    (2): MaxPool2d(kernel_size=2, stride=2, padding=0, dilation=1, ceil_mode=False)
    (3): Conv2d(64, 128, kernel_size=(3, 3), stride=(1, 1), padding=(1, 1))
    (4): ReLU()
    (5): MaxPool2d(kernel_size=2, stride=2, padding=0, dilation=1, ceil_mode=False)
    (6): Conv2d(128, 256, kernel_size=(3, 3), stride=(1, 1), padding=(2, 2))
    (7): ReLU()
    (8): MaxPool2d(kernel_size=2, stride=2, padding=0, dilation=1, ceil_mode=False)
    (9): Flatten(start_dim=1, end_dim=-1)
    (10): Linear(in_features=6400, out_features=512, bias=True)
    (11): ReLU()
    (12): Linear(in_features=512, out_features=256, bias=True)
    (13): ReLU()
    (14): Linear(in_features=256, out_features=10, bias=True)
  )
)
INFO:__main__:CHILD MODEL LOSS: 0.4887656396627426 with train time 39.41466546058655
INFO:__main__:CHILD MODEL ACCURACY: 0.8203
INFO:__main__:Policy gradient: 0.1910984069108963
INFO:__main__:
INFO:__main__:------ ITERATION 496 ------
INFO:__main__:Layers generated: [('256', '3', '2'), ('128', '3', '1'), ('64', '3', '2')]
INFO:__main__:ChildCNNModel(
  (model): Sequential(
    (0): Conv2d(3, 256, kernel_size=(3, 3), stride=(1, 1), padding=(2, 2))
    (1): ReLU()
    (2): MaxPool2d(kernel_size=2, stride=2, padding=0, dilation=1, ceil_mode=False)
    (3): Conv2d(256, 128, kernel_size=(3, 3), stride=(1, 1), padding=(1, 1))
    (4): ReLU()
    (5): MaxPool2d(kernel_size=2, stride=2, padding=0, dilation=1, ceil_mode=False)
    (6): Conv2d(128, 64, kernel_size=(3, 3), stride=(1, 1), padding=(2, 2))
    (7): ReLU()
    (8): MaxPool2d(kernel_size=2, stride=2, padding=0, dilation=1, ceil_mode=False)
    (9): Flatten(start_dim=1, end_dim=-1)
    (10): Linear(in_features=1600, out_features=512, bias=True)
    (11): ReLU()
    (12): Linear(in_features=512, out_features=256, bias=True)
    (13): ReLU()
    (14): Linear(in_features=256, out_features=10, bias=True)
  )
)
INFO:__main__:CHILD MODEL LOSS: 0.5890807065963745 with train time 73.88933086395264
INFO:__main__:CHILD MODEL ACCURACY: 0.7935
INFO:__main__:Policy gradient: 0.017663197591900826
INFO:__main__:
INFO:__main__:------ ITERATION 497 ------
INFO:__main__:Layers generated: [('16', '3', '2'), ('128', '1', '2'), ('128', '5', '1')]
INFO:__main__:ChildCNNModel(
  (model): Sequential(
    (0): Conv2d(3, 16, kernel_size=(3, 3), stride=(1, 1), padding=(2, 2))
    (1): ReLU()
    (2): MaxPool2d(kernel_size=2, stride=2, padding=0, dilation=1, ceil_mode=False)
    (3): Conv2d(16, 128, kernel_size=(1, 1), stride=(1, 1), padding=(2, 2))
    (4): ReLU()
    (5): MaxPool2d(kernel_size=2, stride=2, padding=0, dilation=1, ceil_mode=False)
    (6): Conv2d(128, 128, kernel_size=(5, 5), stride=(1, 1), padding=(1, 1))
    (7): ReLU()
    (8): MaxPool2d(kernel_size=2, stride=2, padding=0, dilation=1, ceil_mode=False)
    (9): Flatten(start_dim=1, end_dim=-1)
    (10): Linear(in_features=2048, out_features=512, bias=True)
    (11): ReLU()
    (12): Linear(in_features=512, out_features=256, bias=True)
    (13): ReLU()
    (14): Linear(in_features=256, out_features=10, bias=True)
  )
)
INFO:__main__:CHILD MODEL LOSS: 0.7452975795269012 with train time 34.642858266830444
INFO:__main__:CHILD MODEL ACCURACY: 0.752
INFO:__main__:Policy gradient: -0.5717989206314087
INFO:__main__:
INFO:__main__:------ ITERATION 498 ------
INFO:__main__:Layers generated: [('256', '3', '2'), ('256', '3', '2'), ('128', '3', '2')]
INFO:__main__:ChildCNNModel(
  (model): Sequential(
    (0): Conv2d(3, 256, kernel_size=(3, 3), stride=(1, 1), padding=(2, 2))
    (1): ReLU()
    (2): MaxPool2d(kernel_size=2, stride=2, padding=0, dilation=1, ceil_mode=False)
    (3): Conv2d(256, 256, kernel_size=(3, 3), stride=(1, 1), padding=(2, 2))
    (4): ReLU()
    (5): MaxPool2d(kernel_size=2, stride=2, padding=0, dilation=1, ceil_mode=False)
    (6): Conv2d(256, 128, kernel_size=(3, 3), stride=(1, 1), padding=(2, 2))
    (7): ReLU()
    (8): MaxPool2d(kernel_size=2, stride=2, padding=0, dilation=1, ceil_mode=False)
    (9): Flatten(start_dim=1, end_dim=-1)
    (10): Linear(in_features=3200, out_features=512, bias=True)
    (11): ReLU()
    (12): Linear(in_features=512, out_features=256, bias=True)
    (13): ReLU()
    (14): Linear(in_features=256, out_features=10, bias=True)
  )
)
INFO:__main__:CHILD MODEL LOSS: 0.5587614701986313 with train time 104.80847239494324
INFO:__main__:CHILD MODEL ACCURACY: 0.8077
INFO:__main__:Policy gradient: 0.09365390986204147
INFO:__main__:
INFO:__main__:------ ITERATION 499 ------
INFO:__main__:Layers generated: [('64', '3', '1'), ('128', '3', '2'), ('256', '3', '1')]
INFO:__main__:ChildCNNModel(
  (model): Sequential(
    (0): Conv2d(3, 64, kernel_size=(3, 3), stride=(1, 1), padding=(1, 1))
    (1): ReLU()
    (2): MaxPool2d(kernel_size=2, stride=2, padding=0, dilation=1, ceil_mode=False)
    (3): Conv2d(64, 128, kernel_size=(3, 3), stride=(1, 1), padding=(2, 2))
    (4): ReLU()
    (5): MaxPool2d(kernel_size=2, stride=2, padding=0, dilation=1, ceil_mode=False)
    (6): Conv2d(128, 256, kernel_size=(3, 3), stride=(1, 1), padding=(1, 1))
    (7): ReLU()
    (8): MaxPool2d(kernel_size=2, stride=2, padding=0, dilation=1, ceil_mode=False)
    (9): Flatten(start_dim=1, end_dim=-1)
    (10): Linear(in_features=4096, out_features=512, bias=True)
    (11): ReLU()
    (12): Linear(in_features=512, out_features=256, bias=True)
    (13): ReLU()
    (14): Linear(in_features=256, out_features=10, bias=True)
  )
)
INFO:__main__:CHILD MODEL LOSS: 0.5394780439138412 with train time 38.97954344749451
INFO:__main__:CHILD MODEL ACCURACY: 0.8113
INFO:__main__:Policy gradient: 0.15106071531772614
INFO:__main__:
INFO:__main__:------ ITERATION 500 ------
INFO:__main__:Layers generated: [('64', '3', '2'), ('32', '3', '1'), ('256', '5', '2')]
INFO:__main__:ChildCNNModel(
  (model): Sequential(
    (0): Conv2d(3, 64, kernel_size=(3, 3), stride=(1, 1), padding=(2, 2))
    (1): ReLU()
    (2): MaxPool2d(kernel_size=2, stride=2, padding=0, dilation=1, ceil_mode=False)
    (3): Conv2d(64, 32, kernel_size=(3, 3), stride=(1, 1), padding=(1, 1))
    (4): ReLU()
    (5): MaxPool2d(kernel_size=2, stride=2, padding=0, dilation=1, ceil_mode=False)
    (6): Conv2d(32, 256, kernel_size=(5, 5), stride=(1, 1), padding=(2, 2))
    (7): ReLU()
    (8): MaxPool2d(kernel_size=2, stride=2, padding=0, dilation=1, ceil_mode=False)
    (9): Flatten(start_dim=1, end_dim=-1)
    (10): Linear(in_features=4096, out_features=512, bias=True)
    (11): ReLU()
    (12): Linear(in_features=512, out_features=256, bias=True)
    (13): ReLU()
    (14): Linear(in_features=256, out_features=10, bias=True)
  )
)
INFO:__main__:CHILD MODEL LOSS: 0.5578228793144226 with train time 35.45592999458313
INFO:__main__:CHILD MODEL ACCURACY: 0.8055
INFO:__main__:Policy gradient: 0.14986611902713776
INFO:__main__:
INFO:__main__:------ ITERATION 501 ------
INFO:__main__:Layers generated: [('256', '3', '2'), ('32', '3', '1'), ('16', '3', '1')]
INFO:__main__:ChildCNNModel(
  (model): Sequential(
    (0): Conv2d(3, 256, kernel_size=(3, 3), stride=(1, 1), padding=(2, 2))
    (1): ReLU()
    (2): MaxPool2d(kernel_size=2, stride=2, padding=0, dilation=1, ceil_mode=False)
    (3): Conv2d(256, 32, kernel_size=(3, 3), stride=(1, 1), padding=(1, 1))
    (4): ReLU()
    (5): MaxPool2d(kernel_size=2, stride=2, padding=0, dilation=1, ceil_mode=False)
    (6): Conv2d(32, 16, kernel_size=(3, 3), stride=(1, 1), padding=(1, 1))
    (7): ReLU()
    (8): MaxPool2d(kernel_size=2, stride=2, padding=0, dilation=1, ceil_mode=False)
    (9): Flatten(start_dim=1, end_dim=-1)
    (10): Linear(in_features=256, out_features=512, bias=True)
    (11): ReLU()
    (12): Linear(in_features=512, out_features=256, bias=True)
    (13): ReLU()
    (14): Linear(in_features=256, out_features=10, bias=True)
  )
)
INFO:__main__:CHILD MODEL LOSS: 0.7816526653766632 with train time 60.59588813781738
INFO:__main__:CHILD MODEL ACCURACY: 0.7322
INFO:__main__:Policy gradient: -0.6167994737625122
INFO:__main__:
INFO:__main__:------ ITERATION 502 ------
INFO:__main__:Layers generated: [('256', '3', '2'), ('256', '3', '2'), ('16', '3', '2')]
INFO:__main__:ChildCNNModel(
  (model): Sequential(
    (0): Conv2d(3, 256, kernel_size=(3, 3), stride=(1, 1), padding=(2, 2))
    (1): ReLU()
    (2): MaxPool2d(kernel_size=2, stride=2, padding=0, dilation=1, ceil_mode=False)
    (3): Conv2d(256, 256, kernel_size=(3, 3), stride=(1, 1), padding=(2, 2))
    (4): ReLU()
    (5): MaxPool2d(kernel_size=2, stride=2, padding=0, dilation=1, ceil_mode=False)
    (6): Conv2d(256, 16, kernel_size=(3, 3), stride=(1, 1), padding=(2, 2))
    (7): ReLU()
    (8): MaxPool2d(kernel_size=2, stride=2, padding=0, dilation=1, ceil_mode=False)
    (9): Flatten(start_dim=1, end_dim=-1)
    (10): Linear(in_features=400, out_features=512, bias=True)
    (11): ReLU()
    (12): Linear(in_features=512, out_features=256, bias=True)
    (13): ReLU()
    (14): Linear(in_features=256, out_features=10, bias=True)
  )
)
INFO:__main__:CHILD MODEL LOSS: 0.7474903926849366 with train time 97.97602319717407
INFO:__main__:CHILD MODEL ACCURACY: 0.7434
INFO:__main__:Policy gradient: -0.3079754114151001
INFO:__main__:
INFO:__main__:------ ITERATION 503 ------
INFO:__main__:Layers generated: [('256', '3', '2'), ('128', '3', '1'), ('256', '3', '1')]
INFO:__main__:ChildCNNModel(
  (model): Sequential(
    (0): Conv2d(3, 256, kernel_size=(3, 3), stride=(1, 1), padding=(2, 2))
    (1): ReLU()
    (2): MaxPool2d(kernel_size=2, stride=2, padding=0, dilation=1, ceil_mode=False)
    (3): Conv2d(256, 128, kernel_size=(3, 3), stride=(1, 1), padding=(1, 1))
    (4): ReLU()
    (5): MaxPool2d(kernel_size=2, stride=2, padding=0, dilation=1, ceil_mode=False)
    (6): Conv2d(128, 256, kernel_size=(3, 3), stride=(1, 1), padding=(1, 1))
    (7): ReLU()
    (8): MaxPool2d(kernel_size=2, stride=2, padding=0, dilation=1, ceil_mode=False)
    (9): Flatten(start_dim=1, end_dim=-1)
    (10): Linear(in_features=4096, out_features=512, bias=True)
    (11): ReLU()
    (12): Linear(in_features=512, out_features=256, bias=True)
    (13): ReLU()
    (14): Linear(in_features=256, out_features=10, bias=True)
  )
)
INFO:__main__:CHILD MODEL LOSS: 0.5144722388982773 with train time 77.73442053794861
INFO:__main__:CHILD MODEL ACCURACY: 0.8125
INFO:__main__:Policy gradient: 0.15480652451515198
INFO:__main__:
INFO:__main__:------ ITERATION 504 ------
INFO:__main__:Layers generated: [('32', '3', '2'), ('64', '3', '2'), ('256', '3', '1')]
INFO:__main__:ChildCNNModel(
  (model): Sequential(
    (0): Conv2d(3, 32, kernel_size=(3, 3), stride=(1, 1), padding=(2, 2))
    (1): ReLU()
    (2): MaxPool2d(kernel_size=2, stride=2, padding=0, dilation=1, ceil_mode=False)
    (3): Conv2d(32, 64, kernel_size=(3, 3), stride=(1, 1), padding=(2, 2))
    (4): ReLU()
    (5): MaxPool2d(kernel_size=2, stride=2, padding=0, dilation=1, ceil_mode=False)
    (6): Conv2d(64, 256, kernel_size=(3, 3), stride=(1, 1), padding=(1, 1))
    (7): ReLU()
    (8): MaxPool2d(kernel_size=2, stride=2, padding=0, dilation=1, ceil_mode=False)
    (9): Flatten(start_dim=1, end_dim=-1)
    (10): Linear(in_features=4096, out_features=512, bias=True)
    (11): ReLU()
    (12): Linear(in_features=512, out_features=256, bias=True)
    (13): ReLU()
    (14): Linear(in_features=256, out_features=10, bias=True)
  )
)
INFO:__main__:CHILD MODEL LOSS: 0.5570325789451599 with train time 32.87680697441101
INFO:__main__:CHILD MODEL ACCURACY: 0.8013
INFO:__main__:Policy gradient: 0.1207101121544838
INFO:__main__:
INFO:__main__:------ ITERATION 505 ------
INFO:__main__:Layers generated: [('64', '3', '1'), ('256', '3', '2'), ('128', '3', '2')]
INFO:__main__:ChildCNNModel(
  (model): Sequential(
    (0): Conv2d(3, 64, kernel_size=(3, 3), stride=(1, 1), padding=(1, 1))
    (1): ReLU()
    (2): MaxPool2d(kernel_size=2, stride=2, padding=0, dilation=1, ceil_mode=False)
    (3): Conv2d(64, 256, kernel_size=(3, 3), stride=(1, 1), padding=(2, 2))
    (4): ReLU()
    (5): MaxPool2d(kernel_size=2, stride=2, padding=0, dilation=1, ceil_mode=False)
    (6): Conv2d(256, 128, kernel_size=(3, 3), stride=(1, 1), padding=(2, 2))
    (7): ReLU()
    (8): MaxPool2d(kernel_size=2, stride=2, padding=0, dilation=1, ceil_mode=False)
    (9): Flatten(start_dim=1, end_dim=-1)
    (10): Linear(in_features=3200, out_features=512, bias=True)
    (11): ReLU()
    (12): Linear(in_features=512, out_features=256, bias=True)
    (13): ReLU()
    (14): Linear(in_features=256, out_features=10, bias=True)
  )
)
INFO:__main__:CHILD MODEL LOSS: 0.5412989448308945 with train time 47.958765506744385
INFO:__main__:CHILD MODEL ACCURACY: 0.8032
INFO:__main__:Policy gradient: 0.10945408791303635
INFO:__main__:
INFO:__main__:------ ITERATION 506 ------
INFO:__main__:Layers generated: [('128', '3', '1'), ('256', '5', '2'), ('128', '3', '2')]
INFO:__main__:ChildCNNModel(
  (model): Sequential(
    (0): Conv2d(3, 128, kernel_size=(3, 3), stride=(1, 1), padding=(1, 1))
    (1): ReLU()
    (2): MaxPool2d(kernel_size=2, stride=2, padding=0, dilation=1, ceil_mode=False)
    (3): Conv2d(128, 256, kernel_size=(5, 5), stride=(1, 1), padding=(2, 2))
    (4): ReLU()
    (5): MaxPool2d(kernel_size=2, stride=2, padding=0, dilation=1, ceil_mode=False)
    (6): Conv2d(256, 128, kernel_size=(3, 3), stride=(1, 1), padding=(2, 2))
    (7): ReLU()
    (8): MaxPool2d(kernel_size=2, stride=2, padding=0, dilation=1, ceil_mode=False)
    (9): Flatten(start_dim=1, end_dim=-1)
    (10): Linear(in_features=3200, out_features=512, bias=True)
    (11): ReLU()
    (12): Linear(in_features=512, out_features=256, bias=True)
    (13): ReLU()
    (14): Linear(in_features=256, out_features=10, bias=True)
  )
)
INFO:__main__:CHILD MODEL LOSS: 0.5563032865524292 with train time 72.39748024940491
INFO:__main__:CHILD MODEL ACCURACY: 0.8011
INFO:__main__:Policy gradient: 0.11451661586761475
INFO:__main__:
INFO:__main__:------ ITERATION 507 ------
INFO:__main__:Layers generated: [('256', '3', '1'), ('256', '3', '1'), ('256', '3', '1')]
INFO:__main__:ChildCNNModel(
  (model): Sequential(
    (0): Conv2d(3, 256, kernel_size=(3, 3), stride=(1, 1), padding=(1, 1))
    (1): ReLU()
    (2): MaxPool2d(kernel_size=2, stride=2, padding=0, dilation=1, ceil_mode=False)
    (3): Conv2d(256, 256, kernel_size=(3, 3), stride=(1, 1), padding=(1, 1))
    (4): ReLU()
    (5): MaxPool2d(kernel_size=2, stride=2, padding=0, dilation=1, ceil_mode=False)
    (6): Conv2d(256, 256, kernel_size=(3, 3), stride=(1, 1), padding=(1, 1))
    (7): ReLU()
    (8): MaxPool2d(kernel_size=2, stride=2, padding=0, dilation=1, ceil_mode=False)
    (9): Flatten(start_dim=1, end_dim=-1)
    (10): Linear(in_features=4096, out_features=512, bias=True)
    (11): ReLU()
    (12): Linear(in_features=512, out_features=256, bias=True)
    (13): ReLU()
    (14): Linear(in_features=256, out_features=10, bias=True)
  )
)
INFO:__main__:CHILD MODEL LOSS: 0.5801013741493225 with train time 89.04335284233093
INFO:__main__:CHILD MODEL ACCURACY: 0.7928
INFO:__main__:Policy gradient: 0.016857774928212166
INFO:__main__:
INFO:__main__:------ ITERATION 508 ------
INFO:__main__:Layers generated: [('256', '3', '2'), ('32', '3', '1'), ('256', '3', '0')]
INFO:__main__:ChildCNNModel(
  (model): Sequential(
    (0): Conv2d(3, 256, kernel_size=(3, 3), stride=(1, 1), padding=(2, 2))
    (1): ReLU()
    (2): MaxPool2d(kernel_size=2, stride=2, padding=0, dilation=1, ceil_mode=False)
    (3): Conv2d(256, 32, kernel_size=(3, 3), stride=(1, 1), padding=(1, 1))
    (4): ReLU()
    (5): MaxPool2d(kernel_size=2, stride=2, padding=0, dilation=1, ceil_mode=False)
    (6): Conv2d(32, 256, kernel_size=(3, 3), stride=(1, 1))
    (7): ReLU()
    (8): MaxPool2d(kernel_size=2, stride=2, padding=0, dilation=1, ceil_mode=False)
    (9): Flatten(start_dim=1, end_dim=-1)
    (10): Linear(in_features=2304, out_features=512, bias=True)
    (11): ReLU()
    (12): Linear(in_features=512, out_features=256, bias=True)
    (13): ReLU()
    (14): Linear(in_features=256, out_features=10, bias=True)
  )
)
INFO:__main__:CHILD MODEL LOSS: 0.5909484132528305 with train time 62.23304557800293
INFO:__main__:CHILD MODEL ACCURACY: 0.7981
INFO:__main__:Policy gradient: 0.06864773482084274
INFO:__main__:
INFO:__main__:------ ITERATION 509 ------
INFO:__main__:Layers generated: [('256', '3', '1'), ('64', '3', '1'), ('128', '3', '2')]
INFO:__main__:ChildCNNModel(
  (model): Sequential(
    (0): Conv2d(3, 256, kernel_size=(3, 3), stride=(1, 1), padding=(1, 1))
    (1): ReLU()
    (2): MaxPool2d(kernel_size=2, stride=2, padding=0, dilation=1, ceil_mode=False)
    (3): Conv2d(256, 64, kernel_size=(3, 3), stride=(1, 1), padding=(1, 1))
    (4): ReLU()
    (5): MaxPool2d(kernel_size=2, stride=2, padding=0, dilation=1, ceil_mode=False)
    (6): Conv2d(64, 128, kernel_size=(3, 3), stride=(1, 1), padding=(2, 2))
    (7): ReLU()
    (8): MaxPool2d(kernel_size=2, stride=2, padding=0, dilation=1, ceil_mode=False)
    (9): Flatten(start_dim=1, end_dim=-1)
    (10): Linear(in_features=3200, out_features=512, bias=True)
    (11): ReLU()
    (12): Linear(in_features=512, out_features=256, bias=True)
    (13): ReLU()
    (14): Linear(in_features=256, out_features=10, bias=True)
  )
)
INFO:__main__:CHILD MODEL LOSS: 0.5736581076383591 with train time 57.98130965232849
INFO:__main__:CHILD MODEL ACCURACY: 0.7924
INFO:__main__:Policy gradient: 0.011040102690458298
INFO:__main__:
INFO:__main__:------ ITERATION 510 ------
INFO:__main__:Layers generated: [('32', '3', '2'), ('64', '3', '2'), ('128', '1', '1')]
INFO:__main__:ChildCNNModel(
  (model): Sequential(
    (0): Conv2d(3, 32, kernel_size=(3, 3), stride=(1, 1), padding=(2, 2))
    (1): ReLU()
    (2): MaxPool2d(kernel_size=2, stride=2, padding=0, dilation=1, ceil_mode=False)
    (3): Conv2d(32, 64, kernel_size=(3, 3), stride=(1, 1), padding=(2, 2))
    (4): ReLU()
    (5): MaxPool2d(kernel_size=2, stride=2, padding=0, dilation=1, ceil_mode=False)
    (6): Conv2d(64, 128, kernel_size=(1, 1), stride=(1, 1), padding=(1, 1))
    (7): ReLU()
    (8): MaxPool2d(kernel_size=2, stride=2, padding=0, dilation=1, ceil_mode=False)
    (9): Flatten(start_dim=1, end_dim=-1)
    (10): Linear(in_features=3200, out_features=512, bias=True)
    (11): ReLU()
    (12): Linear(in_features=512, out_features=256, bias=True)
    (13): ReLU()
    (14): Linear(in_features=256, out_features=10, bias=True)
  )
)
INFO:__main__:CHILD MODEL LOSS: 0.7013806068897247 with train time 32.117716550827026
INFO:__main__:CHILD MODEL ACCURACY: 0.7419
INFO:__main__:Policy gradient: -0.5945914387702942
INFO:__main__:
INFO:__main__:------ ITERATION 511 ------
INFO:__main__:Layers generated: [('64', '3', '1'), ('32', '3', '2'), ('256', '3', '1')]
INFO:__main__:ChildCNNModel(
  (model): Sequential(
    (0): Conv2d(3, 64, kernel_size=(3, 3), stride=(1, 1), padding=(1, 1))
    (1): ReLU()
    (2): MaxPool2d(kernel_size=2, stride=2, padding=0, dilation=1, ceil_mode=False)
    (3): Conv2d(64, 32, kernel_size=(3, 3), stride=(1, 1), padding=(2, 2))
    (4): ReLU()
    (5): MaxPool2d(kernel_size=2, stride=2, padding=0, dilation=1, ceil_mode=False)
    (6): Conv2d(32, 256, kernel_size=(3, 3), stride=(1, 1), padding=(1, 1))
    (7): ReLU()
    (8): MaxPool2d(kernel_size=2, stride=2, padding=0, dilation=1, ceil_mode=False)
    (9): Flatten(start_dim=1, end_dim=-1)
    (10): Linear(in_features=4096, out_features=512, bias=True)
    (11): ReLU()
    (12): Linear(in_features=512, out_features=256, bias=True)
    (13): ReLU()
    (14): Linear(in_features=256, out_features=10, bias=True)
  )
)
INFO:__main__:CHILD MODEL LOSS: 0.5763344388008118 with train time 34.50578451156616
INFO:__main__:CHILD MODEL ACCURACY: 0.7902
INFO:__main__:Policy gradient: 0.035065554082393646
INFO:__main__:
INFO:__main__:------ ITERATION 512 ------
INFO:__main__:Layers generated: [('32', '3', '2'), ('128', '3', '1'), ('256', '3', '1')]
INFO:__main__:ChildCNNModel(
  (model): Sequential(
    (0): Conv2d(3, 32, kernel_size=(3, 3), stride=(1, 1), padding=(2, 2))
    (1): ReLU()
    (2): MaxPool2d(kernel_size=2, stride=2, padding=0, dilation=1, ceil_mode=False)
    (3): Conv2d(32, 128, kernel_size=(3, 3), stride=(1, 1), padding=(1, 1))
    (4): ReLU()
    (5): MaxPool2d(kernel_size=2, stride=2, padding=0, dilation=1, ceil_mode=False)
    (6): Conv2d(128, 256, kernel_size=(3, 3), stride=(1, 1), padding=(1, 1))
    (7): ReLU()
    (8): MaxPool2d(kernel_size=2, stride=2, padding=0, dilation=1, ceil_mode=False)
    (9): Flatten(start_dim=1, end_dim=-1)
    (10): Linear(in_features=4096, out_features=512, bias=True)
    (11): ReLU()
    (12): Linear(in_features=512, out_features=256, bias=True)
    (13): ReLU()
    (14): Linear(in_features=256, out_features=10, bias=True)
  )
)
INFO:__main__:CHILD MODEL LOSS: 0.5265338710546493 with train time 34.40954327583313
INFO:__main__:CHILD MODEL ACCURACY: 0.819
INFO:__main__:Policy gradient: 0.2230200171470642
INFO:__main__:
INFO:__main__:------ ITERATION 513 ------
INFO:__main__:Layers generated: [('256', '3', '2'), ('64', '3', '2'), ('256', '3', '1')]
INFO:__main__:ChildCNNModel(
  (model): Sequential(
    (0): Conv2d(3, 256, kernel_size=(3, 3), stride=(1, 1), padding=(2, 2))
    (1): ReLU()
    (2): MaxPool2d(kernel_size=2, stride=2, padding=0, dilation=1, ceil_mode=False)
    (3): Conv2d(256, 64, kernel_size=(3, 3), stride=(1, 1), padding=(2, 2))
    (4): ReLU()
    (5): MaxPool2d(kernel_size=2, stride=2, padding=0, dilation=1, ceil_mode=False)
    (6): Conv2d(64, 256, kernel_size=(3, 3), stride=(1, 1), padding=(1, 1))
    (7): ReLU()
    (8): MaxPool2d(kernel_size=2, stride=2, padding=0, dilation=1, ceil_mode=False)
    (9): Flatten(start_dim=1, end_dim=-1)
    (10): Linear(in_features=4096, out_features=512, bias=True)
    (11): ReLU()
    (12): Linear(in_features=512, out_features=256, bias=True)
    (13): ReLU()
    (14): Linear(in_features=256, out_features=10, bias=True)
  )
)
INFO:__main__:CHILD MODEL LOSS: 0.573015017747879 with train time 71.37634181976318
INFO:__main__:CHILD MODEL ACCURACY: 0.7803
INFO:__main__:Policy gradient: -0.05640294402837753
INFO:__main__:
INFO:__main__:------ ITERATION 514 ------
INFO:__main__:Layers generated: [('128', '3', '2'), ('256', '3', '1'), ('256', '3', '2')]
INFO:__main__:ChildCNNModel(
  (model): Sequential(
    (0): Conv2d(3, 128, kernel_size=(3, 3), stride=(1, 1), padding=(2, 2))
    (1): ReLU()
    (2): MaxPool2d(kernel_size=2, stride=2, padding=0, dilation=1, ceil_mode=False)
    (3): Conv2d(128, 256, kernel_size=(3, 3), stride=(1, 1), padding=(1, 1))
    (4): ReLU()
    (5): MaxPool2d(kernel_size=2, stride=2, padding=0, dilation=1, ceil_mode=False)
    (6): Conv2d(256, 256, kernel_size=(3, 3), stride=(1, 1), padding=(2, 2))
    (7): ReLU()
    (8): MaxPool2d(kernel_size=2, stride=2, padding=0, dilation=1, ceil_mode=False)
    (9): Flatten(start_dim=1, end_dim=-1)
    (10): Linear(in_features=6400, out_features=512, bias=True)
    (11): ReLU()
    (12): Linear(in_features=512, out_features=256, bias=True)
    (13): ReLU()
    (14): Linear(in_features=256, out_features=10, bias=True)
  )
)
INFO:__main__:CHILD MODEL LOSS: 0.4949303082227707 with train time 67.12844109535217
INFO:__main__:CHILD MODEL ACCURACY: 0.8192
INFO:__main__:Policy gradient: 0.1319257766008377
INFO:__main__:
INFO:__main__:------ ITERATION 515 ------
INFO:__main__:Layers generated: [('128', '3', '2'), ('128', '3', '2'), ('256', '3', '2')]
INFO:__main__:ChildCNNModel(
  (model): Sequential(
    (0): Conv2d(3, 128, kernel_size=(3, 3), stride=(1, 1), padding=(2, 2))
    (1): ReLU()
    (2): MaxPool2d(kernel_size=2, stride=2, padding=0, dilation=1, ceil_mode=False)
    (3): Conv2d(128, 128, kernel_size=(3, 3), stride=(1, 1), padding=(2, 2))
    (4): ReLU()
    (5): MaxPool2d(kernel_size=2, stride=2, padding=0, dilation=1, ceil_mode=False)
    (6): Conv2d(128, 256, kernel_size=(3, 3), stride=(1, 1), padding=(2, 2))
    (7): ReLU()
    (8): MaxPool2d(kernel_size=2, stride=2, padding=0, dilation=1, ceil_mode=False)
    (9): Flatten(start_dim=1, end_dim=-1)
    (10): Linear(in_features=6400, out_features=512, bias=True)
    (11): ReLU()
    (12): Linear(in_features=512, out_features=256, bias=True)
    (13): ReLU()
    (14): Linear(in_features=256, out_features=10, bias=True)
  )
)
INFO:__main__:CHILD MODEL LOSS: 0.5130958483219147 with train time 58.18232774734497
INFO:__main__:CHILD MODEL ACCURACY: 0.8135
INFO:__main__:Policy gradient: 0.10321070998907089
INFO:__main__:
INFO:__main__:------ ITERATION 516 ------
INFO:__main__:Layers generated: [('16', '5', '2'), ('256', '3', '2'), ('256', '3', '2')]
INFO:__main__:ChildCNNModel(
  (model): Sequential(
    (0): Conv2d(3, 16, kernel_size=(5, 5), stride=(1, 1), padding=(2, 2))
    (1): ReLU()
    (2): MaxPool2d(kernel_size=2, stride=2, padding=0, dilation=1, ceil_mode=False)
    (3): Conv2d(16, 256, kernel_size=(3, 3), stride=(1, 1), padding=(2, 2))
    (4): ReLU()
    (5): MaxPool2d(kernel_size=2, stride=2, padding=0, dilation=1, ceil_mode=False)
    (6): Conv2d(256, 256, kernel_size=(3, 3), stride=(1, 1), padding=(2, 2))
    (7): ReLU()
    (8): MaxPool2d(kernel_size=2, stride=2, padding=0, dilation=1, ceil_mode=False)
    (9): Flatten(start_dim=1, end_dim=-1)
    (10): Linear(in_features=6400, out_features=512, bias=True)
    (11): ReLU()
    (12): Linear(in_features=512, out_features=256, bias=True)
    (13): ReLU()
    (14): Linear(in_features=256, out_features=10, bias=True)
  )
)
INFO:__main__:CHILD MODEL LOSS: 0.5571508373022079 with train time 41.44024395942688
INFO:__main__:CHILD MODEL ACCURACY: 0.7962
INFO:__main__:Policy gradient: 0.01943560503423214
INFO:__main__:
INFO:__main__:------ ITERATION 517 ------
INFO:__main__:Layers generated: [('64', '3', '2'), ('256', '3', '2'), ('256', '3', '2')]
INFO:__main__:ChildCNNModel(
  (model): Sequential(
    (0): Conv2d(3, 64, kernel_size=(3, 3), stride=(1, 1), padding=(2, 2))
    (1): ReLU()
    (2): MaxPool2d(kernel_size=2, stride=2, padding=0, dilation=1, ceil_mode=False)
    (3): Conv2d(64, 256, kernel_size=(3, 3), stride=(1, 1), padding=(2, 2))
    (4): ReLU()
    (5): MaxPool2d(kernel_size=2, stride=2, padding=0, dilation=1, ceil_mode=False)
    (6): Conv2d(256, 256, kernel_size=(3, 3), stride=(1, 1), padding=(2, 2))
    (7): ReLU()
    (8): MaxPool2d(kernel_size=2, stride=2, padding=0, dilation=1, ceil_mode=False)
    (9): Flatten(start_dim=1, end_dim=-1)
    (10): Linear(in_features=6400, out_features=512, bias=True)
    (11): ReLU()
    (12): Linear(in_features=512, out_features=256, bias=True)
    (13): ReLU()
    (14): Linear(in_features=256, out_features=10, bias=True)
  )
)
INFO:__main__:CHILD MODEL LOSS: 0.5631270903348923 with train time 60.21093773841858
INFO:__main__:CHILD MODEL ACCURACY: 0.7978
INFO:__main__:Policy gradient: 0.016330115497112274
INFO:__main__:
INFO:__main__:------ ITERATION 518 ------
INFO:__main__:Layers generated: [('64', '3', '2'), ('64', '3', '2'), ('256', '3', '2')]
INFO:__main__:ChildCNNModel(
  (model): Sequential(
    (0): Conv2d(3, 64, kernel_size=(3, 3), stride=(1, 1), padding=(2, 2))
    (1): ReLU()
    (2): MaxPool2d(kernel_size=2, stride=2, padding=0, dilation=1, ceil_mode=False)
    (3): Conv2d(64, 64, kernel_size=(3, 3), stride=(1, 1), padding=(2, 2))
    (4): ReLU()
    (5): MaxPool2d(kernel_size=2, stride=2, padding=0, dilation=1, ceil_mode=False)
    (6): Conv2d(64, 256, kernel_size=(3, 3), stride=(1, 1), padding=(2, 2))
    (7): ReLU()
    (8): MaxPool2d(kernel_size=2, stride=2, padding=0, dilation=1, ceil_mode=False)
    (9): Flatten(start_dim=1, end_dim=-1)
    (10): Linear(in_features=6400, out_features=512, bias=True)
    (11): ReLU()
    (12): Linear(in_features=512, out_features=256, bias=True)
    (13): ReLU()
    (14): Linear(in_features=256, out_features=10, bias=True)
  )
)
INFO:__main__:CHILD MODEL LOSS: 0.5206542690992355 with train time 38.269192695617676
INFO:__main__:CHILD MODEL ACCURACY: 0.8012
INFO:__main__:Policy gradient: 0.042434077709913254
INFO:__main__:
INFO:__main__:------ ITERATION 519 ------
INFO:__main__:Layers generated: [('64', '5', '0'), ('128', '3', '1'), ('256', '3', '1')]
INFO:__main__:ChildCNNModel(
  (model): Sequential(
    (0): Conv2d(3, 64, kernel_size=(5, 5), stride=(1, 1))
    (1): ReLU()
    (2): MaxPool2d(kernel_size=2, stride=2, padding=0, dilation=1, ceil_mode=False)
    (3): Conv2d(64, 128, kernel_size=(3, 3), stride=(1, 1), padding=(1, 1))
    (4): ReLU()
    (5): MaxPool2d(kernel_size=2, stride=2, padding=0, dilation=1, ceil_mode=False)
    (6): Conv2d(128, 256, kernel_size=(3, 3), stride=(1, 1), padding=(1, 1))
    (7): ReLU()
    (8): MaxPool2d(kernel_size=2, stride=2, padding=0, dilation=1, ceil_mode=False)
    (9): Flatten(start_dim=1, end_dim=-1)
    (10): Linear(in_features=2304, out_features=512, bias=True)
    (11): ReLU()
    (12): Linear(in_features=512, out_features=256, bias=True)
    (13): ReLU()
    (14): Linear(in_features=256, out_features=10, bias=True)
  )
)
INFO:__main__:CHILD MODEL LOSS: 0.5490630958080291 with train time 34.48503756523132
INFO:__main__:CHILD MODEL ACCURACY: 0.812
INFO:__main__:Policy gradient: 0.19238080084323883
INFO:__main__:
INFO:__main__:------ ITERATION 520 ------
INFO:__main__:Layers generated: [('256', '3', '2'), ('256', '3', '2'), ('256', '3', '2')]
INFO:__main__:ChildCNNModel(
  (model): Sequential(
    (0): Conv2d(3, 256, kernel_size=(3, 3), stride=(1, 1), padding=(2, 2))
    (1): ReLU()
    (2): MaxPool2d(kernel_size=2, stride=2, padding=0, dilation=1, ceil_mode=False)
    (3): Conv2d(256, 256, kernel_size=(3, 3), stride=(1, 1), padding=(2, 2))
    (4): ReLU()
    (5): MaxPool2d(kernel_size=2, stride=2, padding=0, dilation=1, ceil_mode=False)
    (6): Conv2d(256, 256, kernel_size=(3, 3), stride=(1, 1), padding=(2, 2))
    (7): ReLU()
    (8): MaxPool2d(kernel_size=2, stride=2, padding=0, dilation=1, ceil_mode=False)
    (9): Flatten(start_dim=1, end_dim=-1)
    (10): Linear(in_features=6400, out_features=512, bias=True)
    (11): ReLU()
    (12): Linear(in_features=512, out_features=256, bias=True)
    (13): ReLU()
    (14): Linear(in_features=256, out_features=10, bias=True)
  )
)
INFO:__main__:CHILD MODEL LOSS: 0.5452114619016647 with train time 114.1177978515625
INFO:__main__:CHILD MODEL ACCURACY: 0.8078
INFO:__main__:Policy gradient: 0.039239391684532166
INFO:__main__:
INFO:__main__:------ ITERATION 521 ------
INFO:__main__:Layers generated: [('256', '3', '1'), ('128', '3', '0'), ('256', '3', '1')]
INFO:__main__:ChildCNNModel(
  (model): Sequential(
    (0): Conv2d(3, 256, kernel_size=(3, 3), stride=(1, 1), padding=(1, 1))
    (1): ReLU()
    (2): MaxPool2d(kernel_size=2, stride=2, padding=0, dilation=1, ceil_mode=False)
    (3): Conv2d(256, 128, kernel_size=(3, 3), stride=(1, 1))
    (4): ReLU()
    (5): MaxPool2d(kernel_size=2, stride=2, padding=0, dilation=1, ceil_mode=False)
    (6): Conv2d(128, 256, kernel_size=(3, 3), stride=(1, 1), padding=(1, 1))
    (7): ReLU()
    (8): MaxPool2d(kernel_size=2, stride=2, padding=0, dilation=1, ceil_mode=False)
    (9): Flatten(start_dim=1, end_dim=-1)
    (10): Linear(in_features=2304, out_features=512, bias=True)
    (11): ReLU()
    (12): Linear(in_features=512, out_features=256, bias=True)
    (13): ReLU()
    (14): Linear(in_features=256, out_features=10, bias=True)
  )
)
INFO:__main__:CHILD MODEL LOSS: 0.5516271361112595 with train time 64.52201294898987
INFO:__main__:CHILD MODEL ACCURACY: 0.7939
INFO:__main__:Policy gradient: -0.032745711505413055
INFO:__main__:
INFO:__main__:------ ITERATION 522 ------
INFO:__main__:Layers generated: [('128', '3', '2'), ('256', '3', '2'), ('256', '3', '1')]
INFO:__main__:ChildCNNModel(
  (model): Sequential(
    (0): Conv2d(3, 128, kernel_size=(3, 3), stride=(1, 1), padding=(2, 2))
    (1): ReLU()
    (2): MaxPool2d(kernel_size=2, stride=2, padding=0, dilation=1, ceil_mode=False)
    (3): Conv2d(128, 256, kernel_size=(3, 3), stride=(1, 1), padding=(2, 2))
    (4): ReLU()
    (5): MaxPool2d(kernel_size=2, stride=2, padding=0, dilation=1, ceil_mode=False)
    (6): Conv2d(256, 256, kernel_size=(3, 3), stride=(1, 1), padding=(1, 1))
    (7): ReLU()
    (8): MaxPool2d(kernel_size=2, stride=2, padding=0, dilation=1, ceil_mode=False)
    (9): Flatten(start_dim=1, end_dim=-1)
    (10): Linear(in_features=4096, out_features=512, bias=True)
    (11): ReLU()
    (12): Linear(in_features=512, out_features=256, bias=True)
    (13): ReLU()
    (14): Linear(in_features=256, out_features=10, bias=True)
  )
)
INFO:__main__:CHILD MODEL LOSS: 0.528034982919693 with train time 75.15394878387451
INFO:__main__:CHILD MODEL ACCURACY: 0.8116
INFO:__main__:Policy gradient: 0.05858837068080902
INFO:__main__:
INFO:__main__:------ ITERATION 523 ------
INFO:__main__:Layers generated: [('256', '3', '2'), ('256', '3', '2'), ('128', '3', '1')]
INFO:__main__:ChildCNNModel(
  (model): Sequential(
    (0): Conv2d(3, 256, kernel_size=(3, 3), stride=(1, 1), padding=(2, 2))
    (1): ReLU()
    (2): MaxPool2d(kernel_size=2, stride=2, padding=0, dilation=1, ceil_mode=False)
    (3): Conv2d(256, 256, kernel_size=(3, 3), stride=(1, 1), padding=(2, 2))
    (4): ReLU()
    (5): MaxPool2d(kernel_size=2, stride=2, padding=0, dilation=1, ceil_mode=False)
    (6): Conv2d(256, 128, kernel_size=(3, 3), stride=(1, 1), padding=(1, 1))
    (7): ReLU()
    (8): MaxPool2d(kernel_size=2, stride=2, padding=0, dilation=1, ceil_mode=False)
    (9): Flatten(start_dim=1, end_dim=-1)
    (10): Linear(in_features=2048, out_features=512, bias=True)
    (11): ReLU()
    (12): Linear(in_features=512, out_features=256, bias=True)
    (13): ReLU()
    (14): Linear(in_features=256, out_features=10, bias=True)
  )
)
INFO:__main__:CHILD MODEL LOSS: 0.563955020070076 with train time 101.9671745300293
INFO:__main__:CHILD MODEL ACCURACY: 0.8067
INFO:__main__:Policy gradient: 0.03690391406416893
INFO:__main__:
INFO:__main__:------ ITERATION 524 ------
INFO:__main__:Layers generated: [('256', '3', '2'), ('128', '3', '2'), ('256', '3', '2')]
INFO:__main__:ChildCNNModel(
  (model): Sequential(
    (0): Conv2d(3, 256, kernel_size=(3, 3), stride=(1, 1), padding=(2, 2))
    (1): ReLU()
    (2): MaxPool2d(kernel_size=2, stride=2, padding=0, dilation=1, ceil_mode=False)
    (3): Conv2d(256, 128, kernel_size=(3, 3), stride=(1, 1), padding=(2, 2))
    (4): ReLU()
    (5): MaxPool2d(kernel_size=2, stride=2, padding=0, dilation=1, ceil_mode=False)
    (6): Conv2d(128, 256, kernel_size=(3, 3), stride=(1, 1), padding=(2, 2))
    (7): ReLU()
    (8): MaxPool2d(kernel_size=2, stride=2, padding=0, dilation=1, ceil_mode=False)
    (9): Flatten(start_dim=1, end_dim=-1)
    (10): Linear(in_features=6400, out_features=512, bias=True)
    (11): ReLU()
    (12): Linear(in_features=512, out_features=256, bias=True)
    (13): ReLU()
    (14): Linear(in_features=256, out_features=10, bias=True)
  )
)
INFO:__main__:CHILD MODEL LOSS: 0.5538493012189865 with train time 87.36604976654053
INFO:__main__:CHILD MODEL ACCURACY: 0.7956
INFO:__main__:Policy gradient: -0.018701372668147087
INFO:__main__:
INFO:__main__:------ ITERATION 525 ------
INFO:__main__:Layers generated: [('256', '3', '2'), ('256', '3', '0'), ('256', '3', '1')]
INFO:__main__:ChildCNNModel(
  (model): Sequential(
    (0): Conv2d(3, 256, kernel_size=(3, 3), stride=(1, 1), padding=(2, 2))
    (1): ReLU()
    (2): MaxPool2d(kernel_size=2, stride=2, padding=0, dilation=1, ceil_mode=False)
    (3): Conv2d(256, 256, kernel_size=(3, 3), stride=(1, 1))
    (4): ReLU()
    (5): MaxPool2d(kernel_size=2, stride=2, padding=0, dilation=1, ceil_mode=False)
    (6): Conv2d(256, 256, kernel_size=(3, 3), stride=(1, 1), padding=(1, 1))
    (7): ReLU()
    (8): MaxPool2d(kernel_size=2, stride=2, padding=0, dilation=1, ceil_mode=False)
    (9): Flatten(start_dim=1, end_dim=-1)
    (10): Linear(in_features=2304, out_features=512, bias=True)
    (11): ReLU()
    (12): Linear(in_features=512, out_features=256, bias=True)
    (13): ReLU()
    (14): Linear(in_features=256, out_features=10, bias=True)
  )
)
INFO:__main__:CHILD MODEL LOSS: 0.5954670165777206 with train time 90.02162313461304
INFO:__main__:CHILD MODEL ACCURACY: 0.8025
INFO:__main__:Policy gradient: 0.019007548689842224
INFO:__main__:
INFO:__main__:------ ITERATION 526 ------
INFO:__main__:Layers generated: [('256', '3', '2'), ('256', '3', '2'), ('256', '3', '1')]
INFO:__main__:ChildCNNModel(
  (model): Sequential(
    (0): Conv2d(3, 256, kernel_size=(3, 3), stride=(1, 1), padding=(2, 2))
    (1): ReLU()
    (2): MaxPool2d(kernel_size=2, stride=2, padding=0, dilation=1, ceil_mode=False)
    (3): Conv2d(256, 256, kernel_size=(3, 3), stride=(1, 1), padding=(2, 2))
    (4): ReLU()
    (5): MaxPool2d(kernel_size=2, stride=2, padding=0, dilation=1, ceil_mode=False)
    (6): Conv2d(256, 256, kernel_size=(3, 3), stride=(1, 1), padding=(1, 1))
    (7): ReLU()
    (8): MaxPool2d(kernel_size=2, stride=2, padding=0, dilation=1, ceil_mode=False)
    (9): Flatten(start_dim=1, end_dim=-1)
    (10): Linear(in_features=4096, out_features=512, bias=True)
    (11): ReLU()
    (12): Linear(in_features=512, out_features=256, bias=True)
    (13): ReLU()
    (14): Linear(in_features=256, out_features=10, bias=True)
  )
)
INFO:__main__:CHILD MODEL LOSS: 0.5603966645002365 with train time 107.57976627349854
INFO:__main__:CHILD MODEL ACCURACY: 0.7937
INFO:__main__:Policy gradient: -0.02354438602924347
INFO:__main__:
INFO:__main__:------ ITERATION 527 ------
INFO:__main__:Layers generated: [('128', '3', '1'), ('64', '3', '2'), ('128', '3', '2')]
INFO:__main__:ChildCNNModel(
  (model): Sequential(
    (0): Conv2d(3, 128, kernel_size=(3, 3), stride=(1, 1), padding=(1, 1))
    (1): ReLU()
    (2): MaxPool2d(kernel_size=2, stride=2, padding=0, dilation=1, ceil_mode=False)
    (3): Conv2d(128, 64, kernel_size=(3, 3), stride=(1, 1), padding=(2, 2))
    (4): ReLU()
    (5): MaxPool2d(kernel_size=2, stride=2, padding=0, dilation=1, ceil_mode=False)
    (6): Conv2d(64, 128, kernel_size=(3, 3), stride=(1, 1), padding=(2, 2))
    (7): ReLU()
    (8): MaxPool2d(kernel_size=2, stride=2, padding=0, dilation=1, ceil_mode=False)
    (9): Flatten(start_dim=1, end_dim=-1)
    (10): Linear(in_features=3200, out_features=512, bias=True)
    (11): ReLU()
    (12): Linear(in_features=512, out_features=256, bias=True)
    (13): ReLU()
    (14): Linear(in_features=256, out_features=10, bias=True)
  )
)
INFO:__main__:CHILD MODEL LOSS: 0.5703220345973968 with train time 40.46406102180481
INFO:__main__:CHILD MODEL ACCURACY: 0.7867
INFO:__main__:Policy gradient: -0.09704224765300751
INFO:__main__:
INFO:__main__:------ ITERATION 528 ------
INFO:__main__:Layers generated: [('64', '3', '2'), ('64', '3', '2'), ('64', '3', '2')]
INFO:__main__:ChildCNNModel(
  (model): Sequential(
    (0): Conv2d(3, 64, kernel_size=(3, 3), stride=(1, 1), padding=(2, 2))
    (1): ReLU()
    (2): MaxPool2d(kernel_size=2, stride=2, padding=0, dilation=1, ceil_mode=False)
    (3): Conv2d(64, 64, kernel_size=(3, 3), stride=(1, 1), padding=(2, 2))
    (4): ReLU()
    (5): MaxPool2d(kernel_size=2, stride=2, padding=0, dilation=1, ceil_mode=False)
    (6): Conv2d(64, 64, kernel_size=(3, 3), stride=(1, 1), padding=(2, 2))
    (7): ReLU()
    (8): MaxPool2d(kernel_size=2, stride=2, padding=0, dilation=1, ceil_mode=False)
    (9): Flatten(start_dim=1, end_dim=-1)
    (10): Linear(in_features=1600, out_features=512, bias=True)
    (11): ReLU()
    (12): Linear(in_features=512, out_features=256, bias=True)
    (13): ReLU()
    (14): Linear(in_features=256, out_features=10, bias=True)
  )
)
INFO:__main__:CHILD MODEL LOSS: 0.6183238875865936 with train time 35.68960642814636
INFO:__main__:CHILD MODEL ACCURACY: 0.7778
INFO:__main__:Policy gradient: -0.1657777577638626
INFO:__main__:
INFO:__main__:------ ITERATION 529 ------
INFO:__main__:Layers generated: [('256', '3', '2'), ('256', '3', '2'), ('64', '3', '2')]
INFO:__main__:ChildCNNModel(
  (model): Sequential(
    (0): Conv2d(3, 256, kernel_size=(3, 3), stride=(1, 1), padding=(2, 2))
    (1): ReLU()
    (2): MaxPool2d(kernel_size=2, stride=2, padding=0, dilation=1, ceil_mode=False)
    (3): Conv2d(256, 256, kernel_size=(3, 3), stride=(1, 1), padding=(2, 2))
    (4): ReLU()
    (5): MaxPool2d(kernel_size=2, stride=2, padding=0, dilation=1, ceil_mode=False)
    (6): Conv2d(256, 64, kernel_size=(3, 3), stride=(1, 1), padding=(2, 2))
    (7): ReLU()
    (8): MaxPool2d(kernel_size=2, stride=2, padding=0, dilation=1, ceil_mode=False)
    (9): Flatten(start_dim=1, end_dim=-1)
    (10): Linear(in_features=1600, out_features=512, bias=True)
    (11): ReLU()
    (12): Linear(in_features=512, out_features=256, bias=True)
    (13): ReLU()
    (14): Linear(in_features=256, out_features=10, bias=True)
  )
)
INFO:__main__:CHILD MODEL LOSS: 0.6152128403186798 with train time 100.85676407814026
INFO:__main__:CHILD MODEL ACCURACY: 0.7775
INFO:__main__:Policy gradient: -0.10207690298557281
INFO:__main__:
INFO:__main__:------ ITERATION 530 ------
INFO:__main__:Layers generated: [('128', '3', '2'), ('32', '3', '1'), ('256', '3', '2')]
INFO:__main__:ChildCNNModel(
  (model): Sequential(
    (0): Conv2d(3, 128, kernel_size=(3, 3), stride=(1, 1), padding=(2, 2))
    (1): ReLU()
    (2): MaxPool2d(kernel_size=2, stride=2, padding=0, dilation=1, ceil_mode=False)
    (3): Conv2d(128, 32, kernel_size=(3, 3), stride=(1, 1), padding=(1, 1))
    (4): ReLU()
    (5): MaxPool2d(kernel_size=2, stride=2, padding=0, dilation=1, ceil_mode=False)
    (6): Conv2d(32, 256, kernel_size=(3, 3), stride=(1, 1), padding=(2, 2))
    (7): ReLU()
    (8): MaxPool2d(kernel_size=2, stride=2, padding=0, dilation=1, ceil_mode=False)
    (9): Flatten(start_dim=1, end_dim=-1)
    (10): Linear(in_features=6400, out_features=512, bias=True)
    (11): ReLU()
    (12): Linear(in_features=512, out_features=256, bias=True)
    (13): ReLU()
    (14): Linear(in_features=256, out_features=10, bias=True)
  )
)
INFO:__main__:CHILD MODEL LOSS: 0.5799743273258209 with train time 40.96479344367981
INFO:__main__:CHILD MODEL ACCURACY: 0.7815
INFO:__main__:Policy gradient: -0.08563774079084396
INFO:__main__:
INFO:__main__:------ ITERATION 531 ------
INFO:__main__:Layers generated: [('64', '3', '0'), ('128', '3', '0'), ('32', '3', '2')]
INFO:__main__:ChildCNNModel(
  (model): Sequential(
    (0): Conv2d(3, 64, kernel_size=(3, 3), stride=(1, 1))
    (1): ReLU()
    (2): MaxPool2d(kernel_size=2, stride=2, padding=0, dilation=1, ceil_mode=False)
    (3): Conv2d(64, 128, kernel_size=(3, 3), stride=(1, 1))
    (4): ReLU()
    (5): MaxPool2d(kernel_size=2, stride=2, padding=0, dilation=1, ceil_mode=False)
    (6): Conv2d(128, 32, kernel_size=(3, 3), stride=(1, 1), padding=(2, 2))
    (7): ReLU()
    (8): MaxPool2d(kernel_size=2, stride=2, padding=0, dilation=1, ceil_mode=False)
    (9): Flatten(start_dim=1, end_dim=-1)
    (10): Linear(in_features=512, out_features=512, bias=True)
    (11): ReLU()
    (12): Linear(in_features=512, out_features=256, bias=True)
    (13): ReLU()
    (14): Linear(in_features=256, out_features=10, bias=True)
  )
)
INFO:__main__:CHILD MODEL LOSS: 0.6991311942338944 with train time 33.7291522026062
INFO:__main__:CHILD MODEL ACCURACY: 0.7616
INFO:__main__:Policy gradient: -0.38883885741233826
INFO:__main__:
INFO:__main__:------ ITERATION 532 ------
INFO:__main__:Layers generated: [('128', '3', '2'), ('256', '3', '2'), ('128', '3', '2')]
INFO:__main__:ChildCNNModel(
  (model): Sequential(
    (0): Conv2d(3, 128, kernel_size=(3, 3), stride=(1, 1), padding=(2, 2))
    (1): ReLU()
    (2): MaxPool2d(kernel_size=2, stride=2, padding=0, dilation=1, ceil_mode=False)
    (3): Conv2d(128, 256, kernel_size=(3, 3), stride=(1, 1), padding=(2, 2))
    (4): ReLU()
    (5): MaxPool2d(kernel_size=2, stride=2, padding=0, dilation=1, ceil_mode=False)
    (6): Conv2d(256, 128, kernel_size=(3, 3), stride=(1, 1), padding=(2, 2))
    (7): ReLU()
    (8): MaxPool2d(kernel_size=2, stride=2, padding=0, dilation=1, ceil_mode=False)
    (9): Flatten(start_dim=1, end_dim=-1)
    (10): Linear(in_features=3200, out_features=512, bias=True)
    (11): ReLU()
    (12): Linear(in_features=512, out_features=256, bias=True)
    (13): ReLU()
    (14): Linear(in_features=256, out_features=10, bias=True)
  )
)
INFO:__main__:CHILD MODEL LOSS: 0.550993514418602 with train time 72.37738299369812
INFO:__main__:CHILD MODEL ACCURACY: 0.8062
INFO:__main__:Policy gradient: 0.07911523431539536
INFO:__main__:
INFO:__main__:------ ITERATION 533 ------
INFO:__main__:Layers generated: [('128', '3', '1'), ('256', '3', '1'), ('256', '3', '1')]
INFO:__main__:ChildCNNModel(
  (model): Sequential(
    (0): Conv2d(3, 128, kernel_size=(3, 3), stride=(1, 1), padding=(1, 1))
    (1): ReLU()
    (2): MaxPool2d(kernel_size=2, stride=2, padding=0, dilation=1, ceil_mode=False)
    (3): Conv2d(128, 256, kernel_size=(3, 3), stride=(1, 1), padding=(1, 1))
    (4): ReLU()
    (5): MaxPool2d(kernel_size=2, stride=2, padding=0, dilation=1, ceil_mode=False)
    (6): Conv2d(256, 256, kernel_size=(3, 3), stride=(1, 1), padding=(1, 1))
    (7): ReLU()
    (8): MaxPool2d(kernel_size=2, stride=2, padding=0, dilation=1, ceil_mode=False)
    (9): Flatten(start_dim=1, end_dim=-1)
    (10): Linear(in_features=4096, out_features=512, bias=True)
    (11): ReLU()
    (12): Linear(in_features=512, out_features=256, bias=True)
    (13): ReLU()
    (14): Linear(in_features=256, out_features=10, bias=True)
  )
)
INFO:__main__:CHILD MODEL LOSS: 0.5235536803007126 with train time 55.694746255874634
INFO:__main__:CHILD MODEL ACCURACY: 0.8115
INFO:__main__:Policy gradient: 0.11725380271673203
INFO:__main__:
INFO:__main__:------ ITERATION 534 ------
INFO:__main__:Layers generated: [('16', '3', '1'), ('256', '3', '2'), ('256', '3', '2')]
INFO:__main__:ChildCNNModel(
  (model): Sequential(
    (0): Conv2d(3, 16, kernel_size=(3, 3), stride=(1, 1), padding=(1, 1))
    (1): ReLU()
    (2): MaxPool2d(kernel_size=2, stride=2, padding=0, dilation=1, ceil_mode=False)
    (3): Conv2d(16, 256, kernel_size=(3, 3), stride=(1, 1), padding=(2, 2))
    (4): ReLU()
    (5): MaxPool2d(kernel_size=2, stride=2, padding=0, dilation=1, ceil_mode=False)
    (6): Conv2d(256, 256, kernel_size=(3, 3), stride=(1, 1), padding=(2, 2))
    (7): ReLU()
    (8): MaxPool2d(kernel_size=2, stride=2, padding=0, dilation=1, ceil_mode=False)
    (9): Flatten(start_dim=1, end_dim=-1)
    (10): Linear(in_features=6400, out_features=512, bias=True)
    (11): ReLU()
    (12): Linear(in_features=512, out_features=256, bias=True)
    (13): ReLU()
    (14): Linear(in_features=256, out_features=10, bias=True)
  )
)
INFO:__main__:CHILD MODEL LOSS: 0.5462012450695037 with train time 40.844027519226074
INFO:__main__:CHILD MODEL ACCURACY: 0.7851
INFO:__main__:Policy gradient: -0.05995993688702583
INFO:__main__:
INFO:__main__:------ ITERATION 535 ------
INFO:__main__:Layers generated: [('256', '3', '2'), ('256', '3', '2'), ('128', '3', '2')]
INFO:__main__:ChildCNNModel(
  (model): Sequential(
    (0): Conv2d(3, 256, kernel_size=(3, 3), stride=(1, 1), padding=(2, 2))
    (1): ReLU()
    (2): MaxPool2d(kernel_size=2, stride=2, padding=0, dilation=1, ceil_mode=False)
    (3): Conv2d(256, 256, kernel_size=(3, 3), stride=(1, 1), padding=(2, 2))
    (4): ReLU()
    (5): MaxPool2d(kernel_size=2, stride=2, padding=0, dilation=1, ceil_mode=False)
    (6): Conv2d(256, 128, kernel_size=(3, 3), stride=(1, 1), padding=(2, 2))
    (7): ReLU()
    (8): MaxPool2d(kernel_size=2, stride=2, padding=0, dilation=1, ceil_mode=False)
    (9): Flatten(start_dim=1, end_dim=-1)
    (10): Linear(in_features=3200, out_features=512, bias=True)
    (11): ReLU()
    (12): Linear(in_features=512, out_features=256, bias=True)
    (13): ReLU()
    (14): Linear(in_features=256, out_features=10, bias=True)
  )
)
INFO:__main__:CHILD MODEL LOSS: 0.5714342273473739 with train time 104.75025248527527
INFO:__main__:CHILD MODEL ACCURACY: 0.7813
INFO:__main__:Policy gradient: -0.0498870387673378
INFO:__main__:
INFO:__main__:------ ITERATION 536 ------
INFO:__main__:Layers generated: [('128', '3', '1'), ('128', '3', '1'), ('256', '3', '2')]
INFO:__main__:ChildCNNModel(
  (model): Sequential(
    (0): Conv2d(3, 128, kernel_size=(3, 3), stride=(1, 1), padding=(1, 1))
    (1): ReLU()
    (2): MaxPool2d(kernel_size=2, stride=2, padding=0, dilation=1, ceil_mode=False)
    (3): Conv2d(128, 128, kernel_size=(3, 3), stride=(1, 1), padding=(1, 1))
    (4): ReLU()
    (5): MaxPool2d(kernel_size=2, stride=2, padding=0, dilation=1, ceil_mode=False)
    (6): Conv2d(128, 256, kernel_size=(3, 3), stride=(1, 1), padding=(2, 2))
    (7): ReLU()
    (8): MaxPool2d(kernel_size=2, stride=2, padding=0, dilation=1, ceil_mode=False)
    (9): Flatten(start_dim=1, end_dim=-1)
    (10): Linear(in_features=6400, out_features=512, bias=True)
    (11): ReLU()
    (12): Linear(in_features=512, out_features=256, bias=True)
    (13): ReLU()
    (14): Linear(in_features=256, out_features=10, bias=True)
  )
)
INFO:__main__:CHILD MODEL LOSS: 0.4977600564956665 with train time 45.71739983558655
INFO:__main__:CHILD MODEL ACCURACY: 0.8195
INFO:__main__:Policy gradient: 0.17497000098228455
INFO:__main__:
INFO:__main__:------ ITERATION 537 ------
INFO:__main__:Layers generated: [('128', '3', '1'), ('32', '3', '2'), ('128', '3', '2')]
INFO:__main__:ChildCNNModel(
  (model): Sequential(
    (0): Conv2d(3, 128, kernel_size=(3, 3), stride=(1, 1), padding=(1, 1))
    (1): ReLU()
    (2): MaxPool2d(kernel_size=2, stride=2, padding=0, dilation=1, ceil_mode=False)
    (3): Conv2d(128, 32, kernel_size=(3, 3), stride=(1, 1), padding=(2, 2))
    (4): ReLU()
    (5): MaxPool2d(kernel_size=2, stride=2, padding=0, dilation=1, ceil_mode=False)
    (6): Conv2d(32, 128, kernel_size=(3, 3), stride=(1, 1), padding=(2, 2))
    (7): ReLU()
    (8): MaxPool2d(kernel_size=2, stride=2, padding=0, dilation=1, ceil_mode=False)
    (9): Flatten(start_dim=1, end_dim=-1)
    (10): Linear(in_features=3200, out_features=512, bias=True)
    (11): ReLU()
    (12): Linear(in_features=512, out_features=256, bias=True)
    (13): ReLU()
    (14): Linear(in_features=256, out_features=10, bias=True)
  )
)
INFO:__main__:CHILD MODEL LOSS: 0.610243982553482 with train time 39.499704360961914
INFO:__main__:CHILD MODEL ACCURACY: 0.7865
INFO:__main__:Policy gradient: -0.06643979996442795
INFO:__main__:
INFO:__main__:------ ITERATION 538 ------
INFO:__main__:Layers generated: [('256', '3', '2'), ('256', '3', '1'), ('256', '3', '2')]
INFO:__main__:ChildCNNModel(
  (model): Sequential(
    (0): Conv2d(3, 256, kernel_size=(3, 3), stride=(1, 1), padding=(2, 2))
    (1): ReLU()
    (2): MaxPool2d(kernel_size=2, stride=2, padding=0, dilation=1, ceil_mode=False)
    (3): Conv2d(256, 256, kernel_size=(3, 3), stride=(1, 1), padding=(1, 1))
    (4): ReLU()
    (5): MaxPool2d(kernel_size=2, stride=2, padding=0, dilation=1, ceil_mode=False)
    (6): Conv2d(256, 256, kernel_size=(3, 3), stride=(1, 1), padding=(2, 2))
    (7): ReLU()
    (8): MaxPool2d(kernel_size=2, stride=2, padding=0, dilation=1, ceil_mode=False)
    (9): Flatten(start_dim=1, end_dim=-1)
    (10): Linear(in_features=6400, out_features=512, bias=True)
    (11): ReLU()
    (12): Linear(in_features=512, out_features=256, bias=True)
    (13): ReLU()
    (14): Linear(in_features=256, out_features=10, bias=True)
  )
)
INFO:__main__:CHILD MODEL LOSS: 0.6615613166093827 with train time 104.9046277999878
INFO:__main__:CHILD MODEL ACCURACY: 0.772
INFO:__main__:Policy gradient: -0.08334187418222427
INFO:__main__:
INFO:__main__:------ ITERATION 539 ------
INFO:__main__:Layers generated: [('256', '3', '2'), ('128', '3', '2'), ('256', '3', '2')]
INFO:__main__:ChildCNNModel(
  (model): Sequential(
    (0): Conv2d(3, 256, kernel_size=(3, 3), stride=(1, 1), padding=(2, 2))
    (1): ReLU()
    (2): MaxPool2d(kernel_size=2, stride=2, padding=0, dilation=1, ceil_mode=False)
    (3): Conv2d(256, 128, kernel_size=(3, 3), stride=(1, 1), padding=(2, 2))
    (4): ReLU()
    (5): MaxPool2d(kernel_size=2, stride=2, padding=0, dilation=1, ceil_mode=False)
    (6): Conv2d(128, 256, kernel_size=(3, 3), stride=(1, 1), padding=(2, 2))
    (7): ReLU()
    (8): MaxPool2d(kernel_size=2, stride=2, padding=0, dilation=1, ceil_mode=False)
    (9): Flatten(start_dim=1, end_dim=-1)
    (10): Linear(in_features=6400, out_features=512, bias=True)
    (11): ReLU()
    (12): Linear(in_features=512, out_features=256, bias=True)
    (13): ReLU()
    (14): Linear(in_features=256, out_features=10, bias=True)
  )
)
INFO:__main__:CHILD MODEL LOSS: 0.535128114104271 with train time 87.3119125366211
INFO:__main__:CHILD MODEL ACCURACY: 0.8001
INFO:__main__:Policy gradient: 0.03929365053772926
INFO:__main__:
INFO:__main__:------ ITERATION 540 ------
INFO:__main__:Layers generated: [('256', '3', '1'), ('128', '3', '2'), ('256', '3', '2')]
INFO:__main__:ChildCNNModel(
  (model): Sequential(
    (0): Conv2d(3, 256, kernel_size=(3, 3), stride=(1, 1), padding=(1, 1))
    (1): ReLU()
    (2): MaxPool2d(kernel_size=2, stride=2, padding=0, dilation=1, ceil_mode=False)
    (3): Conv2d(256, 128, kernel_size=(3, 3), stride=(1, 1), padding=(2, 2))
    (4): ReLU()
    (5): MaxPool2d(kernel_size=2, stride=2, padding=0, dilation=1, ceil_mode=False)
    (6): Conv2d(128, 256, kernel_size=(3, 3), stride=(1, 1), padding=(2, 2))
    (7): ReLU()
    (8): MaxPool2d(kernel_size=2, stride=2, padding=0, dilation=1, ceil_mode=False)
    (9): Flatten(start_dim=1, end_dim=-1)
    (10): Linear(in_features=6400, out_features=512, bias=True)
    (11): ReLU()
    (12): Linear(in_features=512, out_features=256, bias=True)
    (13): ReLU()
    (14): Linear(in_features=256, out_features=10, bias=True)
  )
)
INFO:__main__:CHILD MODEL LOSS: 0.5321371259689331 with train time 79.67605185508728
INFO:__main__:CHILD MODEL ACCURACY: 0.8074
INFO:__main__:Policy gradient: 0.0852610245347023
INFO:__main__:
INFO:__main__:------ ITERATION 541 ------
INFO:__main__:Layers generated: [('256', '3', '2'), ('128', '3', '2'), ('128', '3', '2')]
INFO:__main__:ChildCNNModel(
  (model): Sequential(
    (0): Conv2d(3, 256, kernel_size=(3, 3), stride=(1, 1), padding=(2, 2))
    (1): ReLU()
    (2): MaxPool2d(kernel_size=2, stride=2, padding=0, dilation=1, ceil_mode=False)
    (3): Conv2d(256, 128, kernel_size=(3, 3), stride=(1, 1), padding=(2, 2))
    (4): ReLU()
    (5): MaxPool2d(kernel_size=2, stride=2, padding=0, dilation=1, ceil_mode=False)
    (6): Conv2d(128, 128, kernel_size=(3, 3), stride=(1, 1), padding=(2, 2))
    (7): ReLU()
    (8): MaxPool2d(kernel_size=2, stride=2, padding=0, dilation=1, ceil_mode=False)
    (9): Flatten(start_dim=1, end_dim=-1)
    (10): Linear(in_features=3200, out_features=512, bias=True)
    (11): ReLU()
    (12): Linear(in_features=512, out_features=256, bias=True)
    (13): ReLU()
    (14): Linear(in_features=256, out_features=10, bias=True)
  )
)
INFO:__main__:CHILD MODEL LOSS: 0.5667895175218582 with train time 80.39834642410278
INFO:__main__:CHILD MODEL ACCURACY: 0.7914
INFO:__main__:Policy gradient: -0.01236603781580925
INFO:__main__:
INFO:__main__:------ ITERATION 542 ------
INFO:__main__:Layers generated: [('256', '3', '2'), ('256', '3', '2'), ('256', '3', '2')]
INFO:__main__:ChildCNNModel(
  (model): Sequential(
    (0): Conv2d(3, 256, kernel_size=(3, 3), stride=(1, 1), padding=(2, 2))
    (1): ReLU()
    (2): MaxPool2d(kernel_size=2, stride=2, padding=0, dilation=1, ceil_mode=False)
    (3): Conv2d(256, 256, kernel_size=(3, 3), stride=(1, 1), padding=(2, 2))
    (4): ReLU()
    (5): MaxPool2d(kernel_size=2, stride=2, padding=0, dilation=1, ceil_mode=False)
    (6): Conv2d(256, 256, kernel_size=(3, 3), stride=(1, 1), padding=(2, 2))
    (7): ReLU()
    (8): MaxPool2d(kernel_size=2, stride=2, padding=0, dilation=1, ceil_mode=False)
    (9): Flatten(start_dim=1, end_dim=-1)
    (10): Linear(in_features=6400, out_features=512, bias=True)
    (11): ReLU()
    (12): Linear(in_features=512, out_features=256, bias=True)
    (13): ReLU()
    (14): Linear(in_features=256, out_features=10, bias=True)
  )
)
INFO:__main__:CHILD MODEL LOSS: 0.5802315254211425 with train time 114.05950856208801
INFO:__main__:CHILD MODEL ACCURACY: 0.786
INFO:__main__:Policy gradient: -0.02640306018292904
INFO:__main__:
INFO:__main__:------ ITERATION 543 ------
INFO:__main__:Layers generated: [('128', '3', '2'), ('128', '3', '2'), ('256', '3', '2')]
INFO:__main__:ChildCNNModel(
  (model): Sequential(
    (0): Conv2d(3, 128, kernel_size=(3, 3), stride=(1, 1), padding=(2, 2))
    (1): ReLU()
    (2): MaxPool2d(kernel_size=2, stride=2, padding=0, dilation=1, ceil_mode=False)
    (3): Conv2d(128, 128, kernel_size=(3, 3), stride=(1, 1), padding=(2, 2))
    (4): ReLU()
    (5): MaxPool2d(kernel_size=2, stride=2, padding=0, dilation=1, ceil_mode=False)
    (6): Conv2d(128, 256, kernel_size=(3, 3), stride=(1, 1), padding=(2, 2))
    (7): ReLU()
    (8): MaxPool2d(kernel_size=2, stride=2, padding=0, dilation=1, ceil_mode=False)
    (9): Flatten(start_dim=1, end_dim=-1)
    (10): Linear(in_features=6400, out_features=512, bias=True)
    (11): ReLU()
    (12): Linear(in_features=512, out_features=256, bias=True)
    (13): ReLU()
    (14): Linear(in_features=256, out_features=10, bias=True)
  )
)
INFO:__main__:CHILD MODEL LOSS: 0.5137833541631699 with train time 58.20781636238098
INFO:__main__:CHILD MODEL ACCURACY: 0.8151
INFO:__main__:Policy gradient: 0.10540319234132767
INFO:__main__:
INFO:__main__:------ ITERATION 544 ------
INFO:__main__:Layers generated: [('128', '5', '2'), ('256', '3', '2'), ('128', '3', '2')]
INFO:__main__:ChildCNNModel(
  (model): Sequential(
    (0): Conv2d(3, 128, kernel_size=(5, 5), stride=(1, 1), padding=(2, 2))
    (1): ReLU()
    (2): MaxPool2d(kernel_size=2, stride=2, padding=0, dilation=1, ceil_mode=False)
    (3): Conv2d(128, 256, kernel_size=(3, 3), stride=(1, 1), padding=(2, 2))
    (4): ReLU()
    (5): MaxPool2d(kernel_size=2, stride=2, padding=0, dilation=1, ceil_mode=False)
    (6): Conv2d(256, 128, kernel_size=(3, 3), stride=(1, 1), padding=(2, 2))
    (7): ReLU()
    (8): MaxPool2d(kernel_size=2, stride=2, padding=0, dilation=1, ceil_mode=False)
    (9): Flatten(start_dim=1, end_dim=-1)
    (10): Linear(in_features=3200, out_features=512, bias=True)
    (11): ReLU()
    (12): Linear(in_features=512, out_features=256, bias=True)
    (13): ReLU()
    (14): Linear(in_features=256, out_features=10, bias=True)
  )
)
INFO:__main__:CHILD MODEL LOSS: 0.5560268311500549 with train time 67.54555201530457
INFO:__main__:CHILD MODEL ACCURACY: 0.789
INFO:__main__:Policy gradient: -0.04704213887453079
INFO:__main__:
INFO:__main__:------ ITERATION 545 ------
INFO:__main__:Layers generated: [('128', '3', '2'), ('128', '3', '2'), ('256', '3', '2')]
INFO:__main__:ChildCNNModel(
  (model): Sequential(
    (0): Conv2d(3, 128, kernel_size=(3, 3), stride=(1, 1), padding=(2, 2))
    (1): ReLU()
    (2): MaxPool2d(kernel_size=2, stride=2, padding=0, dilation=1, ceil_mode=False)
    (3): Conv2d(128, 128, kernel_size=(3, 3), stride=(1, 1), padding=(2, 2))
    (4): ReLU()
    (5): MaxPool2d(kernel_size=2, stride=2, padding=0, dilation=1, ceil_mode=False)
    (6): Conv2d(128, 256, kernel_size=(3, 3), stride=(1, 1), padding=(2, 2))
    (7): ReLU()
    (8): MaxPool2d(kernel_size=2, stride=2, padding=0, dilation=1, ceil_mode=False)
    (9): Flatten(start_dim=1, end_dim=-1)
    (10): Linear(in_features=6400, out_features=512, bias=True)
    (11): ReLU()
    (12): Linear(in_features=512, out_features=256, bias=True)
    (13): ReLU()
    (14): Linear(in_features=256, out_features=10, bias=True)
  )
)
INFO:__main__:CHILD MODEL LOSS: 0.5379649089574814 with train time 58.24662709236145
INFO:__main__:CHILD MODEL ACCURACY: 0.8019
INFO:__main__:Policy gradient: 0.035378940403461456
INFO:__main__:
INFO:__main__:------ ITERATION 546 ------
INFO:__main__:Layers generated: [('256', '3', '2'), ('128', '3', '2'), ('128', '3', '1')]
INFO:__main__:ChildCNNModel(
  (model): Sequential(
    (0): Conv2d(3, 256, kernel_size=(3, 3), stride=(1, 1), padding=(2, 2))
    (1): ReLU()
    (2): MaxPool2d(kernel_size=2, stride=2, padding=0, dilation=1, ceil_mode=False)
    (3): Conv2d(256, 128, kernel_size=(3, 3), stride=(1, 1), padding=(2, 2))
    (4): ReLU()
    (5): MaxPool2d(kernel_size=2, stride=2, padding=0, dilation=1, ceil_mode=False)
    (6): Conv2d(128, 128, kernel_size=(3, 3), stride=(1, 1), padding=(1, 1))
    (7): ReLU()
    (8): MaxPool2d(kernel_size=2, stride=2, padding=0, dilation=1, ceil_mode=False)
    (9): Flatten(start_dim=1, end_dim=-1)
    (10): Linear(in_features=2048, out_features=512, bias=True)
    (11): ReLU()
    (12): Linear(in_features=512, out_features=256, bias=True)
    (13): ReLU()
    (14): Linear(in_features=256, out_features=10, bias=True)
  )
)
INFO:__main__:CHILD MODEL LOSS: 0.567620116353035 with train time 78.83095073699951
INFO:__main__:CHILD MODEL ACCURACY: 0.8024
INFO:__main__:Policy gradient: 0.04098377749323845
INFO:__main__:
INFO:__main__:------ ITERATION 547 ------
INFO:__main__:Layers generated: [('128', '3', '2'), ('256', '3', '2'), ('32', '3', '2')]
INFO:__main__:ChildCNNModel(
  (model): Sequential(
    (0): Conv2d(3, 128, kernel_size=(3, 3), stride=(1, 1), padding=(2, 2))
    (1): ReLU()
    (2): MaxPool2d(kernel_size=2, stride=2, padding=0, dilation=1, ceil_mode=False)
    (3): Conv2d(128, 256, kernel_size=(3, 3), stride=(1, 1), padding=(2, 2))
    (4): ReLU()
    (5): MaxPool2d(kernel_size=2, stride=2, padding=0, dilation=1, ceil_mode=False)
    (6): Conv2d(256, 32, kernel_size=(3, 3), stride=(1, 1), padding=(2, 2))
    (7): ReLU()
    (8): MaxPool2d(kernel_size=2, stride=2, padding=0, dilation=1, ceil_mode=False)
    (9): Flatten(start_dim=1, end_dim=-1)
    (10): Linear(in_features=800, out_features=512, bias=True)
    (11): ReLU()
    (12): Linear(in_features=512, out_features=256, bias=True)
    (13): ReLU()
    (14): Linear(in_features=256, out_features=10, bias=True)
  )
)
INFO:__main__:CHILD MODEL LOSS: 0.6576113375425339 with train time 66.99987053871155
INFO:__main__:CHILD MODEL ACCURACY: 0.7874
INFO:__main__:Policy gradient: -0.056756068021059036
INFO:__main__:
INFO:__main__:------ ITERATION 548 ------
INFO:__main__:Layers generated: [('128', '3', '2'), ('256', '3', '2'), ('256', '3', '2')]
INFO:__main__:ChildCNNModel(
  (model): Sequential(
    (0): Conv2d(3, 128, kernel_size=(3, 3), stride=(1, 1), padding=(2, 2))
    (1): ReLU()
    (2): MaxPool2d(kernel_size=2, stride=2, padding=0, dilation=1, ceil_mode=False)
    (3): Conv2d(128, 256, kernel_size=(3, 3), stride=(1, 1), padding=(2, 2))
    (4): ReLU()
    (5): MaxPool2d(kernel_size=2, stride=2, padding=0, dilation=1, ceil_mode=False)
    (6): Conv2d(256, 256, kernel_size=(3, 3), stride=(1, 1), padding=(2, 2))
    (7): ReLU()
    (8): MaxPool2d(kernel_size=2, stride=2, padding=0, dilation=1, ceil_mode=False)
    (9): Flatten(start_dim=1, end_dim=-1)
    (10): Linear(in_features=6400, out_features=512, bias=True)
    (11): ReLU()
    (12): Linear(in_features=512, out_features=256, bias=True)
    (13): ReLU()
    (14): Linear(in_features=256, out_features=10, bias=True)
  )
)
INFO:__main__:CHILD MODEL LOSS: 0.5253925853967667 with train time 81.54091453552246
INFO:__main__:CHILD MODEL ACCURACY: 0.8085
INFO:__main__:Policy gradient: 0.05105414241552353
INFO:__main__:
INFO:__main__:------ ITERATION 549 ------
INFO:__main__:Layers generated: [('256', '3', '1'), ('64', '3', '2'), ('128', '3', '2')]
INFO:__main__:ChildCNNModel(
  (model): Sequential(
    (0): Conv2d(3, 256, kernel_size=(3, 3), stride=(1, 1), padding=(1, 1))
    (1): ReLU()
    (2): MaxPool2d(kernel_size=2, stride=2, padding=0, dilation=1, ceil_mode=False)
    (3): Conv2d(256, 64, kernel_size=(3, 3), stride=(1, 1), padding=(2, 2))
    (4): ReLU()
    (5): MaxPool2d(kernel_size=2, stride=2, padding=0, dilation=1, ceil_mode=False)
    (6): Conv2d(64, 128, kernel_size=(3, 3), stride=(1, 1), padding=(2, 2))
    (7): ReLU()
    (8): MaxPool2d(kernel_size=2, stride=2, padding=0, dilation=1, ceil_mode=False)
    (9): Flatten(start_dim=1, end_dim=-1)
    (10): Linear(in_features=3200, out_features=512, bias=True)
    (11): ReLU()
    (12): Linear(in_features=512, out_features=256, bias=True)
    (13): ReLU()
    (14): Linear(in_features=256, out_features=10, bias=True)
  )
)
INFO:__main__:CHILD MODEL LOSS: 0.6024388155937195 with train time 62.20838928222656
INFO:__main__:CHILD MODEL ACCURACY: 0.7915
INFO:__main__:Policy gradient: -0.03726678714156151
INFO:__main__:
INFO:__main__:------ ITERATION 550 ------
INFO:__main__:Layers generated: [('128', '3', '2'), ('32', '3', '2'), ('256', '5', '0')]
INFO:__main__:ChildCNNModel(
  (model): Sequential(
    (0): Conv2d(3, 128, kernel_size=(3, 3), stride=(1, 1), padding=(2, 2))
    (1): ReLU()
    (2): MaxPool2d(kernel_size=2, stride=2, padding=0, dilation=1, ceil_mode=False)
    (3): Conv2d(128, 32, kernel_size=(3, 3), stride=(1, 1), padding=(2, 2))
    (4): ReLU()
    (5): MaxPool2d(kernel_size=2, stride=2, padding=0, dilation=1, ceil_mode=False)
    (6): Conv2d(32, 256, kernel_size=(5, 5), stride=(1, 1))
    (7): ReLU()
    (8): MaxPool2d(kernel_size=2, stride=2, padding=0, dilation=1, ceil_mode=False)
    (9): Flatten(start_dim=1, end_dim=-1)
    (10): Linear(in_features=1024, out_features=512, bias=True)
    (11): ReLU()
    (12): Linear(in_features=512, out_features=256, bias=True)
    (13): ReLU()
    (14): Linear(in_features=256, out_features=10, bias=True)
  )
)
INFO:__main__:CHILD MODEL LOSS: 0.6413032208681106 with train time 40.942678928375244
INFO:__main__:CHILD MODEL ACCURACY: 0.7731
INFO:__main__:Policy gradient: -0.26525986194610596
INFO:__main__:
INFO:__main__:------ ITERATION 551 ------
INFO:__main__:Layers generated: [('256', '3', '1'), ('256', '3', '2'), ('256', '3', '1')]
INFO:__main__:ChildCNNModel(
  (model): Sequential(
    (0): Conv2d(3, 256, kernel_size=(3, 3), stride=(1, 1), padding=(1, 1))
    (1): ReLU()
    (2): MaxPool2d(kernel_size=2, stride=2, padding=0, dilation=1, ceil_mode=False)
    (3): Conv2d(256, 256, kernel_size=(3, 3), stride=(1, 1), padding=(2, 2))
    (4): ReLU()
    (5): MaxPool2d(kernel_size=2, stride=2, padding=0, dilation=1, ceil_mode=False)
    (6): Conv2d(256, 256, kernel_size=(3, 3), stride=(1, 1), padding=(1, 1))
    (7): ReLU()
    (8): MaxPool2d(kernel_size=2, stride=2, padding=0, dilation=1, ceil_mode=False)
    (9): Flatten(start_dim=1, end_dim=-1)
    (10): Linear(in_features=4096, out_features=512, bias=True)
    (11): ReLU()
    (12): Linear(in_features=512, out_features=256, bias=True)
    (13): ReLU()
    (14): Linear(in_features=256, out_features=10, bias=True)
  )
)
INFO:__main__:CHILD MODEL LOSS: 0.5993276175260543 with train time 97.81370258331299
INFO:__main__:CHILD MODEL ACCURACY: 0.7942
INFO:__main__:Policy gradient: 0.003137602936476469
INFO:__main__:
INFO:__main__:------ ITERATION 552 ------
INFO:__main__:Layers generated: [('256', '3', '2'), ('256', '3', '2'), ('256', '3', '0')]
INFO:__main__:ChildCNNModel(
  (model): Sequential(
    (0): Conv2d(3, 256, kernel_size=(3, 3), stride=(1, 1), padding=(2, 2))
    (1): ReLU()
    (2): MaxPool2d(kernel_size=2, stride=2, padding=0, dilation=1, ceil_mode=False)
    (3): Conv2d(256, 256, kernel_size=(3, 3), stride=(1, 1), padding=(2, 2))
    (4): ReLU()
    (5): MaxPool2d(kernel_size=2, stride=2, padding=0, dilation=1, ceil_mode=False)
    (6): Conv2d(256, 256, kernel_size=(3, 3), stride=(1, 1))
    (7): ReLU()
    (8): MaxPool2d(kernel_size=2, stride=2, padding=0, dilation=1, ceil_mode=False)
    (9): Flatten(start_dim=1, end_dim=-1)
    (10): Linear(in_features=2304, out_features=512, bias=True)
    (11): ReLU()
    (12): Linear(in_features=512, out_features=256, bias=True)
    (13): ReLU()
    (14): Linear(in_features=256, out_features=10, bias=True)
  )
)
INFO:__main__:CHILD MODEL LOSS: 0.5786102417707443 with train time 103.35650444030762
INFO:__main__:CHILD MODEL ACCURACY: 0.8012
INFO:__main__:Policy gradient: 0.04376713186502457
INFO:__main__:
INFO:__main__:------ ITERATION 553 ------
INFO:__main__:Layers generated: [('256', '3', '1'), ('256', '3', '2'), ('256', '3', '1')]
INFO:__main__:ChildCNNModel(
  (model): Sequential(
    (0): Conv2d(3, 256, kernel_size=(3, 3), stride=(1, 1), padding=(1, 1))
    (1): ReLU()
    (2): MaxPool2d(kernel_size=2, stride=2, padding=0, dilation=1, ceil_mode=False)
    (3): Conv2d(256, 256, kernel_size=(3, 3), stride=(1, 1), padding=(2, 2))
    (4): ReLU()
    (5): MaxPool2d(kernel_size=2, stride=2, padding=0, dilation=1, ceil_mode=False)
    (6): Conv2d(256, 256, kernel_size=(3, 3), stride=(1, 1), padding=(1, 1))
    (7): ReLU()
    (8): MaxPool2d(kernel_size=2, stride=2, padding=0, dilation=1, ceil_mode=False)
    (9): Flatten(start_dim=1, end_dim=-1)
    (10): Linear(in_features=4096, out_features=512, bias=True)
    (11): ReLU()
    (12): Linear(in_features=512, out_features=256, bias=True)
    (13): ReLU()
    (14): Linear(in_features=256, out_features=10, bias=True)
  )
)
INFO:__main__:CHILD MODEL LOSS: 0.5426922470331192 with train time 97.7410659790039
INFO:__main__:CHILD MODEL ACCURACY: 0.8091
INFO:__main__:Policy gradient: 0.0748465359210968
INFO:__main__:
INFO:__main__:------ ITERATION 554 ------
INFO:__main__:Layers generated: [('256', '3', '0'), ('256', '3', '2'), ('256', '3', '2')]
INFO:__main__:ChildCNNModel(
  (model): Sequential(
    (0): Conv2d(3, 256, kernel_size=(3, 3), stride=(1, 1))
    (1): ReLU()
    (2): MaxPool2d(kernel_size=2, stride=2, padding=0, dilation=1, ceil_mode=False)
    (3): Conv2d(256, 256, kernel_size=(3, 3), stride=(1, 1), padding=(2, 2))
    (4): ReLU()
    (5): MaxPool2d(kernel_size=2, stride=2, padding=0, dilation=1, ceil_mode=False)
    (6): Conv2d(256, 256, kernel_size=(3, 3), stride=(1, 1), padding=(2, 2))
    (7): ReLU()
    (8): MaxPool2d(kernel_size=2, stride=2, padding=0, dilation=1, ceil_mode=False)
    (9): Flatten(start_dim=1, end_dim=-1)
    (10): Linear(in_features=6400, out_features=512, bias=True)
    (11): ReLU()
    (12): Linear(in_features=512, out_features=256, bias=True)
    (13): ReLU()
    (14): Linear(in_features=256, out_features=10, bias=True)
  )
)
INFO:__main__:CHILD MODEL LOSS: 0.5808699697256088 with train time 91.64792776107788
INFO:__main__:CHILD MODEL ACCURACY: 0.8028
INFO:__main__:Policy gradient: 0.042698998004198074
INFO:__main__:
INFO:__main__:------ ITERATION 555 ------
INFO:__main__:Layers generated: [('128', '3', '2'), ('256', '3', '2'), ('256', '3', '2')]
INFO:__main__:ChildCNNModel(
  (model): Sequential(
    (0): Conv2d(3, 128, kernel_size=(3, 3), stride=(1, 1), padding=(2, 2))
    (1): ReLU()
    (2): MaxPool2d(kernel_size=2, stride=2, padding=0, dilation=1, ceil_mode=False)
    (3): Conv2d(128, 256, kernel_size=(3, 3), stride=(1, 1), padding=(2, 2))
    (4): ReLU()
    (5): MaxPool2d(kernel_size=2, stride=2, padding=0, dilation=1, ceil_mode=False)
    (6): Conv2d(256, 256, kernel_size=(3, 3), stride=(1, 1), padding=(2, 2))
    (7): ReLU()
    (8): MaxPool2d(kernel_size=2, stride=2, padding=0, dilation=1, ceil_mode=False)
    (9): Flatten(start_dim=1, end_dim=-1)
    (10): Linear(in_features=6400, out_features=512, bias=True)
    (11): ReLU()
    (12): Linear(in_features=512, out_features=256, bias=True)
    (13): ReLU()
    (14): Linear(in_features=256, out_features=10, bias=True)
  )
)
INFO:__main__:CHILD MODEL LOSS: 0.5466407153606415 with train time 81.64327311515808
INFO:__main__:CHILD MODEL ACCURACY: 0.8064
INFO:__main__:Policy gradient: 0.03699858486652374
INFO:__main__:
INFO:__main__:------ ITERATION 556 ------
INFO:__main__:Layers generated: [('128', '3', '2'), ('128', '3', '2'), ('256', '3', '2')]
INFO:__main__:ChildCNNModel(
  (model): Sequential(
    (0): Conv2d(3, 128, kernel_size=(3, 3), stride=(1, 1), padding=(2, 2))
    (1): ReLU()
    (2): MaxPool2d(kernel_size=2, stride=2, padding=0, dilation=1, ceil_mode=False)
    (3): Conv2d(128, 128, kernel_size=(3, 3), stride=(1, 1), padding=(2, 2))
    (4): ReLU()
    (5): MaxPool2d(kernel_size=2, stride=2, padding=0, dilation=1, ceil_mode=False)
    (6): Conv2d(128, 256, kernel_size=(3, 3), stride=(1, 1), padding=(2, 2))
    (7): ReLU()
    (8): MaxPool2d(kernel_size=2, stride=2, padding=0, dilation=1, ceil_mode=False)
    (9): Flatten(start_dim=1, end_dim=-1)
    (10): Linear(in_features=6400, out_features=512, bias=True)
    (11): ReLU()
    (12): Linear(in_features=512, out_features=256, bias=True)
    (13): ReLU()
    (14): Linear(in_features=256, out_features=10, bias=True)
  )
)
INFO:__main__:CHILD MODEL LOSS: 0.5099705753326416 with train time 58.1855525970459
INFO:__main__:CHILD MODEL ACCURACY: 0.8186
INFO:__main__:Policy gradient: 0.09754511713981628
INFO:__main__:
INFO:__main__:------ ITERATION 557 ------
INFO:__main__:Layers generated: [('256', '3', '1'), ('64', '3', '1'), ('256', '3', '2')]
INFO:__main__:ChildCNNModel(
  (model): Sequential(
    (0): Conv2d(3, 256, kernel_size=(3, 3), stride=(1, 1), padding=(1, 1))
    (1): ReLU()
    (2): MaxPool2d(kernel_size=2, stride=2, padding=0, dilation=1, ceil_mode=False)
    (3): Conv2d(256, 64, kernel_size=(3, 3), stride=(1, 1), padding=(1, 1))
    (4): ReLU()
    (5): MaxPool2d(kernel_size=2, stride=2, padding=0, dilation=1, ceil_mode=False)
    (6): Conv2d(64, 256, kernel_size=(3, 3), stride=(1, 1), padding=(2, 2))
    (7): ReLU()
    (8): MaxPool2d(kernel_size=2, stride=2, padding=0, dilation=1, ceil_mode=False)
    (9): Flatten(start_dim=1, end_dim=-1)
    (10): Linear(in_features=6400, out_features=512, bias=True)
    (11): ReLU()
    (12): Linear(in_features=512, out_features=256, bias=True)
    (13): ReLU()
    (14): Linear(in_features=256, out_features=10, bias=True)
  )
)
