INFO:__main__:###############################################
INFO:__main__:STARTING TRAINING
INFO:__main__:###############################################
INFO:__main__:Training set shape: torch.Size([50000, 3, 32, 32])
INFO:__main__:------ ITERATION 0 ------
INFO:__main__:Layers generated: [('64', '3', '1'), ('64', '3', '1')]
INFO:__main__:ChildCNNModel(
  (model): Sequential(
    (0): Conv2d(3, 128, kernel_size=(3, 3), stride=(1, 1), padding=(1, 1))
    (1): ReLU()
    (2): MaxPool2d(kernel_size=2, stride=2, padding=0, dilation=1, ceil_mode=False)
    (3): Conv2d(128, 64, kernel_size=(3, 3), stride=(1, 1), padding=(1, 1))
    (4): ReLU()
    (5): MaxPool2d(kernel_size=2, stride=2, padding=0, dilation=1, ceil_mode=False)
    (6): Conv2d(64, 64, kernel_size=(3, 3), stride=(1, 1), padding=(1, 1))
    (7): ReLU()
    (8): MaxPool2d(kernel_size=2, stride=2, padding=0, dilation=1, ceil_mode=False)
    (9): Flatten(start_dim=1, end_dim=-1)
    (10): Linear(in_features=1024, out_features=512, bias=True)
    (11): ReLU()
    (12): Linear(in_features=512, out_features=256, bias=True)
    (13): ReLU()
    (14): Linear(in_features=256, out_features=100, bias=True)
  )
)
INFO:__main__:CHILD MODEL LOSS: 2.0484969301223757 with train time 42.494776487350464
INFO:__main__:CHILD MODEL ACCURACY: 0.4441
INFO:__main__:Policy gradient: 3.7824201583862305
INFO:__main__:
INFO:__main__:------ ITERATION 1 ------
INFO:__main__:Layers generated: [('16', '5', '0'), ('64', '1', '1')]
INFO:__main__:ChildCNNModel(
  (model): Sequential(
    (0): Conv2d(3, 128, kernel_size=(3, 3), stride=(1, 1), padding=(1, 1))
    (1): ReLU()
    (2): MaxPool2d(kernel_size=2, stride=2, padding=0, dilation=1, ceil_mode=False)
    (3): Conv2d(128, 16, kernel_size=(5, 5), stride=(1, 1))
    (4): ReLU()
    (5): MaxPool2d(kernel_size=2, stride=2, padding=0, dilation=1, ceil_mode=False)
    (6): Conv2d(16, 64, kernel_size=(1, 1), stride=(1, 1), padding=(1, 1))
    (7): ReLU()
    (8): MaxPool2d(kernel_size=2, stride=2, padding=0, dilation=1, ceil_mode=False)
    (9): Flatten(start_dim=1, end_dim=-1)
    (10): Linear(in_features=1024, out_features=512, bias=True)
    (11): ReLU()
    (12): Linear(in_features=512, out_features=256, bias=True)
    (13): ReLU()
    (14): Linear(in_features=256, out_features=100, bias=True)
  )
)
INFO:__main__:CHILD MODEL LOSS: 2.5011824655532835 with train time 42.81903004646301
INFO:__main__:CHILD MODEL ACCURACY: 0.3601
INFO:__main__:Policy gradient: 2.5258545875549316
INFO:__main__:
INFO:__main__:------ ITERATION 2 ------
INFO:__main__:Layers generated: [('64', '1', '1'), ('32', '1', '2')]
INFO:__main__:ChildCNNModel(
  (model): Sequential(
    (0): Conv2d(3, 128, kernel_size=(3, 3), stride=(1, 1), padding=(1, 1))
    (1): ReLU()
    (2): MaxPool2d(kernel_size=2, stride=2, padding=0, dilation=1, ceil_mode=False)
    (3): Conv2d(128, 64, kernel_size=(1, 1), stride=(1, 1), padding=(1, 1))
    (4): ReLU()
    (5): MaxPool2d(kernel_size=2, stride=2, padding=0, dilation=1, ceil_mode=False)
    (6): Conv2d(64, 32, kernel_size=(1, 1), stride=(1, 1), padding=(2, 2))
    (7): ReLU()
    (8): MaxPool2d(kernel_size=2, stride=2, padding=0, dilation=1, ceil_mode=False)
    (9): Flatten(start_dim=1, end_dim=-1)
    (10): Linear(in_features=1152, out_features=512, bias=True)
    (11): ReLU()
    (12): Linear(in_features=512, out_features=256, bias=True)
    (13): ReLU()
    (14): Linear(in_features=256, out_features=100, bias=True)
  )
)
INFO:__main__:CHILD MODEL LOSS: 2.384142265319824 with train time 42.47979760169983
INFO:__main__:CHILD MODEL ACCURACY: 0.3773
INFO:__main__:Policy gradient: 2.2255775928497314
INFO:__main__:
INFO:__main__:------ ITERATION 3 ------
INFO:__main__:Layers generated: [('32', '3', '1'), ('32', '1', '0')]
INFO:__main__:ChildCNNModel(
  (model): Sequential(
    (0): Conv2d(3, 128, kernel_size=(3, 3), stride=(1, 1), padding=(1, 1))
    (1): ReLU()
    (2): MaxPool2d(kernel_size=2, stride=2, padding=0, dilation=1, ceil_mode=False)
    (3): Conv2d(128, 32, kernel_size=(3, 3), stride=(1, 1), padding=(1, 1))
    (4): ReLU()
    (5): MaxPool2d(kernel_size=2, stride=2, padding=0, dilation=1, ceil_mode=False)
    (6): Conv2d(32, 32, kernel_size=(1, 1), stride=(1, 1))
    (7): ReLU()
    (8): MaxPool2d(kernel_size=2, stride=2, padding=0, dilation=1, ceil_mode=False)
    (9): Flatten(start_dim=1, end_dim=-1)
    (10): Linear(in_features=512, out_features=512, bias=True)
    (11): ReLU()
    (12): Linear(in_features=512, out_features=256, bias=True)
    (13): ReLU()
    (14): Linear(in_features=256, out_features=100, bias=True)
  )
)
INFO:__main__:CHILD MODEL LOSS: 2.3024504203796385 with train time 41.97572326660156
INFO:__main__:CHILD MODEL ACCURACY: 0.3968
INFO:__main__:Policy gradient: 2.1161630153656006
INFO:__main__:
INFO:__main__:------ ITERATION 4 ------
INFO:__main__:Layers generated: [('16', '5', '2'), ('64', '3', '1')]
INFO:__main__:ChildCNNModel(
  (model): Sequential(
    (0): Conv2d(3, 128, kernel_size=(3, 3), stride=(1, 1), padding=(1, 1))
    (1): ReLU()
    (2): MaxPool2d(kernel_size=2, stride=2, padding=0, dilation=1, ceil_mode=False)
    (3): Conv2d(128, 16, kernel_size=(5, 5), stride=(1, 1), padding=(2, 2))
    (4): ReLU()
    (5): MaxPool2d(kernel_size=2, stride=2, padding=0, dilation=1, ceil_mode=False)
    (6): Conv2d(16, 64, kernel_size=(3, 3), stride=(1, 1), padding=(1, 1))
    (7): ReLU()
    (8): MaxPool2d(kernel_size=2, stride=2, padding=0, dilation=1, ceil_mode=False)
    (9): Flatten(start_dim=1, end_dim=-1)
    (10): Linear(in_features=1024, out_features=512, bias=True)
    (11): ReLU()
    (12): Linear(in_features=512, out_features=256, bias=True)
    (13): ReLU()
    (14): Linear(in_features=256, out_features=100, bias=True)
  )
)
INFO:__main__:CHILD MODEL LOSS: 3.1742984104156493 with train time 43.628870487213135
INFO:__main__:CHILD MODEL ACCURACY: 0.238
INFO:__main__:Policy gradient: 0.8081128597259521
INFO:__main__:
INFO:__main__:------ ITERATION 5 ------
INFO:__main__:Layers generated: [('16', '5', '1'), ('128', '3', '1')]
INFO:__main__:ChildCNNModel(
  (model): Sequential(
    (0): Conv2d(3, 128, kernel_size=(3, 3), stride=(1, 1), padding=(1, 1))
    (1): ReLU()
    (2): MaxPool2d(kernel_size=2, stride=2, padding=0, dilation=1, ceil_mode=False)
    (3): Conv2d(128, 16, kernel_size=(5, 5), stride=(1, 1), padding=(1, 1))
    (4): ReLU()
    (5): MaxPool2d(kernel_size=2, stride=2, padding=0, dilation=1, ceil_mode=False)
    (6): Conv2d(16, 128, kernel_size=(3, 3), stride=(1, 1), padding=(1, 1))
    (7): ReLU()
    (8): MaxPool2d(kernel_size=2, stride=2, padding=0, dilation=1, ceil_mode=False)
    (9): Flatten(start_dim=1, end_dim=-1)
    (10): Linear(in_features=1152, out_features=512, bias=True)
    (11): ReLU()
    (12): Linear(in_features=512, out_features=256, bias=True)
    (13): ReLU()
    (14): Linear(in_features=256, out_features=100, bias=True)
  )
)
INFO:__main__:CHILD MODEL LOSS: 2.251143677711487 with train time 43.26650619506836
INFO:__main__:CHILD MODEL ACCURACY: 0.4156
INFO:__main__:Policy gradient: 1.9391875267028809
INFO:__main__:
INFO:__main__:------ ITERATION 6 ------
INFO:__main__:Layers generated: [('64', '1', '0'), ('16', '1', '0')]
INFO:__main__:ChildCNNModel(
  (model): Sequential(
    (0): Conv2d(3, 128, kernel_size=(3, 3), stride=(1, 1), padding=(1, 1))
    (1): ReLU()
    (2): MaxPool2d(kernel_size=2, stride=2, padding=0, dilation=1, ceil_mode=False)
    (3): Conv2d(128, 64, kernel_size=(1, 1), stride=(1, 1))
    (4): ReLU()
    (5): MaxPool2d(kernel_size=2, stride=2, padding=0, dilation=1, ceil_mode=False)
    (6): Conv2d(64, 16, kernel_size=(1, 1), stride=(1, 1))
    (7): ReLU()
    (8): MaxPool2d(kernel_size=2, stride=2, padding=0, dilation=1, ceil_mode=False)
    (9): Flatten(start_dim=1, end_dim=-1)
    (10): Linear(in_features=256, out_features=512, bias=True)
    (11): ReLU()
    (12): Linear(in_features=512, out_features=256, bias=True)
    (13): ReLU()
    (14): Linear(in_features=256, out_features=100, bias=True)
  )
)
INFO:__main__:CHILD MODEL LOSS: 2.5273008403778077 with train time 41.36633086204529
INFO:__main__:CHILD MODEL ACCURACY: 0.3509
INFO:__main__:Policy gradient: 1.2530657052993774
INFO:__main__:
INFO:__main__:------ ITERATION 7 ------
INFO:__main__:Layers generated: [('128', '3', '1'), ('16', '5', '0')]
INFO:__main__:ChildCNNModel(
  (model): Sequential(
    (0): Conv2d(3, 128, kernel_size=(3, 3), stride=(1, 1), padding=(1, 1))
    (1): ReLU()
    (2): MaxPool2d(kernel_size=2, stride=2, padding=0, dilation=1, ceil_mode=False)
    (3): Conv2d(128, 128, kernel_size=(3, 3), stride=(1, 1), padding=(1, 1))
    (4): ReLU()
    (5): MaxPool2d(kernel_size=2, stride=2, padding=0, dilation=1, ceil_mode=False)
    (6): Conv2d(128, 16, kernel_size=(5, 5), stride=(1, 1))
    (7): ReLU()
    (8): MaxPool2d(kernel_size=2, stride=2, padding=0, dilation=1, ceil_mode=False)
    (9): Flatten(start_dim=1, end_dim=-1)
    (10): Linear(in_features=64, out_features=512, bias=True)
    (11): ReLU()
    (12): Linear(in_features=512, out_features=256, bias=True)
    (13): ReLU()
    (14): Linear(in_features=256, out_features=100, bias=True)
  )
)
INFO:__main__:CHILD MODEL LOSS: 2.8768389110565185 with train time 46.38429307937622
INFO:__main__:CHILD MODEL ACCURACY: 0.3027
INFO:__main__:Policy gradient: 0.8344587087631226
INFO:__main__:
INFO:__main__:------ ITERATION 8 ------
INFO:__main__:Layers generated: [('16', '3', '2'), ('128', '3', '2')]
INFO:__main__:ChildCNNModel(
  (model): Sequential(
    (0): Conv2d(3, 128, kernel_size=(3, 3), stride=(1, 1), padding=(1, 1))
    (1): ReLU()
    (2): MaxPool2d(kernel_size=2, stride=2, padding=0, dilation=1, ceil_mode=False)
    (3): Conv2d(128, 16, kernel_size=(3, 3), stride=(1, 1), padding=(2, 2))
    (4): ReLU()
    (5): MaxPool2d(kernel_size=2, stride=2, padding=0, dilation=1, ceil_mode=False)
    (6): Conv2d(16, 128, kernel_size=(3, 3), stride=(1, 1), padding=(2, 2))
    (7): ReLU()
    (8): MaxPool2d(kernel_size=2, stride=2, padding=0, dilation=1, ceil_mode=False)
    (9): Flatten(start_dim=1, end_dim=-1)
    (10): Linear(in_features=3200, out_features=512, bias=True)
    (11): ReLU()
    (12): Linear(in_features=512, out_features=256, bias=True)
    (13): ReLU()
    (14): Linear(in_features=256, out_features=100, bias=True)
  )
)
INFO:__main__:CHILD MODEL LOSS: 2.1617417063713074 with train time 44.085201263427734
INFO:__main__:CHILD MODEL ACCURACY: 0.4223
INFO:__main__:Policy gradient: 1.7435593605041504
INFO:__main__:
INFO:__main__:------ ITERATION 9 ------
INFO:__main__:Layers generated: [('256', '3', '1'), ('32', '1', '0')]
INFO:__main__:ChildCNNModel(
  (model): Sequential(
    (0): Conv2d(3, 128, kernel_size=(3, 3), stride=(1, 1), padding=(1, 1))
    (1): ReLU()
    (2): MaxPool2d(kernel_size=2, stride=2, padding=0, dilation=1, ceil_mode=False)
    (3): Conv2d(128, 256, kernel_size=(3, 3), stride=(1, 1), padding=(1, 1))
    (4): ReLU()
    (5): MaxPool2d(kernel_size=2, stride=2, padding=0, dilation=1, ceil_mode=False)
    (6): Conv2d(256, 32, kernel_size=(1, 1), stride=(1, 1))
    (7): ReLU()
    (8): MaxPool2d(kernel_size=2, stride=2, padding=0, dilation=1, ceil_mode=False)
    (9): Flatten(start_dim=1, end_dim=-1)
    (10): Linear(in_features=512, out_features=512, bias=True)
    (11): ReLU()
    (12): Linear(in_features=512, out_features=256, bias=True)
    (13): ReLU()
    (14): Linear(in_features=256, out_features=100, bias=True)
  )
)
INFO:__main__:CHILD MODEL LOSS: 2.1806117124557494 with train time 50.380871534347534
INFO:__main__:CHILD MODEL ACCURACY: 0.4216
INFO:__main__:Policy gradient: 1.4116100072860718
INFO:__main__:
INFO:__main__:------ ITERATION 10 ------
INFO:__main__:Layers generated: [('128', '3', '0'), ('256', '1', '1')]
INFO:__main__:ChildCNNModel(
  (model): Sequential(
    (0): Conv2d(3, 128, kernel_size=(3, 3), stride=(1, 1), padding=(1, 1))
    (1): ReLU()
    (2): MaxPool2d(kernel_size=2, stride=2, padding=0, dilation=1, ceil_mode=False)
    (3): Conv2d(128, 128, kernel_size=(3, 3), stride=(1, 1))
    (4): ReLU()
    (5): MaxPool2d(kernel_size=2, stride=2, padding=0, dilation=1, ceil_mode=False)
    (6): Conv2d(128, 256, kernel_size=(1, 1), stride=(1, 1), padding=(1, 1))
    (7): ReLU()
    (8): MaxPool2d(kernel_size=2, stride=2, padding=0, dilation=1, ceil_mode=False)
    (9): Flatten(start_dim=1, end_dim=-1)
    (10): Linear(in_features=4096, out_features=512, bias=True)
    (11): ReLU()
    (12): Linear(in_features=512, out_features=256, bias=True)
    (13): ReLU()
    (14): Linear(in_features=256, out_features=100, bias=True)
  )
)
INFO:__main__:CHILD MODEL LOSS: 1.9505304679870605 with train time 47.941829204559326
INFO:__main__:CHILD MODEL ACCURACY: 0.4665
INFO:__main__:Policy gradient: 1.6870887279510498
INFO:__main__:
INFO:__main__:------ ITERATION 11 ------
INFO:__main__:Layers generated: [('16', '3', '1'), ('16', '3', '0')]
INFO:__main__:ChildCNNModel(
  (model): Sequential(
    (0): Conv2d(3, 128, kernel_size=(3, 3), stride=(1, 1), padding=(1, 1))
    (1): ReLU()
    (2): MaxPool2d(kernel_size=2, stride=2, padding=0, dilation=1, ceil_mode=False)
    (3): Conv2d(128, 16, kernel_size=(3, 3), stride=(1, 1), padding=(1, 1))
    (4): ReLU()
    (5): MaxPool2d(kernel_size=2, stride=2, padding=0, dilation=1, ceil_mode=False)
    (6): Conv2d(16, 16, kernel_size=(3, 3), stride=(1, 1))
    (7): ReLU()
    (8): MaxPool2d(kernel_size=2, stride=2, padding=0, dilation=1, ceil_mode=False)
    (9): Flatten(start_dim=1, end_dim=-1)
    (10): Linear(in_features=144, out_features=512, bias=True)
    (11): ReLU()
    (12): Linear(in_features=512, out_features=256, bias=True)
    (13): ReLU()
    (14): Linear(in_features=256, out_features=100, bias=True)
  )
)
INFO:__main__:CHILD MODEL LOSS: 2.512496156692505 with train time 41.6032612323761
INFO:__main__:CHILD MODEL ACCURACY: 0.3634
INFO:__main__:Policy gradient: 0.5766956210136414
INFO:__main__:
INFO:__main__:------ ITERATION 12 ------
INFO:__main__:Layers generated: [('64', '1', '0'), ('256', '1', '1')]
INFO:__main__:ChildCNNModel(
  (model): Sequential(
    (0): Conv2d(3, 128, kernel_size=(3, 3), stride=(1, 1), padding=(1, 1))
    (1): ReLU()
    (2): MaxPool2d(kernel_size=2, stride=2, padding=0, dilation=1, ceil_mode=False)
    (3): Conv2d(128, 64, kernel_size=(1, 1), stride=(1, 1))
    (4): ReLU()
    (5): MaxPool2d(kernel_size=2, stride=2, padding=0, dilation=1, ceil_mode=False)
    (6): Conv2d(64, 256, kernel_size=(1, 1), stride=(1, 1), padding=(1, 1))
    (7): ReLU()
    (8): MaxPool2d(kernel_size=2, stride=2, padding=0, dilation=1, ceil_mode=False)
    (9): Flatten(start_dim=1, end_dim=-1)
    (10): Linear(in_features=6400, out_features=512, bias=True)
    (11): ReLU()
    (12): Linear(in_features=512, out_features=256, bias=True)
    (13): ReLU()
    (14): Linear(in_features=256, out_features=100, bias=True)
  )
)
INFO:__main__:CHILD MODEL LOSS: 2.190933841228485 with train time 42.86125302314758
INFO:__main__:CHILD MODEL ACCURACY: 0.4236
INFO:__main__:Policy gradient: 1.0912894010543823
INFO:__main__:
INFO:__main__:------ ITERATION 13 ------
INFO:__main__:Layers generated: [('64', '5', '1'), ('32', '3', '1')]
INFO:__main__:ChildCNNModel(
  (model): Sequential(
    (0): Conv2d(3, 128, kernel_size=(3, 3), stride=(1, 1), padding=(1, 1))
    (1): ReLU()
    (2): MaxPool2d(kernel_size=2, stride=2, padding=0, dilation=1, ceil_mode=False)
    (3): Conv2d(128, 64, kernel_size=(5, 5), stride=(1, 1), padding=(1, 1))
    (4): ReLU()
    (5): MaxPool2d(kernel_size=2, stride=2, padding=0, dilation=1, ceil_mode=False)
    (6): Conv2d(64, 32, kernel_size=(3, 3), stride=(1, 1), padding=(1, 1))
    (7): ReLU()
    (8): MaxPool2d(kernel_size=2, stride=2, padding=0, dilation=1, ceil_mode=False)
    (9): Flatten(start_dim=1, end_dim=-1)
    (10): Linear(in_features=288, out_features=512, bias=True)
    (11): ReLU()
    (12): Linear(in_features=512, out_features=256, bias=True)
    (13): ReLU()
    (14): Linear(in_features=256, out_features=100, bias=True)
  )
)
INFO:__main__:CHILD MODEL LOSS: 2.311678499221802 with train time 44.274760723114014
INFO:__main__:CHILD MODEL ACCURACY: 0.3899
INFO:__main__:Policy gradient: 0.7475236058235168
INFO:__main__:
INFO:__main__:------ ITERATION 14 ------
INFO:__main__:Layers generated: [('16', '5', '1'), ('64', '3', '1')]
INFO:__main__:ChildCNNModel(
  (model): Sequential(
    (0): Conv2d(3, 128, kernel_size=(3, 3), stride=(1, 1), padding=(1, 1))
    (1): ReLU()
    (2): MaxPool2d(kernel_size=2, stride=2, padding=0, dilation=1, ceil_mode=False)
    (3): Conv2d(128, 16, kernel_size=(5, 5), stride=(1, 1), padding=(1, 1))
    (4): ReLU()
    (5): MaxPool2d(kernel_size=2, stride=2, padding=0, dilation=1, ceil_mode=False)
    (6): Conv2d(16, 64, kernel_size=(3, 3), stride=(1, 1), padding=(1, 1))
    (7): ReLU()
    (8): MaxPool2d(kernel_size=2, stride=2, padding=0, dilation=1, ceil_mode=False)
    (9): Flatten(start_dim=1, end_dim=-1)
    (10): Linear(in_features=576, out_features=512, bias=True)
    (11): ReLU()
    (12): Linear(in_features=512, out_features=256, bias=True)
    (13): ReLU()
    (14): Linear(in_features=256, out_features=100, bias=True)
  )
)
INFO:__main__:CHILD MODEL LOSS: 2.4424527273178103 with train time 43.34136962890625
INFO:__main__:CHILD MODEL ACCURACY: 0.3741
INFO:__main__:Policy gradient: 0.49069225788116455
INFO:__main__:
INFO:__main__:------ ITERATION 15 ------
INFO:__main__:Layers generated: [('16', '3', '1'), ('32', '1', '2')]
INFO:__main__:ChildCNNModel(
  (model): Sequential(
    (0): Conv2d(3, 128, kernel_size=(3, 3), stride=(1, 1), padding=(1, 1))
    (1): ReLU()
    (2): MaxPool2d(kernel_size=2, stride=2, padding=0, dilation=1, ceil_mode=False)
    (3): Conv2d(128, 16, kernel_size=(3, 3), stride=(1, 1), padding=(1, 1))
    (4): ReLU()
    (5): MaxPool2d(kernel_size=2, stride=2, padding=0, dilation=1, ceil_mode=False)
    (6): Conv2d(16, 32, kernel_size=(1, 1), stride=(1, 1), padding=(2, 2))
    (7): ReLU()
    (8): MaxPool2d(kernel_size=2, stride=2, padding=0, dilation=1, ceil_mode=False)
    (9): Flatten(start_dim=1, end_dim=-1)
    (10): Linear(in_features=1152, out_features=512, bias=True)
    (11): ReLU()
    (12): Linear(in_features=512, out_features=256, bias=True)
    (13): ReLU()
    (14): Linear(in_features=256, out_features=100, bias=True)
  )
)
INFO:__main__:CHILD MODEL LOSS: 2.5105280075073244 with train time 41.291473150253296
INFO:__main__:CHILD MODEL ACCURACY: 0.36
INFO:__main__:Policy gradient: 0.35294097661972046
INFO:__main__:
INFO:__main__:------ ITERATION 16 ------
INFO:__main__:Layers generated: [('64', '1', '1'), ('64', '3', '0')]
INFO:__main__:ChildCNNModel(
  (model): Sequential(
    (0): Conv2d(3, 128, kernel_size=(3, 3), stride=(1, 1), padding=(1, 1))
    (1): ReLU()
    (2): MaxPool2d(kernel_size=2, stride=2, padding=0, dilation=1, ceil_mode=False)
    (3): Conv2d(128, 64, kernel_size=(1, 1), stride=(1, 1), padding=(1, 1))
    (4): ReLU()
    (5): MaxPool2d(kernel_size=2, stride=2, padding=0, dilation=1, ceil_mode=False)
    (6): Conv2d(64, 64, kernel_size=(3, 3), stride=(1, 1))
    (7): ReLU()
    (8): MaxPool2d(kernel_size=2, stride=2, padding=0, dilation=1, ceil_mode=False)
    (9): Flatten(start_dim=1, end_dim=-1)
    (10): Linear(in_features=576, out_features=512, bias=True)
    (11): ReLU()
    (12): Linear(in_features=512, out_features=256, bias=True)
    (13): ReLU()
    (14): Linear(in_features=256, out_features=100, bias=True)
  )
)
INFO:__main__:CHILD MODEL LOSS: 2.2859128823280335 with train time 40.66576051712036
INFO:__main__:CHILD MODEL ACCURACY: 0.412
INFO:__main__:Policy gradient: 0.6811428070068359
INFO:__main__:
INFO:__main__:------ ITERATION 17 ------
INFO:__main__:Layers generated: [('32', '5', '0'), ('256', '3', '1')]
INFO:__main__:ChildCNNModel(
  (model): Sequential(
    (0): Conv2d(3, 128, kernel_size=(3, 3), stride=(1, 1), padding=(1, 1))
    (1): ReLU()
    (2): MaxPool2d(kernel_size=2, stride=2, padding=0, dilation=1, ceil_mode=False)
    (3): Conv2d(128, 32, kernel_size=(5, 5), stride=(1, 1))
    (4): ReLU()
    (5): MaxPool2d(kernel_size=2, stride=2, padding=0, dilation=1, ceil_mode=False)
    (6): Conv2d(32, 256, kernel_size=(3, 3), stride=(1, 1), padding=(1, 1))
    (7): ReLU()
    (8): MaxPool2d(kernel_size=2, stride=2, padding=0, dilation=1, ceil_mode=False)
    (9): Flatten(start_dim=1, end_dim=-1)
    (10): Linear(in_features=2304, out_features=512, bias=True)
    (11): ReLU()
    (12): Linear(in_features=512, out_features=256, bias=True)
    (13): ReLU()
    (14): Linear(in_features=256, out_features=100, bias=True)
  )
)
INFO:__main__:CHILD MODEL LOSS: 2.2163030200004576 with train time 41.73669171333313
INFO:__main__:CHILD MODEL ACCURACY: 0.4182
INFO:__main__:Policy gradient: 0.8044707775115967
INFO:__main__:
INFO:__main__:------ ITERATION 18 ------
INFO:__main__:Layers generated: [('16', '5', '1'), ('256', '1', '1')]
INFO:__main__:ChildCNNModel(
  (model): Sequential(
    (0): Conv2d(3, 128, kernel_size=(3, 3), stride=(1, 1), padding=(1, 1))
    (1): ReLU()
    (2): MaxPool2d(kernel_size=2, stride=2, padding=0, dilation=1, ceil_mode=False)
    (3): Conv2d(128, 16, kernel_size=(5, 5), stride=(1, 1), padding=(1, 1))
    (4): ReLU()
    (5): MaxPool2d(kernel_size=2, stride=2, padding=0, dilation=1, ceil_mode=False)
    (6): Conv2d(16, 256, kernel_size=(1, 1), stride=(1, 1), padding=(1, 1))
    (7): ReLU()
    (8): MaxPool2d(kernel_size=2, stride=2, padding=0, dilation=1, ceil_mode=False)
    (9): Flatten(start_dim=1, end_dim=-1)
    (10): Linear(in_features=4096, out_features=512, bias=True)
    (11): ReLU()
    (12): Linear(in_features=512, out_features=256, bias=True)
    (13): ReLU()
    (14): Linear(in_features=256, out_features=100, bias=True)
  )
)
INFO:__main__:CHILD MODEL LOSS: 4.60549245262146 with train time 42.2967586517334
INFO:__main__:CHILD MODEL ACCURACY: 0.01
INFO:__main__:Policy gradient: -2.226512908935547
INFO:__main__:
INFO:__main__:------ ITERATION 19 ------
INFO:__main__:Layers generated: [('32', '3', '0'), ('32', '1', '2')]
INFO:__main__:ChildCNNModel(
  (model): Sequential(
    (0): Conv2d(3, 128, kernel_size=(3, 3), stride=(1, 1), padding=(1, 1))
    (1): ReLU()
    (2): MaxPool2d(kernel_size=2, stride=2, padding=0, dilation=1, ceil_mode=False)
    (3): Conv2d(128, 32, kernel_size=(3, 3), stride=(1, 1))
    (4): ReLU()
    (5): MaxPool2d(kernel_size=2, stride=2, padding=0, dilation=1, ceil_mode=False)
    (6): Conv2d(32, 32, kernel_size=(1, 1), stride=(1, 1), padding=(2, 2))
    (7): ReLU()
    (8): MaxPool2d(kernel_size=2, stride=2, padding=0, dilation=1, ceil_mode=False)
    (9): Flatten(start_dim=1, end_dim=-1)
    (10): Linear(in_features=800, out_features=512, bias=True)
    (11): ReLU()
    (12): Linear(in_features=512, out_features=256, bias=True)
    (13): ReLU()
    (14): Linear(in_features=256, out_features=100, bias=True)
  )
)
INFO:__main__:CHILD MODEL LOSS: 2.3314861965179445 with train time 39.86328363418579
INFO:__main__:CHILD MODEL ACCURACY: 0.3979
INFO:__main__:Policy gradient: 0.8004298806190491
INFO:__main__:
INFO:__main__:------ ITERATION 20 ------
INFO:__main__:Layers generated: [('16', '5', '1'), ('32', '5', '0')]
INFO:__main__:ChildCNNModel(
  (model): Sequential(
    (0): Conv2d(3, 128, kernel_size=(3, 3), stride=(1, 1), padding=(1, 1))
    (1): ReLU()
    (2): MaxPool2d(kernel_size=2, stride=2, padding=0, dilation=1, ceil_mode=False)
    (3): Conv2d(128, 16, kernel_size=(5, 5), stride=(1, 1), padding=(1, 1))
    (4): ReLU()
    (5): MaxPool2d(kernel_size=2, stride=2, padding=0, dilation=1, ceil_mode=False)
    (6): Conv2d(16, 32, kernel_size=(5, 5), stride=(1, 1))
    (7): ReLU()
    (8): MaxPool2d(kernel_size=2, stride=2, padding=0, dilation=1, ceil_mode=False)
    (9): Flatten(start_dim=1, end_dim=-1)
    (10): Linear(in_features=32, out_features=512, bias=True)
    (11): ReLU()
    (12): Linear(in_features=512, out_features=256, bias=True)
    (13): ReLU()
    (14): Linear(in_features=256, out_features=100, bias=True)
  )
)
INFO:__main__:CHILD MODEL LOSS: 2.711961205482483 with train time 41.687110900878906
INFO:__main__:CHILD MODEL ACCURACY: 0.31
INFO:__main__:Policy gradient: 0.0009084801422432065
INFO:__main__:
INFO:__main__:------ ITERATION 21 ------
INFO:__main__:Layers generated: [('128', '5', '0'), ('16', '5', '1')]
INFO:__main__:ChildCNNModel(
  (model): Sequential(
    (0): Conv2d(3, 128, kernel_size=(3, 3), stride=(1, 1), padding=(1, 1))
    (1): ReLU()
    (2): MaxPool2d(kernel_size=2, stride=2, padding=0, dilation=1, ceil_mode=False)
    (3): Conv2d(128, 128, kernel_size=(5, 5), stride=(1, 1))
    (4): ReLU()
    (5): MaxPool2d(kernel_size=2, stride=2, padding=0, dilation=1, ceil_mode=False)
    (6): Conv2d(128, 16, kernel_size=(5, 5), stride=(1, 1), padding=(1, 1))
    (7): ReLU()
    (8): MaxPool2d(kernel_size=2, stride=2, padding=0, dilation=1, ceil_mode=False)
    (9): Flatten(start_dim=1, end_dim=-1)
    (10): Linear(in_features=64, out_features=512, bias=True)
    (11): ReLU()
    (12): Linear(in_features=512, out_features=256, bias=True)
    (13): ReLU()
    (14): Linear(in_features=256, out_features=100, bias=True)
  )
)
INFO:__main__:CHILD MODEL LOSS: 2.6936626834869384 with train time 44.19223427772522
INFO:__main__:CHILD MODEL ACCURACY: 0.3276
INFO:__main__:Policy gradient: 0.15546993911266327
INFO:__main__:
INFO:__main__:------ ITERATION 22 ------
INFO:__main__:Layers generated: [('128', '3', '2'), ('32', '5', '0')]
INFO:__main__:ChildCNNModel(
  (model): Sequential(
    (0): Conv2d(3, 128, kernel_size=(3, 3), stride=(1, 1), padding=(1, 1))
    (1): ReLU()
    (2): MaxPool2d(kernel_size=2, stride=2, padding=0, dilation=1, ceil_mode=False)
    (3): Conv2d(128, 128, kernel_size=(3, 3), stride=(1, 1), padding=(2, 2))
    (4): ReLU()
    (5): MaxPool2d(kernel_size=2, stride=2, padding=0, dilation=1, ceil_mode=False)
    (6): Conv2d(128, 32, kernel_size=(5, 5), stride=(1, 1))
    (7): ReLU()
    (8): MaxPool2d(kernel_size=2, stride=2, padding=0, dilation=1, ceil_mode=False)
    (9): Flatten(start_dim=1, end_dim=-1)
    (10): Linear(in_features=128, out_features=512, bias=True)
    (11): ReLU()
    (12): Linear(in_features=512, out_features=256, bias=True)
    (13): ReLU()
    (14): Linear(in_features=256, out_features=100, bias=True)
  )
)
INFO:__main__:CHILD MODEL LOSS: 2.264576189994812 with train time 46.53463912010193
INFO:__main__:CHILD MODEL ACCURACY: 0.4131
INFO:__main__:Policy gradient: 0.8824437260627747
INFO:__main__:
INFO:__main__:------ ITERATION 23 ------
INFO:__main__:Layers generated: [('16', '1', '0'), ('64', '3', '2')]
INFO:__main__:ChildCNNModel(
  (model): Sequential(
    (0): Conv2d(3, 128, kernel_size=(3, 3), stride=(1, 1), padding=(1, 1))
    (1): ReLU()
    (2): MaxPool2d(kernel_size=2, stride=2, padding=0, dilation=1, ceil_mode=False)
    (3): Conv2d(128, 16, kernel_size=(1, 1), stride=(1, 1))
    (4): ReLU()
    (5): MaxPool2d(kernel_size=2, stride=2, padding=0, dilation=1, ceil_mode=False)
    (6): Conv2d(16, 64, kernel_size=(3, 3), stride=(1, 1), padding=(2, 2))
    (7): ReLU()
    (8): MaxPool2d(kernel_size=2, stride=2, padding=0, dilation=1, ceil_mode=False)
    (9): Flatten(start_dim=1, end_dim=-1)
    (10): Linear(in_features=1600, out_features=512, bias=True)
    (11): ReLU()
    (12): Linear(in_features=512, out_features=256, bias=True)
    (13): ReLU()
    (14): Linear(in_features=256, out_features=100, bias=True)
  )
)
INFO:__main__:CHILD MODEL LOSS: 2.302788513183594 with train time 40.20176029205322
INFO:__main__:CHILD MODEL ACCURACY: 0.3979
INFO:__main__:Policy gradient: 0.5367423892021179
INFO:__main__:
INFO:__main__:------ ITERATION 24 ------
INFO:__main__:Layers generated: [('256', '3', '2'), ('64', '5', '2')]
INFO:__main__:ChildCNNModel(
  (model): Sequential(
    (0): Conv2d(3, 128, kernel_size=(3, 3), stride=(1, 1), padding=(1, 1))
    (1): ReLU()
    (2): MaxPool2d(kernel_size=2, stride=2, padding=0, dilation=1, ceil_mode=False)
    (3): Conv2d(128, 256, kernel_size=(3, 3), stride=(1, 1), padding=(2, 2))
    (4): ReLU()
    (5): MaxPool2d(kernel_size=2, stride=2, padding=0, dilation=1, ceil_mode=False)
    (6): Conv2d(256, 64, kernel_size=(5, 5), stride=(1, 1), padding=(2, 2))
    (7): ReLU()
    (8): MaxPool2d(kernel_size=2, stride=2, padding=0, dilation=1, ceil_mode=False)
    (9): Flatten(start_dim=1, end_dim=-1)
    (10): Linear(in_features=1024, out_features=512, bias=True)
    (11): ReLU()
    (12): Linear(in_features=512, out_features=256, bias=True)
    (13): ReLU()
    (14): Linear(in_features=256, out_features=100, bias=True)
  )
)
INFO:__main__:CHILD MODEL LOSS: 1.9715387902259827 with train time 67.99829077720642
INFO:__main__:CHILD MODEL ACCURACY: 0.4536
INFO:__main__:Policy gradient: 1.0963153839111328
INFO:__main__:
INFO:__main__:------ ITERATION 25 ------
INFO:__main__:Layers generated: [('64', '3', '2'), ('256', '3', '1')]
INFO:__main__:ChildCNNModel(
  (model): Sequential(
    (0): Conv2d(3, 128, kernel_size=(3, 3), stride=(1, 1), padding=(1, 1))
    (1): ReLU()
    (2): MaxPool2d(kernel_size=2, stride=2, padding=0, dilation=1, ceil_mode=False)
    (3): Conv2d(128, 64, kernel_size=(3, 3), stride=(1, 1), padding=(2, 2))
    (4): ReLU()
    (5): MaxPool2d(kernel_size=2, stride=2, padding=0, dilation=1, ceil_mode=False)
    (6): Conv2d(64, 256, kernel_size=(3, 3), stride=(1, 1), padding=(1, 1))
    (7): ReLU()
    (8): MaxPool2d(kernel_size=2, stride=2, padding=0, dilation=1, ceil_mode=False)
    (9): Flatten(start_dim=1, end_dim=-1)
    (10): Linear(in_features=4096, out_features=512, bias=True)
    (11): ReLU()
    (12): Linear(in_features=512, out_features=256, bias=True)
    (13): ReLU()
    (14): Linear(in_features=256, out_features=100, bias=True)
  )
)
INFO:__main__:CHILD MODEL LOSS: 1.8067420778274537 with train time 43.96415328979492
INFO:__main__:CHILD MODEL ACCURACY: 0.4817
INFO:__main__:Policy gradient: 1.0338984727859497
INFO:__main__:
INFO:__main__:------ ITERATION 26 ------
INFO:__main__:Layers generated: [('16', '1', '1'), ('32', '3', '1')]
INFO:__main__:ChildCNNModel(
  (model): Sequential(
    (0): Conv2d(3, 128, kernel_size=(3, 3), stride=(1, 1), padding=(1, 1))
    (1): ReLU()
    (2): MaxPool2d(kernel_size=2, stride=2, padding=0, dilation=1, ceil_mode=False)
    (3): Conv2d(128, 16, kernel_size=(1, 1), stride=(1, 1), padding=(1, 1))
    (4): ReLU()
    (5): MaxPool2d(kernel_size=2, stride=2, padding=0, dilation=1, ceil_mode=False)
    (6): Conv2d(16, 32, kernel_size=(3, 3), stride=(1, 1), padding=(1, 1))
    (7): ReLU()
    (8): MaxPool2d(kernel_size=2, stride=2, padding=0, dilation=1, ceil_mode=False)
    (9): Flatten(start_dim=1, end_dim=-1)
    (10): Linear(in_features=512, out_features=512, bias=True)
    (11): ReLU()
    (12): Linear(in_features=512, out_features=256, bias=True)
    (13): ReLU()
    (14): Linear(in_features=256, out_features=100, bias=True)
  )
)
INFO:__main__:CHILD MODEL LOSS: 2.448238376617432 with train time 39.94938826560974
INFO:__main__:CHILD MODEL ACCURACY: 0.3761
INFO:__main__:Policy gradient: 0.12884998321533203
INFO:__main__:
INFO:__main__:------ ITERATION 27 ------
INFO:__main__:Layers generated: [('256', '3', '1'), ('32', '1', '1')]
INFO:__main__:ChildCNNModel(
  (model): Sequential(
    (0): Conv2d(3, 128, kernel_size=(3, 3), stride=(1, 1), padding=(1, 1))
    (1): ReLU()
    (2): MaxPool2d(kernel_size=2, stride=2, padding=0, dilation=1, ceil_mode=False)
    (3): Conv2d(128, 256, kernel_size=(3, 3), stride=(1, 1), padding=(1, 1))
    (4): ReLU()
    (5): MaxPool2d(kernel_size=2, stride=2, padding=0, dilation=1, ceil_mode=False)
    (6): Conv2d(256, 32, kernel_size=(1, 1), stride=(1, 1), padding=(1, 1))
    (7): ReLU()
    (8): MaxPool2d(kernel_size=2, stride=2, padding=0, dilation=1, ceil_mode=False)
    (9): Flatten(start_dim=1, end_dim=-1)
    (10): Linear(in_features=800, out_features=512, bias=True)
    (11): ReLU()
    (12): Linear(in_features=512, out_features=256, bias=True)
    (13): ReLU()
    (14): Linear(in_features=256, out_features=100, bias=True)
  )
)
INFO:__main__:CHILD MODEL LOSS: 2.187449721813202 with train time 49.327491998672485
INFO:__main__:CHILD MODEL ACCURACY: 0.4216
INFO:__main__:Policy gradient: 0.43258416652679443
INFO:__main__:
INFO:__main__:------ ITERATION 28 ------
INFO:__main__:Layers generated: [('32', '3', '2'), ('16', '5', '1')]
INFO:__main__:ChildCNNModel(
  (model): Sequential(
    (0): Conv2d(3, 128, kernel_size=(3, 3), stride=(1, 1), padding=(1, 1))
    (1): ReLU()
    (2): MaxPool2d(kernel_size=2, stride=2, padding=0, dilation=1, ceil_mode=False)
    (3): Conv2d(128, 32, kernel_size=(3, 3), stride=(1, 1), padding=(2, 2))
    (4): ReLU()
    (5): MaxPool2d(kernel_size=2, stride=2, padding=0, dilation=1, ceil_mode=False)
    (6): Conv2d(32, 16, kernel_size=(5, 5), stride=(1, 1), padding=(1, 1))
    (7): ReLU()
    (8): MaxPool2d(kernel_size=2, stride=2, padding=0, dilation=1, ceil_mode=False)
    (9): Flatten(start_dim=1, end_dim=-1)
    (10): Linear(in_features=144, out_features=512, bias=True)
    (11): ReLU()
    (12): Linear(in_features=512, out_features=256, bias=True)
    (13): ReLU()
    (14): Linear(in_features=256, out_features=100, bias=True)
  )
)
INFO:__main__:CHILD MODEL LOSS: 2.449171980857849 with train time 41.87711143493652
INFO:__main__:CHILD MODEL ACCURACY: 0.3671
INFO:__main__:Policy gradient: 0.02312231995165348
INFO:__main__:
INFO:__main__:------ ITERATION 29 ------
INFO:__main__:Layers generated: [('64', '1', '0'), ('32', '5', '2')]
INFO:__main__:ChildCNNModel(
  (model): Sequential(
    (0): Conv2d(3, 128, kernel_size=(3, 3), stride=(1, 1), padding=(1, 1))
    (1): ReLU()
    (2): MaxPool2d(kernel_size=2, stride=2, padding=0, dilation=1, ceil_mode=False)
    (3): Conv2d(128, 64, kernel_size=(1, 1), stride=(1, 1))
    (4): ReLU()
    (5): MaxPool2d(kernel_size=2, stride=2, padding=0, dilation=1, ceil_mode=False)
    (6): Conv2d(64, 32, kernel_size=(5, 5), stride=(1, 1), padding=(2, 2))
    (7): ReLU()
    (8): MaxPool2d(kernel_size=2, stride=2, padding=0, dilation=1, ceil_mode=False)
    (9): Flatten(start_dim=1, end_dim=-1)
    (10): Linear(in_features=512, out_features=512, bias=True)
    (11): ReLU()
    (12): Linear(in_features=512, out_features=256, bias=True)
    (13): ReLU()
    (14): Linear(in_features=256, out_features=100, bias=True)
  )
)
INFO:__main__:CHILD MODEL LOSS: 2.2304545583724975 with train time 40.41115093231201
INFO:__main__:CHILD MODEL ACCURACY: 0.4133
INFO:__main__:Policy gradient: 0.41321060061454773
INFO:__main__:
INFO:__main__:------ ITERATION 30 ------
INFO:__main__:Layers generated: [('256', '3', '1'), ('16', '1', '0')]
INFO:__main__:ChildCNNModel(
  (model): Sequential(
    (0): Conv2d(3, 128, kernel_size=(3, 3), stride=(1, 1), padding=(1, 1))
    (1): ReLU()
    (2): MaxPool2d(kernel_size=2, stride=2, padding=0, dilation=1, ceil_mode=False)
    (3): Conv2d(128, 256, kernel_size=(3, 3), stride=(1, 1), padding=(1, 1))
    (4): ReLU()
    (5): MaxPool2d(kernel_size=2, stride=2, padding=0, dilation=1, ceil_mode=False)
    (6): Conv2d(256, 16, kernel_size=(1, 1), stride=(1, 1))
    (7): ReLU()
    (8): MaxPool2d(kernel_size=2, stride=2, padding=0, dilation=1, ceil_mode=False)
    (9): Flatten(start_dim=1, end_dim=-1)
    (10): Linear(in_features=256, out_features=512, bias=True)
    (11): ReLU()
    (12): Linear(in_features=512, out_features=256, bias=True)
    (13): ReLU()
    (14): Linear(in_features=256, out_features=100, bias=True)
  )
)
INFO:__main__:CHILD MODEL LOSS: 2.358983379364014 with train time 48.9843590259552
INFO:__main__:CHILD MODEL ACCURACY: 0.3855
INFO:__main__:Policy gradient: 0.10818424075841904
INFO:__main__:
INFO:__main__:------ ITERATION 31 ------
INFO:__main__:Layers generated: [('16', '1', '2'), ('32', '5', '1')]
INFO:__main__:ChildCNNModel(
  (model): Sequential(
    (0): Conv2d(3, 128, kernel_size=(3, 3), stride=(1, 1), padding=(1, 1))
    (1): ReLU()
    (2): MaxPool2d(kernel_size=2, stride=2, padding=0, dilation=1, ceil_mode=False)
    (3): Conv2d(128, 16, kernel_size=(1, 1), stride=(1, 1), padding=(2, 2))
    (4): ReLU()
    (5): MaxPool2d(kernel_size=2, stride=2, padding=0, dilation=1, ceil_mode=False)
    (6): Conv2d(16, 32, kernel_size=(5, 5), stride=(1, 1), padding=(1, 1))
    (7): ReLU()
    (8): MaxPool2d(kernel_size=2, stride=2, padding=0, dilation=1, ceil_mode=False)
    (9): Flatten(start_dim=1, end_dim=-1)
    (10): Linear(in_features=512, out_features=512, bias=True)
    (11): ReLU()
    (12): Linear(in_features=512, out_features=256, bias=True)
    (13): ReLU()
    (14): Linear(in_features=256, out_features=100, bias=True)
  )
)
INFO:__main__:CHILD MODEL LOSS: 2.4400496921539307 with train time 40.41694760322571
INFO:__main__:CHILD MODEL ACCURACY: 0.3783
INFO:__main__:Policy gradient: 0.05786839500069618
INFO:__main__:
INFO:__main__:------ ITERATION 32 ------
INFO:__main__:Layers generated: [('128', '1', '0'), ('64', '1', '0')]
INFO:__main__:ChildCNNModel(
  (model): Sequential(
    (0): Conv2d(3, 128, kernel_size=(3, 3), stride=(1, 1), padding=(1, 1))
    (1): ReLU()
    (2): MaxPool2d(kernel_size=2, stride=2, padding=0, dilation=1, ceil_mode=False)
    (3): Conv2d(128, 128, kernel_size=(1, 1), stride=(1, 1))
    (4): ReLU()
    (5): MaxPool2d(kernel_size=2, stride=2, padding=0, dilation=1, ceil_mode=False)
    (6): Conv2d(128, 64, kernel_size=(1, 1), stride=(1, 1))
    (7): ReLU()
    (8): MaxPool2d(kernel_size=2, stride=2, padding=0, dilation=1, ceil_mode=False)
    (9): Flatten(start_dim=1, end_dim=-1)
    (10): Linear(in_features=1024, out_features=512, bias=True)
    (11): ReLU()
    (12): Linear(in_features=512, out_features=256, bias=True)
    (13): ReLU()
    (14): Linear(in_features=256, out_features=100, bias=True)
  )
)
INFO:__main__:CHILD MODEL LOSS: 2.302691520214081 with train time 41.37828850746155
INFO:__main__:CHILD MODEL ACCURACY: 0.3965
INFO:__main__:Policy gradient: 0.18824993073940277
INFO:__main__:
INFO:__main__:------ ITERATION 33 ------
INFO:__main__:Layers generated: [('16', '1', '1'), ('128', '1', '1')]
INFO:__main__:ChildCNNModel(
  (model): Sequential(
    (0): Conv2d(3, 128, kernel_size=(3, 3), stride=(1, 1), padding=(1, 1))
    (1): ReLU()
    (2): MaxPool2d(kernel_size=2, stride=2, padding=0, dilation=1, ceil_mode=False)
    (3): Conv2d(128, 16, kernel_size=(1, 1), stride=(1, 1), padding=(1, 1))
    (4): ReLU()
    (5): MaxPool2d(kernel_size=2, stride=2, padding=0, dilation=1, ceil_mode=False)
    (6): Conv2d(16, 128, kernel_size=(1, 1), stride=(1, 1), padding=(1, 1))
    (7): ReLU()
    (8): MaxPool2d(kernel_size=2, stride=2, padding=0, dilation=1, ceil_mode=False)
    (9): Flatten(start_dim=1, end_dim=-1)
    (10): Linear(in_features=3200, out_features=512, bias=True)
    (11): ReLU()
    (12): Linear(in_features=512, out_features=256, bias=True)
    (13): ReLU()
    (14): Linear(in_features=256, out_features=100, bias=True)
  )
)
INFO:__main__:CHILD MODEL LOSS: 2.425070418357849 with train time 40.309043645858765
INFO:__main__:CHILD MODEL ACCURACY: 0.3796
INFO:__main__:Policy gradient: 0.03538376837968826
INFO:__main__:
INFO:__main__:------ ITERATION 34 ------
INFO:__main__:Layers generated: [('64', '5', '0'), ('128', '3', '2')]
INFO:__main__:ChildCNNModel(
  (model): Sequential(
    (0): Conv2d(3, 128, kernel_size=(3, 3), stride=(1, 1), padding=(1, 1))
    (1): ReLU()
    (2): MaxPool2d(kernel_size=2, stride=2, padding=0, dilation=1, ceil_mode=False)
    (3): Conv2d(128, 64, kernel_size=(5, 5), stride=(1, 1))
    (4): ReLU()
    (5): MaxPool2d(kernel_size=2, stride=2, padding=0, dilation=1, ceil_mode=False)
    (6): Conv2d(64, 128, kernel_size=(3, 3), stride=(1, 1), padding=(2, 2))
    (7): ReLU()
    (8): MaxPool2d(kernel_size=2, stride=2, padding=0, dilation=1, ceil_mode=False)
    (9): Flatten(start_dim=1, end_dim=-1)
    (10): Linear(in_features=2048, out_features=512, bias=True)
    (11): ReLU()
    (12): Linear(in_features=512, out_features=256, bias=True)
    (13): ReLU()
    (14): Linear(in_features=256, out_features=100, bias=True)
  )
)
INFO:__main__:CHILD MODEL LOSS: 2.082420136928558 with train time 42.58081340789795
INFO:__main__:CHILD MODEL ACCURACY: 0.4304
INFO:__main__:Policy gradient: 0.47959989309310913
INFO:__main__:
INFO:__main__:------ ITERATION 35 ------
INFO:__main__:Layers generated: [('64', '1', '1'), ('32', '3', '0')]
INFO:__main__:ChildCNNModel(
  (model): Sequential(
    (0): Conv2d(3, 128, kernel_size=(3, 3), stride=(1, 1), padding=(1, 1))
    (1): ReLU()
    (2): MaxPool2d(kernel_size=2, stride=2, padding=0, dilation=1, ceil_mode=False)
    (3): Conv2d(128, 64, kernel_size=(1, 1), stride=(1, 1), padding=(1, 1))
    (4): ReLU()
    (5): MaxPool2d(kernel_size=2, stride=2, padding=0, dilation=1, ceil_mode=False)
    (6): Conv2d(64, 32, kernel_size=(3, 3), stride=(1, 1))
    (7): ReLU()
    (8): MaxPool2d(kernel_size=2, stride=2, padding=0, dilation=1, ceil_mode=False)
    (9): Flatten(start_dim=1, end_dim=-1)
    (10): Linear(in_features=288, out_features=512, bias=True)
    (11): ReLU()
    (12): Linear(in_features=512, out_features=256, bias=True)
    (13): ReLU()
    (14): Linear(in_features=256, out_features=100, bias=True)
  )
)
INFO:__main__:CHILD MODEL LOSS: 2.3824387292861937 with train time 40.520503520965576
INFO:__main__:CHILD MODEL ACCURACY: 0.3864
INFO:__main__:Policy gradient: 0.04189125820994377
INFO:__main__:
INFO:__main__:------ ITERATION 36 ------
INFO:__main__:Layers generated: [('64', '3', '0'), ('64', '3', '2')]
INFO:__main__:ChildCNNModel(
  (model): Sequential(
    (0): Conv2d(3, 128, kernel_size=(3, 3), stride=(1, 1), padding=(1, 1))
    (1): ReLU()
    (2): MaxPool2d(kernel_size=2, stride=2, padding=0, dilation=1, ceil_mode=False)
    (3): Conv2d(128, 64, kernel_size=(3, 3), stride=(1, 1))
    (4): ReLU()
    (5): MaxPool2d(kernel_size=2, stride=2, padding=0, dilation=1, ceil_mode=False)
    (6): Conv2d(64, 64, kernel_size=(3, 3), stride=(1, 1), padding=(2, 2))
    (7): ReLU()
    (8): MaxPool2d(kernel_size=2, stride=2, padding=0, dilation=1, ceil_mode=False)
    (9): Flatten(start_dim=1, end_dim=-1)
    (10): Linear(in_features=1024, out_features=512, bias=True)
    (11): ReLU()
    (12): Linear(in_features=512, out_features=256, bias=True)
    (13): ReLU()
    (14): Linear(in_features=256, out_features=100, bias=True)
  )
)
INFO:__main__:CHILD MODEL LOSS: 2.062045485496521 with train time 40.98453974723816
INFO:__main__:CHILD MODEL ACCURACY: 0.4312
INFO:__main__:Policy gradient: 0.3512747287750244
INFO:__main__:
INFO:__main__:------ ITERATION 37 ------
INFO:__main__:Layers generated: [('256', '3', '1'), ('64', '3', '2')]
INFO:__main__:ChildCNNModel(
  (model): Sequential(
    (0): Conv2d(3, 128, kernel_size=(3, 3), stride=(1, 1), padding=(1, 1))
    (1): ReLU()
    (2): MaxPool2d(kernel_size=2, stride=2, padding=0, dilation=1, ceil_mode=False)
    (3): Conv2d(128, 256, kernel_size=(3, 3), stride=(1, 1), padding=(1, 1))
    (4): ReLU()
    (5): MaxPool2d(kernel_size=2, stride=2, padding=0, dilation=1, ceil_mode=False)
    (6): Conv2d(256, 64, kernel_size=(3, 3), stride=(1, 1), padding=(2, 2))
    (7): ReLU()
    (8): MaxPool2d(kernel_size=2, stride=2, padding=0, dilation=1, ceil_mode=False)
    (9): Flatten(start_dim=1, end_dim=-1)
    (10): Linear(in_features=1600, out_features=512, bias=True)
    (11): ReLU()
    (12): Linear(in_features=512, out_features=256, bias=True)
    (13): ReLU()
    (14): Linear(in_features=256, out_features=100, bias=True)
  )
)
INFO:__main__:CHILD MODEL LOSS: 1.9310444073677062 with train time 51.25817394256592
INFO:__main__:CHILD MODEL ACCURACY: 0.4641
INFO:__main__:Policy gradient: 0.5440430045127869
INFO:__main__:
INFO:__main__:------ ITERATION 38 ------
INFO:__main__:Layers generated: [('16', '5', '0'), ('64', '3', '0')]
INFO:__main__:ChildCNNModel(
  (model): Sequential(
    (0): Conv2d(3, 128, kernel_size=(3, 3), stride=(1, 1), padding=(1, 1))
    (1): ReLU()
    (2): MaxPool2d(kernel_size=2, stride=2, padding=0, dilation=1, ceil_mode=False)
    (3): Conv2d(128, 16, kernel_size=(5, 5), stride=(1, 1))
    (4): ReLU()
    (5): MaxPool2d(kernel_size=2, stride=2, padding=0, dilation=1, ceil_mode=False)
    (6): Conv2d(16, 64, kernel_size=(3, 3), stride=(1, 1))
    (7): ReLU()
    (8): MaxPool2d(kernel_size=2, stride=2, padding=0, dilation=1, ceil_mode=False)
    (9): Flatten(start_dim=1, end_dim=-1)
    (10): Linear(in_features=256, out_features=512, bias=True)
    (11): ReLU()
    (12): Linear(in_features=512, out_features=256, bias=True)
    (13): ReLU()
    (14): Linear(in_features=256, out_features=100, bias=True)
  )
)
INFO:__main__:CHILD MODEL LOSS: 2.51299400806427 with train time 41.33335304260254
INFO:__main__:CHILD MODEL ACCURACY: 0.354
INFO:__main__:Policy gradient: -0.3062576651573181
INFO:__main__:
INFO:__main__:------ ITERATION 39 ------
INFO:__main__:Layers generated: [('64', '1', '1'), ('32', '1', '0')]
INFO:__main__:ChildCNNModel(
  (model): Sequential(
    (0): Conv2d(3, 128, kernel_size=(3, 3), stride=(1, 1), padding=(1, 1))
    (1): ReLU()
    (2): MaxPool2d(kernel_size=2, stride=2, padding=0, dilation=1, ceil_mode=False)
    (3): Conv2d(128, 64, kernel_size=(1, 1), stride=(1, 1), padding=(1, 1))
    (4): ReLU()
    (5): MaxPool2d(kernel_size=2, stride=2, padding=0, dilation=1, ceil_mode=False)
    (6): Conv2d(64, 32, kernel_size=(1, 1), stride=(1, 1))
    (7): ReLU()
    (8): MaxPool2d(kernel_size=2, stride=2, padding=0, dilation=1, ceil_mode=False)
    (9): Flatten(start_dim=1, end_dim=-1)
    (10): Linear(in_features=512, out_features=512, bias=True)
    (11): ReLU()
    (12): Linear(in_features=512, out_features=256, bias=True)
    (13): ReLU()
    (14): Linear(in_features=256, out_features=100, bias=True)
  )
)
INFO:__main__:CHILD MODEL LOSS: 2.4263062982559203 with train time 40.66264820098877
INFO:__main__:CHILD MODEL ACCURACY: 0.3725
INFO:__main__:Policy gradient: -0.11680193990468979
INFO:__main__:
INFO:__main__:------ ITERATION 40 ------
INFO:__main__:Layers generated: [('16', '3', '0'), ('16', '1', '0')]
INFO:__main__:ChildCNNModel(
  (model): Sequential(
    (0): Conv2d(3, 128, kernel_size=(3, 3), stride=(1, 1), padding=(1, 1))
    (1): ReLU()
    (2): MaxPool2d(kernel_size=2, stride=2, padding=0, dilation=1, ceil_mode=False)
    (3): Conv2d(128, 16, kernel_size=(3, 3), stride=(1, 1))
    (4): ReLU()
    (5): MaxPool2d(kernel_size=2, stride=2, padding=0, dilation=1, ceil_mode=False)
    (6): Conv2d(16, 16, kernel_size=(1, 1), stride=(1, 1))
    (7): ReLU()
    (8): MaxPool2d(kernel_size=2, stride=2, padding=0, dilation=1, ceil_mode=False)
    (9): Flatten(start_dim=1, end_dim=-1)
    (10): Linear(in_features=144, out_features=512, bias=True)
    (11): ReLU()
    (12): Linear(in_features=512, out_features=256, bias=True)
    (13): ReLU()
    (14): Linear(in_features=256, out_features=100, bias=True)
  )
)
INFO:__main__:CHILD MODEL LOSS: 2.575303514480591 with train time 39.99313950538635
INFO:__main__:CHILD MODEL ACCURACY: 0.3498
INFO:__main__:Policy gradient: -0.2494693249464035
INFO:__main__:
INFO:__main__:------ ITERATION 41 ------
INFO:__main__:Layers generated: [('16', '1', '2'), ('256', '3', '0')]
INFO:__main__:ChildCNNModel(
  (model): Sequential(
    (0): Conv2d(3, 128, kernel_size=(3, 3), stride=(1, 1), padding=(1, 1))
    (1): ReLU()
    (2): MaxPool2d(kernel_size=2, stride=2, padding=0, dilation=1, ceil_mode=False)
    (3): Conv2d(128, 16, kernel_size=(1, 1), stride=(1, 1), padding=(2, 2))
    (4): ReLU()
    (5): MaxPool2d(kernel_size=2, stride=2, padding=0, dilation=1, ceil_mode=False)
    (6): Conv2d(16, 256, kernel_size=(3, 3), stride=(1, 1))
    (7): ReLU()
    (8): MaxPool2d(kernel_size=2, stride=2, padding=0, dilation=1, ceil_mode=False)
    (9): Flatten(start_dim=1, end_dim=-1)
    (10): Linear(in_features=4096, out_features=512, bias=True)
    (11): ReLU()
    (12): Linear(in_features=512, out_features=256, bias=True)
    (13): ReLU()
    (14): Linear(in_features=256, out_features=100, bias=True)
  )
)
INFO:__main__:CHILD MODEL LOSS: 2.1654335131645204 with train time 40.62600350379944
INFO:__main__:CHILD MODEL ACCURACY: 0.4221
INFO:__main__:Policy gradient: 0.28871336579322815
INFO:__main__:
INFO:__main__:------ ITERATION 42 ------
INFO:__main__:Layers generated: [('16', '1', '1'), ('16', '3', '1')]
INFO:__main__:ChildCNNModel(
  (model): Sequential(
    (0): Conv2d(3, 128, kernel_size=(3, 3), stride=(1, 1), padding=(1, 1))
    (1): ReLU()
    (2): MaxPool2d(kernel_size=2, stride=2, padding=0, dilation=1, ceil_mode=False)
    (3): Conv2d(128, 16, kernel_size=(1, 1), stride=(1, 1), padding=(1, 1))
    (4): ReLU()
    (5): MaxPool2d(kernel_size=2, stride=2, padding=0, dilation=1, ceil_mode=False)
    (6): Conv2d(16, 16, kernel_size=(3, 3), stride=(1, 1), padding=(1, 1))
    (7): ReLU()
    (8): MaxPool2d(kernel_size=2, stride=2, padding=0, dilation=1, ceil_mode=False)
    (9): Flatten(start_dim=1, end_dim=-1)
    (10): Linear(in_features=256, out_features=512, bias=True)
    (11): ReLU()
    (12): Linear(in_features=512, out_features=256, bias=True)
    (13): ReLU()
    (14): Linear(in_features=256, out_features=100, bias=True)
  )
)
INFO:__main__:CHILD MODEL LOSS: 2.6422278661727905 with train time 39.82075262069702
INFO:__main__:CHILD MODEL ACCURACY: 0.3391
INFO:__main__:Policy gradient: -0.3164540231227875
INFO:__main__:
INFO:__main__:------ ITERATION 43 ------
INFO:__main__:Layers generated: [('64', '3', '0'), ('256', '1', '2')]
INFO:__main__:ChildCNNModel(
  (model): Sequential(
    (0): Conv2d(3, 128, kernel_size=(3, 3), stride=(1, 1), padding=(1, 1))
    (1): ReLU()
    (2): MaxPool2d(kernel_size=2, stride=2, padding=0, dilation=1, ceil_mode=False)
    (3): Conv2d(128, 64, kernel_size=(3, 3), stride=(1, 1))
    (4): ReLU()
    (5): MaxPool2d(kernel_size=2, stride=2, padding=0, dilation=1, ceil_mode=False)
    (6): Conv2d(64, 256, kernel_size=(1, 1), stride=(1, 1), padding=(2, 2))
    (7): ReLU()
    (8): MaxPool2d(kernel_size=2, stride=2, padding=0, dilation=1, ceil_mode=False)
    (9): Flatten(start_dim=1, end_dim=-1)
    (10): Linear(in_features=6400, out_features=512, bias=True)
    (11): ReLU()
    (12): Linear(in_features=512, out_features=256, bias=True)
    (13): ReLU()
    (14): Linear(in_features=256, out_features=100, bias=True)
  )
)
INFO:__main__:CHILD MODEL LOSS: 2.1577271423339845 with train time 42.65584683418274
INFO:__main__:CHILD MODEL ACCURACY: 0.4301
INFO:__main__:Policy gradient: 0.3388291895389557
INFO:__main__:
INFO:__main__:------ ITERATION 44 ------
INFO:__main__:Layers generated: [('64', '1', '0'), ('32', '1', '1')]
INFO:__main__:ChildCNNModel(
  (model): Sequential(
    (0): Conv2d(3, 128, kernel_size=(3, 3), stride=(1, 1), padding=(1, 1))
    (1): ReLU()
    (2): MaxPool2d(kernel_size=2, stride=2, padding=0, dilation=1, ceil_mode=False)
    (3): Conv2d(128, 64, kernel_size=(1, 1), stride=(1, 1))
    (4): ReLU()
    (5): MaxPool2d(kernel_size=2, stride=2, padding=0, dilation=1, ceil_mode=False)
    (6): Conv2d(64, 32, kernel_size=(1, 1), stride=(1, 1), padding=(1, 1))
    (7): ReLU()
    (8): MaxPool2d(kernel_size=2, stride=2, padding=0, dilation=1, ceil_mode=False)
    (9): Flatten(start_dim=1, end_dim=-1)
    (10): Linear(in_features=800, out_features=512, bias=True)
    (11): ReLU()
    (12): Linear(in_features=512, out_features=256, bias=True)
    (13): ReLU()
    (14): Linear(in_features=256, out_features=100, bias=True)
  )
)
INFO:__main__:CHILD MODEL LOSS: 2.400644992828369 with train time 40.09731125831604
INFO:__main__:CHILD MODEL ACCURACY: 0.3786
INFO:__main__:Policy gradient: -0.06234176456928253
INFO:__main__:
INFO:__main__:------ ITERATION 45 ------
INFO:__main__:Layers generated: [('128', '1', '2'), ('64', '3', '0')]
INFO:__main__:ChildCNNModel(
  (model): Sequential(
    (0): Conv2d(3, 128, kernel_size=(3, 3), stride=(1, 1), padding=(1, 1))
    (1): ReLU()
    (2): MaxPool2d(kernel_size=2, stride=2, padding=0, dilation=1, ceil_mode=False)
    (3): Conv2d(128, 128, kernel_size=(1, 1), stride=(1, 1), padding=(2, 2))
    (4): ReLU()
    (5): MaxPool2d(kernel_size=2, stride=2, padding=0, dilation=1, ceil_mode=False)
    (6): Conv2d(128, 64, kernel_size=(3, 3), stride=(1, 1))
    (7): ReLU()
    (8): MaxPool2d(kernel_size=2, stride=2, padding=0, dilation=1, ceil_mode=False)
    (9): Flatten(start_dim=1, end_dim=-1)
    (10): Linear(in_features=1024, out_features=512, bias=True)
    (11): ReLU()
    (12): Linear(in_features=512, out_features=256, bias=True)
    (13): ReLU()
    (14): Linear(in_features=256, out_features=100, bias=True)
  )
)
INFO:__main__:CHILD MODEL LOSS: 2.1614043841362 with train time 44.15289306640625
INFO:__main__:CHILD MODEL ACCURACY: 0.4271
INFO:__main__:Policy gradient: 0.3208986222743988
INFO:__main__:
INFO:__main__:------ ITERATION 46 ------
INFO:__main__:Layers generated: [('128', '1', '0'), ('32', '1', '1')]
INFO:__main__:ChildCNNModel(
  (model): Sequential(
    (0): Conv2d(3, 128, kernel_size=(3, 3), stride=(1, 1), padding=(1, 1))
    (1): ReLU()
    (2): MaxPool2d(kernel_size=2, stride=2, padding=0, dilation=1, ceil_mode=False)
    (3): Conv2d(128, 128, kernel_size=(1, 1), stride=(1, 1))
    (4): ReLU()
    (5): MaxPool2d(kernel_size=2, stride=2, padding=0, dilation=1, ceil_mode=False)
    (6): Conv2d(128, 32, kernel_size=(1, 1), stride=(1, 1), padding=(1, 1))
    (7): ReLU()
    (8): MaxPool2d(kernel_size=2, stride=2, padding=0, dilation=1, ceil_mode=False)
    (9): Flatten(start_dim=1, end_dim=-1)
    (10): Linear(in_features=800, out_features=512, bias=True)
    (11): ReLU()
    (12): Linear(in_features=512, out_features=256, bias=True)
    (13): ReLU()
    (14): Linear(in_features=256, out_features=100, bias=True)
  )
)
INFO:__main__:CHILD MODEL LOSS: 2.3417902364730834 with train time 41.407190799713135
INFO:__main__:CHILD MODEL ACCURACY: 0.3971
INFO:__main__:Policy gradient: 0.046953506767749786
INFO:__main__:
INFO:__main__:------ ITERATION 47 ------
INFO:__main__:Layers generated: [('16', '3', '1'), ('32', '3', '1')]
INFO:__main__:ChildCNNModel(
  (model): Sequential(
    (0): Conv2d(3, 128, kernel_size=(3, 3), stride=(1, 1), padding=(1, 1))
    (1): ReLU()
    (2): MaxPool2d(kernel_size=2, stride=2, padding=0, dilation=1, ceil_mode=False)
    (3): Conv2d(128, 16, kernel_size=(3, 3), stride=(1, 1), padding=(1, 1))
    (4): ReLU()
    (5): MaxPool2d(kernel_size=2, stride=2, padding=0, dilation=1, ceil_mode=False)
    (6): Conv2d(16, 32, kernel_size=(3, 3), stride=(1, 1), padding=(1, 1))
    (7): ReLU()
    (8): MaxPool2d(kernel_size=2, stride=2, padding=0, dilation=1, ceil_mode=False)
    (9): Flatten(start_dim=1, end_dim=-1)
    (10): Linear(in_features=512, out_features=512, bias=True)
    (11): ReLU()
    (12): Linear(in_features=512, out_features=256, bias=True)
    (13): ReLU()
    (14): Linear(in_features=256, out_features=100, bias=True)
  )
)
INFO:__main__:CHILD MODEL LOSS: 2.376923917293549 with train time 42.064650774002075
INFO:__main__:CHILD MODEL ACCURACY: 0.3857
INFO:__main__:Policy gradient: -0.03644177317619324
INFO:__main__:
INFO:__main__:------ ITERATION 48 ------
INFO:__main__:Layers generated: [('16', '3', '1'), ('32', '1', '0')]
INFO:__main__:ChildCNNModel(
  (model): Sequential(
    (0): Conv2d(3, 128, kernel_size=(3, 3), stride=(1, 1), padding=(1, 1))
    (1): ReLU()
    (2): MaxPool2d(kernel_size=2, stride=2, padding=0, dilation=1, ceil_mode=False)
    (3): Conv2d(128, 16, kernel_size=(3, 3), stride=(1, 1), padding=(1, 1))
    (4): ReLU()
    (5): MaxPool2d(kernel_size=2, stride=2, padding=0, dilation=1, ceil_mode=False)
    (6): Conv2d(16, 32, kernel_size=(1, 1), stride=(1, 1))
    (7): ReLU()
    (8): MaxPool2d(kernel_size=2, stride=2, padding=0, dilation=1, ceil_mode=False)
    (9): Flatten(start_dim=1, end_dim=-1)
    (10): Linear(in_features=512, out_features=512, bias=True)
    (11): ReLU()
    (12): Linear(in_features=512, out_features=256, bias=True)
    (13): ReLU()
    (14): Linear(in_features=256, out_features=100, bias=True)
  )
)
INFO:__main__:CHILD MODEL LOSS: 2.331204728603363 with train time 45.26330780982971
INFO:__main__:CHILD MODEL ACCURACY: 0.4002
INFO:__main__:Policy gradient: 0.05916648730635643
INFO:__main__:
INFO:__main__:------ ITERATION 49 ------
INFO:__main__:Layers generated: [('128', '3', '1'), ('64', '1', '0')]
INFO:__main__:ChildCNNModel(
  (model): Sequential(
    (0): Conv2d(3, 128, kernel_size=(3, 3), stride=(1, 1), padding=(1, 1))
    (1): ReLU()
    (2): MaxPool2d(kernel_size=2, stride=2, padding=0, dilation=1, ceil_mode=False)
    (3): Conv2d(128, 128, kernel_size=(3, 3), stride=(1, 1), padding=(1, 1))
    (4): ReLU()
    (5): MaxPool2d(kernel_size=2, stride=2, padding=0, dilation=1, ceil_mode=False)
    (6): Conv2d(128, 64, kernel_size=(1, 1), stride=(1, 1))
    (7): ReLU()
    (8): MaxPool2d(kernel_size=2, stride=2, padding=0, dilation=1, ceil_mode=False)
    (9): Flatten(start_dim=1, end_dim=-1)
    (10): Linear(in_features=1024, out_features=512, bias=True)
    (11): ReLU()
    (12): Linear(in_features=512, out_features=256, bias=True)
    (13): ReLU()
    (14): Linear(in_features=256, out_features=100, bias=True)
  )
)
INFO:__main__:CHILD MODEL LOSS: 2.121618588447571 with train time 43.99117302894592
INFO:__main__:CHILD MODEL ACCURACY: 0.4345
INFO:__main__:Policy gradient: 0.29666921496391296
INFO:__main__:
INFO:__main__:------ ITERATION 50 ------
INFO:__main__:Layers generated: [('256', '5', '1'), ('256', '3', '1')]
INFO:__main__:ChildCNNModel(
  (model): Sequential(
    (0): Conv2d(3, 128, kernel_size=(3, 3), stride=(1, 1), padding=(1, 1))
    (1): ReLU()
    (2): MaxPool2d(kernel_size=2, stride=2, padding=0, dilation=1, ceil_mode=False)
    (3): Conv2d(128, 256, kernel_size=(5, 5), stride=(1, 1), padding=(1, 1))
    (4): ReLU()
    (5): MaxPool2d(kernel_size=2, stride=2, padding=0, dilation=1, ceil_mode=False)
    (6): Conv2d(256, 256, kernel_size=(3, 3), stride=(1, 1), padding=(1, 1))
    (7): ReLU()
    (8): MaxPool2d(kernel_size=2, stride=2, padding=0, dilation=1, ceil_mode=False)
    (9): Flatten(start_dim=1, end_dim=-1)
    (10): Linear(in_features=2304, out_features=512, bias=True)
    (11): ReLU()
    (12): Linear(in_features=512, out_features=256, bias=True)
    (13): ReLU()
    (14): Linear(in_features=256, out_features=100, bias=True)
  )
)
INFO:__main__:CHILD MODEL LOSS: 1.9781732721328735 with train time 65.77670478820801
INFO:__main__:CHILD MODEL ACCURACY: 0.4559
INFO:__main__:Policy gradient: 0.47593286633491516
INFO:__main__:
INFO:__main__:------ ITERATION 51 ------
INFO:__main__:Layers generated: [('16', '3', '0'), ('16', '1', '1')]
INFO:__main__:ChildCNNModel(
  (model): Sequential(
    (0): Conv2d(3, 128, kernel_size=(3, 3), stride=(1, 1), padding=(1, 1))
    (1): ReLU()
    (2): MaxPool2d(kernel_size=2, stride=2, padding=0, dilation=1, ceil_mode=False)
    (3): Conv2d(128, 16, kernel_size=(3, 3), stride=(1, 1))
    (4): ReLU()
    (5): MaxPool2d(kernel_size=2, stride=2, padding=0, dilation=1, ceil_mode=False)
    (6): Conv2d(16, 16, kernel_size=(1, 1), stride=(1, 1), padding=(1, 1))
    (7): ReLU()
    (8): MaxPool2d(kernel_size=2, stride=2, padding=0, dilation=1, ceil_mode=False)
    (9): Flatten(start_dim=1, end_dim=-1)
    (10): Linear(in_features=256, out_features=512, bias=True)
    (11): ReLU()
    (12): Linear(in_features=512, out_features=256, bias=True)
    (13): ReLU()
    (14): Linear(in_features=256, out_features=100, bias=True)
  )
)
INFO:__main__:CHILD MODEL LOSS: 2.510237204551697 with train time 36.107168197631836
INFO:__main__:CHILD MODEL ACCURACY: 0.3654
INFO:__main__:Policy gradient: -0.23797829449176788
INFO:__main__:
INFO:__main__:------ ITERATION 52 ------
INFO:__main__:Layers generated: [('64', '1', '1'), ('256', '1', '1')]
INFO:__main__:ChildCNNModel(
  (model): Sequential(
    (0): Conv2d(3, 128, kernel_size=(3, 3), stride=(1, 1), padding=(1, 1))
    (1): ReLU()
    (2): MaxPool2d(kernel_size=2, stride=2, padding=0, dilation=1, ceil_mode=False)
    (3): Conv2d(128, 64, kernel_size=(1, 1), stride=(1, 1), padding=(1, 1))
    (4): ReLU()
    (5): MaxPool2d(kernel_size=2, stride=2, padding=0, dilation=1, ceil_mode=False)
    (6): Conv2d(64, 256, kernel_size=(1, 1), stride=(1, 1), padding=(1, 1))
    (7): ReLU()
    (8): MaxPool2d(kernel_size=2, stride=2, padding=0, dilation=1, ceil_mode=False)
    (9): Flatten(start_dim=1, end_dim=-1)
    (10): Linear(in_features=6400, out_features=512, bias=True)
    (11): ReLU()
    (12): Linear(in_features=512, out_features=256, bias=True)
    (13): ReLU()
    (14): Linear(in_features=256, out_features=100, bias=True)
  )
)
INFO:__main__:CHILD MODEL LOSS: 2.159749554157257 with train time 39.09092998504639
INFO:__main__:CHILD MODEL ACCURACY: 0.4151
INFO:__main__:Policy gradient: 0.10903479158878326
INFO:__main__:
INFO:__main__:------ ITERATION 53 ------
INFO:__main__:Layers generated: [('64', '1', '1'), ('256', '3', '2')]
INFO:__main__:ChildCNNModel(
  (model): Sequential(
    (0): Conv2d(3, 128, kernel_size=(3, 3), stride=(1, 1), padding=(1, 1))
    (1): ReLU()
    (2): MaxPool2d(kernel_size=2, stride=2, padding=0, dilation=1, ceil_mode=False)
    (3): Conv2d(128, 64, kernel_size=(1, 1), stride=(1, 1), padding=(1, 1))
    (4): ReLU()
    (5): MaxPool2d(kernel_size=2, stride=2, padding=0, dilation=1, ceil_mode=False)
    (6): Conv2d(64, 256, kernel_size=(3, 3), stride=(1, 1), padding=(2, 2))
    (7): ReLU()
    (8): MaxPool2d(kernel_size=2, stride=2, padding=0, dilation=1, ceil_mode=False)
    (9): Flatten(start_dim=1, end_dim=-1)
    (10): Linear(in_features=6400, out_features=512, bias=True)
    (11): ReLU()
    (12): Linear(in_features=512, out_features=256, bias=True)
    (13): ReLU()
    (14): Linear(in_features=256, out_features=100, bias=True)
  )
)
INFO:__main__:CHILD MODEL LOSS: 1.9322223048210143 with train time 39.95226740837097
INFO:__main__:CHILD MODEL ACCURACY: 0.4584
INFO:__main__:Policy gradient: 0.4143854081630707
INFO:__main__:
INFO:__main__:------ ITERATION 54 ------
INFO:__main__:Layers generated: [('256', '3', '0'), ('32', '3', '0')]
INFO:__main__:ChildCNNModel(
  (model): Sequential(
    (0): Conv2d(3, 128, kernel_size=(3, 3), stride=(1, 1), padding=(1, 1))
    (1): ReLU()
    (2): MaxPool2d(kernel_size=2, stride=2, padding=0, dilation=1, ceil_mode=False)
    (3): Conv2d(128, 256, kernel_size=(3, 3), stride=(1, 1))
    (4): ReLU()
    (5): MaxPool2d(kernel_size=2, stride=2, padding=0, dilation=1, ceil_mode=False)
    (6): Conv2d(256, 32, kernel_size=(3, 3), stride=(1, 1))
    (7): ReLU()
    (8): MaxPool2d(kernel_size=2, stride=2, padding=0, dilation=1, ceil_mode=False)
    (9): Flatten(start_dim=1, end_dim=-1)
    (10): Linear(in_features=128, out_features=512, bias=True)
    (11): ReLU()
    (12): Linear(in_features=512, out_features=256, bias=True)
    (13): ReLU()
    (14): Linear(in_features=256, out_features=100, bias=True)
  )
)
INFO:__main__:CHILD MODEL LOSS: 2.4514917097091673 with train time 44.4132022857666
INFO:__main__:CHILD MODEL ACCURACY: 0.3693
INFO:__main__:Policy gradient: -0.2497328370809555
INFO:__main__:
INFO:__main__:------ ITERATION 55 ------
INFO:__main__:Layers generated: [('256', '3', '0'), ('16', '1', '0')]
INFO:__main__:ChildCNNModel(
  (model): Sequential(
    (0): Conv2d(3, 128, kernel_size=(3, 3), stride=(1, 1), padding=(1, 1))
    (1): ReLU()
    (2): MaxPool2d(kernel_size=2, stride=2, padding=0, dilation=1, ceil_mode=False)
    (3): Conv2d(128, 256, kernel_size=(3, 3), stride=(1, 1))
    (4): ReLU()
    (5): MaxPool2d(kernel_size=2, stride=2, padding=0, dilation=1, ceil_mode=False)
    (6): Conv2d(256, 16, kernel_size=(1, 1), stride=(1, 1))
    (7): ReLU()
    (8): MaxPool2d(kernel_size=2, stride=2, padding=0, dilation=1, ceil_mode=False)
    (9): Flatten(start_dim=1, end_dim=-1)
    (10): Linear(in_features=144, out_features=512, bias=True)
    (11): ReLU()
    (12): Linear(in_features=512, out_features=256, bias=True)
    (13): ReLU()
    (14): Linear(in_features=256, out_features=100, bias=True)
  )
)
INFO:__main__:CHILD MODEL LOSS: 2.532149844169617 with train time 43.83694267272949
INFO:__main__:CHILD MODEL ACCURACY: 0.3506
INFO:__main__:Policy gradient: -0.35491934418678284
INFO:__main__:
INFO:__main__:------ ITERATION 56 ------
INFO:__main__:Layers generated: [('256', '1', '0'), ('64', '3', '1')]
INFO:__main__:ChildCNNModel(
  (model): Sequential(
    (0): Conv2d(3, 128, kernel_size=(3, 3), stride=(1, 1), padding=(1, 1))
    (1): ReLU()
    (2): MaxPool2d(kernel_size=2, stride=2, padding=0, dilation=1, ceil_mode=False)
    (3): Conv2d(128, 256, kernel_size=(1, 1), stride=(1, 1))
    (4): ReLU()
    (5): MaxPool2d(kernel_size=2, stride=2, padding=0, dilation=1, ceil_mode=False)
    (6): Conv2d(256, 64, kernel_size=(3, 3), stride=(1, 1), padding=(1, 1))
    (7): ReLU()
    (8): MaxPool2d(kernel_size=2, stride=2, padding=0, dilation=1, ceil_mode=False)
    (9): Flatten(start_dim=1, end_dim=-1)
    (10): Linear(in_features=1024, out_features=512, bias=True)
    (11): ReLU()
    (12): Linear(in_features=512, out_features=256, bias=True)
    (13): ReLU()
    (14): Linear(in_features=256, out_features=100, bias=True)
  )
)
INFO:__main__:CHILD MODEL LOSS: 2.070050112247467 with train time 40.69496250152588
INFO:__main__:CHILD MODEL ACCURACY: 0.4435
INFO:__main__:Policy gradient: 0.3212932348251343
INFO:__main__:
INFO:__main__:------ ITERATION 57 ------
INFO:__main__:Layers generated: [('256', '3', '0'), ('64', '3', '2')]
INFO:__main__:ChildCNNModel(
  (model): Sequential(
    (0): Conv2d(3, 128, kernel_size=(3, 3), stride=(1, 1), padding=(1, 1))
    (1): ReLU()
    (2): MaxPool2d(kernel_size=2, stride=2, padding=0, dilation=1, ceil_mode=False)
    (3): Conv2d(128, 256, kernel_size=(3, 3), stride=(1, 1))
    (4): ReLU()
    (5): MaxPool2d(kernel_size=2, stride=2, padding=0, dilation=1, ceil_mode=False)
    (6): Conv2d(256, 64, kernel_size=(3, 3), stride=(1, 1), padding=(2, 2))
    (7): ReLU()
    (8): MaxPool2d(kernel_size=2, stride=2, padding=0, dilation=1, ceil_mode=False)
    (9): Flatten(start_dim=1, end_dim=-1)
    (10): Linear(in_features=1024, out_features=512, bias=True)
    (11): ReLU()
    (12): Linear(in_features=512, out_features=256, bias=True)
    (13): ReLU()
    (14): Linear(in_features=256, out_features=100, bias=True)
  )
)
INFO:__main__:CHILD MODEL LOSS: 2.00559565782547 with train time 45.62372279167175
INFO:__main__:CHILD MODEL ACCURACY: 0.4626
INFO:__main__:Policy gradient: 0.433248907327652
INFO:__main__:
INFO:__main__:------ ITERATION 58 ------
INFO:__main__:Layers generated: [('256', '3', '0'), ('256', '3', '2')]
INFO:__main__:ChildCNNModel(
  (model): Sequential(
    (0): Conv2d(3, 128, kernel_size=(3, 3), stride=(1, 1), padding=(1, 1))
    (1): ReLU()
    (2): MaxPool2d(kernel_size=2, stride=2, padding=0, dilation=1, ceil_mode=False)
    (3): Conv2d(128, 256, kernel_size=(3, 3), stride=(1, 1))
    (4): ReLU()
    (5): MaxPool2d(kernel_size=2, stride=2, padding=0, dilation=1, ceil_mode=False)
    (6): Conv2d(256, 256, kernel_size=(3, 3), stride=(1, 1), padding=(2, 2))
    (7): ReLU()
    (8): MaxPool2d(kernel_size=2, stride=2, padding=0, dilation=1, ceil_mode=False)
    (9): Flatten(start_dim=1, end_dim=-1)
    (10): Linear(in_features=4096, out_features=512, bias=True)
    (11): ReLU()
    (12): Linear(in_features=512, out_features=256, bias=True)
    (13): ReLU()
    (14): Linear(in_features=256, out_features=100, bias=True)
  )
)
INFO:__main__:CHILD MODEL LOSS: 1.8322030363082886 with train time 53.48673176765442
INFO:__main__:CHILD MODEL ACCURACY: 0.484
INFO:__main__:Policy gradient: 0.5607379078865051
INFO:__main__:
INFO:__main__:------ ITERATION 59 ------
INFO:__main__:Layers generated: [('128', '3', '0'), ('32', '5', '1')]
INFO:__main__:ChildCNNModel(
  (model): Sequential(
    (0): Conv2d(3, 128, kernel_size=(3, 3), stride=(1, 1), padding=(1, 1))
    (1): ReLU()
    (2): MaxPool2d(kernel_size=2, stride=2, padding=0, dilation=1, ceil_mode=False)
    (3): Conv2d(128, 128, kernel_size=(3, 3), stride=(1, 1))
    (4): ReLU()
    (5): MaxPool2d(kernel_size=2, stride=2, padding=0, dilation=1, ceil_mode=False)
    (6): Conv2d(128, 32, kernel_size=(5, 5), stride=(1, 1), padding=(1, 1))
    (7): ReLU()
    (8): MaxPool2d(kernel_size=2, stride=2, padding=0, dilation=1, ceil_mode=False)
    (9): Flatten(start_dim=1, end_dim=-1)
    (10): Linear(in_features=128, out_features=512, bias=True)
    (11): ReLU()
    (12): Linear(in_features=512, out_features=256, bias=True)
    (13): ReLU()
    (14): Linear(in_features=256, out_features=100, bias=True)
  )
)
INFO:__main__:CHILD MODEL LOSS: 2.4225402269363405 with train time 38.85682225227356
INFO:__main__:CHILD MODEL ACCURACY: 0.3849
INFO:__main__:Policy gradient: -0.24620361626148224
INFO:__main__:
INFO:__main__:------ ITERATION 60 ------
INFO:__main__:Layers generated: [('128', '3', '0'), ('32', '3', '1')]
INFO:__main__:ChildCNNModel(
  (model): Sequential(
    (0): Conv2d(3, 128, kernel_size=(3, 3), stride=(1, 1), padding=(1, 1))
    (1): ReLU()
    (2): MaxPool2d(kernel_size=2, stride=2, padding=0, dilation=1, ceil_mode=False)
    (3): Conv2d(128, 128, kernel_size=(3, 3), stride=(1, 1))
    (4): ReLU()
    (5): MaxPool2d(kernel_size=2, stride=2, padding=0, dilation=1, ceil_mode=False)
    (6): Conv2d(128, 32, kernel_size=(3, 3), stride=(1, 1), padding=(1, 1))
    (7): ReLU()
    (8): MaxPool2d(kernel_size=2, stride=2, padding=0, dilation=1, ceil_mode=False)
    (9): Flatten(start_dim=1, end_dim=-1)
    (10): Linear(in_features=288, out_features=512, bias=True)
    (11): ReLU()
    (12): Linear(in_features=512, out_features=256, bias=True)
    (13): ReLU()
    (14): Linear(in_features=256, out_features=100, bias=True)
  )
)
INFO:__main__:CHILD MODEL LOSS: 2.2913360996246337 with train time 38.45996689796448
INFO:__main__:CHILD MODEL ACCURACY: 0.4117
INFO:__main__:Policy gradient: -0.005011181812733412
INFO:__main__:
INFO:__main__:------ ITERATION 61 ------
INFO:__main__:Layers generated: [('256', '1', '1'), ('64', '3', '1')]
INFO:__main__:ChildCNNModel(
  (model): Sequential(
    (0): Conv2d(3, 128, kernel_size=(3, 3), stride=(1, 1), padding=(1, 1))
    (1): ReLU()
    (2): MaxPool2d(kernel_size=2, stride=2, padding=0, dilation=1, ceil_mode=False)
    (3): Conv2d(128, 256, kernel_size=(1, 1), stride=(1, 1), padding=(1, 1))
    (4): ReLU()
    (5): MaxPool2d(kernel_size=2, stride=2, padding=0, dilation=1, ceil_mode=False)
    (6): Conv2d(256, 64, kernel_size=(3, 3), stride=(1, 1), padding=(1, 1))
    (7): ReLU()
    (8): MaxPool2d(kernel_size=2, stride=2, padding=0, dilation=1, ceil_mode=False)
    (9): Flatten(start_dim=1, end_dim=-1)
    (10): Linear(in_features=1024, out_features=512, bias=True)
    (11): ReLU()
    (12): Linear(in_features=512, out_features=256, bias=True)
    (13): ReLU()
    (14): Linear(in_features=256, out_features=100, bias=True)
  )
)
INFO:__main__:CHILD MODEL LOSS: 2.132815540790558 with train time 45.46575117111206
INFO:__main__:CHILD MODEL ACCURACY: 0.4371
INFO:__main__:Policy gradient: 0.16435454785823822
INFO:__main__:
INFO:__main__:------ ITERATION 62 ------
INFO:__main__:Layers generated: [('64', '3', '2'), ('128', '1', '1')]
INFO:__main__:ChildCNNModel(
  (model): Sequential(
    (0): Conv2d(3, 128, kernel_size=(3, 3), stride=(1, 1), padding=(1, 1))
    (1): ReLU()
    (2): MaxPool2d(kernel_size=2, stride=2, padding=0, dilation=1, ceil_mode=False)
    (3): Conv2d(128, 64, kernel_size=(3, 3), stride=(1, 1), padding=(2, 2))
    (4): ReLU()
    (5): MaxPool2d(kernel_size=2, stride=2, padding=0, dilation=1, ceil_mode=False)
    (6): Conv2d(64, 128, kernel_size=(1, 1), stride=(1, 1), padding=(1, 1))
    (7): ReLU()
    (8): MaxPool2d(kernel_size=2, stride=2, padding=0, dilation=1, ceil_mode=False)
    (9): Flatten(start_dim=1, end_dim=-1)
    (10): Linear(in_features=3200, out_features=512, bias=True)
    (11): ReLU()
    (12): Linear(in_features=512, out_features=256, bias=True)
    (13): ReLU()
    (14): Linear(in_features=256, out_features=100, bias=True)
  )
)
INFO:__main__:CHILD MODEL LOSS: 2.07483225107193 with train time 39.02583360671997
INFO:__main__:CHILD MODEL ACCURACY: 0.4286
INFO:__main__:Policy gradient: 0.09501751512289047
INFO:__main__:
INFO:__main__:------ ITERATION 63 ------
INFO:__main__:Layers generated: [('128', '5', '1'), ('128', '5', '1')]
INFO:__main__:ChildCNNModel(
  (model): Sequential(
    (0): Conv2d(3, 128, kernel_size=(3, 3), stride=(1, 1), padding=(1, 1))
    (1): ReLU()
    (2): MaxPool2d(kernel_size=2, stride=2, padding=0, dilation=1, ceil_mode=False)
    (3): Conv2d(128, 128, kernel_size=(5, 5), stride=(1, 1), padding=(1, 1))
    (4): ReLU()
    (5): MaxPool2d(kernel_size=2, stride=2, padding=0, dilation=1, ceil_mode=False)
    (6): Conv2d(128, 128, kernel_size=(5, 5), stride=(1, 1), padding=(1, 1))
    (7): ReLU()
    (8): MaxPool2d(kernel_size=2, stride=2, padding=0, dilation=1, ceil_mode=False)
    (9): Flatten(start_dim=1, end_dim=-1)
    (10): Linear(in_features=512, out_features=512, bias=True)
    (11): ReLU()
    (12): Linear(in_features=512, out_features=256, bias=True)
    (13): ReLU()
    (14): Linear(in_features=256, out_features=100, bias=True)
  )
)
INFO:__main__:CHILD MODEL LOSS: 2.142867233753204 with train time 45.296470403671265
INFO:__main__:CHILD MODEL ACCURACY: 0.4242
INFO:__main__:Policy gradient: 0.0743495523929596
INFO:__main__:
INFO:__main__:------ ITERATION 64 ------
INFO:__main__:Layers generated: [('32', '3', '0'), ('32', '3', '1')]
INFO:__main__:ChildCNNModel(
  (model): Sequential(
    (0): Conv2d(3, 128, kernel_size=(3, 3), stride=(1, 1), padding=(1, 1))
    (1): ReLU()
    (2): MaxPool2d(kernel_size=2, stride=2, padding=0, dilation=1, ceil_mode=False)
    (3): Conv2d(128, 32, kernel_size=(3, 3), stride=(1, 1))
    (4): ReLU()
    (5): MaxPool2d(kernel_size=2, stride=2, padding=0, dilation=1, ceil_mode=False)
    (6): Conv2d(32, 32, kernel_size=(3, 3), stride=(1, 1), padding=(1, 1))
    (7): ReLU()
    (8): MaxPool2d(kernel_size=2, stride=2, padding=0, dilation=1, ceil_mode=False)
    (9): Flatten(start_dim=1, end_dim=-1)
    (10): Linear(in_features=288, out_features=512, bias=True)
    (11): ReLU()
    (12): Linear(in_features=512, out_features=256, bias=True)
    (13): ReLU()
    (14): Linear(in_features=256, out_features=100, bias=True)
  )
)
INFO:__main__:CHILD MODEL LOSS: 2.3521831436157226 with train time 35.73943281173706
INFO:__main__:CHILD MODEL ACCURACY: 0.4065
INFO:__main__:Policy gradient: -0.07395146787166595
INFO:__main__:
INFO:__main__:------ ITERATION 65 ------
INFO:__main__:Layers generated: [('16', '1', '2'), ('32', '1', '2')]
INFO:__main__:ChildCNNModel(
  (model): Sequential(
    (0): Conv2d(3, 128, kernel_size=(3, 3), stride=(1, 1), padding=(1, 1))
    (1): ReLU()
    (2): MaxPool2d(kernel_size=2, stride=2, padding=0, dilation=1, ceil_mode=False)
    (3): Conv2d(128, 16, kernel_size=(1, 1), stride=(1, 1), padding=(2, 2))
    (4): ReLU()
    (5): MaxPool2d(kernel_size=2, stride=2, padding=0, dilation=1, ceil_mode=False)
    (6): Conv2d(16, 32, kernel_size=(1, 1), stride=(1, 1), padding=(2, 2))
    (7): ReLU()
    (8): MaxPool2d(kernel_size=2, stride=2, padding=0, dilation=1, ceil_mode=False)
    (9): Flatten(start_dim=1, end_dim=-1)
    (10): Linear(in_features=1568, out_features=512, bias=True)
    (11): ReLU()
    (12): Linear(in_features=512, out_features=256, bias=True)
    (13): ReLU()
    (14): Linear(in_features=256, out_features=100, bias=True)
  )
)
INFO:__main__:CHILD MODEL LOSS: 2.6799312686920165 with train time 35.94744539260864
INFO:__main__:CHILD MODEL ACCURACY: 0.3206
INFO:__main__:Policy gradient: -0.767657995223999
INFO:__main__:
INFO:__main__:------ ITERATION 66 ------
INFO:__main__:Layers generated: [('64', '5', '1'), ('256', '1', '2')]
INFO:__main__:ChildCNNModel(
  (model): Sequential(
    (0): Conv2d(3, 128, kernel_size=(3, 3), stride=(1, 1), padding=(1, 1))
    (1): ReLU()
    (2): MaxPool2d(kernel_size=2, stride=2, padding=0, dilation=1, ceil_mode=False)
    (3): Conv2d(128, 64, kernel_size=(5, 5), stride=(1, 1), padding=(1, 1))
    (4): ReLU()
    (5): MaxPool2d(kernel_size=2, stride=2, padding=0, dilation=1, ceil_mode=False)
    (6): Conv2d(64, 256, kernel_size=(1, 1), stride=(1, 1), padding=(2, 2))
    (7): ReLU()
    (8): MaxPool2d(kernel_size=2, stride=2, padding=0, dilation=1, ceil_mode=False)
    (9): Flatten(start_dim=1, end_dim=-1)
    (10): Linear(in_features=6400, out_features=512, bias=True)
    (11): ReLU()
    (12): Linear(in_features=512, out_features=256, bias=True)
    (13): ReLU()
    (14): Linear(in_features=256, out_features=100, bias=True)
  )
)
INFO:__main__:CHILD MODEL LOSS: 2.542189372062683 with train time 42.51320290565491
INFO:__main__:CHILD MODEL ACCURACY: 0.3575
INFO:__main__:Policy gradient: -0.3969274163246155
INFO:__main__:
INFO:__main__:------ ITERATION 67 ------
INFO:__main__:Layers generated: [('64', '5', '1'), ('32', '3', '2')]
INFO:__main__:ChildCNNModel(
  (model): Sequential(
    (0): Conv2d(3, 128, kernel_size=(3, 3), stride=(1, 1), padding=(1, 1))
    (1): ReLU()
    (2): MaxPool2d(kernel_size=2, stride=2, padding=0, dilation=1, ceil_mode=False)
    (3): Conv2d(128, 64, kernel_size=(5, 5), stride=(1, 1), padding=(1, 1))
    (4): ReLU()
    (5): MaxPool2d(kernel_size=2, stride=2, padding=0, dilation=1, ceil_mode=False)
    (6): Conv2d(64, 32, kernel_size=(3, 3), stride=(1, 1), padding=(2, 2))
    (7): ReLU()
    (8): MaxPool2d(kernel_size=2, stride=2, padding=0, dilation=1, ceil_mode=False)
    (9): Flatten(start_dim=1, end_dim=-1)
    (10): Linear(in_features=512, out_features=512, bias=True)
    (11): ReLU()
    (12): Linear(in_features=512, out_features=256, bias=True)
    (13): ReLU()
    (14): Linear(in_features=256, out_features=100, bias=True)
  )
)
INFO:__main__:CHILD MODEL LOSS: 2.188660889148712 with train time 38.93772578239441
INFO:__main__:CHILD MODEL ACCURACY: 0.4147
INFO:__main__:Policy gradient: 0.10577861964702606
INFO:__main__:
INFO:__main__:------ ITERATION 68 ------
INFO:__main__:Layers generated: [('64', '3', '0'), ('32', '3', '1')]
INFO:__main__:ChildCNNModel(
  (model): Sequential(
    (0): Conv2d(3, 128, kernel_size=(3, 3), stride=(1, 1), padding=(1, 1))
    (1): ReLU()
    (2): MaxPool2d(kernel_size=2, stride=2, padding=0, dilation=1, ceil_mode=False)
    (3): Conv2d(128, 64, kernel_size=(3, 3), stride=(1, 1))
    (4): ReLU()
    (5): MaxPool2d(kernel_size=2, stride=2, padding=0, dilation=1, ceil_mode=False)
    (6): Conv2d(64, 32, kernel_size=(3, 3), stride=(1, 1), padding=(1, 1))
    (7): ReLU()
    (8): MaxPool2d(kernel_size=2, stride=2, padding=0, dilation=1, ceil_mode=False)
    (9): Flatten(start_dim=1, end_dim=-1)
    (10): Linear(in_features=288, out_features=512, bias=True)
    (11): ReLU()
    (12): Linear(in_features=512, out_features=256, bias=True)
    (13): ReLU()
    (14): Linear(in_features=256, out_features=100, bias=True)
  )
)
INFO:__main__:CHILD MODEL LOSS: 2.298730094909668 with train time 36.34778356552124
INFO:__main__:CHILD MODEL ACCURACY: 0.4102
INFO:__main__:Policy gradient: 0.04619218036532402
INFO:__main__:
INFO:__main__:------ ITERATION 69 ------
INFO:__main__:Layers generated: [('64', '5', '0'), ('128', '5', '1')]
INFO:__main__:ChildCNNModel(
  (model): Sequential(
    (0): Conv2d(3, 128, kernel_size=(3, 3), stride=(1, 1), padding=(1, 1))
    (1): ReLU()
    (2): MaxPool2d(kernel_size=2, stride=2, padding=0, dilation=1, ceil_mode=False)
    (3): Conv2d(128, 64, kernel_size=(5, 5), stride=(1, 1))
    (4): ReLU()
    (5): MaxPool2d(kernel_size=2, stride=2, padding=0, dilation=1, ceil_mode=False)
    (6): Conv2d(64, 128, kernel_size=(5, 5), stride=(1, 1), padding=(1, 1))
    (7): ReLU()
    (8): MaxPool2d(kernel_size=2, stride=2, padding=0, dilation=1, ceil_mode=False)
    (9): Flatten(start_dim=1, end_dim=-1)
    (10): Linear(in_features=512, out_features=512, bias=True)
    (11): ReLU()
    (12): Linear(in_features=512, out_features=256, bias=True)
    (13): ReLU()
    (14): Linear(in_features=256, out_features=100, bias=True)
  )
)
INFO:__main__:CHILD MODEL LOSS: 2.2191857171058653 with train time 38.334835052490234
INFO:__main__:CHILD MODEL ACCURACY: 0.4152
INFO:__main__:Policy gradient: 0.10097184777259827
INFO:__main__:
INFO:__main__:------ ITERATION 70 ------
INFO:__main__:Layers generated: [('256', '3', '0'), ('16', '3', '1')]
INFO:__main__:ChildCNNModel(
  (model): Sequential(
    (0): Conv2d(3, 128, kernel_size=(3, 3), stride=(1, 1), padding=(1, 1))
    (1): ReLU()
    (2): MaxPool2d(kernel_size=2, stride=2, padding=0, dilation=1, ceil_mode=False)
    (3): Conv2d(128, 256, kernel_size=(3, 3), stride=(1, 1))
    (4): ReLU()
    (5): MaxPool2d(kernel_size=2, stride=2, padding=0, dilation=1, ceil_mode=False)
    (6): Conv2d(256, 16, kernel_size=(3, 3), stride=(1, 1), padding=(1, 1))
    (7): ReLU()
    (8): MaxPool2d(kernel_size=2, stride=2, padding=0, dilation=1, ceil_mode=False)
    (9): Flatten(start_dim=1, end_dim=-1)
    (10): Linear(in_features=144, out_features=512, bias=True)
    (11): ReLU()
    (12): Linear(in_features=512, out_features=256, bias=True)
    (13): ReLU()
    (14): Linear(in_features=256, out_features=100, bias=True)
  )
)
INFO:__main__:CHILD MODEL LOSS: 2.4481519947052 with train time 44.35171699523926
INFO:__main__:CHILD MODEL ACCURACY: 0.3769
INFO:__main__:Policy gradient: -0.18358305096626282
INFO:__main__:
INFO:__main__:------ ITERATION 71 ------
INFO:__main__:Layers generated: [('64', '3', '0'), ('256', '1', '1')]
INFO:__main__:ChildCNNModel(
  (model): Sequential(
    (0): Conv2d(3, 128, kernel_size=(3, 3), stride=(1, 1), padding=(1, 1))
    (1): ReLU()
    (2): MaxPool2d(kernel_size=2, stride=2, padding=0, dilation=1, ceil_mode=False)
    (3): Conv2d(128, 64, kernel_size=(3, 3), stride=(1, 1))
    (4): ReLU()
    (5): MaxPool2d(kernel_size=2, stride=2, padding=0, dilation=1, ceil_mode=False)
    (6): Conv2d(64, 256, kernel_size=(1, 1), stride=(1, 1), padding=(1, 1))
    (7): ReLU()
    (8): MaxPool2d(kernel_size=2, stride=2, padding=0, dilation=1, ceil_mode=False)
    (9): Flatten(start_dim=1, end_dim=-1)
    (10): Linear(in_features=4096, out_features=512, bias=True)
    (11): ReLU()
    (12): Linear(in_features=512, out_features=256, bias=True)
    (13): ReLU()
    (14): Linear(in_features=256, out_features=100, bias=True)
  )
)
INFO:__main__:CHILD MODEL LOSS: 2.21993590927124 with train time 37.92498230934143
INFO:__main__:CHILD MODEL ACCURACY: 0.4287
INFO:__main__:Policy gradient: 0.1723729372024536
INFO:__main__:
INFO:__main__:------ ITERATION 72 ------
INFO:__main__:Layers generated: [('256', '3', '0'), ('256', '3', '2')]
INFO:__main__:ChildCNNModel(
  (model): Sequential(
    (0): Conv2d(3, 128, kernel_size=(3, 3), stride=(1, 1), padding=(1, 1))
    (1): ReLU()
    (2): MaxPool2d(kernel_size=2, stride=2, padding=0, dilation=1, ceil_mode=False)
    (3): Conv2d(128, 256, kernel_size=(3, 3), stride=(1, 1))
    (4): ReLU()
    (5): MaxPool2d(kernel_size=2, stride=2, padding=0, dilation=1, ceil_mode=False)
    (6): Conv2d(256, 256, kernel_size=(3, 3), stride=(1, 1), padding=(2, 2))
    (7): ReLU()
    (8): MaxPool2d(kernel_size=2, stride=2, padding=0, dilation=1, ceil_mode=False)
    (9): Flatten(start_dim=1, end_dim=-1)
    (10): Linear(in_features=4096, out_features=512, bias=True)
    (11): ReLU()
    (12): Linear(in_features=512, out_features=256, bias=True)
    (13): ReLU()
    (14): Linear(in_features=256, out_features=100, bias=True)
  )
)
INFO:__main__:CHILD MODEL LOSS: 1.8959906964302062 with train time 53.44568109512329
INFO:__main__:CHILD MODEL ACCURACY: 0.483
INFO:__main__:Policy gradient: 0.5632067322731018
INFO:__main__:
INFO:__main__:------ ITERATION 73 ------
INFO:__main__:Layers generated: [('64', '3', '2'), ('64', '3', '1')]
INFO:__main__:ChildCNNModel(
  (model): Sequential(
    (0): Conv2d(3, 128, kernel_size=(3, 3), stride=(1, 1), padding=(1, 1))
    (1): ReLU()
    (2): MaxPool2d(kernel_size=2, stride=2, padding=0, dilation=1, ceil_mode=False)
    (3): Conv2d(128, 64, kernel_size=(3, 3), stride=(1, 1), padding=(2, 2))
    (4): ReLU()
    (5): MaxPool2d(kernel_size=2, stride=2, padding=0, dilation=1, ceil_mode=False)
    (6): Conv2d(64, 64, kernel_size=(3, 3), stride=(1, 1), padding=(1, 1))
    (7): ReLU()
    (8): MaxPool2d(kernel_size=2, stride=2, padding=0, dilation=1, ceil_mode=False)
    (9): Flatten(start_dim=1, end_dim=-1)
    (10): Linear(in_features=1024, out_features=512, bias=True)
    (11): ReLU()
    (12): Linear(in_features=512, out_features=256, bias=True)
    (13): ReLU()
    (14): Linear(in_features=256, out_features=100, bias=True)
  )
)
INFO:__main__:CHILD MODEL LOSS: 2.041584599971771 with train time 38.76844048500061
INFO:__main__:CHILD MODEL ACCURACY: 0.4518
INFO:__main__:Policy gradient: 0.25245538353919983
INFO:__main__:
INFO:__main__:------ ITERATION 74 ------
INFO:__main__:Layers generated: [('16', '3', '0'), ('64', '1', '0')]
INFO:__main__:ChildCNNModel(
  (model): Sequential(
    (0): Conv2d(3, 128, kernel_size=(3, 3), stride=(1, 1), padding=(1, 1))
    (1): ReLU()
    (2): MaxPool2d(kernel_size=2, stride=2, padding=0, dilation=1, ceil_mode=False)
    (3): Conv2d(128, 16, kernel_size=(3, 3), stride=(1, 1))
    (4): ReLU()
    (5): MaxPool2d(kernel_size=2, stride=2, padding=0, dilation=1, ceil_mode=False)
    (6): Conv2d(16, 64, kernel_size=(1, 1), stride=(1, 1))
    (7): ReLU()
    (8): MaxPool2d(kernel_size=2, stride=2, padding=0, dilation=1, ceil_mode=False)
    (9): Flatten(start_dim=1, end_dim=-1)
    (10): Linear(in_features=576, out_features=512, bias=True)
    (11): ReLU()
    (12): Linear(in_features=512, out_features=256, bias=True)
    (13): ReLU()
    (14): Linear(in_features=256, out_features=100, bias=True)
  )
)
INFO:__main__:CHILD MODEL LOSS: 2.603595537185669 with train time 36.084450483322144
INFO:__main__:CHILD MODEL ACCURACY: 0.3428
INFO:__main__:Policy gradient: -0.49158284068107605
INFO:__main__:
INFO:__main__:------ ITERATION 75 ------
INFO:__main__:Layers generated: [('16', '3', '1'), ('128', '1', '1')]
INFO:__main__:ChildCNNModel(
  (model): Sequential(
    (0): Conv2d(3, 128, kernel_size=(3, 3), stride=(1, 1), padding=(1, 1))
    (1): ReLU()
    (2): MaxPool2d(kernel_size=2, stride=2, padding=0, dilation=1, ceil_mode=False)
    (3): Conv2d(128, 16, kernel_size=(3, 3), stride=(1, 1), padding=(1, 1))
    (4): ReLU()
    (5): MaxPool2d(kernel_size=2, stride=2, padding=0, dilation=1, ceil_mode=False)
    (6): Conv2d(16, 128, kernel_size=(1, 1), stride=(1, 1), padding=(1, 1))
    (7): ReLU()
    (8): MaxPool2d(kernel_size=2, stride=2, padding=0, dilation=1, ceil_mode=False)
    (9): Flatten(start_dim=1, end_dim=-1)
    (10): Linear(in_features=3200, out_features=512, bias=True)
    (11): ReLU()
    (12): Linear(in_features=512, out_features=256, bias=True)
    (13): ReLU()
    (14): Linear(in_features=256, out_features=100, bias=True)
  )
)
INFO:__main__:CHILD MODEL LOSS: 2.3701020259857177 with train time 36.680535554885864
INFO:__main__:CHILD MODEL ACCURACY: 0.3717
INFO:__main__:Policy gradient: -0.24667640030384064
INFO:__main__:
INFO:__main__:------ ITERATION 76 ------
INFO:__main__:Layers generated: [('128', '1', '1'), ('64', '5', '1')]
INFO:__main__:ChildCNNModel(
  (model): Sequential(
    (0): Conv2d(3, 128, kernel_size=(3, 3), stride=(1, 1), padding=(1, 1))
    (1): ReLU()
    (2): MaxPool2d(kernel_size=2, stride=2, padding=0, dilation=1, ceil_mode=False)
    (3): Conv2d(128, 128, kernel_size=(1, 1), stride=(1, 1), padding=(1, 1))
    (4): ReLU()
    (5): MaxPool2d(kernel_size=2, stride=2, padding=0, dilation=1, ceil_mode=False)
    (6): Conv2d(128, 64, kernel_size=(5, 5), stride=(1, 1), padding=(1, 1))
    (7): ReLU()
    (8): MaxPool2d(kernel_size=2, stride=2, padding=0, dilation=1, ceil_mode=False)
    (9): Flatten(start_dim=1, end_dim=-1)
    (10): Linear(in_features=576, out_features=512, bias=True)
    (11): ReLU()
    (12): Linear(in_features=512, out_features=256, bias=True)
    (13): ReLU()
    (14): Linear(in_features=256, out_features=100, bias=True)
  )
)
INFO:__main__:CHILD MODEL LOSS: 2.2040197925567626 with train time 39.32097291946411
INFO:__main__:CHILD MODEL ACCURACY: 0.4112
INFO:__main__:Policy gradient: 0.046836353838443756
INFO:__main__:
INFO:__main__:------ ITERATION 77 ------
INFO:__main__:Layers generated: [('128', '5', '1'), ('16', '1', '0')]
INFO:__main__:ChildCNNModel(
  (model): Sequential(
    (0): Conv2d(3, 128, kernel_size=(3, 3), stride=(1, 1), padding=(1, 1))
    (1): ReLU()
    (2): MaxPool2d(kernel_size=2, stride=2, padding=0, dilation=1, ceil_mode=False)
    (3): Conv2d(128, 128, kernel_size=(5, 5), stride=(1, 1), padding=(1, 1))
    (4): ReLU()
    (5): MaxPool2d(kernel_size=2, stride=2, padding=0, dilation=1, ceil_mode=False)
    (6): Conv2d(128, 16, kernel_size=(1, 1), stride=(1, 1))
    (7): ReLU()
    (8): MaxPool2d(kernel_size=2, stride=2, padding=0, dilation=1, ceil_mode=False)
    (9): Flatten(start_dim=1, end_dim=-1)
    (10): Linear(in_features=144, out_features=512, bias=True)
    (11): ReLU()
    (12): Linear(in_features=512, out_features=256, bias=True)
    (13): ReLU()
    (14): Linear(in_features=256, out_features=100, bias=True)
  )
)
INFO:__main__:CHILD MODEL LOSS: 2.488712266921997 with train time 43.00679540634155
INFO:__main__:CHILD MODEL ACCURACY: 0.3702
INFO:__main__:Policy gradient: -0.31117188930511475
INFO:__main__:
INFO:__main__:------ ITERATION 78 ------
INFO:__main__:Layers generated: [('128', '3', '2'), ('128', '1', '1')]
INFO:__main__:ChildCNNModel(
  (model): Sequential(
    (0): Conv2d(3, 128, kernel_size=(3, 3), stride=(1, 1), padding=(1, 1))
    (1): ReLU()
    (2): MaxPool2d(kernel_size=2, stride=2, padding=0, dilation=1, ceil_mode=False)
    (3): Conv2d(128, 128, kernel_size=(3, 3), stride=(1, 1), padding=(2, 2))
    (4): ReLU()
    (5): MaxPool2d(kernel_size=2, stride=2, padding=0, dilation=1, ceil_mode=False)
    (6): Conv2d(128, 128, kernel_size=(1, 1), stride=(1, 1), padding=(1, 1))
    (7): ReLU()
    (8): MaxPool2d(kernel_size=2, stride=2, padding=0, dilation=1, ceil_mode=False)
    (9): Flatten(start_dim=1, end_dim=-1)
    (10): Linear(in_features=3200, out_features=512, bias=True)
    (11): ReLU()
    (12): Linear(in_features=512, out_features=256, bias=True)
    (13): ReLU()
    (14): Linear(in_features=256, out_features=100, bias=True)
  )
)
INFO:__main__:CHILD MODEL LOSS: 2.0471780548095704 with train time 45.363012075424194
INFO:__main__:CHILD MODEL ACCURACY: 0.4365
INFO:__main__:Policy gradient: 0.266647070646286
INFO:__main__:
INFO:__main__:------ ITERATION 79 ------
INFO:__main__:Layers generated: [('64', '1', '0'), ('16', '1', '2')]
INFO:__main__:ChildCNNModel(
  (model): Sequential(
    (0): Conv2d(3, 128, kernel_size=(3, 3), stride=(1, 1), padding=(1, 1))
    (1): ReLU()
    (2): MaxPool2d(kernel_size=2, stride=2, padding=0, dilation=1, ceil_mode=False)
    (3): Conv2d(128, 64, kernel_size=(1, 1), stride=(1, 1))
    (4): ReLU()
    (5): MaxPool2d(kernel_size=2, stride=2, padding=0, dilation=1, ceil_mode=False)
    (6): Conv2d(64, 16, kernel_size=(1, 1), stride=(1, 1), padding=(2, 2))
    (7): ReLU()
    (8): MaxPool2d(kernel_size=2, stride=2, padding=0, dilation=1, ceil_mode=False)
    (9): Flatten(start_dim=1, end_dim=-1)
    (10): Linear(in_features=576, out_features=512, bias=True)
    (11): ReLU()
    (12): Linear(in_features=512, out_features=256, bias=True)
    (13): ReLU()
    (14): Linear(in_features=256, out_features=100, bias=True)
  )
)
INFO:__main__:CHILD MODEL LOSS: 2.541545642852783 with train time 36.102783203125
INFO:__main__:CHILD MODEL ACCURACY: 0.357
INFO:__main__:Policy gradient: -0.36388254165649414
INFO:__main__:
INFO:__main__:------ ITERATION 80 ------
INFO:__main__:Layers generated: [('32', '3', '0'), ('64', '1', '1')]
INFO:__main__:ChildCNNModel(
  (model): Sequential(
    (0): Conv2d(3, 128, kernel_size=(3, 3), stride=(1, 1), padding=(1, 1))
    (1): ReLU()
    (2): MaxPool2d(kernel_size=2, stride=2, padding=0, dilation=1, ceil_mode=False)
    (3): Conv2d(128, 32, kernel_size=(3, 3), stride=(1, 1))
    (4): ReLU()
    (5): MaxPool2d(kernel_size=2, stride=2, padding=0, dilation=1, ceil_mode=False)
    (6): Conv2d(32, 64, kernel_size=(1, 1), stride=(1, 1), padding=(1, 1))
    (7): ReLU()
    (8): MaxPool2d(kernel_size=2, stride=2, padding=0, dilation=1, ceil_mode=False)
    (9): Flatten(start_dim=1, end_dim=-1)
    (10): Linear(in_features=1024, out_features=512, bias=True)
    (11): ReLU()
    (12): Linear(in_features=512, out_features=256, bias=True)
    (13): ReLU()
    (14): Linear(in_features=256, out_features=100, bias=True)
  )
)
INFO:__main__:CHILD MODEL LOSS: 2.271961950778961 with train time 36.49513030052185
INFO:__main__:CHILD MODEL ACCURACY: 0.3979
INFO:__main__:Policy gradient: -0.020938318222761154
INFO:__main__:
INFO:__main__:------ ITERATION 81 ------
INFO:__main__:Layers generated: [('64', '5', '1'), ('16', '1', '1')]
INFO:__main__:ChildCNNModel(
  (model): Sequential(
    (0): Conv2d(3, 128, kernel_size=(3, 3), stride=(1, 1), padding=(1, 1))
    (1): ReLU()
    (2): MaxPool2d(kernel_size=2, stride=2, padding=0, dilation=1, ceil_mode=False)
    (3): Conv2d(128, 64, kernel_size=(5, 5), stride=(1, 1), padding=(1, 1))
    (4): ReLU()
    (5): MaxPool2d(kernel_size=2, stride=2, padding=0, dilation=1, ceil_mode=False)
    (6): Conv2d(64, 16, kernel_size=(1, 1), stride=(1, 1), padding=(1, 1))
    (7): ReLU()
    (8): MaxPool2d(kernel_size=2, stride=2, padding=0, dilation=1, ceil_mode=False)
    (9): Flatten(start_dim=1, end_dim=-1)
    (10): Linear(in_features=256, out_features=512, bias=True)
    (11): ReLU()
    (12): Linear(in_features=512, out_features=256, bias=True)
    (13): ReLU()
    (14): Linear(in_features=256, out_features=100, bias=True)
  )
)
INFO:__main__:CHILD MODEL LOSS: 2.4077287368774414 with train time 38.542757749557495
INFO:__main__:CHILD MODEL ACCURACY: 0.3845
INFO:__main__:Policy gradient: -0.12218034267425537
INFO:__main__:
INFO:__main__:------ ITERATION 82 ------
INFO:__main__:Layers generated: [('256', '3', '0'), ('32', '3', '0')]
INFO:__main__:ChildCNNModel(
  (model): Sequential(
    (0): Conv2d(3, 128, kernel_size=(3, 3), stride=(1, 1), padding=(1, 1))
    (1): ReLU()
    (2): MaxPool2d(kernel_size=2, stride=2, padding=0, dilation=1, ceil_mode=False)
    (3): Conv2d(128, 256, kernel_size=(3, 3), stride=(1, 1))
    (4): ReLU()
    (5): MaxPool2d(kernel_size=2, stride=2, padding=0, dilation=1, ceil_mode=False)
    (6): Conv2d(256, 32, kernel_size=(3, 3), stride=(1, 1))
    (7): ReLU()
    (8): MaxPool2d(kernel_size=2, stride=2, padding=0, dilation=1, ceil_mode=False)
    (9): Flatten(start_dim=1, end_dim=-1)
    (10): Linear(in_features=128, out_features=512, bias=True)
    (11): ReLU()
    (12): Linear(in_features=512, out_features=256, bias=True)
    (13): ReLU()
    (14): Linear(in_features=256, out_features=100, bias=True)
  )
)
INFO:__main__:CHILD MODEL LOSS: 2.4045852365493774 with train time 44.54285192489624
INFO:__main__:CHILD MODEL ACCURACY: 0.3805
INFO:__main__:Policy gradient: -0.12331895530223846
INFO:__main__:
INFO:__main__:------ ITERATION 83 ------
INFO:__main__:Layers generated: [('64', '1', '2'), ('16', '1', '1')]
INFO:__main__:ChildCNNModel(
  (model): Sequential(
    (0): Conv2d(3, 128, kernel_size=(3, 3), stride=(1, 1), padding=(1, 1))
    (1): ReLU()
    (2): MaxPool2d(kernel_size=2, stride=2, padding=0, dilation=1, ceil_mode=False)
    (3): Conv2d(128, 64, kernel_size=(1, 1), stride=(1, 1), padding=(2, 2))
    (4): ReLU()
    (5): MaxPool2d(kernel_size=2, stride=2, padding=0, dilation=1, ceil_mode=False)
    (6): Conv2d(64, 16, kernel_size=(1, 1), stride=(1, 1), padding=(1, 1))
    (7): ReLU()
    (8): MaxPool2d(kernel_size=2, stride=2, padding=0, dilation=1, ceil_mode=False)
    (9): Flatten(start_dim=1, end_dim=-1)
    (10): Linear(in_features=576, out_features=512, bias=True)
    (11): ReLU()
    (12): Linear(in_features=512, out_features=256, bias=True)
    (13): ReLU()
    (14): Linear(in_features=256, out_features=100, bias=True)
  )
)
INFO:__main__:CHILD MODEL LOSS: 2.606049054145813 with train time 37.12754774093628
INFO:__main__:CHILD MODEL ACCURACY: 0.3475
INFO:__main__:Policy gradient: -0.37730905413627625
INFO:__main__:
INFO:__main__:------ ITERATION 84 ------
INFO:__main__:Layers generated: [('32', '3', '2'), ('128', '1', '2')]
INFO:__main__:ChildCNNModel(
  (model): Sequential(
    (0): Conv2d(3, 128, kernel_size=(3, 3), stride=(1, 1), padding=(1, 1))
    (1): ReLU()
    (2): MaxPool2d(kernel_size=2, stride=2, padding=0, dilation=1, ceil_mode=False)
    (3): Conv2d(128, 32, kernel_size=(3, 3), stride=(1, 1), padding=(2, 2))
    (4): ReLU()
    (5): MaxPool2d(kernel_size=2, stride=2, padding=0, dilation=1, ceil_mode=False)
    (6): Conv2d(32, 128, kernel_size=(1, 1), stride=(1, 1), padding=(2, 2))
    (7): ReLU()
    (8): MaxPool2d(kernel_size=2, stride=2, padding=0, dilation=1, ceil_mode=False)
    (9): Flatten(start_dim=1, end_dim=-1)
    (10): Linear(in_features=4608, out_features=512, bias=True)
    (11): ReLU()
    (12): Linear(in_features=512, out_features=256, bias=True)
    (13): ReLU()
    (14): Linear(in_features=256, out_features=100, bias=True)
  )
)
INFO:__main__:CHILD MODEL LOSS: 2.2502144947052 with train time 38.89076614379883
INFO:__main__:CHILD MODEL ACCURACY: 0.4097
INFO:__main__:Policy gradient: 0.14386284351348877
INFO:__main__:
INFO:__main__:------ ITERATION 85 ------
INFO:__main__:Layers generated: [('16', '5', '0'), ('64', '3', '0')]
INFO:__main__:ChildCNNModel(
  (model): Sequential(
    (0): Conv2d(3, 128, kernel_size=(3, 3), stride=(1, 1), padding=(1, 1))
    (1): ReLU()
    (2): MaxPool2d(kernel_size=2, stride=2, padding=0, dilation=1, ceil_mode=False)
    (3): Conv2d(128, 16, kernel_size=(5, 5), stride=(1, 1))
    (4): ReLU()
    (5): MaxPool2d(kernel_size=2, stride=2, padding=0, dilation=1, ceil_mode=False)
    (6): Conv2d(16, 64, kernel_size=(3, 3), stride=(1, 1))
    (7): ReLU()
    (8): MaxPool2d(kernel_size=2, stride=2, padding=0, dilation=1, ceil_mode=False)
    (9): Flatten(start_dim=1, end_dim=-1)
    (10): Linear(in_features=256, out_features=512, bias=True)
    (11): ReLU()
    (12): Linear(in_features=512, out_features=256, bias=True)
    (13): ReLU()
    (14): Linear(in_features=256, out_features=100, bias=True)
  )
)
INFO:__main__:CHILD MODEL LOSS: 2.445412537574768 with train time 36.99009466171265
INFO:__main__:CHILD MODEL ACCURACY: 0.3706
INFO:__main__:Policy gradient: -0.19151930510997772
INFO:__main__:
INFO:__main__:------ ITERATION 86 ------
INFO:__main__:Layers generated: [('16', '3', '1'), ('256', '1', '0')]
INFO:__main__:ChildCNNModel(
  (model): Sequential(
    (0): Conv2d(3, 128, kernel_size=(3, 3), stride=(1, 1), padding=(1, 1))
    (1): ReLU()
    (2): MaxPool2d(kernel_size=2, stride=2, padding=0, dilation=1, ceil_mode=False)
    (3): Conv2d(128, 16, kernel_size=(3, 3), stride=(1, 1), padding=(1, 1))
    (4): ReLU()
    (5): MaxPool2d(kernel_size=2, stride=2, padding=0, dilation=1, ceil_mode=False)
    (6): Conv2d(16, 256, kernel_size=(1, 1), stride=(1, 1))
    (7): ReLU()
    (8): MaxPool2d(kernel_size=2, stride=2, padding=0, dilation=1, ceil_mode=False)
    (9): Flatten(start_dim=1, end_dim=-1)
    (10): Linear(in_features=4096, out_features=512, bias=True)
    (11): ReLU()
    (12): Linear(in_features=512, out_features=256, bias=True)
    (13): ReLU()
    (14): Linear(in_features=256, out_features=100, bias=True)
  )
)
INFO:__main__:CHILD MODEL LOSS: 2.3699528636932374 with train time 36.54730796813965
INFO:__main__:CHILD MODEL ACCURACY: 0.3788
INFO:__main__:Policy gradient: -0.08556371927261353
INFO:__main__:
INFO:__main__:------ ITERATION 87 ------
INFO:__main__:Layers generated: [('128', '3', '2'), ('128', '3', '0')]
INFO:__main__:ChildCNNModel(
  (model): Sequential(
    (0): Conv2d(3, 128, kernel_size=(3, 3), stride=(1, 1), padding=(1, 1))
    (1): ReLU()
    (2): MaxPool2d(kernel_size=2, stride=2, padding=0, dilation=1, ceil_mode=False)
    (3): Conv2d(128, 128, kernel_size=(3, 3), stride=(1, 1), padding=(2, 2))
    (4): ReLU()
    (5): MaxPool2d(kernel_size=2, stride=2, padding=0, dilation=1, ceil_mode=False)
    (6): Conv2d(128, 128, kernel_size=(3, 3), stride=(1, 1))
    (7): ReLU()
    (8): MaxPool2d(kernel_size=2, stride=2, padding=0, dilation=1, ceil_mode=False)
    (9): Flatten(start_dim=1, end_dim=-1)
    (10): Linear(in_features=1152, out_features=512, bias=True)
    (11): ReLU()
    (12): Linear(in_features=512, out_features=256, bias=True)
    (13): ReLU()
    (14): Linear(in_features=256, out_features=100, bias=True)
  )
)
INFO:__main__:CHILD MODEL LOSS: 2.048036129951477 with train time 44.94924807548523
INFO:__main__:CHILD MODEL ACCURACY: 0.4432
INFO:__main__:Policy gradient: 0.3991717994213104
INFO:__main__:
INFO:__main__:------ ITERATION 88 ------
INFO:__main__:Layers generated: [('256', '3', '2'), ('32', '3', '0')]
INFO:__main__:ChildCNNModel(
  (model): Sequential(
    (0): Conv2d(3, 128, kernel_size=(3, 3), stride=(1, 1), padding=(1, 1))
    (1): ReLU()
    (2): MaxPool2d(kernel_size=2, stride=2, padding=0, dilation=1, ceil_mode=False)
    (3): Conv2d(128, 256, kernel_size=(3, 3), stride=(1, 1), padding=(2, 2))
    (4): ReLU()
    (5): MaxPool2d(kernel_size=2, stride=2, padding=0, dilation=1, ceil_mode=False)
    (6): Conv2d(256, 32, kernel_size=(3, 3), stride=(1, 1))
    (7): ReLU()
    (8): MaxPool2d(kernel_size=2, stride=2, padding=0, dilation=1, ceil_mode=False)
    (9): Flatten(start_dim=1, end_dim=-1)
    (10): Linear(in_features=288, out_features=512, bias=True)
    (11): ReLU()
    (12): Linear(in_features=512, out_features=256, bias=True)
    (13): ReLU()
    (14): Linear(in_features=256, out_features=100, bias=True)
  )
)
INFO:__main__:CHILD MODEL LOSS: 2.290427632331848 with train time 60.25804829597473
INFO:__main__:CHILD MODEL ACCURACY: 0.3955
INFO:__main__:Policy gradient: -0.000647121574729681
INFO:__main__:
INFO:__main__:------ ITERATION 89 ------
INFO:__main__:Layers generated: [('256', '3', '1'), ('256', '5', '1')]
INFO:__main__:ChildCNNModel(
  (model): Sequential(
    (0): Conv2d(3, 128, kernel_size=(3, 3), stride=(1, 1), padding=(1, 1))
    (1): ReLU()
    (2): MaxPool2d(kernel_size=2, stride=2, padding=0, dilation=1, ceil_mode=False)
    (3): Conv2d(128, 256, kernel_size=(3, 3), stride=(1, 1), padding=(1, 1))
    (4): ReLU()
    (5): MaxPool2d(kernel_size=2, stride=2, padding=0, dilation=1, ceil_mode=False)
    (6): Conv2d(256, 256, kernel_size=(5, 5), stride=(1, 1), padding=(1, 1))
    (7): ReLU()
    (8): MaxPool2d(kernel_size=2, stride=2, padding=0, dilation=1, ceil_mode=False)
    (9): Flatten(start_dim=1, end_dim=-1)
    (10): Linear(in_features=2304, out_features=512, bias=True)
    (11): ReLU()
    (12): Linear(in_features=512, out_features=256, bias=True)
    (13): ReLU()
    (14): Linear(in_features=256, out_features=100, bias=True)
  )
)
INFO:__main__:CHILD MODEL LOSS: 2.1519320368766786 with train time 60.770787954330444
INFO:__main__:CHILD MODEL ACCURACY: 0.4295
INFO:__main__:Policy gradient: 0.23058204352855682
INFO:__main__:
INFO:__main__:------ ITERATION 90 ------
INFO:__main__:Layers generated: [('16', '3', '1'), ('64', '1', '0')]
INFO:__main__:ChildCNNModel(
  (model): Sequential(
    (0): Conv2d(3, 128, kernel_size=(3, 3), stride=(1, 1), padding=(1, 1))
    (1): ReLU()
    (2): MaxPool2d(kernel_size=2, stride=2, padding=0, dilation=1, ceil_mode=False)
    (3): Conv2d(128, 16, kernel_size=(3, 3), stride=(1, 1), padding=(1, 1))
    (4): ReLU()
    (5): MaxPool2d(kernel_size=2, stride=2, padding=0, dilation=1, ceil_mode=False)
    (6): Conv2d(16, 64, kernel_size=(1, 1), stride=(1, 1))
    (7): ReLU()
    (8): MaxPool2d(kernel_size=2, stride=2, padding=0, dilation=1, ceil_mode=False)
    (9): Flatten(start_dim=1, end_dim=-1)
    (10): Linear(in_features=1024, out_features=512, bias=True)
    (11): ReLU()
    (12): Linear(in_features=512, out_features=256, bias=True)
    (13): ReLU()
    (14): Linear(in_features=256, out_features=100, bias=True)
  )
)
INFO:__main__:CHILD MODEL LOSS: 2.2982364535331725 with train time 35.93236446380615
INFO:__main__:CHILD MODEL ACCURACY: 0.4016
INFO:__main__:Policy gradient: 0.0175020769238472
INFO:__main__:
INFO:__main__:------ ITERATION 91 ------
INFO:__main__:Layers generated: [('128', '5', '1'), ('32', '3', '2')]
INFO:__main__:ChildCNNModel(
  (model): Sequential(
    (0): Conv2d(3, 128, kernel_size=(3, 3), stride=(1, 1), padding=(1, 1))
    (1): ReLU()
    (2): MaxPool2d(kernel_size=2, stride=2, padding=0, dilation=1, ceil_mode=False)
    (3): Conv2d(128, 128, kernel_size=(5, 5), stride=(1, 1), padding=(1, 1))
    (4): ReLU()
    (5): MaxPool2d(kernel_size=2, stride=2, padding=0, dilation=1, ceil_mode=False)
    (6): Conv2d(128, 32, kernel_size=(3, 3), stride=(1, 1), padding=(2, 2))
    (7): ReLU()
    (8): MaxPool2d(kernel_size=2, stride=2, padding=0, dilation=1, ceil_mode=False)
    (9): Flatten(start_dim=1, end_dim=-1)
    (10): Linear(in_features=512, out_features=512, bias=True)
    (11): ReLU()
    (12): Linear(in_features=512, out_features=256, bias=True)
    (13): ReLU()
    (14): Linear(in_features=256, out_features=100, bias=True)
  )
)
INFO:__main__:CHILD MODEL LOSS: 2.081702298164368 with train time 44.112751483917236
INFO:__main__:CHILD MODEL ACCURACY: 0.4436
INFO:__main__:Policy gradient: 0.37382492423057556
INFO:__main__:
INFO:__main__:------ ITERATION 92 ------
INFO:__main__:Layers generated: [('256', '1', '1'), ('64', '3', '2')]
INFO:__main__:ChildCNNModel(
  (model): Sequential(
    (0): Conv2d(3, 128, kernel_size=(3, 3), stride=(1, 1), padding=(1, 1))
    (1): ReLU()
    (2): MaxPool2d(kernel_size=2, stride=2, padding=0, dilation=1, ceil_mode=False)
    (3): Conv2d(128, 256, kernel_size=(1, 1), stride=(1, 1), padding=(1, 1))
    (4): ReLU()
    (5): MaxPool2d(kernel_size=2, stride=2, padding=0, dilation=1, ceil_mode=False)
    (6): Conv2d(256, 64, kernel_size=(3, 3), stride=(1, 1), padding=(2, 2))
    (7): ReLU()
    (8): MaxPool2d(kernel_size=2, stride=2, padding=0, dilation=1, ceil_mode=False)
    (9): Flatten(start_dim=1, end_dim=-1)
    (10): Linear(in_features=1600, out_features=512, bias=True)
    (11): ReLU()
    (12): Linear(in_features=512, out_features=256, bias=True)
    (13): ReLU()
    (14): Linear(in_features=256, out_features=100, bias=True)
  )
)
INFO:__main__:CHILD MODEL LOSS: 2.0820601592063905 with train time 45.92957925796509
INFO:__main__:CHILD MODEL ACCURACY: 0.44
INFO:__main__:Policy gradient: 0.25580456852912903
INFO:__main__:
INFO:__main__:------ ITERATION 93 ------
INFO:__main__:Layers generated: [('128', '3', '0'), ('16', '3', '1')]
INFO:__main__:ChildCNNModel(
  (model): Sequential(
    (0): Conv2d(3, 128, kernel_size=(3, 3), stride=(1, 1), padding=(1, 1))
    (1): ReLU()
    (2): MaxPool2d(kernel_size=2, stride=2, padding=0, dilation=1, ceil_mode=False)
    (3): Conv2d(128, 128, kernel_size=(3, 3), stride=(1, 1))
    (4): ReLU()
    (5): MaxPool2d(kernel_size=2, stride=2, padding=0, dilation=1, ceil_mode=False)
    (6): Conv2d(128, 16, kernel_size=(3, 3), stride=(1, 1), padding=(1, 1))
    (7): ReLU()
    (8): MaxPool2d(kernel_size=2, stride=2, padding=0, dilation=1, ceil_mode=False)
    (9): Flatten(start_dim=1, end_dim=-1)
    (10): Linear(in_features=144, out_features=512, bias=True)
    (11): ReLU()
    (12): Linear(in_features=512, out_features=256, bias=True)
    (13): ReLU()
    (14): Linear(in_features=256, out_features=100, bias=True)
  )
)
INFO:__main__:CHILD MODEL LOSS: 2.3638848209381105 with train time 38.42804574966431
INFO:__main__:CHILD MODEL ACCURACY: 0.3966
INFO:__main__:Policy gradient: -0.07492222636938095
INFO:__main__:
INFO:__main__:------ ITERATION 94 ------
INFO:__main__:Layers generated: [('256', '3', '2'), ('256', '3', '1')]
INFO:__main__:ChildCNNModel(
  (model): Sequential(
    (0): Conv2d(3, 128, kernel_size=(3, 3), stride=(1, 1), padding=(1, 1))
    (1): ReLU()
    (2): MaxPool2d(kernel_size=2, stride=2, padding=0, dilation=1, ceil_mode=False)
    (3): Conv2d(128, 256, kernel_size=(3, 3), stride=(1, 1), padding=(2, 2))
    (4): ReLU()
    (5): MaxPool2d(kernel_size=2, stride=2, padding=0, dilation=1, ceil_mode=False)
    (6): Conv2d(256, 256, kernel_size=(3, 3), stride=(1, 1), padding=(1, 1))
    (7): ReLU()
    (8): MaxPool2d(kernel_size=2, stride=2, padding=0, dilation=1, ceil_mode=False)
    (9): Flatten(start_dim=1, end_dim=-1)
    (10): Linear(in_features=4096, out_features=512, bias=True)
    (11): ReLU()
    (12): Linear(in_features=512, out_features=256, bias=True)
    (13): ReLU()
    (14): Linear(in_features=256, out_features=100, bias=True)
  )
)
INFO:__main__:CHILD MODEL LOSS: 1.8825001344680785 with train time 69.81159162521362
INFO:__main__:CHILD MODEL ACCURACY: 0.4642
INFO:__main__:Policy gradient: 0.38173630833625793
INFO:__main__:
INFO:__main__:------ ITERATION 95 ------
INFO:__main__:Layers generated: [('64', '3', '1'), ('64', '3', '1')]
INFO:__main__:ChildCNNModel(
  (model): Sequential(
    (0): Conv2d(3, 128, kernel_size=(3, 3), stride=(1, 1), padding=(1, 1))
    (1): ReLU()
    (2): MaxPool2d(kernel_size=2, stride=2, padding=0, dilation=1, ceil_mode=False)
    (3): Conv2d(128, 64, kernel_size=(3, 3), stride=(1, 1), padding=(1, 1))
    (4): ReLU()
    (5): MaxPool2d(kernel_size=2, stride=2, padding=0, dilation=1, ceil_mode=False)
    (6): Conv2d(64, 64, kernel_size=(3, 3), stride=(1, 1), padding=(1, 1))
    (7): ReLU()
    (8): MaxPool2d(kernel_size=2, stride=2, padding=0, dilation=1, ceil_mode=False)
    (9): Flatten(start_dim=1, end_dim=-1)
    (10): Linear(in_features=1024, out_features=512, bias=True)
    (11): ReLU()
    (12): Linear(in_features=512, out_features=256, bias=True)
    (13): ReLU()
    (14): Linear(in_features=256, out_features=100, bias=True)
  )
)
INFO:__main__:CHILD MODEL LOSS: 1.9846723556518555 with train time 37.57910943031311
INFO:__main__:CHILD MODEL ACCURACY: 0.4507
INFO:__main__:Policy gradient: 0.21229512989521027
INFO:__main__:
INFO:__main__:------ ITERATION 96 ------
INFO:__main__:Layers generated: [('64', '3', '0'), ('256', '3', '1')]
INFO:__main__:ChildCNNModel(
  (model): Sequential(
    (0): Conv2d(3, 128, kernel_size=(3, 3), stride=(1, 1), padding=(1, 1))
    (1): ReLU()
    (2): MaxPool2d(kernel_size=2, stride=2, padding=0, dilation=1, ceil_mode=False)
    (3): Conv2d(128, 64, kernel_size=(3, 3), stride=(1, 1))
    (4): ReLU()
    (5): MaxPool2d(kernel_size=2, stride=2, padding=0, dilation=1, ceil_mode=False)
    (6): Conv2d(64, 256, kernel_size=(3, 3), stride=(1, 1), padding=(1, 1))
    (7): ReLU()
    (8): MaxPool2d(kernel_size=2, stride=2, padding=0, dilation=1, ceil_mode=False)
    (9): Flatten(start_dim=1, end_dim=-1)
    (10): Linear(in_features=2304, out_features=512, bias=True)
    (11): ReLU()
    (12): Linear(in_features=512, out_features=256, bias=True)
    (13): ReLU()
    (14): Linear(in_features=256, out_features=100, bias=True)
  )
)
INFO:__main__:CHILD MODEL LOSS: 2.0297007369995117 with train time 37.76354002952576
INFO:__main__:CHILD MODEL ACCURACY: 0.4553
INFO:__main__:Policy gradient: 0.24046221375465393
INFO:__main__:
INFO:__main__:------ ITERATION 97 ------
INFO:__main__:Layers generated: [('32', '3', '0'), ('64', '5', '0')]
INFO:__main__:ChildCNNModel(
  (model): Sequential(
    (0): Conv2d(3, 128, kernel_size=(3, 3), stride=(1, 1), padding=(1, 1))
    (1): ReLU()
    (2): MaxPool2d(kernel_size=2, stride=2, padding=0, dilation=1, ceil_mode=False)
    (3): Conv2d(128, 32, kernel_size=(3, 3), stride=(1, 1))
    (4): ReLU()
    (5): MaxPool2d(kernel_size=2, stride=2, padding=0, dilation=1, ceil_mode=False)
    (6): Conv2d(32, 64, kernel_size=(5, 5), stride=(1, 1))
    (7): ReLU()
    (8): MaxPool2d(kernel_size=2, stride=2, padding=0, dilation=1, ceil_mode=False)
    (9): Flatten(start_dim=1, end_dim=-1)
    (10): Linear(in_features=64, out_features=512, bias=True)
    (11): ReLU()
    (12): Linear(in_features=512, out_features=256, bias=True)
    (13): ReLU()
    (14): Linear(in_features=256, out_features=100, bias=True)
  )
)
INFO:__main__:CHILD MODEL LOSS: 2.4865889339447023 with train time 36.27034115791321
INFO:__main__:CHILD MODEL ACCURACY: 0.3598
INFO:__main__:Policy gradient: -0.4710855185985565
INFO:__main__:
INFO:__main__:------ ITERATION 98 ------
INFO:__main__:Layers generated: [('64', '3', '0'), ('64', '3', '1')]
INFO:__main__:ChildCNNModel(
  (model): Sequential(
    (0): Conv2d(3, 128, kernel_size=(3, 3), stride=(1, 1), padding=(1, 1))
    (1): ReLU()
    (2): MaxPool2d(kernel_size=2, stride=2, padding=0, dilation=1, ceil_mode=False)
    (3): Conv2d(128, 64, kernel_size=(3, 3), stride=(1, 1))
    (4): ReLU()
    (5): MaxPool2d(kernel_size=2, stride=2, padding=0, dilation=1, ceil_mode=False)
    (6): Conv2d(64, 64, kernel_size=(3, 3), stride=(1, 1), padding=(1, 1))
    (7): ReLU()
    (8): MaxPool2d(kernel_size=2, stride=2, padding=0, dilation=1, ceil_mode=False)
    (9): Flatten(start_dim=1, end_dim=-1)
    (10): Linear(in_features=576, out_features=512, bias=True)
    (11): ReLU()
    (12): Linear(in_features=512, out_features=256, bias=True)
    (13): ReLU()
    (14): Linear(in_features=256, out_features=100, bias=True)
  )
)
INFO:__main__:CHILD MODEL LOSS: 2.2182448735237124 with train time 37.38376975059509
INFO:__main__:CHILD MODEL ACCURACY: 0.4124
INFO:__main__:Policy gradient: -0.008580457419157028
INFO:__main__:
INFO:__main__:------ ITERATION 99 ------
INFO:__main__:Layers generated: [('256', '5', '0'), ('256', '3', '2')]
INFO:__main__:ChildCNNModel(
  (model): Sequential(
    (0): Conv2d(3, 128, kernel_size=(3, 3), stride=(1, 1), padding=(1, 1))
    (1): ReLU()
    (2): MaxPool2d(kernel_size=2, stride=2, padding=0, dilation=1, ceil_mode=False)
    (3): Conv2d(128, 256, kernel_size=(5, 5), stride=(1, 1))
    (4): ReLU()
    (5): MaxPool2d(kernel_size=2, stride=2, padding=0, dilation=1, ceil_mode=False)
    (6): Conv2d(256, 256, kernel_size=(3, 3), stride=(1, 1), padding=(2, 2))
    (7): ReLU()
    (8): MaxPool2d(kernel_size=2, stride=2, padding=0, dilation=1, ceil_mode=False)
    (9): Flatten(start_dim=1, end_dim=-1)
    (10): Linear(in_features=4096, out_features=512, bias=True)
    (11): ReLU()
    (12): Linear(in_features=512, out_features=256, bias=True)
    (13): ReLU()
    (14): Linear(in_features=256, out_features=100, bias=True)
  )
)
INFO:__main__:CHILD MODEL LOSS: 1.9528837251663207 with train time 61.11199641227722
INFO:__main__:CHILD MODEL ACCURACY: 0.4497
INFO:__main__:Policy gradient: 0.3034447431564331
INFO:__main__:
INFO:__main__:------ ITERATION 100 ------
INFO:__main__:Layers generated: [('16', '1', '1'), ('128', '3', '1')]
INFO:__main__:ChildCNNModel(
  (model): Sequential(
    (0): Conv2d(3, 128, kernel_size=(3, 3), stride=(1, 1), padding=(1, 1))
    (1): ReLU()
    (2): MaxPool2d(kernel_size=2, stride=2, padding=0, dilation=1, ceil_mode=False)
    (3): Conv2d(128, 16, kernel_size=(1, 1), stride=(1, 1), padding=(1, 1))
    (4): ReLU()
    (5): MaxPool2d(kernel_size=2, stride=2, padding=0, dilation=1, ceil_mode=False)
    (6): Conv2d(16, 128, kernel_size=(3, 3), stride=(1, 1), padding=(1, 1))
    (7): ReLU()
    (8): MaxPool2d(kernel_size=2, stride=2, padding=0, dilation=1, ceil_mode=False)
    (9): Flatten(start_dim=1, end_dim=-1)
    (10): Linear(in_features=2048, out_features=512, bias=True)
    (11): ReLU()
    (12): Linear(in_features=512, out_features=256, bias=True)
    (13): ReLU()
    (14): Linear(in_features=256, out_features=100, bias=True)
  )
)
INFO:__main__:CHILD MODEL LOSS: 2.186608141422272 with train time 36.00527286529541
INFO:__main__:CHILD MODEL ACCURACY: 0.425
INFO:__main__:Policy gradient: 0.051941584795713425
INFO:__main__:
INFO:__main__:------ ITERATION 101 ------
INFO:__main__:Layers generated: [('256', '3', '0'), ('32', '5', '1')]
INFO:__main__:ChildCNNModel(
  (model): Sequential(
    (0): Conv2d(3, 128, kernel_size=(3, 3), stride=(1, 1), padding=(1, 1))
    (1): ReLU()
    (2): MaxPool2d(kernel_size=2, stride=2, padding=0, dilation=1, ceil_mode=False)
    (3): Conv2d(128, 256, kernel_size=(3, 3), stride=(1, 1))
    (4): ReLU()
    (5): MaxPool2d(kernel_size=2, stride=2, padding=0, dilation=1, ceil_mode=False)
    (6): Conv2d(256, 32, kernel_size=(5, 5), stride=(1, 1), padding=(1, 1))
    (7): ReLU()
    (8): MaxPool2d(kernel_size=2, stride=2, padding=0, dilation=1, ceil_mode=False)
    (9): Flatten(start_dim=1, end_dim=-1)
    (10): Linear(in_features=128, out_features=512, bias=True)
    (11): ReLU()
    (12): Linear(in_features=512, out_features=256, bias=True)
    (13): ReLU()
    (14): Linear(in_features=256, out_features=100, bias=True)
  )
)
INFO:__main__:CHILD MODEL LOSS: 2.2487815952301027 with train time 51.240479469299316
INFO:__main__:CHILD MODEL ACCURACY: 0.4068
INFO:__main__:Policy gradient: -0.08160348236560822
INFO:__main__:
INFO:__main__:------ ITERATION 102 ------
INFO:__main__:Layers generated: [('16', '3', '0'), ('256', '3', '1')]
INFO:__main__:ChildCNNModel(
  (model): Sequential(
    (0): Conv2d(3, 128, kernel_size=(3, 3), stride=(1, 1), padding=(1, 1))
    (1): ReLU()
    (2): MaxPool2d(kernel_size=2, stride=2, padding=0, dilation=1, ceil_mode=False)
    (3): Conv2d(128, 16, kernel_size=(3, 3), stride=(1, 1))
    (4): ReLU()
    (5): MaxPool2d(kernel_size=2, stride=2, padding=0, dilation=1, ceil_mode=False)
    (6): Conv2d(16, 256, kernel_size=(3, 3), stride=(1, 1), padding=(1, 1))
    (7): ReLU()
    (8): MaxPool2d(kernel_size=2, stride=2, padding=0, dilation=1, ceil_mode=False)
    (9): Flatten(start_dim=1, end_dim=-1)
    (10): Linear(in_features=2304, out_features=512, bias=True)
    (11): ReLU()
    (12): Linear(in_features=512, out_features=256, bias=True)
    (13): ReLU()
    (14): Linear(in_features=256, out_features=100, bias=True)
  )
)
INFO:__main__:CHILD MODEL LOSS: 2.166104830265045 with train time 36.783276319503784
INFO:__main__:CHILD MODEL ACCURACY: 0.436
INFO:__main__:Policy gradient: 0.12160501629114151
INFO:__main__:
INFO:__main__:------ ITERATION 103 ------
INFO:__main__:Layers generated: [('64', '3', '2'), ('256', '1', '1')]
INFO:__main__:ChildCNNModel(
  (model): Sequential(
    (0): Conv2d(3, 128, kernel_size=(3, 3), stride=(1, 1), padding=(1, 1))
    (1): ReLU()
    (2): MaxPool2d(kernel_size=2, stride=2, padding=0, dilation=1, ceil_mode=False)
    (3): Conv2d(128, 64, kernel_size=(3, 3), stride=(1, 1), padding=(2, 2))
    (4): ReLU()
    (5): MaxPool2d(kernel_size=2, stride=2, padding=0, dilation=1, ceil_mode=False)
    (6): Conv2d(64, 256, kernel_size=(1, 1), stride=(1, 1), padding=(1, 1))
    (7): ReLU()
    (8): MaxPool2d(kernel_size=2, stride=2, padding=0, dilation=1, ceil_mode=False)
    (9): Flatten(start_dim=1, end_dim=-1)
    (10): Linear(in_features=6400, out_features=512, bias=True)
    (11): ReLU()
    (12): Linear(in_features=512, out_features=256, bias=True)
    (13): ReLU()
    (14): Linear(in_features=256, out_features=100, bias=True)
  )
)
INFO:__main__:CHILD MODEL LOSS: 2.020503816127777 with train time 42.75034308433533
INFO:__main__:CHILD MODEL ACCURACY: 0.4486
INFO:__main__:Policy gradient: 0.20368483662605286
INFO:__main__:
INFO:__main__:------ ITERATION 104 ------
INFO:__main__:Layers generated: [('16', '5', '1'), ('16', '5', '0')]
INFO:__main__:ChildCNNModel(
  (model): Sequential(
    (0): Conv2d(3, 128, kernel_size=(3, 3), stride=(1, 1), padding=(1, 1))
    (1): ReLU()
    (2): MaxPool2d(kernel_size=2, stride=2, padding=0, dilation=1, ceil_mode=False)
    (3): Conv2d(128, 16, kernel_size=(5, 5), stride=(1, 1), padding=(1, 1))
    (4): ReLU()
    (5): MaxPool2d(kernel_size=2, stride=2, padding=0, dilation=1, ceil_mode=False)
    (6): Conv2d(16, 16, kernel_size=(5, 5), stride=(1, 1))
    (7): ReLU()
    (8): MaxPool2d(kernel_size=2, stride=2, padding=0, dilation=1, ceil_mode=False)
    (9): Flatten(start_dim=1, end_dim=-1)
    (10): Linear(in_features=16, out_features=512, bias=True)
    (11): ReLU()
    (12): Linear(in_features=512, out_features=256, bias=True)
    (13): ReLU()
    (14): Linear(in_features=256, out_features=100, bias=True)
  )
)
INFO:__main__:CHILD MODEL LOSS: 2.6780586557388304 with train time 37.540364027023315
INFO:__main__:CHILD MODEL ACCURACY: 0.3133
INFO:__main__:Policy gradient: -1.0032918453216553
INFO:__main__:
INFO:__main__:------ ITERATION 105 ------
INFO:__main__:Layers generated: [('32', '5', '2'), ('128', '1', '0')]
INFO:__main__:ChildCNNModel(
  (model): Sequential(
    (0): Conv2d(3, 128, kernel_size=(3, 3), stride=(1, 1), padding=(1, 1))
    (1): ReLU()
    (2): MaxPool2d(kernel_size=2, stride=2, padding=0, dilation=1, ceil_mode=False)
    (3): Conv2d(128, 32, kernel_size=(5, 5), stride=(1, 1), padding=(2, 2))
    (4): ReLU()
    (5): MaxPool2d(kernel_size=2, stride=2, padding=0, dilation=1, ceil_mode=False)
    (6): Conv2d(32, 128, kernel_size=(1, 1), stride=(1, 1))
    (7): ReLU()
    (8): MaxPool2d(kernel_size=2, stride=2, padding=0, dilation=1, ceil_mode=False)
    (9): Flatten(start_dim=1, end_dim=-1)
    (10): Linear(in_features=2048, out_features=512, bias=True)
    (11): ReLU()
    (12): Linear(in_features=512, out_features=256, bias=True)
    (13): ReLU()
    (14): Linear(in_features=256, out_features=100, bias=True)
  )
)
INFO:__main__:CHILD MODEL LOSS: 2.2148704652786253 with train time 38.53939628601074
INFO:__main__:CHILD MODEL ACCURACY: 0.4129
INFO:__main__:Policy gradient: 0.018307706341147423
INFO:__main__:
INFO:__main__:------ ITERATION 106 ------
INFO:__main__:Layers generated: [('64', '5', '0'), ('256', '5', '2')]
INFO:__main__:ChildCNNModel(
  (model): Sequential(
    (0): Conv2d(3, 128, kernel_size=(3, 3), stride=(1, 1), padding=(1, 1))
    (1): ReLU()
    (2): MaxPool2d(kernel_size=2, stride=2, padding=0, dilation=1, ceil_mode=False)
    (3): Conv2d(128, 64, kernel_size=(5, 5), stride=(1, 1))
    (4): ReLU()
    (5): MaxPool2d(kernel_size=2, stride=2, padding=0, dilation=1, ceil_mode=False)
    (6): Conv2d(64, 256, kernel_size=(5, 5), stride=(1, 1), padding=(2, 2))
    (7): ReLU()
    (8): MaxPool2d(kernel_size=2, stride=2, padding=0, dilation=1, ceil_mode=False)
    (9): Flatten(start_dim=1, end_dim=-1)
    (10): Linear(in_features=2304, out_features=512, bias=True)
    (11): ReLU()
    (12): Linear(in_features=512, out_features=256, bias=True)
    (13): ReLU()
    (14): Linear(in_features=256, out_features=100, bias=True)
  )
)
INFO:__main__:CHILD MODEL LOSS: 2.1172897143363953 with train time 39.40753126144409
INFO:__main__:CHILD MODEL ACCURACY: 0.4309
INFO:__main__:Policy gradient: 0.18425801396369934
INFO:__main__:
INFO:__main__:------ ITERATION 107 ------
INFO:__main__:Layers generated: [('32', '1', '1'), ('256', '3', '2')]
INFO:__main__:ChildCNNModel(
  (model): Sequential(
    (0): Conv2d(3, 128, kernel_size=(3, 3), stride=(1, 1), padding=(1, 1))
    (1): ReLU()
    (2): MaxPool2d(kernel_size=2, stride=2, padding=0, dilation=1, ceil_mode=False)
    (3): Conv2d(128, 32, kernel_size=(1, 1), stride=(1, 1), padding=(1, 1))
    (4): ReLU()
    (5): MaxPool2d(kernel_size=2, stride=2, padding=0, dilation=1, ceil_mode=False)
    (6): Conv2d(32, 256, kernel_size=(3, 3), stride=(1, 1), padding=(2, 2))
    (7): ReLU()
    (8): MaxPool2d(kernel_size=2, stride=2, padding=0, dilation=1, ceil_mode=False)
    (9): Flatten(start_dim=1, end_dim=-1)
    (10): Linear(in_features=6400, out_features=512, bias=True)
    (11): ReLU()
    (12): Linear(in_features=512, out_features=256, bias=True)
    (13): ReLU()
    (14): Linear(in_features=256, out_features=100, bias=True)
  )
)
INFO:__main__:CHILD MODEL LOSS: 1.959862229347229 with train time 38.531620502471924
INFO:__main__:CHILD MODEL ACCURACY: 0.4679
INFO:__main__:Policy gradient: 0.4048873484134674
INFO:__main__:
INFO:__main__:------ ITERATION 108 ------
INFO:__main__:Layers generated: [('16', '3', '1'), ('32', '5', '1')]
INFO:__main__:ChildCNNModel(
  (model): Sequential(
    (0): Conv2d(3, 128, kernel_size=(3, 3), stride=(1, 1), padding=(1, 1))
    (1): ReLU()
    (2): MaxPool2d(kernel_size=2, stride=2, padding=0, dilation=1, ceil_mode=False)
    (3): Conv2d(128, 16, kernel_size=(3, 3), stride=(1, 1), padding=(1, 1))
    (4): ReLU()
    (5): MaxPool2d(kernel_size=2, stride=2, padding=0, dilation=1, ceil_mode=False)
    (6): Conv2d(16, 32, kernel_size=(5, 5), stride=(1, 1), padding=(1, 1))
    (7): ReLU()
    (8): MaxPool2d(kernel_size=2, stride=2, padding=0, dilation=1, ceil_mode=False)
    (9): Flatten(start_dim=1, end_dim=-1)
    (10): Linear(in_features=288, out_features=512, bias=True)
    (11): ReLU()
    (12): Linear(in_features=512, out_features=256, bias=True)
    (13): ReLU()
    (14): Linear(in_features=256, out_features=100, bias=True)
  )
)
INFO:__main__:CHILD MODEL LOSS: 2.4293951444625854 with train time 36.32704544067383
INFO:__main__:CHILD MODEL ACCURACY: 0.3824
INFO:__main__:Policy gradient: -0.25554728507995605
INFO:__main__:
INFO:__main__:------ ITERATION 109 ------
INFO:__main__:Layers generated: [('256', '5', '2'), ('256', '3', '2')]
INFO:__main__:ChildCNNModel(
  (model): Sequential(
    (0): Conv2d(3, 128, kernel_size=(3, 3), stride=(1, 1), padding=(1, 1))
    (1): ReLU()
    (2): MaxPool2d(kernel_size=2, stride=2, padding=0, dilation=1, ceil_mode=False)
    (3): Conv2d(128, 256, kernel_size=(5, 5), stride=(1, 1), padding=(2, 2))
    (4): ReLU()
    (5): MaxPool2d(kernel_size=2, stride=2, padding=0, dilation=1, ceil_mode=False)
    (6): Conv2d(256, 256, kernel_size=(3, 3), stride=(1, 1), padding=(2, 2))
    (7): ReLU()
    (8): MaxPool2d(kernel_size=2, stride=2, padding=0, dilation=1, ceil_mode=False)
    (9): Flatten(start_dim=1, end_dim=-1)
    (10): Linear(in_features=6400, out_features=512, bias=True)
    (11): ReLU()
    (12): Linear(in_features=512, out_features=256, bias=True)
    (13): ReLU()
    (14): Linear(in_features=256, out_features=100, bias=True)
  )
)
INFO:__main__:CHILD MODEL LOSS: 1.9113504610061645 with train time 80.80219888687134
INFO:__main__:CHILD MODEL ACCURACY: 0.4638
INFO:__main__:Policy gradient: 0.41775789856910706
INFO:__main__:
INFO:__main__:------ ITERATION 110 ------
INFO:__main__:Layers generated: [('128', '3', '0'), ('256', '5', '0')]
INFO:__main__:ChildCNNModel(
  (model): Sequential(
    (0): Conv2d(3, 128, kernel_size=(3, 3), stride=(1, 1), padding=(1, 1))
    (1): ReLU()
    (2): MaxPool2d(kernel_size=2, stride=2, padding=0, dilation=1, ceil_mode=False)
    (3): Conv2d(128, 128, kernel_size=(3, 3), stride=(1, 1))
    (4): ReLU()
    (5): MaxPool2d(kernel_size=2, stride=2, padding=0, dilation=1, ceil_mode=False)
    (6): Conv2d(128, 256, kernel_size=(5, 5), stride=(1, 1))
    (7): ReLU()
    (8): MaxPool2d(kernel_size=2, stride=2, padding=0, dilation=1, ceil_mode=False)
    (9): Flatten(start_dim=1, end_dim=-1)
    (10): Linear(in_features=256, out_features=512, bias=True)
    (11): ReLU()
    (12): Linear(in_features=512, out_features=256, bias=True)
    (13): ReLU()
    (14): Linear(in_features=256, out_features=100, bias=True)
  )
)
INFO:__main__:CHILD MODEL LOSS: 2.1971613388061524 with train time 39.571640729904175
INFO:__main__:CHILD MODEL ACCURACY: 0.4162
INFO:__main__:Policy gradient: -0.02974722348153591
INFO:__main__:
INFO:__main__:------ ITERATION 111 ------
INFO:__main__:Layers generated: [('64', '3', '2'), ('16', '1', '1')]
INFO:__main__:ChildCNNModel(
  (model): Sequential(
    (0): Conv2d(3, 128, kernel_size=(3, 3), stride=(1, 1), padding=(1, 1))
    (1): ReLU()
    (2): MaxPool2d(kernel_size=2, stride=2, padding=0, dilation=1, ceil_mode=False)
    (3): Conv2d(128, 64, kernel_size=(3, 3), stride=(1, 1), padding=(2, 2))
    (4): ReLU()
    (5): MaxPool2d(kernel_size=2, stride=2, padding=0, dilation=1, ceil_mode=False)
    (6): Conv2d(64, 16, kernel_size=(1, 1), stride=(1, 1), padding=(1, 1))
    (7): ReLU()
    (8): MaxPool2d(kernel_size=2, stride=2, padding=0, dilation=1, ceil_mode=False)
    (9): Flatten(start_dim=1, end_dim=-1)
    (10): Linear(in_features=400, out_features=512, bias=True)
    (11): ReLU()
    (12): Linear(in_features=512, out_features=256, bias=True)
    (13): ReLU()
    (14): Linear(in_features=256, out_features=100, bias=True)
  )
)
INFO:__main__:CHILD MODEL LOSS: 2.383644066810608 with train time 38.63467359542847
INFO:__main__:CHILD MODEL ACCURACY: 0.3835
INFO:__main__:Policy gradient: -0.2586697041988373
INFO:__main__:
INFO:__main__:------ ITERATION 112 ------
INFO:__main__:Layers generated: [('256', '5', '1'), ('32', '3', '0')]
INFO:__main__:ChildCNNModel(
  (model): Sequential(
    (0): Conv2d(3, 128, kernel_size=(3, 3), stride=(1, 1), padding=(1, 1))
    (1): ReLU()
    (2): MaxPool2d(kernel_size=2, stride=2, padding=0, dilation=1, ceil_mode=False)
    (3): Conv2d(128, 256, kernel_size=(5, 5), stride=(1, 1), padding=(1, 1))
    (4): ReLU()
    (5): MaxPool2d(kernel_size=2, stride=2, padding=0, dilation=1, ceil_mode=False)
    (6): Conv2d(256, 32, kernel_size=(3, 3), stride=(1, 1))
    (7): ReLU()
    (8): MaxPool2d(kernel_size=2, stride=2, padding=0, dilation=1, ceil_mode=False)
    (9): Flatten(start_dim=1, end_dim=-1)
    (10): Linear(in_features=128, out_features=512, bias=True)
    (11): ReLU()
    (12): Linear(in_features=512, out_features=256, bias=True)
    (13): ReLU()
    (14): Linear(in_features=256, out_features=100, bias=True)
  )
)
INFO:__main__:CHILD MODEL LOSS: 2.5979847946166994 with train time 60.53071928024292
INFO:__main__:CHILD MODEL ACCURACY: 0.3516
INFO:__main__:Policy gradient: -0.4973928928375244
INFO:__main__:
INFO:__main__:------ ITERATION 113 ------
INFO:__main__:Layers generated: [('128', '3', '2'), ('32', '3', '1')]
INFO:__main__:ChildCNNModel(
  (model): Sequential(
    (0): Conv2d(3, 128, kernel_size=(3, 3), stride=(1, 1), padding=(1, 1))
    (1): ReLU()
    (2): MaxPool2d(kernel_size=2, stride=2, padding=0, dilation=1, ceil_mode=False)
    (3): Conv2d(128, 128, kernel_size=(3, 3), stride=(1, 1), padding=(2, 2))
    (4): ReLU()
    (5): MaxPool2d(kernel_size=2, stride=2, padding=0, dilation=1, ceil_mode=False)
    (6): Conv2d(128, 32, kernel_size=(3, 3), stride=(1, 1), padding=(1, 1))
    (7): ReLU()
    (8): MaxPool2d(kernel_size=2, stride=2, padding=0, dilation=1, ceil_mode=False)
    (9): Flatten(start_dim=1, end_dim=-1)
    (10): Linear(in_features=512, out_features=512, bias=True)
    (11): ReLU()
    (12): Linear(in_features=512, out_features=256, bias=True)
    (13): ReLU()
    (14): Linear(in_features=256, out_features=100, bias=True)
  )
)
INFO:__main__:CHILD MODEL LOSS: 2.15961457824707 with train time 44.26763415336609
INFO:__main__:CHILD MODEL ACCURACY: 0.4213
INFO:__main__:Policy gradient: 0.08253123611211777
INFO:__main__:
INFO:__main__:------ ITERATION 114 ------
INFO:__main__:Layers generated: [('64', '3', '1'), ('128', '1', '0')]
INFO:__main__:ChildCNNModel(
  (model): Sequential(
    (0): Conv2d(3, 128, kernel_size=(3, 3), stride=(1, 1), padding=(1, 1))
    (1): ReLU()
    (2): MaxPool2d(kernel_size=2, stride=2, padding=0, dilation=1, ceil_mode=False)
    (3): Conv2d(128, 64, kernel_size=(3, 3), stride=(1, 1), padding=(1, 1))
    (4): ReLU()
    (5): MaxPool2d(kernel_size=2, stride=2, padding=0, dilation=1, ceil_mode=False)
    (6): Conv2d(64, 128, kernel_size=(1, 1), stride=(1, 1))
    (7): ReLU()
    (8): MaxPool2d(kernel_size=2, stride=2, padding=0, dilation=1, ceil_mode=False)
    (9): Flatten(start_dim=1, end_dim=-1)
    (10): Linear(in_features=2048, out_features=512, bias=True)
    (11): ReLU()
    (12): Linear(in_features=512, out_features=256, bias=True)
    (13): ReLU()
    (14): Linear(in_features=256, out_features=100, bias=True)
  )
)
INFO:__main__:CHILD MODEL LOSS: 2.0577189798355104 with train time 37.23169660568237
INFO:__main__:CHILD MODEL ACCURACY: 0.4472
INFO:__main__:Policy gradient: 0.23632338643074036
INFO:__main__:
INFO:__main__:------ ITERATION 115 ------
INFO:__main__:Layers generated: [('32', '3', '1'), ('256', '3', '2')]
INFO:__main__:ChildCNNModel(
  (model): Sequential(
    (0): Conv2d(3, 128, kernel_size=(3, 3), stride=(1, 1), padding=(1, 1))
    (1): ReLU()
    (2): MaxPool2d(kernel_size=2, stride=2, padding=0, dilation=1, ceil_mode=False)
    (3): Conv2d(128, 32, kernel_size=(3, 3), stride=(1, 1), padding=(1, 1))
    (4): ReLU()
    (5): MaxPool2d(kernel_size=2, stride=2, padding=0, dilation=1, ceil_mode=False)
    (6): Conv2d(32, 256, kernel_size=(3, 3), stride=(1, 1), padding=(2, 2))
    (7): ReLU()
    (8): MaxPool2d(kernel_size=2, stride=2, padding=0, dilation=1, ceil_mode=False)
    (9): Flatten(start_dim=1, end_dim=-1)
    (10): Linear(in_features=6400, out_features=512, bias=True)
    (11): ReLU()
    (12): Linear(in_features=512, out_features=256, bias=True)
    (13): ReLU()
    (14): Linear(in_features=256, out_features=100, bias=True)
  )
)
INFO:__main__:CHILD MODEL LOSS: 1.943065697669983 with train time 38.08054876327515
INFO:__main__:CHILD MODEL ACCURACY: 0.4705
INFO:__main__:Policy gradient: 0.3671635389328003
INFO:__main__:
INFO:__main__:------ ITERATION 116 ------
INFO:__main__:Layers generated: [('16', '1', '1'), ('256', '1', '1')]
INFO:__main__:ChildCNNModel(
  (model): Sequential(
    (0): Conv2d(3, 128, kernel_size=(3, 3), stride=(1, 1), padding=(1, 1))
    (1): ReLU()
    (2): MaxPool2d(kernel_size=2, stride=2, padding=0, dilation=1, ceil_mode=False)
    (3): Conv2d(128, 16, kernel_size=(1, 1), stride=(1, 1), padding=(1, 1))
    (4): ReLU()
    (5): MaxPool2d(kernel_size=2, stride=2, padding=0, dilation=1, ceil_mode=False)
    (6): Conv2d(16, 256, kernel_size=(1, 1), stride=(1, 1), padding=(1, 1))
    (7): ReLU()
    (8): MaxPool2d(kernel_size=2, stride=2, padding=0, dilation=1, ceil_mode=False)
    (9): Flatten(start_dim=1, end_dim=-1)
    (10): Linear(in_features=6400, out_features=512, bias=True)
    (11): ReLU()
    (12): Linear(in_features=512, out_features=256, bias=True)
    (13): ReLU()
    (14): Linear(in_features=256, out_features=100, bias=True)
  )
)
INFO:__main__:CHILD MODEL LOSS: 2.438552897453308 with train time 38.10970091819763
INFO:__main__:CHILD MODEL ACCURACY: 0.3692
INFO:__main__:Policy gradient: -0.3605106770992279
INFO:__main__:
INFO:__main__:------ ITERATION 117 ------
INFO:__main__:Layers generated: [('128', '5', '0'), ('32', '1', '2')]
INFO:__main__:ChildCNNModel(
  (model): Sequential(
    (0): Conv2d(3, 128, kernel_size=(3, 3), stride=(1, 1), padding=(1, 1))
    (1): ReLU()
    (2): MaxPool2d(kernel_size=2, stride=2, padding=0, dilation=1, ceil_mode=False)
    (3): Conv2d(128, 128, kernel_size=(5, 5), stride=(1, 1))
    (4): ReLU()
    (5): MaxPool2d(kernel_size=2, stride=2, padding=0, dilation=1, ceil_mode=False)
    (6): Conv2d(128, 32, kernel_size=(1, 1), stride=(1, 1), padding=(2, 2))
    (7): ReLU()
    (8): MaxPool2d(kernel_size=2, stride=2, padding=0, dilation=1, ceil_mode=False)
    (9): Flatten(start_dim=1, end_dim=-1)
    (10): Linear(in_features=800, out_features=512, bias=True)
    (11): ReLU()
    (12): Linear(in_features=512, out_features=256, bias=True)
    (13): ReLU()
    (14): Linear(in_features=256, out_features=100, bias=True)
  )
)
INFO:__main__:CHILD MODEL LOSS: 2.2605787329673768 with train time 40.8258581161499
INFO:__main__:CHILD MODEL ACCURACY: 0.411
INFO:__main__:Policy gradient: -0.03642428666353226
INFO:__main__:
INFO:__main__:------ ITERATION 118 ------
INFO:__main__:Layers generated: [('16', '1', '0'), ('256', '3', '0')]
INFO:__main__:ChildCNNModel(
  (model): Sequential(
    (0): Conv2d(3, 128, kernel_size=(3, 3), stride=(1, 1), padding=(1, 1))
    (1): ReLU()
    (2): MaxPool2d(kernel_size=2, stride=2, padding=0, dilation=1, ceil_mode=False)
    (3): Conv2d(128, 16, kernel_size=(1, 1), stride=(1, 1))
    (4): ReLU()
    (5): MaxPool2d(kernel_size=2, stride=2, padding=0, dilation=1, ceil_mode=False)
    (6): Conv2d(16, 256, kernel_size=(3, 3), stride=(1, 1))
    (7): ReLU()
    (8): MaxPool2d(kernel_size=2, stride=2, padding=0, dilation=1, ceil_mode=False)
    (9): Flatten(start_dim=1, end_dim=-1)
    (10): Linear(in_features=2304, out_features=512, bias=True)
    (11): ReLU()
    (12): Linear(in_features=512, out_features=256, bias=True)
    (13): ReLU()
    (14): Linear(in_features=256, out_features=100, bias=True)
  )
)
INFO:__main__:CHILD MODEL LOSS: 2.13829869222641 with train time 36.092759132385254
INFO:__main__:CHILD MODEL ACCURACY: 0.4379
INFO:__main__:Policy gradient: 0.17850953340530396
INFO:__main__:
INFO:__main__:------ ITERATION 119 ------
INFO:__main__:Layers generated: [('128', '5', '1'), ('128', '3', '1')]
INFO:__main__:ChildCNNModel(
  (model): Sequential(
    (0): Conv2d(3, 128, kernel_size=(3, 3), stride=(1, 1), padding=(1, 1))
    (1): ReLU()
    (2): MaxPool2d(kernel_size=2, stride=2, padding=0, dilation=1, ceil_mode=False)
    (3): Conv2d(128, 128, kernel_size=(5, 5), stride=(1, 1), padding=(1, 1))
    (4): ReLU()
    (5): MaxPool2d(kernel_size=2, stride=2, padding=0, dilation=1, ceil_mode=False)
    (6): Conv2d(128, 128, kernel_size=(3, 3), stride=(1, 1), padding=(1, 1))
    (7): ReLU()
    (8): MaxPool2d(kernel_size=2, stride=2, padding=0, dilation=1, ceil_mode=False)
    (9): Flatten(start_dim=1, end_dim=-1)
    (10): Linear(in_features=1152, out_features=512, bias=True)
    (11): ReLU()
    (12): Linear(in_features=512, out_features=256, bias=True)
    (13): ReLU()
    (14): Linear(in_features=256, out_features=100, bias=True)
  )
)
INFO:__main__:CHILD MODEL LOSS: 2.0345696625709535 with train time 44.54944133758545
INFO:__main__:CHILD MODEL ACCURACY: 0.4555
INFO:__main__:Policy gradient: 0.29580941796302795
INFO:__main__:
INFO:__main__:------ ITERATION 120 ------
INFO:__main__:Layers generated: [('64', '5', '1'), ('128', '1', '1')]
INFO:__main__:ChildCNNModel(
  (model): Sequential(
    (0): Conv2d(3, 128, kernel_size=(3, 3), stride=(1, 1), padding=(1, 1))
    (1): ReLU()
    (2): MaxPool2d(kernel_size=2, stride=2, padding=0, dilation=1, ceil_mode=False)
    (3): Conv2d(128, 64, kernel_size=(5, 5), stride=(1, 1), padding=(1, 1))
    (4): ReLU()
    (5): MaxPool2d(kernel_size=2, stride=2, padding=0, dilation=1, ceil_mode=False)
    (6): Conv2d(64, 128, kernel_size=(1, 1), stride=(1, 1), padding=(1, 1))
    (7): ReLU()
    (8): MaxPool2d(kernel_size=2, stride=2, padding=0, dilation=1, ceil_mode=False)
    (9): Flatten(start_dim=1, end_dim=-1)
    (10): Linear(in_features=2048, out_features=512, bias=True)
    (11): ReLU()
    (12): Linear(in_features=512, out_features=256, bias=True)
    (13): ReLU()
    (14): Linear(in_features=256, out_features=100, bias=True)
  )
)
INFO:__main__:CHILD MODEL LOSS: 2.1625484580993652 with train time 39.19614934921265
INFO:__main__:CHILD MODEL ACCURACY: 0.4233
INFO:__main__:Policy gradient: 0.020087342709302902
INFO:__main__:
INFO:__main__:------ ITERATION 121 ------
INFO:__main__:Layers generated: [('128', '3', '1'), ('64', '3', '1')]
INFO:__main__:ChildCNNModel(
  (model): Sequential(
    (0): Conv2d(3, 128, kernel_size=(3, 3), stride=(1, 1), padding=(1, 1))
    (1): ReLU()
    (2): MaxPool2d(kernel_size=2, stride=2, padding=0, dilation=1, ceil_mode=False)
    (3): Conv2d(128, 128, kernel_size=(3, 3), stride=(1, 1), padding=(1, 1))
    (4): ReLU()
    (5): MaxPool2d(kernel_size=2, stride=2, padding=0, dilation=1, ceil_mode=False)
    (6): Conv2d(128, 64, kernel_size=(3, 3), stride=(1, 1), padding=(1, 1))
    (7): ReLU()
    (8): MaxPool2d(kernel_size=2, stride=2, padding=0, dilation=1, ceil_mode=False)
    (9): Flatten(start_dim=1, end_dim=-1)
    (10): Linear(in_features=1024, out_features=512, bias=True)
    (11): ReLU()
    (12): Linear(in_features=512, out_features=256, bias=True)
    (13): ReLU()
    (14): Linear(in_features=256, out_features=100, bias=True)
  )
)
INFO:__main__:CHILD MODEL LOSS: 1.9890567407608033 with train time 40.33798432350159
INFO:__main__:CHILD MODEL ACCURACY: 0.4578
INFO:__main__:Policy gradient: 0.2209530472755432
INFO:__main__:
INFO:__main__:------ ITERATION 122 ------
INFO:__main__:Layers generated: [('64', '1', '1'), ('32', '3', '2')]
INFO:__main__:ChildCNNModel(
  (model): Sequential(
    (0): Conv2d(3, 128, kernel_size=(3, 3), stride=(1, 1), padding=(1, 1))
    (1): ReLU()
    (2): MaxPool2d(kernel_size=2, stride=2, padding=0, dilation=1, ceil_mode=False)
    (3): Conv2d(128, 64, kernel_size=(1, 1), stride=(1, 1), padding=(1, 1))
    (4): ReLU()
    (5): MaxPool2d(kernel_size=2, stride=2, padding=0, dilation=1, ceil_mode=False)
    (6): Conv2d(64, 32, kernel_size=(3, 3), stride=(1, 1), padding=(2, 2))
    (7): ReLU()
    (8): MaxPool2d(kernel_size=2, stride=2, padding=0, dilation=1, ceil_mode=False)
    (9): Flatten(start_dim=1, end_dim=-1)
    (10): Linear(in_features=800, out_features=512, bias=True)
    (11): ReLU()
    (12): Linear(in_features=512, out_features=256, bias=True)
    (13): ReLU()
    (14): Linear(in_features=256, out_features=100, bias=True)
  )
)
INFO:__main__:CHILD MODEL LOSS: 2.2566303396224976 with train time 36.98461031913757
INFO:__main__:CHILD MODEL ACCURACY: 0.4095
INFO:__main__:Policy gradient: -0.10489335656166077
INFO:__main__:
INFO:__main__:------ ITERATION 123 ------
INFO:__main__:Layers generated: [('256', '3', '1'), ('128', '1', '2')]
INFO:__main__:ChildCNNModel(
  (model): Sequential(
    (0): Conv2d(3, 128, kernel_size=(3, 3), stride=(1, 1), padding=(1, 1))
    (1): ReLU()
    (2): MaxPool2d(kernel_size=2, stride=2, padding=0, dilation=1, ceil_mode=False)
    (3): Conv2d(128, 256, kernel_size=(3, 3), stride=(1, 1), padding=(1, 1))
    (4): ReLU()
    (5): MaxPool2d(kernel_size=2, stride=2, padding=0, dilation=1, ceil_mode=False)
    (6): Conv2d(256, 128, kernel_size=(1, 1), stride=(1, 1), padding=(2, 2))
    (7): ReLU()
    (8): MaxPool2d(kernel_size=2, stride=2, padding=0, dilation=1, ceil_mode=False)
    (9): Flatten(start_dim=1, end_dim=-1)
    (10): Linear(in_features=4608, out_features=512, bias=True)
    (11): ReLU()
    (12): Linear(in_features=512, out_features=256, bias=True)
    (13): ReLU()
    (14): Linear(in_features=256, out_features=100, bias=True)
  )
)
INFO:__main__:CHILD MODEL LOSS: 2.068313245296478 with train time 50.710583448410034
INFO:__main__:CHILD MODEL ACCURACY: 0.4404
INFO:__main__:Policy gradient: 0.11509238928556442
INFO:__main__:
INFO:__main__:------ ITERATION 124 ------
INFO:__main__:Layers generated: [('256', '1', '2'), ('128', '3', '1')]
INFO:__main__:ChildCNNModel(
  (model): Sequential(
    (0): Conv2d(3, 128, kernel_size=(3, 3), stride=(1, 1), padding=(1, 1))
    (1): ReLU()
    (2): MaxPool2d(kernel_size=2, stride=2, padding=0, dilation=1, ceil_mode=False)
    (3): Conv2d(128, 256, kernel_size=(1, 1), stride=(1, 1), padding=(2, 2))
    (4): ReLU()
    (5): MaxPool2d(kernel_size=2, stride=2, padding=0, dilation=1, ceil_mode=False)
    (6): Conv2d(256, 128, kernel_size=(3, 3), stride=(1, 1), padding=(1, 1))
    (7): ReLU()
    (8): MaxPool2d(kernel_size=2, stride=2, padding=0, dilation=1, ceil_mode=False)
    (9): Flatten(start_dim=1, end_dim=-1)
    (10): Linear(in_features=3200, out_features=512, bias=True)
    (11): ReLU()
    (12): Linear(in_features=512, out_features=256, bias=True)
    (13): ReLU()
    (14): Linear(in_features=256, out_features=100, bias=True)
  )
)
INFO:__main__:CHILD MODEL LOSS: 1.9426611824035644 with train time 52.00774788856506
INFO:__main__:CHILD MODEL ACCURACY: 0.4686
INFO:__main__:Policy gradient: 0.3112771511077881
INFO:__main__:
INFO:__main__:------ ITERATION 125 ------
INFO:__main__:Layers generated: [('128', '5', '1'), ('32', '3', '1')]
INFO:__main__:ChildCNNModel(
  (model): Sequential(
    (0): Conv2d(3, 128, kernel_size=(3, 3), stride=(1, 1), padding=(1, 1))
    (1): ReLU()
    (2): MaxPool2d(kernel_size=2, stride=2, padding=0, dilation=1, ceil_mode=False)
    (3): Conv2d(128, 128, kernel_size=(5, 5), stride=(1, 1), padding=(1, 1))
    (4): ReLU()
    (5): MaxPool2d(kernel_size=2, stride=2, padding=0, dilation=1, ceil_mode=False)
    (6): Conv2d(128, 32, kernel_size=(3, 3), stride=(1, 1), padding=(1, 1))
    (7): ReLU()
    (8): MaxPool2d(kernel_size=2, stride=2, padding=0, dilation=1, ceil_mode=False)
    (9): Flatten(start_dim=1, end_dim=-1)
    (10): Linear(in_features=288, out_features=512, bias=True)
    (11): ReLU()
    (12): Linear(in_features=512, out_features=256, bias=True)
    (13): ReLU()
    (14): Linear(in_features=256, out_features=100, bias=True)
  )
)
INFO:__main__:CHILD MODEL LOSS: 2.2639124603271483 with train time 43.495726346969604
INFO:__main__:CHILD MODEL ACCURACY: 0.4078
INFO:__main__:Policy gradient: -0.16593962907791138
INFO:__main__:
INFO:__main__:------ ITERATION 126 ------
INFO:__main__:Layers generated: [('64', '3', '0'), ('256', '3', '1')]
INFO:__main__:ChildCNNModel(
  (model): Sequential(
    (0): Conv2d(3, 128, kernel_size=(3, 3), stride=(1, 1), padding=(1, 1))
    (1): ReLU()
    (2): MaxPool2d(kernel_size=2, stride=2, padding=0, dilation=1, ceil_mode=False)
    (3): Conv2d(128, 64, kernel_size=(3, 3), stride=(1, 1))
    (4): ReLU()
    (5): MaxPool2d(kernel_size=2, stride=2, padding=0, dilation=1, ceil_mode=False)
    (6): Conv2d(64, 256, kernel_size=(3, 3), stride=(1, 1), padding=(1, 1))
    (7): ReLU()
    (8): MaxPool2d(kernel_size=2, stride=2, padding=0, dilation=1, ceil_mode=False)
    (9): Flatten(start_dim=1, end_dim=-1)
    (10): Linear(in_features=2304, out_features=512, bias=True)
    (11): ReLU()
    (12): Linear(in_features=512, out_features=256, bias=True)
    (13): ReLU()
    (14): Linear(in_features=256, out_features=100, bias=True)
  )
)
INFO:__main__:CHILD MODEL LOSS: 1.9881039190292358 with train time 37.6596896648407
INFO:__main__:CHILD MODEL ACCURACY: 0.4554
INFO:__main__:Policy gradient: 0.16466762125492096
INFO:__main__:
INFO:__main__:------ ITERATION 127 ------
INFO:__main__:Layers generated: [('16', '5', '1'), ('64', '3', '0')]
INFO:__main__:ChildCNNModel(
  (model): Sequential(
    (0): Conv2d(3, 128, kernel_size=(3, 3), stride=(1, 1), padding=(1, 1))
    (1): ReLU()
    (2): MaxPool2d(kernel_size=2, stride=2, padding=0, dilation=1, ceil_mode=False)
    (3): Conv2d(128, 16, kernel_size=(5, 5), stride=(1, 1), padding=(1, 1))
    (4): ReLU()
    (5): MaxPool2d(kernel_size=2, stride=2, padding=0, dilation=1, ceil_mode=False)
    (6): Conv2d(16, 64, kernel_size=(3, 3), stride=(1, 1))
    (7): ReLU()
    (8): MaxPool2d(kernel_size=2, stride=2, padding=0, dilation=1, ceil_mode=False)
    (9): Flatten(start_dim=1, end_dim=-1)
    (10): Linear(in_features=256, out_features=512, bias=True)
    (11): ReLU()
    (12): Linear(in_features=512, out_features=256, bias=True)
    (13): ReLU()
    (14): Linear(in_features=256, out_features=100, bias=True)
  )
)
INFO:__main__:CHILD MODEL LOSS: 2.5093375864028933 with train time 37.45799732208252
INFO:__main__:CHILD MODEL ACCURACY: 0.3628
INFO:__main__:Policy gradient: -0.5301256775856018
INFO:__main__:
INFO:__main__:------ ITERATION 128 ------
INFO:__main__:Layers generated: [('32', '3', '1'), ('64', '1', '2')]
INFO:__main__:ChildCNNModel(
  (model): Sequential(
    (0): Conv2d(3, 128, kernel_size=(3, 3), stride=(1, 1), padding=(1, 1))
    (1): ReLU()
    (2): MaxPool2d(kernel_size=2, stride=2, padding=0, dilation=1, ceil_mode=False)
    (3): Conv2d(128, 32, kernel_size=(3, 3), stride=(1, 1), padding=(1, 1))
    (4): ReLU()
    (5): MaxPool2d(kernel_size=2, stride=2, padding=0, dilation=1, ceil_mode=False)
    (6): Conv2d(32, 64, kernel_size=(1, 1), stride=(1, 1), padding=(2, 2))
    (7): ReLU()
    (8): MaxPool2d(kernel_size=2, stride=2, padding=0, dilation=1, ceil_mode=False)
    (9): Flatten(start_dim=1, end_dim=-1)
    (10): Linear(in_features=2304, out_features=512, bias=True)
    (11): ReLU()
    (12): Linear(in_features=512, out_features=256, bias=True)
    (13): ReLU()
    (14): Linear(in_features=256, out_features=100, bias=True)
  )
)
INFO:__main__:CHILD MODEL LOSS: 2.3028951587677002 with train time 36.670406341552734
INFO:__main__:CHILD MODEL ACCURACY: 0.4043
INFO:__main__:Policy gradient: -0.1344127506017685
INFO:__main__:
INFO:__main__:------ ITERATION 129 ------
INFO:__main__:Layers generated: [('256', '1', '2'), ('256', '1', '1')]
INFO:__main__:ChildCNNModel(
  (model): Sequential(
    (0): Conv2d(3, 128, kernel_size=(3, 3), stride=(1, 1), padding=(1, 1))
    (1): ReLU()
    (2): MaxPool2d(kernel_size=2, stride=2, padding=0, dilation=1, ceil_mode=False)
    (3): Conv2d(128, 256, kernel_size=(1, 1), stride=(1, 1), padding=(2, 2))
    (4): ReLU()
    (5): MaxPool2d(kernel_size=2, stride=2, padding=0, dilation=1, ceil_mode=False)
    (6): Conv2d(256, 256, kernel_size=(1, 1), stride=(1, 1), padding=(1, 1))
    (7): ReLU()
    (8): MaxPool2d(kernel_size=2, stride=2, padding=0, dilation=1, ceil_mode=False)
    (9): Flatten(start_dim=1, end_dim=-1)
    (10): Linear(in_features=9216, out_features=512, bias=True)
    (11): ReLU()
    (12): Linear(in_features=512, out_features=256, bias=True)
    (13): ReLU()
    (14): Linear(in_features=256, out_features=100, bias=True)
  )
)
INFO:__main__:CHILD MODEL LOSS: 2.218711262702942 with train time 54.93444013595581
INFO:__main__:CHILD MODEL ACCURACY: 0.4263
INFO:__main__:Policy gradient: 0.037633124738931656
INFO:__main__:
INFO:__main__:------ ITERATION 130 ------
INFO:__main__:Layers generated: [('256', '3', '2'), ('256', '3', '0')]
INFO:__main__:ChildCNNModel(
  (model): Sequential(
    (0): Conv2d(3, 128, kernel_size=(3, 3), stride=(1, 1), padding=(1, 1))
    (1): ReLU()
    (2): MaxPool2d(kernel_size=2, stride=2, padding=0, dilation=1, ceil_mode=False)
    (3): Conv2d(128, 256, kernel_size=(3, 3), stride=(1, 1), padding=(2, 2))
    (4): ReLU()
    (5): MaxPool2d(kernel_size=2, stride=2, padding=0, dilation=1, ceil_mode=False)
    (6): Conv2d(256, 256, kernel_size=(3, 3), stride=(1, 1))
    (7): ReLU()
    (8): MaxPool2d(kernel_size=2, stride=2, padding=0, dilation=1, ceil_mode=False)
    (9): Flatten(start_dim=1, end_dim=-1)
    (10): Linear(in_features=2304, out_features=512, bias=True)
    (11): ReLU()
    (12): Linear(in_features=512, out_features=256, bias=True)
    (13): ReLU()
    (14): Linear(in_features=256, out_features=100, bias=True)
  )
)
INFO:__main__:CHILD MODEL LOSS: 1.9147137775421144 with train time 65.65734267234802
INFO:__main__:CHILD MODEL ACCURACY: 0.4739
INFO:__main__:Policy gradient: 0.3404114842414856
INFO:__main__:
INFO:__main__:------ ITERATION 131 ------
INFO:__main__:Layers generated: [('32', '3', '0'), ('16', '1', '0')]
INFO:__main__:ChildCNNModel(
  (model): Sequential(
    (0): Conv2d(3, 128, kernel_size=(3, 3), stride=(1, 1), padding=(1, 1))
    (1): ReLU()
    (2): MaxPool2d(kernel_size=2, stride=2, padding=0, dilation=1, ceil_mode=False)
    (3): Conv2d(128, 32, kernel_size=(3, 3), stride=(1, 1))
    (4): ReLU()
    (5): MaxPool2d(kernel_size=2, stride=2, padding=0, dilation=1, ceil_mode=False)
    (6): Conv2d(32, 16, kernel_size=(1, 1), stride=(1, 1))
    (7): ReLU()
    (8): MaxPool2d(kernel_size=2, stride=2, padding=0, dilation=1, ceil_mode=False)
    (9): Flatten(start_dim=1, end_dim=-1)
    (10): Linear(in_features=144, out_features=512, bias=True)
    (11): ReLU()
    (12): Linear(in_features=512, out_features=256, bias=True)
    (13): ReLU()
    (14): Linear(in_features=256, out_features=100, bias=True)
  )
)
INFO:__main__:CHILD MODEL LOSS: 2.5797932052612307 with train time 36.04529047012329
INFO:__main__:CHILD MODEL ACCURACY: 0.3559
INFO:__main__:Policy gradient: -0.5637786388397217
INFO:__main__:
INFO:__main__:------ ITERATION 132 ------
INFO:__main__:Layers generated: [('32', '1', '0'), ('16', '1', '0')]
INFO:__main__:ChildCNNModel(
  (model): Sequential(
    (0): Conv2d(3, 128, kernel_size=(3, 3), stride=(1, 1), padding=(1, 1))
    (1): ReLU()
    (2): MaxPool2d(kernel_size=2, stride=2, padding=0, dilation=1, ceil_mode=False)
    (3): Conv2d(128, 32, kernel_size=(1, 1), stride=(1, 1))
    (4): ReLU()
    (5): MaxPool2d(kernel_size=2, stride=2, padding=0, dilation=1, ceil_mode=False)
    (6): Conv2d(32, 16, kernel_size=(1, 1), stride=(1, 1))
    (7): ReLU()
    (8): MaxPool2d(kernel_size=2, stride=2, padding=0, dilation=1, ceil_mode=False)
    (9): Flatten(start_dim=1, end_dim=-1)
    (10): Linear(in_features=256, out_features=512, bias=True)
    (11): ReLU()
    (12): Linear(in_features=512, out_features=256, bias=True)
    (13): ReLU()
    (14): Linear(in_features=256, out_features=100, bias=True)
  )
)
INFO:__main__:CHILD MODEL LOSS: 2.568527970314026 with train time 35.469655990600586
INFO:__main__:CHILD MODEL ACCURACY: 0.3453
INFO:__main__:Policy gradient: -0.6755722761154175
INFO:__main__:
INFO:__main__:------ ITERATION 133 ------
INFO:__main__:Layers generated: [('32', '1', '1'), ('128', '3', '2')]
INFO:__main__:ChildCNNModel(
  (model): Sequential(
    (0): Conv2d(3, 128, kernel_size=(3, 3), stride=(1, 1), padding=(1, 1))
    (1): ReLU()
    (2): MaxPool2d(kernel_size=2, stride=2, padding=0, dilation=1, ceil_mode=False)
    (3): Conv2d(128, 32, kernel_size=(1, 1), stride=(1, 1), padding=(1, 1))
    (4): ReLU()
    (5): MaxPool2d(kernel_size=2, stride=2, padding=0, dilation=1, ceil_mode=False)
    (6): Conv2d(32, 128, kernel_size=(3, 3), stride=(1, 1), padding=(2, 2))
    (7): ReLU()
    (8): MaxPool2d(kernel_size=2, stride=2, padding=0, dilation=1, ceil_mode=False)
    (9): Flatten(start_dim=1, end_dim=-1)
    (10): Linear(in_features=3200, out_features=512, bias=True)
    (11): ReLU()
    (12): Linear(in_features=512, out_features=256, bias=True)
    (13): ReLU()
    (14): Linear(in_features=256, out_features=100, bias=True)
  )
)
INFO:__main__:CHILD MODEL LOSS: 2.0875919184684752 with train time 37.11803197860718
INFO:__main__:CHILD MODEL ACCURACY: 0.4402
INFO:__main__:Policy gradient: 0.20479847490787506
INFO:__main__:
INFO:__main__:------ ITERATION 134 ------
INFO:__main__:Layers generated: [('16', '5', '1'), ('256', '3', '1')]
INFO:__main__:ChildCNNModel(
  (model): Sequential(
    (0): Conv2d(3, 128, kernel_size=(3, 3), stride=(1, 1), padding=(1, 1))
    (1): ReLU()
    (2): MaxPool2d(kernel_size=2, stride=2, padding=0, dilation=1, ceil_mode=False)
    (3): Conv2d(128, 16, kernel_size=(5, 5), stride=(1, 1), padding=(1, 1))
    (4): ReLU()
    (5): MaxPool2d(kernel_size=2, stride=2, padding=0, dilation=1, ceil_mode=False)
    (6): Conv2d(16, 256, kernel_size=(3, 3), stride=(1, 1), padding=(1, 1))
    (7): ReLU()
    (8): MaxPool2d(kernel_size=2, stride=2, padding=0, dilation=1, ceil_mode=False)
    (9): Flatten(start_dim=1, end_dim=-1)
    (10): Linear(in_features=2304, out_features=512, bias=True)
    (11): ReLU()
    (12): Linear(in_features=512, out_features=256, bias=True)
    (13): ReLU()
    (14): Linear(in_features=256, out_features=100, bias=True)
  )
)
INFO:__main__:CHILD MODEL LOSS: 2.6500693130493165 with train time 42.350902795791626
INFO:__main__:CHILD MODEL ACCURACY: 0.3418
INFO:__main__:Policy gradient: -0.5497779846191406
INFO:__main__:
INFO:__main__:------ ITERATION 135 ------
INFO:__main__:Layers generated: [('64', '3', '1'), ('64', '1', '1')]
INFO:__main__:ChildCNNModel(
  (model): Sequential(
    (0): Conv2d(3, 128, kernel_size=(3, 3), stride=(1, 1), padding=(1, 1))
    (1): ReLU()
    (2): MaxPool2d(kernel_size=2, stride=2, padding=0, dilation=1, ceil_mode=False)
    (3): Conv2d(128, 64, kernel_size=(3, 3), stride=(1, 1), padding=(1, 1))
    (4): ReLU()
    (5): MaxPool2d(kernel_size=2, stride=2, padding=0, dilation=1, ceil_mode=False)
    (6): Conv2d(64, 64, kernel_size=(1, 1), stride=(1, 1), padding=(1, 1))
    (7): ReLU()
    (8): MaxPool2d(kernel_size=2, stride=2, padding=0, dilation=1, ceil_mode=False)
    (9): Flatten(start_dim=1, end_dim=-1)
    (10): Linear(in_features=1600, out_features=512, bias=True)
    (11): ReLU()
    (12): Linear(in_features=512, out_features=256, bias=True)
    (13): ReLU()
    (14): Linear(in_features=256, out_features=100, bias=True)
  )
)
INFO:__main__:CHILD MODEL LOSS: 2.2020202836990355 with train time 37.29408288002014
INFO:__main__:CHILD MODEL ACCURACY: 0.4206
INFO:__main__:Policy gradient: 0.07690764963626862
INFO:__main__:
INFO:__main__:------ ITERATION 136 ------
INFO:__main__:Layers generated: [('256', '1', '1'), ('256', '3', '0')]
INFO:__main__:ChildCNNModel(
  (model): Sequential(
    (0): Conv2d(3, 128, kernel_size=(3, 3), stride=(1, 1), padding=(1, 1))
    (1): ReLU()
    (2): MaxPool2d(kernel_size=2, stride=2, padding=0, dilation=1, ceil_mode=False)
    (3): Conv2d(128, 256, kernel_size=(1, 1), stride=(1, 1), padding=(1, 1))
    (4): ReLU()
    (5): MaxPool2d(kernel_size=2, stride=2, padding=0, dilation=1, ceil_mode=False)
    (6): Conv2d(256, 256, kernel_size=(3, 3), stride=(1, 1))
    (7): ReLU()
    (8): MaxPool2d(kernel_size=2, stride=2, padding=0, dilation=1, ceil_mode=False)
    (9): Flatten(start_dim=1, end_dim=-1)
    (10): Linear(in_features=2304, out_features=512, bias=True)
    (11): ReLU()
    (12): Linear(in_features=512, out_features=256, bias=True)
    (13): ReLU()
    (14): Linear(in_features=256, out_features=100, bias=True)
  )
)
INFO:__main__:CHILD MODEL LOSS: 1.9928830366134644 with train time 47.84276247024536
INFO:__main__:CHILD MODEL ACCURACY: 0.4608
INFO:__main__:Policy gradient: 0.3374229967594147
INFO:__main__:
INFO:__main__:------ ITERATION 137 ------
INFO:__main__:Layers generated: [('16', '5', '0'), ('256', '3', '0')]
INFO:__main__:ChildCNNModel(
  (model): Sequential(
    (0): Conv2d(3, 128, kernel_size=(3, 3), stride=(1, 1), padding=(1, 1))
    (1): ReLU()
    (2): MaxPool2d(kernel_size=2, stride=2, padding=0, dilation=1, ceil_mode=False)
    (3): Conv2d(128, 16, kernel_size=(5, 5), stride=(1, 1))
    (4): ReLU()
    (5): MaxPool2d(kernel_size=2, stride=2, padding=0, dilation=1, ceil_mode=False)
    (6): Conv2d(16, 256, kernel_size=(3, 3), stride=(1, 1))
    (7): ReLU()
    (8): MaxPool2d(kernel_size=2, stride=2, padding=0, dilation=1, ceil_mode=False)
    (9): Flatten(start_dim=1, end_dim=-1)
    (10): Linear(in_features=1024, out_features=512, bias=True)
    (11): ReLU()
    (12): Linear(in_features=512, out_features=256, bias=True)
    (13): ReLU()
    (14): Linear(in_features=256, out_features=100, bias=True)
  )
)
INFO:__main__:CHILD MODEL LOSS: 2.4878292503356936 with train time 37.60003209114075
INFO:__main__:CHILD MODEL ACCURACY: 0.3634
INFO:__main__:Policy gradient: -0.43204039335250854
INFO:__main__:
INFO:__main__:------ ITERATION 138 ------
INFO:__main__:Layers generated: [('32', '3', '1'), ('128', '1', '0')]
INFO:__main__:ChildCNNModel(
  (model): Sequential(
    (0): Conv2d(3, 128, kernel_size=(3, 3), stride=(1, 1), padding=(1, 1))
    (1): ReLU()
    (2): MaxPool2d(kernel_size=2, stride=2, padding=0, dilation=1, ceil_mode=False)
    (3): Conv2d(128, 32, kernel_size=(3, 3), stride=(1, 1), padding=(1, 1))
    (4): ReLU()
    (5): MaxPool2d(kernel_size=2, stride=2, padding=0, dilation=1, ceil_mode=False)
    (6): Conv2d(32, 128, kernel_size=(1, 1), stride=(1, 1))
    (7): ReLU()
    (8): MaxPool2d(kernel_size=2, stride=2, padding=0, dilation=1, ceil_mode=False)
    (9): Flatten(start_dim=1, end_dim=-1)
    (10): Linear(in_features=2048, out_features=512, bias=True)
    (11): ReLU()
    (12): Linear(in_features=512, out_features=256, bias=True)
    (13): ReLU()
    (14): Linear(in_features=256, out_features=100, bias=True)
  )
)
INFO:__main__:CHILD MODEL LOSS: 2.189269558906555 with train time 36.229525566101074
INFO:__main__:CHILD MODEL ACCURACY: 0.4217
INFO:__main__:Policy gradient: 0.08911900967359543
INFO:__main__:
INFO:__main__:------ ITERATION 139 ------
INFO:__main__:Layers generated: [('64', '3', '1'), ('256', '1', '1')]
INFO:__main__:ChildCNNModel(
  (model): Sequential(
    (0): Conv2d(3, 128, kernel_size=(3, 3), stride=(1, 1), padding=(1, 1))
    (1): ReLU()
    (2): MaxPool2d(kernel_size=2, stride=2, padding=0, dilation=1, ceil_mode=False)
    (3): Conv2d(128, 64, kernel_size=(3, 3), stride=(1, 1), padding=(1, 1))
    (4): ReLU()
    (5): MaxPool2d(kernel_size=2, stride=2, padding=0, dilation=1, ceil_mode=False)
    (6): Conv2d(64, 256, kernel_size=(1, 1), stride=(1, 1), padding=(1, 1))
    (7): ReLU()
    (8): MaxPool2d(kernel_size=2, stride=2, padding=0, dilation=1, ceil_mode=False)
    (9): Flatten(start_dim=1, end_dim=-1)
    (10): Linear(in_features=6400, out_features=512, bias=True)
    (11): ReLU()
    (12): Linear(in_features=512, out_features=256, bias=True)
    (13): ReLU()
    (14): Linear(in_features=256, out_features=100, bias=True)
  )
)
INFO:__main__:CHILD MODEL LOSS: 1.9853610763549805 with train time 38.77986478805542
INFO:__main__:CHILD MODEL ACCURACY: 0.4502
INFO:__main__:Policy gradient: 0.22923409938812256
INFO:__main__:
INFO:__main__:------ ITERATION 140 ------
INFO:__main__:Layers generated: [('256', '1', '0'), ('64', '1', '1')]
INFO:__main__:ChildCNNModel(
  (model): Sequential(
    (0): Conv2d(3, 128, kernel_size=(3, 3), stride=(1, 1), padding=(1, 1))
    (1): ReLU()
    (2): MaxPool2d(kernel_size=2, stride=2, padding=0, dilation=1, ceil_mode=False)
    (3): Conv2d(128, 256, kernel_size=(1, 1), stride=(1, 1))
    (4): ReLU()
    (5): MaxPool2d(kernel_size=2, stride=2, padding=0, dilation=1, ceil_mode=False)
    (6): Conv2d(256, 64, kernel_size=(1, 1), stride=(1, 1), padding=(1, 1))
    (7): ReLU()
    (8): MaxPool2d(kernel_size=2, stride=2, padding=0, dilation=1, ceil_mode=False)
    (9): Flatten(start_dim=1, end_dim=-1)
    (10): Linear(in_features=1600, out_features=512, bias=True)
    (11): ReLU()
    (12): Linear(in_features=512, out_features=256, bias=True)
    (13): ReLU()
    (14): Linear(in_features=256, out_features=100, bias=True)
  )
)
INFO:__main__:CHILD MODEL LOSS: 2.232857440471649 with train time 40.27894711494446
INFO:__main__:CHILD MODEL ACCURACY: 0.407
INFO:__main__:Policy gradient: -0.05682438611984253
INFO:__main__:
INFO:__main__:------ ITERATION 141 ------
INFO:__main__:Layers generated: [('128', '3', '0'), ('256', '3', '2')]
INFO:__main__:ChildCNNModel(
  (model): Sequential(
    (0): Conv2d(3, 128, kernel_size=(3, 3), stride=(1, 1), padding=(1, 1))
    (1): ReLU()
    (2): MaxPool2d(kernel_size=2, stride=2, padding=0, dilation=1, ceil_mode=False)
    (3): Conv2d(128, 128, kernel_size=(3, 3), stride=(1, 1))
    (4): ReLU()
    (5): MaxPool2d(kernel_size=2, stride=2, padding=0, dilation=1, ceil_mode=False)
    (6): Conv2d(128, 256, kernel_size=(3, 3), stride=(1, 1), padding=(2, 2))
    (7): ReLU()
    (8): MaxPool2d(kernel_size=2, stride=2, padding=0, dilation=1, ceil_mode=False)
    (9): Flatten(start_dim=1, end_dim=-1)
    (10): Linear(in_features=4096, out_features=512, bias=True)
    (11): ReLU()
    (12): Linear(in_features=512, out_features=256, bias=True)
    (13): ReLU()
    (14): Linear(in_features=256, out_features=100, bias=True)
  )
)
INFO:__main__:CHILD MODEL LOSS: 1.8964349613189697 with train time 41.60254240036011
INFO:__main__:CHILD MODEL ACCURACY: 0.4781
INFO:__main__:Policy gradient: 0.4250844120979309
INFO:__main__:
INFO:__main__:------ ITERATION 142 ------
INFO:__main__:Layers generated: [('64', '5', '1'), ('32', '5', '2')]
INFO:__main__:ChildCNNModel(
  (model): Sequential(
    (0): Conv2d(3, 128, kernel_size=(3, 3), stride=(1, 1), padding=(1, 1))
    (1): ReLU()
    (2): MaxPool2d(kernel_size=2, stride=2, padding=0, dilation=1, ceil_mode=False)
    (3): Conv2d(128, 64, kernel_size=(5, 5), stride=(1, 1), padding=(1, 1))
    (4): ReLU()
    (5): MaxPool2d(kernel_size=2, stride=2, padding=0, dilation=1, ceil_mode=False)
    (6): Conv2d(64, 32, kernel_size=(5, 5), stride=(1, 1), padding=(2, 2))
    (7): ReLU()
    (8): MaxPool2d(kernel_size=2, stride=2, padding=0, dilation=1, ceil_mode=False)
    (9): Flatten(start_dim=1, end_dim=-1)
    (10): Linear(in_features=288, out_features=512, bias=True)
    (11): ReLU()
    (12): Linear(in_features=512, out_features=256, bias=True)
    (13): ReLU()
    (14): Linear(in_features=256, out_features=100, bias=True)
  )
)
INFO:__main__:CHILD MODEL LOSS: 2.2692640018463135 with train time 38.68227458000183
INFO:__main__:CHILD MODEL ACCURACY: 0.4018
INFO:__main__:Policy gradient: -0.1685478389263153
INFO:__main__:
INFO:__main__:------ ITERATION 143 ------
INFO:__main__:Layers generated: [('64', '1', '1'), ('256', '1', '1')]
INFO:__main__:ChildCNNModel(
  (model): Sequential(
    (0): Conv2d(3, 128, kernel_size=(3, 3), stride=(1, 1), padding=(1, 1))
    (1): ReLU()
    (2): MaxPool2d(kernel_size=2, stride=2, padding=0, dilation=1, ceil_mode=False)
    (3): Conv2d(128, 64, kernel_size=(1, 1), stride=(1, 1), padding=(1, 1))
    (4): ReLU()
    (5): MaxPool2d(kernel_size=2, stride=2, padding=0, dilation=1, ceil_mode=False)
    (6): Conv2d(64, 256, kernel_size=(1, 1), stride=(1, 1), padding=(1, 1))
    (7): ReLU()
    (8): MaxPool2d(kernel_size=2, stride=2, padding=0, dilation=1, ceil_mode=False)
    (9): Flatten(start_dim=1, end_dim=-1)
    (10): Linear(in_features=6400, out_features=512, bias=True)
    (11): ReLU()
    (12): Linear(in_features=512, out_features=256, bias=True)
    (13): ReLU()
    (14): Linear(in_features=256, out_features=100, bias=True)
  )
)
INFO:__main__:CHILD MODEL LOSS: 2.1152770838737487 with train time 38.8656222820282
INFO:__main__:CHILD MODEL ACCURACY: 0.4311
INFO:__main__:Policy gradient: 0.08448595553636551
INFO:__main__:
INFO:__main__:------ ITERATION 144 ------
INFO:__main__:Layers generated: [('16', '1', '0'), ('256', '3', '0')]
INFO:__main__:ChildCNNModel(
  (model): Sequential(
    (0): Conv2d(3, 128, kernel_size=(3, 3), stride=(1, 1), padding=(1, 1))
    (1): ReLU()
    (2): MaxPool2d(kernel_size=2, stride=2, padding=0, dilation=1, ceil_mode=False)
    (3): Conv2d(128, 16, kernel_size=(1, 1), stride=(1, 1))
    (4): ReLU()
    (5): MaxPool2d(kernel_size=2, stride=2, padding=0, dilation=1, ceil_mode=False)
    (6): Conv2d(16, 256, kernel_size=(3, 3), stride=(1, 1))
    (7): ReLU()
    (8): MaxPool2d(kernel_size=2, stride=2, padding=0, dilation=1, ceil_mode=False)
    (9): Flatten(start_dim=1, end_dim=-1)
    (10): Linear(in_features=2304, out_features=512, bias=True)
    (11): ReLU()
    (12): Linear(in_features=512, out_features=256, bias=True)
    (13): ReLU()
    (14): Linear(in_features=256, out_features=100, bias=True)
  )
)
INFO:__main__:CHILD MODEL LOSS: 2.2139829120635985 with train time 36.21301889419556
INFO:__main__:CHILD MODEL ACCURACY: 0.4207
INFO:__main__:Policy gradient: 0.008692261762917042
INFO:__main__:
INFO:__main__:------ ITERATION 145 ------
INFO:__main__:Layers generated: [('32', '1', '1'), ('256', '1', '2')]
INFO:__main__:ChildCNNModel(
  (model): Sequential(
    (0): Conv2d(3, 128, kernel_size=(3, 3), stride=(1, 1), padding=(1, 1))
    (1): ReLU()
    (2): MaxPool2d(kernel_size=2, stride=2, padding=0, dilation=1, ceil_mode=False)
    (3): Conv2d(128, 32, kernel_size=(1, 1), stride=(1, 1), padding=(1, 1))
    (4): ReLU()
    (5): MaxPool2d(kernel_size=2, stride=2, padding=0, dilation=1, ceil_mode=False)
    (6): Conv2d(32, 256, kernel_size=(1, 1), stride=(1, 1), padding=(2, 2))
    (7): ReLU()
    (8): MaxPool2d(kernel_size=2, stride=2, padding=0, dilation=1, ceil_mode=False)
    (9): Flatten(start_dim=1, end_dim=-1)
    (10): Linear(in_features=9216, out_features=512, bias=True)
    (11): ReLU()
    (12): Linear(in_features=512, out_features=256, bias=True)
    (13): ReLU()
    (14): Linear(in_features=256, out_features=100, bias=True)
  )
)
INFO:__main__:CHILD MODEL LOSS: 2.2926051688194273 with train time 40.45857524871826
INFO:__main__:CHILD MODEL ACCURACY: 0.4021
INFO:__main__:Policy gradient: -0.13612905144691467
INFO:__main__:
INFO:__main__:------ ITERATION 146 ------
INFO:__main__:Layers generated: [('16', '3', '0'), ('32', '1', '0')]
INFO:__main__:ChildCNNModel(
  (model): Sequential(
    (0): Conv2d(3, 128, kernel_size=(3, 3), stride=(1, 1), padding=(1, 1))
    (1): ReLU()
    (2): MaxPool2d(kernel_size=2, stride=2, padding=0, dilation=1, ceil_mode=False)
    (3): Conv2d(128, 16, kernel_size=(3, 3), stride=(1, 1))
    (4): ReLU()
    (5): MaxPool2d(kernel_size=2, stride=2, padding=0, dilation=1, ceil_mode=False)
    (6): Conv2d(16, 32, kernel_size=(1, 1), stride=(1, 1))
    (7): ReLU()
    (8): MaxPool2d(kernel_size=2, stride=2, padding=0, dilation=1, ceil_mode=False)
    (9): Flatten(start_dim=1, end_dim=-1)
    (10): Linear(in_features=288, out_features=512, bias=True)
    (11): ReLU()
    (12): Linear(in_features=512, out_features=256, bias=True)
    (13): ReLU()
    (14): Linear(in_features=256, out_features=100, bias=True)
  )
)
INFO:__main__:CHILD MODEL LOSS: 2.628413600921631 with train time 35.90490674972534
INFO:__main__:CHILD MODEL ACCURACY: 0.3511
INFO:__main__:Policy gradient: -0.5430774092674255
INFO:__main__:
INFO:__main__:------ ITERATION 147 ------
INFO:__main__:Layers generated: [('16', '1', '1'), ('128', '3', '0')]
INFO:__main__:ChildCNNModel(
  (model): Sequential(
    (0): Conv2d(3, 128, kernel_size=(3, 3), stride=(1, 1), padding=(1, 1))
    (1): ReLU()
    (2): MaxPool2d(kernel_size=2, stride=2, padding=0, dilation=1, ceil_mode=False)
    (3): Conv2d(128, 16, kernel_size=(1, 1), stride=(1, 1), padding=(1, 1))
    (4): ReLU()
    (5): MaxPool2d(kernel_size=2, stride=2, padding=0, dilation=1, ceil_mode=False)
    (6): Conv2d(16, 128, kernel_size=(3, 3), stride=(1, 1))
    (7): ReLU()
    (8): MaxPool2d(kernel_size=2, stride=2, padding=0, dilation=1, ceil_mode=False)
    (9): Flatten(start_dim=1, end_dim=-1)
    (10): Linear(in_features=1152, out_features=512, bias=True)
    (11): ReLU()
    (12): Linear(in_features=512, out_features=256, bias=True)
    (13): ReLU()
    (14): Linear(in_features=256, out_features=100, bias=True)
  )
)
INFO:__main__:CHILD MODEL LOSS: 2.3571493816375733 with train time 36.30127191543579
INFO:__main__:CHILD MODEL ACCURACY: 0.4012
INFO:__main__:Policy gradient: -0.07378291338682175
INFO:__main__:
INFO:__main__:------ ITERATION 148 ------
INFO:__main__:Layers generated: [('128', '3', '2'), ('64', '3', '2')]
INFO:__main__:ChildCNNModel(
  (model): Sequential(
    (0): Conv2d(3, 128, kernel_size=(3, 3), stride=(1, 1), padding=(1, 1))
    (1): ReLU()
    (2): MaxPool2d(kernel_size=2, stride=2, padding=0, dilation=1, ceil_mode=False)
    (3): Conv2d(128, 128, kernel_size=(3, 3), stride=(1, 1), padding=(2, 2))
    (4): ReLU()
    (5): MaxPool2d(kernel_size=2, stride=2, padding=0, dilation=1, ceil_mode=False)
    (6): Conv2d(128, 64, kernel_size=(3, 3), stride=(1, 1), padding=(2, 2))
    (7): ReLU()
    (8): MaxPool2d(kernel_size=2, stride=2, padding=0, dilation=1, ceil_mode=False)
    (9): Flatten(start_dim=1, end_dim=-1)
    (10): Linear(in_features=1600, out_features=512, bias=True)
    (11): ReLU()
    (12): Linear(in_features=512, out_features=256, bias=True)
    (13): ReLU()
    (14): Linear(in_features=256, out_features=100, bias=True)
  )
)
INFO:__main__:CHILD MODEL LOSS: 2.0568191719055178 with train time 45.060224771499634
INFO:__main__:CHILD MODEL ACCURACY: 0.453
INFO:__main__:Policy gradient: 0.2960262596607208
INFO:__main__:
INFO:__main__:------ ITERATION 149 ------
INFO:__main__:Layers generated: [('64', '3', '1'), ('128', '1', '2')]
INFO:__main__:ChildCNNModel(
  (model): Sequential(
    (0): Conv2d(3, 128, kernel_size=(3, 3), stride=(1, 1), padding=(1, 1))
    (1): ReLU()
    (2): MaxPool2d(kernel_size=2, stride=2, padding=0, dilation=1, ceil_mode=False)
    (3): Conv2d(128, 64, kernel_size=(3, 3), stride=(1, 1), padding=(1, 1))
    (4): ReLU()
    (5): MaxPool2d(kernel_size=2, stride=2, padding=0, dilation=1, ceil_mode=False)
    (6): Conv2d(64, 128, kernel_size=(1, 1), stride=(1, 1), padding=(2, 2))
    (7): ReLU()
    (8): MaxPool2d(kernel_size=2, stride=2, padding=0, dilation=1, ceil_mode=False)
    (9): Flatten(start_dim=1, end_dim=-1)
    (10): Linear(in_features=4608, out_features=512, bias=True)
    (11): ReLU()
    (12): Linear(in_features=512, out_features=256, bias=True)
    (13): ReLU()
    (14): Linear(in_features=256, out_features=100, bias=True)
  )
)
INFO:__main__:CHILD MODEL LOSS: 2.209502836227417 with train time 37.64536476135254
INFO:__main__:CHILD MODEL ACCURACY: 0.4264
INFO:__main__:Policy gradient: 0.0758131891489029
INFO:__main__:
INFO:__main__:------ ITERATION 150 ------
INFO:__main__:Layers generated: [('256', '1', '2'), ('128', '1', '0')]
INFO:__main__:ChildCNNModel(
  (model): Sequential(
    (0): Conv2d(3, 128, kernel_size=(3, 3), stride=(1, 1), padding=(1, 1))
    (1): ReLU()
    (2): MaxPool2d(kernel_size=2, stride=2, padding=0, dilation=1, ceil_mode=False)
    (3): Conv2d(128, 256, kernel_size=(1, 1), stride=(1, 1), padding=(2, 2))
    (4): ReLU()
    (5): MaxPool2d(kernel_size=2, stride=2, padding=0, dilation=1, ceil_mode=False)
    (6): Conv2d(256, 128, kernel_size=(1, 1), stride=(1, 1))
    (7): ReLU()
    (8): MaxPool2d(kernel_size=2, stride=2, padding=0, dilation=1, ceil_mode=False)
    (9): Flatten(start_dim=1, end_dim=-1)
    (10): Linear(in_features=3200, out_features=512, bias=True)
    (11): ReLU()
    (12): Linear(in_features=512, out_features=256, bias=True)
    (13): ReLU()
    (14): Linear(in_features=256, out_features=100, bias=True)
  )
)
INFO:__main__:CHILD MODEL LOSS: 2.127051896095276 with train time 46.56194067001343
INFO:__main__:CHILD MODEL ACCURACY: 0.4331
INFO:__main__:Policy gradient: 0.1445818990468979
INFO:__main__:
INFO:__main__:------ ITERATION 151 ------
INFO:__main__:Layers generated: [('256', '3', '1'), ('128', '1', '0')]
INFO:__main__:ChildCNNModel(
  (model): Sequential(
    (0): Conv2d(3, 128, kernel_size=(3, 3), stride=(1, 1), padding=(1, 1))
    (1): ReLU()
    (2): MaxPool2d(kernel_size=2, stride=2, padding=0, dilation=1, ceil_mode=False)
    (3): Conv2d(128, 256, kernel_size=(3, 3), stride=(1, 1), padding=(1, 1))
    (4): ReLU()
    (5): MaxPool2d(kernel_size=2, stride=2, padding=0, dilation=1, ceil_mode=False)
    (6): Conv2d(256, 128, kernel_size=(1, 1), stride=(1, 1))
    (7): ReLU()
    (8): MaxPool2d(kernel_size=2, stride=2, padding=0, dilation=1, ceil_mode=False)
    (9): Flatten(start_dim=1, end_dim=-1)
    (10): Linear(in_features=2048, out_features=512, bias=True)
    (11): ReLU()
    (12): Linear(in_features=512, out_features=256, bias=True)
    (13): ReLU()
    (14): Linear(in_features=256, out_features=100, bias=True)
  )
)
INFO:__main__:CHILD MODEL LOSS: 2.0091670808792115 with train time 48.149768352508545
INFO:__main__:CHILD MODEL ACCURACY: 0.4638
INFO:__main__:Policy gradient: 0.3061043322086334
INFO:__main__:
INFO:__main__:------ ITERATION 152 ------
INFO:__main__:Layers generated: [('64', '3', '0'), ('64', '3', '0')]
INFO:__main__:ChildCNNModel(
  (model): Sequential(
    (0): Conv2d(3, 128, kernel_size=(3, 3), stride=(1, 1), padding=(1, 1))
    (1): ReLU()
    (2): MaxPool2d(kernel_size=2, stride=2, padding=0, dilation=1, ceil_mode=False)
    (3): Conv2d(128, 64, kernel_size=(3, 3), stride=(1, 1))
    (4): ReLU()
    (5): MaxPool2d(kernel_size=2, stride=2, padding=0, dilation=1, ceil_mode=False)
    (6): Conv2d(64, 64, kernel_size=(3, 3), stride=(1, 1))
    (7): ReLU()
    (8): MaxPool2d(kernel_size=2, stride=2, padding=0, dilation=1, ceil_mode=False)
    (9): Flatten(start_dim=1, end_dim=-1)
    (10): Linear(in_features=256, out_features=512, bias=True)
    (11): ReLU()
    (12): Linear(in_features=512, out_features=256, bias=True)
    (13): ReLU()
    (14): Linear(in_features=256, out_features=100, bias=True)
  )
)
INFO:__main__:CHILD MODEL LOSS: 2.3798081312179566 with train time 36.60709738731384
INFO:__main__:CHILD MODEL ACCURACY: 0.3942
INFO:__main__:Policy gradient: -0.18059904873371124
INFO:__main__:
INFO:__main__:------ ITERATION 153 ------
INFO:__main__:Layers generated: [('64', '3', '1'), ('256', '3', '1')]
INFO:__main__:ChildCNNModel(
  (model): Sequential(
    (0): Conv2d(3, 128, kernel_size=(3, 3), stride=(1, 1), padding=(1, 1))
    (1): ReLU()
    (2): MaxPool2d(kernel_size=2, stride=2, padding=0, dilation=1, ceil_mode=False)
    (3): Conv2d(128, 64, kernel_size=(3, 3), stride=(1, 1), padding=(1, 1))
    (4): ReLU()
    (5): MaxPool2d(kernel_size=2, stride=2, padding=0, dilation=1, ceil_mode=False)
    (6): Conv2d(64, 256, kernel_size=(3, 3), stride=(1, 1), padding=(1, 1))
    (7): ReLU()
    (8): MaxPool2d(kernel_size=2, stride=2, padding=0, dilation=1, ceil_mode=False)
    (9): Flatten(start_dim=1, end_dim=-1)
    (10): Linear(in_features=4096, out_features=512, bias=True)
    (11): ReLU()
    (12): Linear(in_features=512, out_features=256, bias=True)
    (13): ReLU()
    (14): Linear(in_features=256, out_features=100, bias=True)
  )
)
INFO:__main__:CHILD MODEL LOSS: 1.8669371914863586 with train time 38.14067482948303
INFO:__main__:CHILD MODEL ACCURACY: 0.4772
INFO:__main__:Policy gradient: 0.2801344096660614
INFO:__main__:
INFO:__main__:------ ITERATION 154 ------
INFO:__main__:Layers generated: [('32', '3', '1'), ('16', '1', '0')]
INFO:__main__:ChildCNNModel(
  (model): Sequential(
    (0): Conv2d(3, 128, kernel_size=(3, 3), stride=(1, 1), padding=(1, 1))
    (1): ReLU()
    (2): MaxPool2d(kernel_size=2, stride=2, padding=0, dilation=1, ceil_mode=False)
    (3): Conv2d(128, 32, kernel_size=(3, 3), stride=(1, 1), padding=(1, 1))
    (4): ReLU()
    (5): MaxPool2d(kernel_size=2, stride=2, padding=0, dilation=1, ceil_mode=False)
    (6): Conv2d(32, 16, kernel_size=(1, 1), stride=(1, 1))
    (7): ReLU()
    (8): MaxPool2d(kernel_size=2, stride=2, padding=0, dilation=1, ceil_mode=False)
    (9): Flatten(start_dim=1, end_dim=-1)
    (10): Linear(in_features=256, out_features=512, bias=True)
    (11): ReLU()
    (12): Linear(in_features=512, out_features=256, bias=True)
    (13): ReLU()
    (14): Linear(in_features=256, out_features=100, bias=True)
  )
)
INFO:__main__:CHILD MODEL LOSS: 2.3694572076797487 with train time 35.98085021972656
INFO:__main__:CHILD MODEL ACCURACY: 0.3883
INFO:__main__:Policy gradient: -0.29249340295791626
INFO:__main__:
INFO:__main__:------ ITERATION 155 ------
INFO:__main__:Layers generated: [('16', '1', '2'), ('64', '3', '1')]
INFO:__main__:ChildCNNModel(
  (model): Sequential(
    (0): Conv2d(3, 128, kernel_size=(3, 3), stride=(1, 1), padding=(1, 1))
    (1): ReLU()
    (2): MaxPool2d(kernel_size=2, stride=2, padding=0, dilation=1, ceil_mode=False)
    (3): Conv2d(128, 16, kernel_size=(1, 1), stride=(1, 1), padding=(2, 2))
    (4): ReLU()
    (5): MaxPool2d(kernel_size=2, stride=2, padding=0, dilation=1, ceil_mode=False)
    (6): Conv2d(16, 64, kernel_size=(3, 3), stride=(1, 1), padding=(1, 1))
    (7): ReLU()
    (8): MaxPool2d(kernel_size=2, stride=2, padding=0, dilation=1, ceil_mode=False)
    (9): Flatten(start_dim=1, end_dim=-1)
    (10): Linear(in_features=1600, out_features=512, bias=True)
    (11): ReLU()
    (12): Linear(in_features=512, out_features=256, bias=True)
    (13): ReLU()
    (14): Linear(in_features=256, out_features=100, bias=True)
  )
)
INFO:__main__:CHILD MODEL LOSS: 2.359026051521301 with train time 35.89956879615784
INFO:__main__:CHILD MODEL ACCURACY: 0.3924
INFO:__main__:Policy gradient: -0.22731941938400269
INFO:__main__:
INFO:__main__:------ ITERATION 156 ------
INFO:__main__:Layers generated: [('64', '3', '1'), ('256', '1', '2')]
INFO:__main__:ChildCNNModel(
  (model): Sequential(
    (0): Conv2d(3, 128, kernel_size=(3, 3), stride=(1, 1), padding=(1, 1))
    (1): ReLU()
    (2): MaxPool2d(kernel_size=2, stride=2, padding=0, dilation=1, ceil_mode=False)
    (3): Conv2d(128, 64, kernel_size=(3, 3), stride=(1, 1), padding=(1, 1))
    (4): ReLU()
    (5): MaxPool2d(kernel_size=2, stride=2, padding=0, dilation=1, ceil_mode=False)
    (6): Conv2d(64, 256, kernel_size=(1, 1), stride=(1, 1), padding=(2, 2))
    (7): ReLU()
    (8): MaxPool2d(kernel_size=2, stride=2, padding=0, dilation=1, ceil_mode=False)
    (9): Flatten(start_dim=1, end_dim=-1)
    (10): Linear(in_features=9216, out_features=512, bias=True)
    (11): ReLU()
    (12): Linear(in_features=512, out_features=256, bias=True)
    (13): ReLU()
    (14): Linear(in_features=256, out_features=100, bias=True)
  )
)
INFO:__main__:CHILD MODEL LOSS: 2.067136007785797 with train time 40.88325595855713
INFO:__main__:CHILD MODEL ACCURACY: 0.456
INFO:__main__:Policy gradient: 0.23025111854076385
INFO:__main__:
INFO:__main__:------ ITERATION 157 ------
INFO:__main__:Layers generated: [('32', '3', '1'), ('32', '3', '1')]
INFO:__main__:ChildCNNModel(
  (model): Sequential(
    (0): Conv2d(3, 128, kernel_size=(3, 3), stride=(1, 1), padding=(1, 1))
    (1): ReLU()
    (2): MaxPool2d(kernel_size=2, stride=2, padding=0, dilation=1, ceil_mode=False)
    (3): Conv2d(128, 32, kernel_size=(3, 3), stride=(1, 1), padding=(1, 1))
    (4): ReLU()
    (5): MaxPool2d(kernel_size=2, stride=2, padding=0, dilation=1, ceil_mode=False)
    (6): Conv2d(32, 32, kernel_size=(3, 3), stride=(1, 1), padding=(1, 1))
    (7): ReLU()
    (8): MaxPool2d(kernel_size=2, stride=2, padding=0, dilation=1, ceil_mode=False)
    (9): Flatten(start_dim=1, end_dim=-1)
    (10): Linear(in_features=512, out_features=512, bias=True)
    (11): ReLU()
    (12): Linear(in_features=512, out_features=256, bias=True)
    (13): ReLU()
    (14): Linear(in_features=256, out_features=100, bias=True)
  )
)
INFO:__main__:CHILD MODEL LOSS: 2.2726914405822756 with train time 36.27270150184631
INFO:__main__:CHILD MODEL ACCURACY: 0.4116
INFO:__main__:Policy gradient: -0.06490521878004074
INFO:__main__:
INFO:__main__:------ ITERATION 158 ------
INFO:__main__:Layers generated: [('256', '3', '0'), ('16', '3', '2')]
INFO:__main__:ChildCNNModel(
  (model): Sequential(
    (0): Conv2d(3, 128, kernel_size=(3, 3), stride=(1, 1), padding=(1, 1))
    (1): ReLU()
    (2): MaxPool2d(kernel_size=2, stride=2, padding=0, dilation=1, ceil_mode=False)
    (3): Conv2d(128, 256, kernel_size=(3, 3), stride=(1, 1))
    (4): ReLU()
    (5): MaxPool2d(kernel_size=2, stride=2, padding=0, dilation=1, ceil_mode=False)
    (6): Conv2d(256, 16, kernel_size=(3, 3), stride=(1, 1), padding=(2, 2))
    (7): ReLU()
    (8): MaxPool2d(kernel_size=2, stride=2, padding=0, dilation=1, ceil_mode=False)
    (9): Flatten(start_dim=1, end_dim=-1)
    (10): Linear(in_features=256, out_features=512, bias=True)
    (11): ReLU()
    (12): Linear(in_features=512, out_features=256, bias=True)
    (13): ReLU()
    (14): Linear(in_features=256, out_features=100, bias=True)
  )
)
INFO:__main__:CHILD MODEL LOSS: 2.155634460926056 with train time 44.50586199760437
INFO:__main__:CHILD MODEL ACCURACY: 0.4167
INFO:__main__:Policy gradient: -0.031814444810152054
INFO:__main__:
INFO:__main__:------ ITERATION 159 ------
INFO:__main__:Layers generated: [('256', '3', '1'), ('256', '3', '1')]
INFO:__main__:ChildCNNModel(
  (model): Sequential(
    (0): Conv2d(3, 128, kernel_size=(3, 3), stride=(1, 1), padding=(1, 1))
    (1): ReLU()
    (2): MaxPool2d(kernel_size=2, stride=2, padding=0, dilation=1, ceil_mode=False)
    (3): Conv2d(128, 256, kernel_size=(3, 3), stride=(1, 1), padding=(1, 1))
    (4): ReLU()
    (5): MaxPool2d(kernel_size=2, stride=2, padding=0, dilation=1, ceil_mode=False)
    (6): Conv2d(256, 256, kernel_size=(3, 3), stride=(1, 1), padding=(1, 1))
    (7): ReLU()
    (8): MaxPool2d(kernel_size=2, stride=2, padding=0, dilation=1, ceil_mode=False)
    (9): Flatten(start_dim=1, end_dim=-1)
    (10): Linear(in_features=4096, out_features=512, bias=True)
    (11): ReLU()
    (12): Linear(in_features=512, out_features=256, bias=True)
    (13): ReLU()
    (14): Linear(in_features=256, out_features=100, bias=True)
  )
)
INFO:__main__:CHILD MODEL LOSS: 1.9068571105003358 with train time 55.61772918701172
INFO:__main__:CHILD MODEL ACCURACY: 0.4617
INFO:__main__:Policy gradient: 0.1971072107553482
INFO:__main__:
INFO:__main__:------ ITERATION 160 ------
INFO:__main__:Layers generated: [('32', '3', '0'), ('128', '3', '1')]
INFO:__main__:ChildCNNModel(
  (model): Sequential(
    (0): Conv2d(3, 128, kernel_size=(3, 3), stride=(1, 1), padding=(1, 1))
    (1): ReLU()
    (2): MaxPool2d(kernel_size=2, stride=2, padding=0, dilation=1, ceil_mode=False)
    (3): Conv2d(128, 32, kernel_size=(3, 3), stride=(1, 1))
    (4): ReLU()
    (5): MaxPool2d(kernel_size=2, stride=2, padding=0, dilation=1, ceil_mode=False)
    (6): Conv2d(32, 128, kernel_size=(3, 3), stride=(1, 1), padding=(1, 1))
    (7): ReLU()
    (8): MaxPool2d(kernel_size=2, stride=2, padding=0, dilation=1, ceil_mode=False)
    (9): Flatten(start_dim=1, end_dim=-1)
    (10): Linear(in_features=1152, out_features=512, bias=True)
    (11): ReLU()
    (12): Linear(in_features=512, out_features=256, bias=True)
    (13): ReLU()
    (14): Linear(in_features=256, out_features=100, bias=True)
  )
)
INFO:__main__:CHILD MODEL LOSS: 2.162998149394989 with train time 36.21501851081848
INFO:__main__:CHILD MODEL ACCURACY: 0.4353
INFO:__main__:Policy gradient: 0.0701683908700943
INFO:__main__:
INFO:__main__:------ ITERATION 161 ------
INFO:__main__:Layers generated: [('256', '3', '2'), ('32', '1', '0')]
INFO:__main__:ChildCNNModel(
  (model): Sequential(
    (0): Conv2d(3, 128, kernel_size=(3, 3), stride=(1, 1), padding=(1, 1))
    (1): ReLU()
    (2): MaxPool2d(kernel_size=2, stride=2, padding=0, dilation=1, ceil_mode=False)
    (3): Conv2d(128, 256, kernel_size=(3, 3), stride=(1, 1), padding=(2, 2))
    (4): ReLU()
    (5): MaxPool2d(kernel_size=2, stride=2, padding=0, dilation=1, ceil_mode=False)
    (6): Conv2d(256, 32, kernel_size=(1, 1), stride=(1, 1))
    (7): ReLU()
    (8): MaxPool2d(kernel_size=2, stride=2, padding=0, dilation=1, ceil_mode=False)
    (9): Flatten(start_dim=1, end_dim=-1)
    (10): Linear(in_features=512, out_features=512, bias=True)
    (11): ReLU()
    (12): Linear(in_features=512, out_features=256, bias=True)
    (13): ReLU()
    (14): Linear(in_features=256, out_features=100, bias=True)
  )
)
INFO:__main__:CHILD MODEL LOSS: 2.1955610723495482 with train time 59.12694597244263
INFO:__main__:CHILD MODEL ACCURACY: 0.4297
INFO:__main__:Policy gradient: 0.030295468866825104
INFO:__main__:
INFO:__main__:------ ITERATION 162 ------
INFO:__main__:Layers generated: [('256', '3', '2'), ('16', '3', '2')]
INFO:__main__:ChildCNNModel(
  (model): Sequential(
    (0): Conv2d(3, 128, kernel_size=(3, 3), stride=(1, 1), padding=(1, 1))
    (1): ReLU()
    (2): MaxPool2d(kernel_size=2, stride=2, padding=0, dilation=1, ceil_mode=False)
    (3): Conv2d(128, 256, kernel_size=(3, 3), stride=(1, 1), padding=(2, 2))
    (4): ReLU()
    (5): MaxPool2d(kernel_size=2, stride=2, padding=0, dilation=1, ceil_mode=False)
    (6): Conv2d(256, 16, kernel_size=(3, 3), stride=(1, 1), padding=(2, 2))
    (7): ReLU()
    (8): MaxPool2d(kernel_size=2, stride=2, padding=0, dilation=1, ceil_mode=False)
    (9): Flatten(start_dim=1, end_dim=-1)
    (10): Linear(in_features=400, out_features=512, bias=True)
    (11): ReLU()
    (12): Linear(in_features=512, out_features=256, bias=True)
    (13): ReLU()
    (14): Linear(in_features=256, out_features=100, bias=True)
  )
)
INFO:__main__:CHILD MODEL LOSS: 2.158715691566467 with train time 60.28215265274048
INFO:__main__:CHILD MODEL ACCURACY: 0.4336
INFO:__main__:Policy gradient: 0.053320109844207764
INFO:__main__:
INFO:__main__:------ ITERATION 163 ------
INFO:__main__:Layers generated: [('16', '1', '1'), ('128', '3', '1')]
INFO:__main__:ChildCNNModel(
  (model): Sequential(
    (0): Conv2d(3, 128, kernel_size=(3, 3), stride=(1, 1), padding=(1, 1))
    (1): ReLU()
    (2): MaxPool2d(kernel_size=2, stride=2, padding=0, dilation=1, ceil_mode=False)
    (3): Conv2d(128, 16, kernel_size=(1, 1), stride=(1, 1), padding=(1, 1))
    (4): ReLU()
    (5): MaxPool2d(kernel_size=2, stride=2, padding=0, dilation=1, ceil_mode=False)
    (6): Conv2d(16, 128, kernel_size=(3, 3), stride=(1, 1), padding=(1, 1))
    (7): ReLU()
    (8): MaxPool2d(kernel_size=2, stride=2, padding=0, dilation=1, ceil_mode=False)
    (9): Flatten(start_dim=1, end_dim=-1)
    (10): Linear(in_features=2048, out_features=512, bias=True)
    (11): ReLU()
    (12): Linear(in_features=512, out_features=256, bias=True)
    (13): ReLU()
    (14): Linear(in_features=256, out_features=100, bias=True)
  )
)
INFO:__main__:CHILD MODEL LOSS: 2.1965071778297425 with train time 36.503652572631836
INFO:__main__:CHILD MODEL ACCURACY: 0.4152
INFO:__main__:Policy gradient: -0.08108959347009659
INFO:__main__:
INFO:__main__:------ ITERATION 164 ------
INFO:__main__:Layers generated: [('256', '3', '0'), ('256', '3', '1')]
INFO:__main__:ChildCNNModel(
  (model): Sequential(
    (0): Conv2d(3, 128, kernel_size=(3, 3), stride=(1, 1), padding=(1, 1))
    (1): ReLU()
    (2): MaxPool2d(kernel_size=2, stride=2, padding=0, dilation=1, ceil_mode=False)
    (3): Conv2d(128, 256, kernel_size=(3, 3), stride=(1, 1))
    (4): ReLU()
    (5): MaxPool2d(kernel_size=2, stride=2, padding=0, dilation=1, ceil_mode=False)
    (6): Conv2d(256, 256, kernel_size=(3, 3), stride=(1, 1), padding=(1, 1))
    (7): ReLU()
    (8): MaxPool2d(kernel_size=2, stride=2, padding=0, dilation=1, ceil_mode=False)
    (9): Flatten(start_dim=1, end_dim=-1)
    (10): Linear(in_features=2304, out_features=512, bias=True)
    (11): ReLU()
    (12): Linear(in_features=512, out_features=256, bias=True)
    (13): ReLU()
    (14): Linear(in_features=256, out_features=100, bias=True)
  )
)
INFO:__main__:CHILD MODEL LOSS: 1.9810645885467528 with train time 49.17248821258545
INFO:__main__:CHILD MODEL ACCURACY: 0.4689
INFO:__main__:Policy gradient: 0.24287165701389313
INFO:__main__:
INFO:__main__:------ ITERATION 165 ------
INFO:__main__:Layers generated: [('16', '3', '1'), ('16', '5', '2')]
INFO:__main__:ChildCNNModel(
  (model): Sequential(
    (0): Conv2d(3, 128, kernel_size=(3, 3), stride=(1, 1), padding=(1, 1))
    (1): ReLU()
    (2): MaxPool2d(kernel_size=2, stride=2, padding=0, dilation=1, ceil_mode=False)
    (3): Conv2d(128, 16, kernel_size=(3, 3), stride=(1, 1), padding=(1, 1))
    (4): ReLU()
    (5): MaxPool2d(kernel_size=2, stride=2, padding=0, dilation=1, ceil_mode=False)
    (6): Conv2d(16, 16, kernel_size=(5, 5), stride=(1, 1), padding=(2, 2))
    (7): ReLU()
    (8): MaxPool2d(kernel_size=2, stride=2, padding=0, dilation=1, ceil_mode=False)
    (9): Flatten(start_dim=1, end_dim=-1)
    (10): Linear(in_features=256, out_features=512, bias=True)
    (11): ReLU()
    (12): Linear(in_features=512, out_features=256, bias=True)
    (13): ReLU()
    (14): Linear(in_features=256, out_features=100, bias=True)
  )
)
INFO:__main__:CHILD MODEL LOSS: 2.4969087438583375 with train time 36.039668798446655
INFO:__main__:CHILD MODEL ACCURACY: 0.3632
INFO:__main__:Policy gradient: -0.587576150894165
INFO:__main__:
INFO:__main__:------ ITERATION 166 ------
INFO:__main__:Layers generated: [('32', '3', '1'), ('256', '3', '1')]
INFO:__main__:ChildCNNModel(
  (model): Sequential(
    (0): Conv2d(3, 128, kernel_size=(3, 3), stride=(1, 1), padding=(1, 1))
    (1): ReLU()
    (2): MaxPool2d(kernel_size=2, stride=2, padding=0, dilation=1, ceil_mode=False)
    (3): Conv2d(128, 32, kernel_size=(3, 3), stride=(1, 1), padding=(1, 1))
    (4): ReLU()
    (5): MaxPool2d(kernel_size=2, stride=2, padding=0, dilation=1, ceil_mode=False)
    (6): Conv2d(32, 256, kernel_size=(3, 3), stride=(1, 1), padding=(1, 1))
    (7): ReLU()
    (8): MaxPool2d(kernel_size=2, stride=2, padding=0, dilation=1, ceil_mode=False)
    (9): Flatten(start_dim=1, end_dim=-1)
    (10): Linear(in_features=4096, out_features=512, bias=True)
    (11): ReLU()
    (12): Linear(in_features=512, out_features=256, bias=True)
    (13): ReLU()
    (14): Linear(in_features=256, out_features=100, bias=True)
  )
)
INFO:__main__:CHILD MODEL LOSS: 2.108199031829834 with train time 37.35943269729614
INFO:__main__:CHILD MODEL ACCURACY: 0.4346
INFO:__main__:Policy gradient: 0.06178418919444084
INFO:__main__:
INFO:__main__:------ ITERATION 167 ------
INFO:__main__:Layers generated: [('128', '1', '1'), ('128', '1', '2')]
INFO:__main__:ChildCNNModel(
  (model): Sequential(
    (0): Conv2d(3, 128, kernel_size=(3, 3), stride=(1, 1), padding=(1, 1))
    (1): ReLU()
    (2): MaxPool2d(kernel_size=2, stride=2, padding=0, dilation=1, ceil_mode=False)
    (3): Conv2d(128, 128, kernel_size=(1, 1), stride=(1, 1), padding=(1, 1))
    (4): ReLU()
    (5): MaxPool2d(kernel_size=2, stride=2, padding=0, dilation=1, ceil_mode=False)
    (6): Conv2d(128, 128, kernel_size=(1, 1), stride=(1, 1), padding=(2, 2))
    (7): ReLU()
    (8): MaxPool2d(kernel_size=2, stride=2, padding=0, dilation=1, ceil_mode=False)
    (9): Flatten(start_dim=1, end_dim=-1)
    (10): Linear(in_features=4608, out_features=512, bias=True)
    (11): ReLU()
    (12): Linear(in_features=512, out_features=256, bias=True)
    (13): ReLU()
    (14): Linear(in_features=256, out_features=100, bias=True)
  )
)
INFO:__main__:CHILD MODEL LOSS: 2.1626916551589965 with train time 39.959948778152466
INFO:__main__:CHILD MODEL ACCURACY: 0.4192
INFO:__main__:Policy gradient: -0.04118136689066887
INFO:__main__:
INFO:__main__:------ ITERATION 168 ------
INFO:__main__:Layers generated: [('256', '3', '2'), ('128', '3', '1')]
INFO:__main__:ChildCNNModel(
  (model): Sequential(
    (0): Conv2d(3, 128, kernel_size=(3, 3), stride=(1, 1), padding=(1, 1))
    (1): ReLU()
    (2): MaxPool2d(kernel_size=2, stride=2, padding=0, dilation=1, ceil_mode=False)
    (3): Conv2d(128, 256, kernel_size=(3, 3), stride=(1, 1), padding=(2, 2))
    (4): ReLU()
    (5): MaxPool2d(kernel_size=2, stride=2, padding=0, dilation=1, ceil_mode=False)
    (6): Conv2d(256, 128, kernel_size=(3, 3), stride=(1, 1), padding=(1, 1))
    (7): ReLU()
    (8): MaxPool2d(kernel_size=2, stride=2, padding=0, dilation=1, ceil_mode=False)
    (9): Flatten(start_dim=1, end_dim=-1)
    (10): Linear(in_features=2048, out_features=512, bias=True)
    (11): ReLU()
    (12): Linear(in_features=512, out_features=256, bias=True)
    (13): ReLU()
    (14): Linear(in_features=256, out_features=100, bias=True)
  )
)
INFO:__main__:CHILD MODEL LOSS: 1.9483625164031984 with train time 64.28436994552612
INFO:__main__:CHILD MODEL ACCURACY: 0.4637
INFO:__main__:Policy gradient: 0.2308710366487503
INFO:__main__:
INFO:__main__:------ ITERATION 169 ------
INFO:__main__:Layers generated: [('32', '3', '1'), ('128', '1', '2')]
INFO:__main__:ChildCNNModel(
  (model): Sequential(
    (0): Conv2d(3, 128, kernel_size=(3, 3), stride=(1, 1), padding=(1, 1))
    (1): ReLU()
    (2): MaxPool2d(kernel_size=2, stride=2, padding=0, dilation=1, ceil_mode=False)
    (3): Conv2d(128, 32, kernel_size=(3, 3), stride=(1, 1), padding=(1, 1))
    (4): ReLU()
    (5): MaxPool2d(kernel_size=2, stride=2, padding=0, dilation=1, ceil_mode=False)
    (6): Conv2d(32, 128, kernel_size=(1, 1), stride=(1, 1), padding=(2, 2))
    (7): ReLU()
    (8): MaxPool2d(kernel_size=2, stride=2, padding=0, dilation=1, ceil_mode=False)
    (9): Flatten(start_dim=1, end_dim=-1)
    (10): Linear(in_features=4608, out_features=512, bias=True)
    (11): ReLU()
    (12): Linear(in_features=512, out_features=256, bias=True)
    (13): ReLU()
    (14): Linear(in_features=256, out_features=100, bias=True)
  )
)
INFO:__main__:CHILD MODEL LOSS: 2.280788989067078 with train time 37.0356719493866
INFO:__main__:CHILD MODEL ACCURACY: 0.3993
INFO:__main__:Policy gradient: -0.2029186487197876
INFO:__main__:
INFO:__main__:------ ITERATION 170 ------
INFO:__main__:Layers generated: [('64', '1', '0'), ('16', '3', '0')]
INFO:__main__:ChildCNNModel(
  (model): Sequential(
    (0): Conv2d(3, 128, kernel_size=(3, 3), stride=(1, 1), padding=(1, 1))
    (1): ReLU()
    (2): MaxPool2d(kernel_size=2, stride=2, padding=0, dilation=1, ceil_mode=False)
    (3): Conv2d(128, 64, kernel_size=(1, 1), stride=(1, 1))
    (4): ReLU()
    (5): MaxPool2d(kernel_size=2, stride=2, padding=0, dilation=1, ceil_mode=False)
    (6): Conv2d(64, 16, kernel_size=(3, 3), stride=(1, 1))
    (7): ReLU()
    (8): MaxPool2d(kernel_size=2, stride=2, padding=0, dilation=1, ceil_mode=False)
    (9): Flatten(start_dim=1, end_dim=-1)
    (10): Linear(in_features=144, out_features=512, bias=True)
    (11): ReLU()
    (12): Linear(in_features=512, out_features=256, bias=True)
    (13): ReLU()
    (14): Linear(in_features=256, out_features=100, bias=True)
  )
)
INFO:__main__:CHILD MODEL LOSS: 2.660738615989685 with train time 36.00388741493225
INFO:__main__:CHILD MODEL ACCURACY: 0.3319
INFO:__main__:Policy gradient: -0.77475905418396
INFO:__main__:
INFO:__main__:------ ITERATION 171 ------
INFO:__main__:Layers generated: [('256', '3', '0'), ('64', '3', '2')]
INFO:__main__:ChildCNNModel(
  (model): Sequential(
    (0): Conv2d(3, 128, kernel_size=(3, 3), stride=(1, 1), padding=(1, 1))
    (1): ReLU()
    (2): MaxPool2d(kernel_size=2, stride=2, padding=0, dilation=1, ceil_mode=False)
    (3): Conv2d(128, 256, kernel_size=(3, 3), stride=(1, 1))
    (4): ReLU()
    (5): MaxPool2d(kernel_size=2, stride=2, padding=0, dilation=1, ceil_mode=False)
    (6): Conv2d(256, 64, kernel_size=(3, 3), stride=(1, 1), padding=(2, 2))
    (7): ReLU()
    (8): MaxPool2d(kernel_size=2, stride=2, padding=0, dilation=1, ceil_mode=False)
    (9): Flatten(start_dim=1, end_dim=-1)
    (10): Linear(in_features=1024, out_features=512, bias=True)
    (11): ReLU()
    (12): Linear(in_features=512, out_features=256, bias=True)
    (13): ReLU()
    (14): Linear(in_features=256, out_features=100, bias=True)
  )
)
INFO:__main__:CHILD MODEL LOSS: 1.970498016834259 with train time 45.481427907943726
INFO:__main__:CHILD MODEL ACCURACY: 0.4649
INFO:__main__:Policy gradient: 0.3103691637516022
INFO:__main__:
INFO:__main__:------ ITERATION 172 ------
INFO:__main__:Layers generated: [('256', '1', '1'), ('32', '3', '1')]
INFO:__main__:ChildCNNModel(
  (model): Sequential(
    (0): Conv2d(3, 128, kernel_size=(3, 3), stride=(1, 1), padding=(1, 1))
    (1): ReLU()
    (2): MaxPool2d(kernel_size=2, stride=2, padding=0, dilation=1, ceil_mode=False)
    (3): Conv2d(128, 256, kernel_size=(1, 1), stride=(1, 1), padding=(1, 1))
    (4): ReLU()
    (5): MaxPool2d(kernel_size=2, stride=2, padding=0, dilation=1, ceil_mode=False)
    (6): Conv2d(256, 32, kernel_size=(3, 3), stride=(1, 1), padding=(1, 1))
    (7): ReLU()
    (8): MaxPool2d(kernel_size=2, stride=2, padding=0, dilation=1, ceil_mode=False)
    (9): Flatten(start_dim=1, end_dim=-1)
    (10): Linear(in_features=512, out_features=512, bias=True)
    (11): ReLU()
    (12): Linear(in_features=512, out_features=256, bias=True)
    (13): ReLU()
    (14): Linear(in_features=256, out_features=100, bias=True)
  )
)
INFO:__main__:CHILD MODEL LOSS: 2.1954736547470093 with train time 43.98831915855408
INFO:__main__:CHILD MODEL ACCURACY: 0.4347
INFO:__main__:Policy gradient: 0.08870147168636322
INFO:__main__:
INFO:__main__:------ ITERATION 173 ------
INFO:__main__:Layers generated: [('128', '3', '0'), ('32', '3', '1')]
INFO:__main__:ChildCNNModel(
  (model): Sequential(
    (0): Conv2d(3, 128, kernel_size=(3, 3), stride=(1, 1), padding=(1, 1))
    (1): ReLU()
    (2): MaxPool2d(kernel_size=2, stride=2, padding=0, dilation=1, ceil_mode=False)
    (3): Conv2d(128, 128, kernel_size=(3, 3), stride=(1, 1))
    (4): ReLU()
    (5): MaxPool2d(kernel_size=2, stride=2, padding=0, dilation=1, ceil_mode=False)
    (6): Conv2d(128, 32, kernel_size=(3, 3), stride=(1, 1), padding=(1, 1))
    (7): ReLU()
    (8): MaxPool2d(kernel_size=2, stride=2, padding=0, dilation=1, ceil_mode=False)
    (9): Flatten(start_dim=1, end_dim=-1)
    (10): Linear(in_features=288, out_features=512, bias=True)
    (11): ReLU()
    (12): Linear(in_features=512, out_features=256, bias=True)
    (13): ReLU()
    (14): Linear(in_features=256, out_features=100, bias=True)
  )
)
INFO:__main__:CHILD MODEL LOSS: 2.296744520187378 with train time 38.84641146659851
INFO:__main__:CHILD MODEL ACCURACY: 0.4086
INFO:__main__:Policy gradient: -0.09205922484397888
INFO:__main__:
INFO:__main__:------ ITERATION 174 ------
INFO:__main__:Layers generated: [('256', '3', '2'), ('256', '1', '2')]
INFO:__main__:ChildCNNModel(
  (model): Sequential(
    (0): Conv2d(3, 128, kernel_size=(3, 3), stride=(1, 1), padding=(1, 1))
    (1): ReLU()
    (2): MaxPool2d(kernel_size=2, stride=2, padding=0, dilation=1, ceil_mode=False)
    (3): Conv2d(128, 256, kernel_size=(3, 3), stride=(1, 1), padding=(2, 2))
    (4): ReLU()
    (5): MaxPool2d(kernel_size=2, stride=2, padding=0, dilation=1, ceil_mode=False)
    (6): Conv2d(256, 256, kernel_size=(1, 1), stride=(1, 1), padding=(2, 2))
    (7): ReLU()
    (8): MaxPool2d(kernel_size=2, stride=2, padding=0, dilation=1, ceil_mode=False)
    (9): Flatten(start_dim=1, end_dim=-1)
    (10): Linear(in_features=9216, out_features=512, bias=True)
    (11): ReLU()
    (12): Linear(in_features=512, out_features=256, bias=True)
    (13): ReLU()
    (14): Linear(in_features=256, out_features=100, bias=True)
  )
)
INFO:__main__:CHILD MODEL LOSS: 1.8905023918151855 with train time 70.59138798713684
INFO:__main__:CHILD MODEL ACCURACY: 0.4728
INFO:__main__:Policy gradient: 0.34043213725090027
INFO:__main__:
INFO:__main__:------ ITERATION 175 ------
INFO:__main__:Layers generated: [('64', '3', '1'), ('64', '3', '0')]
INFO:__main__:ChildCNNModel(
  (model): Sequential(
    (0): Conv2d(3, 128, kernel_size=(3, 3), stride=(1, 1), padding=(1, 1))
    (1): ReLU()
    (2): MaxPool2d(kernel_size=2, stride=2, padding=0, dilation=1, ceil_mode=False)
    (3): Conv2d(128, 64, kernel_size=(3, 3), stride=(1, 1), padding=(1, 1))
    (4): ReLU()
    (5): MaxPool2d(kernel_size=2, stride=2, padding=0, dilation=1, ceil_mode=False)
    (6): Conv2d(64, 64, kernel_size=(3, 3), stride=(1, 1))
    (7): ReLU()
    (8): MaxPool2d(kernel_size=2, stride=2, padding=0, dilation=1, ceil_mode=False)
    (9): Flatten(start_dim=1, end_dim=-1)
    (10): Linear(in_features=576, out_features=512, bias=True)
    (11): ReLU()
    (12): Linear(in_features=512, out_features=256, bias=True)
    (13): ReLU()
    (14): Linear(in_features=256, out_features=100, bias=True)
  )
)
INFO:__main__:CHILD MODEL LOSS: 2.210906882762909 with train time 36.987608909606934
INFO:__main__:CHILD MODEL ACCURACY: 0.4275
INFO:__main__:Policy gradient: 0.00922340527176857
INFO:__main__:
INFO:__main__:------ ITERATION 176 ------
INFO:__main__:Layers generated: [('256', '3', '2'), ('128', '3', '0')]
INFO:__main__:ChildCNNModel(
  (model): Sequential(
    (0): Conv2d(3, 128, kernel_size=(3, 3), stride=(1, 1), padding=(1, 1))
    (1): ReLU()
    (2): MaxPool2d(kernel_size=2, stride=2, padding=0, dilation=1, ceil_mode=False)
    (3): Conv2d(128, 256, kernel_size=(3, 3), stride=(1, 1), padding=(2, 2))
    (4): ReLU()
    (5): MaxPool2d(kernel_size=2, stride=2, padding=0, dilation=1, ceil_mode=False)
    (6): Conv2d(256, 128, kernel_size=(3, 3), stride=(1, 1))
    (7): ReLU()
    (8): MaxPool2d(kernel_size=2, stride=2, padding=0, dilation=1, ceil_mode=False)
    (9): Flatten(start_dim=1, end_dim=-1)
    (10): Linear(in_features=1152, out_features=512, bias=True)
    (11): ReLU()
    (12): Linear(in_features=512, out_features=256, bias=True)
    (13): ReLU()
    (14): Linear(in_features=256, out_features=100, bias=True)
  )
)
INFO:__main__:CHILD MODEL LOSS: 2.0278476548194884 with train time 62.365927934646606
INFO:__main__:CHILD MODEL ACCURACY: 0.4476
INFO:__main__:Policy gradient: 0.13110023736953735
INFO:__main__:
INFO:__main__:------ ITERATION 177 ------
INFO:__main__:Layers generated: [('256', '3', '1'), ('128', '3', '1')]
INFO:__main__:ChildCNNModel(
  (model): Sequential(
    (0): Conv2d(3, 128, kernel_size=(3, 3), stride=(1, 1), padding=(1, 1))
    (1): ReLU()
    (2): MaxPool2d(kernel_size=2, stride=2, padding=0, dilation=1, ceil_mode=False)
    (3): Conv2d(128, 256, kernel_size=(3, 3), stride=(1, 1), padding=(1, 1))
    (4): ReLU()
    (5): MaxPool2d(kernel_size=2, stride=2, padding=0, dilation=1, ceil_mode=False)
    (6): Conv2d(256, 128, kernel_size=(3, 3), stride=(1, 1), padding=(1, 1))
    (7): ReLU()
    (8): MaxPool2d(kernel_size=2, stride=2, padding=0, dilation=1, ceil_mode=False)
    (9): Flatten(start_dim=1, end_dim=-1)
    (10): Linear(in_features=2048, out_features=512, bias=True)
    (11): ReLU()
    (12): Linear(in_features=512, out_features=256, bias=True)
    (13): ReLU()
    (14): Linear(in_features=256, out_features=100, bias=True)
  )
)
INFO:__main__:CHILD MODEL LOSS: 1.9877036638259888 with train time 51.13763427734375
INFO:__main__:CHILD MODEL ACCURACY: 0.4518
INFO:__main__:Policy gradient: 0.10991749167442322
INFO:__main__:
INFO:__main__:------ ITERATION 178 ------
INFO:__main__:Layers generated: [('16', '3', '0'), ('256', '1', '0')]
INFO:__main__:ChildCNNModel(
  (model): Sequential(
    (0): Conv2d(3, 128, kernel_size=(3, 3), stride=(1, 1), padding=(1, 1))
    (1): ReLU()
    (2): MaxPool2d(kernel_size=2, stride=2, padding=0, dilation=1, ceil_mode=False)
    (3): Conv2d(128, 16, kernel_size=(3, 3), stride=(1, 1))
    (4): ReLU()
    (5): MaxPool2d(kernel_size=2, stride=2, padding=0, dilation=1, ceil_mode=False)
    (6): Conv2d(16, 256, kernel_size=(1, 1), stride=(1, 1))
    (7): ReLU()
    (8): MaxPool2d(kernel_size=2, stride=2, padding=0, dilation=1, ceil_mode=False)
    (9): Flatten(start_dim=1, end_dim=-1)
    (10): Linear(in_features=2304, out_features=512, bias=True)
    (11): ReLU()
    (12): Linear(in_features=512, out_features=256, bias=True)
    (13): ReLU()
    (14): Linear(in_features=256, out_features=100, bias=True)
  )
)
INFO:__main__:CHILD MODEL LOSS: 2.5961804037094116 with train time 36.22184753417969
INFO:__main__:CHILD MODEL ACCURACY: 0.3365
INFO:__main__:Policy gradient: -0.7855552434921265
INFO:__main__:
INFO:__main__:------ ITERATION 179 ------
INFO:__main__:Layers generated: [('16', '3', '1'), ('64', '3', '1')]
INFO:__main__:ChildCNNModel(
  (model): Sequential(
    (0): Conv2d(3, 128, kernel_size=(3, 3), stride=(1, 1), padding=(1, 1))
    (1): ReLU()
    (2): MaxPool2d(kernel_size=2, stride=2, padding=0, dilation=1, ceil_mode=False)
    (3): Conv2d(128, 16, kernel_size=(3, 3), stride=(1, 1), padding=(1, 1))
    (4): ReLU()
    (5): MaxPool2d(kernel_size=2, stride=2, padding=0, dilation=1, ceil_mode=False)
    (6): Conv2d(16, 64, kernel_size=(3, 3), stride=(1, 1), padding=(1, 1))
    (7): ReLU()
    (8): MaxPool2d(kernel_size=2, stride=2, padding=0, dilation=1, ceil_mode=False)
    (9): Flatten(start_dim=1, end_dim=-1)
    (10): Linear(in_features=1024, out_features=512, bias=True)
    (11): ReLU()
    (12): Linear(in_features=512, out_features=256, bias=True)
    (13): ReLU()
    (14): Linear(in_features=256, out_features=100, bias=True)
  )
)
INFO:__main__:CHILD MODEL LOSS: 2.3043067951202394 with train time 36.09337282180786
INFO:__main__:CHILD MODEL ACCURACY: 0.3976
INFO:__main__:Policy gradient: -0.1504230499267578
INFO:__main__:
INFO:__main__:------ ITERATION 180 ------
INFO:__main__:Layers generated: [('256', '3', '2'), ('128', '1', '0')]
INFO:__main__:ChildCNNModel(
  (model): Sequential(
    (0): Conv2d(3, 128, kernel_size=(3, 3), stride=(1, 1), padding=(1, 1))
    (1): ReLU()
    (2): MaxPool2d(kernel_size=2, stride=2, padding=0, dilation=1, ceil_mode=False)
    (3): Conv2d(128, 256, kernel_size=(3, 3), stride=(1, 1), padding=(2, 2))
    (4): ReLU()
    (5): MaxPool2d(kernel_size=2, stride=2, padding=0, dilation=1, ceil_mode=False)
    (6): Conv2d(256, 128, kernel_size=(1, 1), stride=(1, 1))
    (7): ReLU()
    (8): MaxPool2d(kernel_size=2, stride=2, padding=0, dilation=1, ceil_mode=False)
    (9): Flatten(start_dim=1, end_dim=-1)
    (10): Linear(in_features=2048, out_features=512, bias=True)
    (11): ReLU()
    (12): Linear(in_features=512, out_features=256, bias=True)
    (13): ReLU()
    (14): Linear(in_features=256, out_features=100, bias=True)
  )
)
INFO:__main__:CHILD MODEL LOSS: 2.06844220495224 with train time 60.11603569984436
INFO:__main__:CHILD MODEL ACCURACY: 0.4489
INFO:__main__:Policy gradient: 0.20887157320976257
INFO:__main__:
INFO:__main__:------ ITERATION 181 ------
INFO:__main__:Layers generated: [('256', '3', '0'), ('128', '3', '1')]
INFO:__main__:ChildCNNModel(
  (model): Sequential(
    (0): Conv2d(3, 128, kernel_size=(3, 3), stride=(1, 1), padding=(1, 1))
    (1): ReLU()
    (2): MaxPool2d(kernel_size=2, stride=2, padding=0, dilation=1, ceil_mode=False)
    (3): Conv2d(128, 256, kernel_size=(3, 3), stride=(1, 1))
    (4): ReLU()
    (5): MaxPool2d(kernel_size=2, stride=2, padding=0, dilation=1, ceil_mode=False)
    (6): Conv2d(256, 128, kernel_size=(3, 3), stride=(1, 1), padding=(1, 1))
    (7): ReLU()
    (8): MaxPool2d(kernel_size=2, stride=2, padding=0, dilation=1, ceil_mode=False)
    (9): Flatten(start_dim=1, end_dim=-1)
    (10): Linear(in_features=1152, out_features=512, bias=True)
    (11): ReLU()
    (12): Linear(in_features=512, out_features=256, bias=True)
    (13): ReLU()
    (14): Linear(in_features=256, out_features=100, bias=True)
  )
)
INFO:__main__:CHILD MODEL LOSS: 2.0308891854286193 with train time 46.104440212249756
INFO:__main__:CHILD MODEL ACCURACY: 0.444
INFO:__main__:Policy gradient: 0.11886908859014511
INFO:__main__:
INFO:__main__:------ ITERATION 182 ------
INFO:__main__:Layers generated: [('256', '3', '1'), ('64', '3', '1')]
INFO:__main__:ChildCNNModel(
  (model): Sequential(
    (0): Conv2d(3, 128, kernel_size=(3, 3), stride=(1, 1), padding=(1, 1))
    (1): ReLU()
    (2): MaxPool2d(kernel_size=2, stride=2, padding=0, dilation=1, ceil_mode=False)
    (3): Conv2d(128, 256, kernel_size=(3, 3), stride=(1, 1), padding=(1, 1))
    (4): ReLU()
    (5): MaxPool2d(kernel_size=2, stride=2, padding=0, dilation=1, ceil_mode=False)
    (6): Conv2d(256, 64, kernel_size=(3, 3), stride=(1, 1), padding=(1, 1))
    (7): ReLU()
    (8): MaxPool2d(kernel_size=2, stride=2, padding=0, dilation=1, ceil_mode=False)
    (9): Flatten(start_dim=1, end_dim=-1)
    (10): Linear(in_features=1024, out_features=512, bias=True)
    (11): ReLU()
    (12): Linear(in_features=512, out_features=256, bias=True)
    (13): ReLU()
    (14): Linear(in_features=256, out_features=100, bias=True)
  )
)
INFO:__main__:CHILD MODEL LOSS: 1.9924830069541932 with train time 49.17370629310608
INFO:__main__:CHILD MODEL ACCURACY: 0.4479
INFO:__main__:Policy gradient: 0.11018374562263489
INFO:__main__:
INFO:__main__:------ ITERATION 183 ------
INFO:__main__:Layers generated: [('256', '3', '2'), ('128', '1', '0')]
INFO:__main__:ChildCNNModel(
  (model): Sequential(
    (0): Conv2d(3, 128, kernel_size=(3, 3), stride=(1, 1), padding=(1, 1))
    (1): ReLU()
    (2): MaxPool2d(kernel_size=2, stride=2, padding=0, dilation=1, ceil_mode=False)
    (3): Conv2d(128, 256, kernel_size=(3, 3), stride=(1, 1), padding=(2, 2))
    (4): ReLU()
    (5): MaxPool2d(kernel_size=2, stride=2, padding=0, dilation=1, ceil_mode=False)
    (6): Conv2d(256, 128, kernel_size=(1, 1), stride=(1, 1))
    (7): ReLU()
    (8): MaxPool2d(kernel_size=2, stride=2, padding=0, dilation=1, ceil_mode=False)
    (9): Flatten(start_dim=1, end_dim=-1)
    (10): Linear(in_features=2048, out_features=512, bias=True)
    (11): ReLU()
    (12): Linear(in_features=512, out_features=256, bias=True)
    (13): ReLU()
    (14): Linear(in_features=256, out_features=100, bias=True)
  )
)
INFO:__main__:CHILD MODEL LOSS: 2.0627871527671813 with train time 60.07616972923279
INFO:__main__:CHILD MODEL ACCURACY: 0.4362
INFO:__main__:Policy gradient: 0.06733148545026779
INFO:__main__:
INFO:__main__:------ ITERATION 184 ------
INFO:__main__:Layers generated: [('32', '1', '0'), ('64', '5', '1')]
INFO:__main__:ChildCNNModel(
  (model): Sequential(
    (0): Conv2d(3, 128, kernel_size=(3, 3), stride=(1, 1), padding=(1, 1))
    (1): ReLU()
    (2): MaxPool2d(kernel_size=2, stride=2, padding=0, dilation=1, ceil_mode=False)
    (3): Conv2d(128, 32, kernel_size=(1, 1), stride=(1, 1))
    (4): ReLU()
    (5): MaxPool2d(kernel_size=2, stride=2, padding=0, dilation=1, ceil_mode=False)
    (6): Conv2d(32, 64, kernel_size=(5, 5), stride=(1, 1), padding=(1, 1))
    (7): ReLU()
    (8): MaxPool2d(kernel_size=2, stride=2, padding=0, dilation=1, ceil_mode=False)
    (9): Flatten(start_dim=1, end_dim=-1)
    (10): Linear(in_features=576, out_features=512, bias=True)
    (11): ReLU()
    (12): Linear(in_features=512, out_features=256, bias=True)
    (13): ReLU()
    (14): Linear(in_features=256, out_features=100, bias=True)
  )
)
INFO:__main__:CHILD MODEL LOSS: 2.3008654241561888 with train time 35.81968665122986
INFO:__main__:CHILD MODEL ACCURACY: 0.3949
INFO:__main__:Policy gradient: -0.317562073469162
INFO:__main__:
INFO:__main__:------ ITERATION 185 ------
INFO:__main__:Layers generated: [('64', '3', '1'), ('256', '1', '2')]
INFO:__main__:ChildCNNModel(
  (model): Sequential(
    (0): Conv2d(3, 128, kernel_size=(3, 3), stride=(1, 1), padding=(1, 1))
    (1): ReLU()
    (2): MaxPool2d(kernel_size=2, stride=2, padding=0, dilation=1, ceil_mode=False)
    (3): Conv2d(128, 64, kernel_size=(3, 3), stride=(1, 1), padding=(1, 1))
    (4): ReLU()
    (5): MaxPool2d(kernel_size=2, stride=2, padding=0, dilation=1, ceil_mode=False)
    (6): Conv2d(64, 256, kernel_size=(1, 1), stride=(1, 1), padding=(2, 2))
    (7): ReLU()
    (8): MaxPool2d(kernel_size=2, stride=2, padding=0, dilation=1, ceil_mode=False)
    (9): Flatten(start_dim=1, end_dim=-1)
    (10): Linear(in_features=9216, out_features=512, bias=True)
    (11): ReLU()
    (12): Linear(in_features=512, out_features=256, bias=True)
    (13): ReLU()
    (14): Linear(in_features=256, out_features=100, bias=True)
  )
)
INFO:__main__:CHILD MODEL LOSS: 2.2452784399986268 with train time 40.82882738113403
INFO:__main__:CHILD MODEL ACCURACY: 0.4171
INFO:__main__:Policy gradient: -0.04433721676468849
INFO:__main__:
INFO:__main__:------ ITERATION 186 ------
INFO:__main__:Layers generated: [('16', '3', '1'), ('64', '3', '2')]
INFO:__main__:ChildCNNModel(
  (model): Sequential(
    (0): Conv2d(3, 128, kernel_size=(3, 3), stride=(1, 1), padding=(1, 1))
    (1): ReLU()
    (2): MaxPool2d(kernel_size=2, stride=2, padding=0, dilation=1, ceil_mode=False)
    (3): Conv2d(128, 16, kernel_size=(3, 3), stride=(1, 1), padding=(1, 1))
    (4): ReLU()
    (5): MaxPool2d(kernel_size=2, stride=2, padding=0, dilation=1, ceil_mode=False)
    (6): Conv2d(16, 64, kernel_size=(3, 3), stride=(1, 1), padding=(2, 2))
    (7): ReLU()
    (8): MaxPool2d(kernel_size=2, stride=2, padding=0, dilation=1, ceil_mode=False)
    (9): Flatten(start_dim=1, end_dim=-1)
    (10): Linear(in_features=1600, out_features=512, bias=True)
    (11): ReLU()
    (12): Linear(in_features=512, out_features=256, bias=True)
    (13): ReLU()
    (14): Linear(in_features=256, out_features=100, bias=True)
  )
)
INFO:__main__:CHILD MODEL LOSS: 2.2404522290229796 with train time 36.2719943523407
INFO:__main__:CHILD MODEL ACCURACY: 0.4039
INFO:__main__:Policy gradient: -0.13561174273490906
INFO:__main__:
INFO:__main__:------ ITERATION 187 ------
INFO:__main__:Layers generated: [('128', '1', '2'), ('16', '3', '1')]
INFO:__main__:ChildCNNModel(
  (model): Sequential(
    (0): Conv2d(3, 128, kernel_size=(3, 3), stride=(1, 1), padding=(1, 1))
    (1): ReLU()
    (2): MaxPool2d(kernel_size=2, stride=2, padding=0, dilation=1, ceil_mode=False)
    (3): Conv2d(128, 128, kernel_size=(1, 1), stride=(1, 1), padding=(2, 2))
    (4): ReLU()
    (5): MaxPool2d(kernel_size=2, stride=2, padding=0, dilation=1, ceil_mode=False)
    (6): Conv2d(128, 16, kernel_size=(3, 3), stride=(1, 1), padding=(1, 1))
    (7): ReLU()
    (8): MaxPool2d(kernel_size=2, stride=2, padding=0, dilation=1, ceil_mode=False)
    (9): Flatten(start_dim=1, end_dim=-1)
    (10): Linear(in_features=400, out_features=512, bias=True)
    (11): ReLU()
    (12): Linear(in_features=512, out_features=256, bias=True)
    (13): ReLU()
    (14): Linear(in_features=256, out_features=100, bias=True)
  )
)
INFO:__main__:CHILD MODEL LOSS: 2.3075457129478454 with train time 39.83909296989441
INFO:__main__:CHILD MODEL ACCURACY: 0.3995
INFO:__main__:Policy gradient: -0.18428128957748413
INFO:__main__:
INFO:__main__:------ ITERATION 188 ------
INFO:__main__:Layers generated: [('64', '1', '0'), ('128', '5', '1')]
INFO:__main__:ChildCNNModel(
  (model): Sequential(
    (0): Conv2d(3, 128, kernel_size=(3, 3), stride=(1, 1), padding=(1, 1))
    (1): ReLU()
    (2): MaxPool2d(kernel_size=2, stride=2, padding=0, dilation=1, ceil_mode=False)
    (3): Conv2d(128, 64, kernel_size=(1, 1), stride=(1, 1))
    (4): ReLU()
    (5): MaxPool2d(kernel_size=2, stride=2, padding=0, dilation=1, ceil_mode=False)
    (6): Conv2d(64, 128, kernel_size=(5, 5), stride=(1, 1), padding=(1, 1))
    (7): ReLU()
    (8): MaxPool2d(kernel_size=2, stride=2, padding=0, dilation=1, ceil_mode=False)
    (9): Flatten(start_dim=1, end_dim=-1)
    (10): Linear(in_features=1152, out_features=512, bias=True)
    (11): ReLU()
    (12): Linear(in_features=512, out_features=256, bias=True)
    (13): ReLU()
    (14): Linear(in_features=256, out_features=100, bias=True)
  )
)
INFO:__main__:CHILD MODEL LOSS: 2.1132587661743165 with train time 36.21147656440735
INFO:__main__:CHILD MODEL ACCURACY: 0.4389
INFO:__main__:Policy gradient: 0.1724751591682434
INFO:__main__:
INFO:__main__:------ ITERATION 189 ------
INFO:__main__:Layers generated: [('64', '1', '1'), ('64', '3', '1')]
INFO:__main__:ChildCNNModel(
  (model): Sequential(
    (0): Conv2d(3, 128, kernel_size=(3, 3), stride=(1, 1), padding=(1, 1))
    (1): ReLU()
    (2): MaxPool2d(kernel_size=2, stride=2, padding=0, dilation=1, ceil_mode=False)
    (3): Conv2d(128, 64, kernel_size=(1, 1), stride=(1, 1), padding=(1, 1))
    (4): ReLU()
    (5): MaxPool2d(kernel_size=2, stride=2, padding=0, dilation=1, ceil_mode=False)
    (6): Conv2d(64, 64, kernel_size=(3, 3), stride=(1, 1), padding=(1, 1))
    (7): ReLU()
    (8): MaxPool2d(kernel_size=2, stride=2, padding=0, dilation=1, ceil_mode=False)
    (9): Flatten(start_dim=1, end_dim=-1)
    (10): Linear(in_features=1024, out_features=512, bias=True)
    (11): ReLU()
    (12): Linear(in_features=512, out_features=256, bias=True)
    (13): ReLU()
    (14): Linear(in_features=256, out_features=100, bias=True)
  )
)
INFO:__main__:CHILD MODEL LOSS: 2.232941197872162 with train time 36.73248100280762
INFO:__main__:CHILD MODEL ACCURACY: 0.4169
INFO:__main__:Policy gradient: -0.028015082702040672
INFO:__main__:
INFO:__main__:------ ITERATION 190 ------
INFO:__main__:Layers generated: [('64', '3', '1'), ('32', '5', '1')]
INFO:__main__:ChildCNNModel(
  (model): Sequential(
    (0): Conv2d(3, 128, kernel_size=(3, 3), stride=(1, 1), padding=(1, 1))
    (1): ReLU()
    (2): MaxPool2d(kernel_size=2, stride=2, padding=0, dilation=1, ceil_mode=False)
    (3): Conv2d(128, 64, kernel_size=(3, 3), stride=(1, 1), padding=(1, 1))
    (4): ReLU()
    (5): MaxPool2d(kernel_size=2, stride=2, padding=0, dilation=1, ceil_mode=False)
    (6): Conv2d(64, 32, kernel_size=(5, 5), stride=(1, 1), padding=(1, 1))
    (7): ReLU()
    (8): MaxPool2d(kernel_size=2, stride=2, padding=0, dilation=1, ceil_mode=False)
    (9): Flatten(start_dim=1, end_dim=-1)
    (10): Linear(in_features=288, out_features=512, bias=True)
    (11): ReLU()
    (12): Linear(in_features=512, out_features=256, bias=True)
    (13): ReLU()
    (14): Linear(in_features=256, out_features=100, bias=True)
  )
)
INFO:__main__:CHILD MODEL LOSS: 2.222387196063995 with train time 36.736104011535645
INFO:__main__:CHILD MODEL ACCURACY: 0.4171
INFO:__main__:Policy gradient: -0.027586858719587326
INFO:__main__:
INFO:__main__:------ ITERATION 191 ------
INFO:__main__:Layers generated: [('256', '3', '1'), ('128', '1', '2')]
INFO:__main__:ChildCNNModel(
  (model): Sequential(
    (0): Conv2d(3, 128, kernel_size=(3, 3), stride=(1, 1), padding=(1, 1))
    (1): ReLU()
    (2): MaxPool2d(kernel_size=2, stride=2, padding=0, dilation=1, ceil_mode=False)
    (3): Conv2d(128, 256, kernel_size=(3, 3), stride=(1, 1), padding=(1, 1))
    (4): ReLU()
    (5): MaxPool2d(kernel_size=2, stride=2, padding=0, dilation=1, ceil_mode=False)
    (6): Conv2d(256, 128, kernel_size=(1, 1), stride=(1, 1), padding=(2, 2))
    (7): ReLU()
    (8): MaxPool2d(kernel_size=2, stride=2, padding=0, dilation=1, ceil_mode=False)
    (9): Flatten(start_dim=1, end_dim=-1)
    (10): Linear(in_features=4608, out_features=512, bias=True)
    (11): ReLU()
    (12): Linear(in_features=512, out_features=256, bias=True)
    (13): ReLU()
    (14): Linear(in_features=256, out_features=100, bias=True)
  )
)
INFO:__main__:CHILD MODEL LOSS: 2.103028962612152 with train time 50.65923571586609
INFO:__main__:CHILD MODEL ACCURACY: 0.4349
INFO:__main__:Policy gradient: 0.08520206063985825
INFO:__main__:
INFO:__main__:------ ITERATION 192 ------
INFO:__main__:Layers generated: [('128', '3', '2'), ('64', '1', '1')]
INFO:__main__:ChildCNNModel(
  (model): Sequential(
    (0): Conv2d(3, 128, kernel_size=(3, 3), stride=(1, 1), padding=(1, 1))
    (1): ReLU()
    (2): MaxPool2d(kernel_size=2, stride=2, padding=0, dilation=1, ceil_mode=False)
    (3): Conv2d(128, 128, kernel_size=(3, 3), stride=(1, 1), padding=(2, 2))
    (4): ReLU()
    (5): MaxPool2d(kernel_size=2, stride=2, padding=0, dilation=1, ceil_mode=False)
    (6): Conv2d(128, 64, kernel_size=(1, 1), stride=(1, 1), padding=(1, 1))
    (7): ReLU()
    (8): MaxPool2d(kernel_size=2, stride=2, padding=0, dilation=1, ceil_mode=False)
    (9): Flatten(start_dim=1, end_dim=-1)
    (10): Linear(in_features=1600, out_features=512, bias=True)
    (11): ReLU()
    (12): Linear(in_features=512, out_features=256, bias=True)
    (13): ReLU()
    (14): Linear(in_features=256, out_features=100, bias=True)
  )
)
INFO:__main__:CHILD MODEL LOSS: 2.124208607196808 with train time 44.23126578330994
INFO:__main__:CHILD MODEL ACCURACY: 0.4246
INFO:__main__:Policy gradient: 0.019417654722929
INFO:__main__:
INFO:__main__:------ ITERATION 193 ------
INFO:__main__:Layers generated: [('32', '3', '2'), ('128', '3', '0')]
INFO:__main__:ChildCNNModel(
  (model): Sequential(
    (0): Conv2d(3, 128, kernel_size=(3, 3), stride=(1, 1), padding=(1, 1))
    (1): ReLU()
    (2): MaxPool2d(kernel_size=2, stride=2, padding=0, dilation=1, ceil_mode=False)
    (3): Conv2d(128, 32, kernel_size=(3, 3), stride=(1, 1), padding=(2, 2))
    (4): ReLU()
    (5): MaxPool2d(kernel_size=2, stride=2, padding=0, dilation=1, ceil_mode=False)
    (6): Conv2d(32, 128, kernel_size=(3, 3), stride=(1, 1))
    (7): ReLU()
    (8): MaxPool2d(kernel_size=2, stride=2, padding=0, dilation=1, ceil_mode=False)
    (9): Flatten(start_dim=1, end_dim=-1)
    (10): Linear(in_features=1152, out_features=512, bias=True)
    (11): ReLU()
    (12): Linear(in_features=512, out_features=256, bias=True)
    (13): ReLU()
    (14): Linear(in_features=256, out_features=100, bias=True)
  )
)
INFO:__main__:CHILD MODEL LOSS: 2.0724311518669127 with train time 38.06047964096069
INFO:__main__:CHILD MODEL ACCURACY: 0.4412
INFO:__main__:Policy gradient: 0.13863031566143036
INFO:__main__:
INFO:__main__:------ ITERATION 194 ------
INFO:__main__:Layers generated: [('64', '3', '1'), ('128', '3', '1')]
INFO:__main__:ChildCNNModel(
  (model): Sequential(
    (0): Conv2d(3, 128, kernel_size=(3, 3), stride=(1, 1), padding=(1, 1))
    (1): ReLU()
    (2): MaxPool2d(kernel_size=2, stride=2, padding=0, dilation=1, ceil_mode=False)
    (3): Conv2d(128, 64, kernel_size=(3, 3), stride=(1, 1), padding=(1, 1))
    (4): ReLU()
    (5): MaxPool2d(kernel_size=2, stride=2, padding=0, dilation=1, ceil_mode=False)
    (6): Conv2d(64, 128, kernel_size=(3, 3), stride=(1, 1), padding=(1, 1))
    (7): ReLU()
    (8): MaxPool2d(kernel_size=2, stride=2, padding=0, dilation=1, ceil_mode=False)
    (9): Flatten(start_dim=1, end_dim=-1)
    (10): Linear(in_features=2048, out_features=512, bias=True)
    (11): ReLU()
    (12): Linear(in_features=512, out_features=256, bias=True)
    (13): ReLU()
    (14): Linear(in_features=256, out_features=100, bias=True)
  )
)
INFO:__main__:CHILD MODEL LOSS: 2.008448308467865 with train time 37.22548842430115
INFO:__main__:CHILD MODEL ACCURACY: 0.4612
INFO:__main__:Policy gradient: 0.18370555341243744
INFO:__main__:
INFO:__main__:------ ITERATION 195 ------
INFO:__main__:Layers generated: [('256', '1', '1'), ('32', '5', '1')]
INFO:__main__:ChildCNNModel(
  (model): Sequential(
    (0): Conv2d(3, 128, kernel_size=(3, 3), stride=(1, 1), padding=(1, 1))
    (1): ReLU()
    (2): MaxPool2d(kernel_size=2, stride=2, padding=0, dilation=1, ceil_mode=False)
    (3): Conv2d(128, 256, kernel_size=(1, 1), stride=(1, 1), padding=(1, 1))
    (4): ReLU()
    (5): MaxPool2d(kernel_size=2, stride=2, padding=0, dilation=1, ceil_mode=False)
    (6): Conv2d(256, 32, kernel_size=(5, 5), stride=(1, 1), padding=(1, 1))
    (7): ReLU()
    (8): MaxPool2d(kernel_size=2, stride=2, padding=0, dilation=1, ceil_mode=False)
    (9): Flatten(start_dim=1, end_dim=-1)
    (10): Linear(in_features=288, out_features=512, bias=True)
    (11): ReLU()
    (12): Linear(in_features=512, out_features=256, bias=True)
    (13): ReLU()
    (14): Linear(in_features=256, out_features=100, bias=True)
  )
)
INFO:__main__:CHILD MODEL LOSS: 2.278798728942871 with train time 51.134076833724976
INFO:__main__:CHILD MODEL ACCURACY: 0.4063
INFO:__main__:Policy gradient: -0.17438358068466187
INFO:__main__:
INFO:__main__:------ ITERATION 196 ------
INFO:__main__:Layers generated: [('64', '3', '2'), ('128', '3', '1')]
INFO:__main__:ChildCNNModel(
  (model): Sequential(
    (0): Conv2d(3, 128, kernel_size=(3, 3), stride=(1, 1), padding=(1, 1))
    (1): ReLU()
    (2): MaxPool2d(kernel_size=2, stride=2, padding=0, dilation=1, ceil_mode=False)
    (3): Conv2d(128, 64, kernel_size=(3, 3), stride=(1, 1), padding=(2, 2))
    (4): ReLU()
    (5): MaxPool2d(kernel_size=2, stride=2, padding=0, dilation=1, ceil_mode=False)
    (6): Conv2d(64, 128, kernel_size=(3, 3), stride=(1, 1), padding=(1, 1))
    (7): ReLU()
    (8): MaxPool2d(kernel_size=2, stride=2, padding=0, dilation=1, ceil_mode=False)
    (9): Flatten(start_dim=1, end_dim=-1)
    (10): Linear(in_features=2048, out_features=512, bias=True)
    (11): ReLU()
    (12): Linear(in_features=512, out_features=256, bias=True)
    (13): ReLU()
    (14): Linear(in_features=256, out_features=100, bias=True)
  )
)
INFO:__main__:CHILD MODEL LOSS: 1.89646094083786 with train time 38.966203689575195
INFO:__main__:CHILD MODEL ACCURACY: 0.4672
INFO:__main__:Policy gradient: 0.2267499417066574
INFO:__main__:
INFO:__main__:------ ITERATION 197 ------
INFO:__main__:Layers generated: [('256', '3', '0'), ('64', '3', '1')]
INFO:__main__:ChildCNNModel(
  (model): Sequential(
    (0): Conv2d(3, 128, kernel_size=(3, 3), stride=(1, 1), padding=(1, 1))
    (1): ReLU()
    (2): MaxPool2d(kernel_size=2, stride=2, padding=0, dilation=1, ceil_mode=False)
    (3): Conv2d(128, 256, kernel_size=(3, 3), stride=(1, 1))
    (4): ReLU()
    (5): MaxPool2d(kernel_size=2, stride=2, padding=0, dilation=1, ceil_mode=False)
    (6): Conv2d(256, 64, kernel_size=(3, 3), stride=(1, 1), padding=(1, 1))
    (7): ReLU()
    (8): MaxPool2d(kernel_size=2, stride=2, padding=0, dilation=1, ceil_mode=False)
    (9): Flatten(start_dim=1, end_dim=-1)
    (10): Linear(in_features=576, out_features=512, bias=True)
    (11): ReLU()
    (12): Linear(in_features=512, out_features=256, bias=True)
    (13): ReLU()
    (14): Linear(in_features=256, out_features=100, bias=True)
  )
)
INFO:__main__:CHILD MODEL LOSS: 2.1155600485801695 with train time 44.85097694396973
INFO:__main__:CHILD MODEL ACCURACY: 0.4436
INFO:__main__:Policy gradient: 0.07392152398824692
INFO:__main__:
INFO:__main__:------ ITERATION 198 ------
INFO:__main__:Layers generated: [('16', '3', '1'), ('32', '3', '1')]
INFO:__main__:ChildCNNModel(
  (model): Sequential(
    (0): Conv2d(3, 128, kernel_size=(3, 3), stride=(1, 1), padding=(1, 1))
    (1): ReLU()
    (2): MaxPool2d(kernel_size=2, stride=2, padding=0, dilation=1, ceil_mode=False)
    (3): Conv2d(128, 16, kernel_size=(3, 3), stride=(1, 1), padding=(1, 1))
    (4): ReLU()
    (5): MaxPool2d(kernel_size=2, stride=2, padding=0, dilation=1, ceil_mode=False)
    (6): Conv2d(16, 32, kernel_size=(3, 3), stride=(1, 1), padding=(1, 1))
    (7): ReLU()
    (8): MaxPool2d(kernel_size=2, stride=2, padding=0, dilation=1, ceil_mode=False)
    (9): Flatten(start_dim=1, end_dim=-1)
    (10): Linear(in_features=512, out_features=512, bias=True)
    (11): ReLU()
    (12): Linear(in_features=512, out_features=256, bias=True)
    (13): ReLU()
    (14): Linear(in_features=256, out_features=100, bias=True)
  )
)
INFO:__main__:CHILD MODEL LOSS: 2.345432593345642 with train time 36.03756904602051
INFO:__main__:CHILD MODEL ACCURACY: 0.3956
INFO:__main__:Policy gradient: -0.24289000034332275
INFO:__main__:
INFO:__main__:------ ITERATION 199 ------
INFO:__main__:Layers generated: [('64', '1', '2'), ('256', '5', '2')]
INFO:__main__:ChildCNNModel(
  (model): Sequential(
    (0): Conv2d(3, 128, kernel_size=(3, 3), stride=(1, 1), padding=(1, 1))
    (1): ReLU()
    (2): MaxPool2d(kernel_size=2, stride=2, padding=0, dilation=1, ceil_mode=False)
    (3): Conv2d(128, 64, kernel_size=(1, 1), stride=(1, 1), padding=(2, 2))
    (4): ReLU()
    (5): MaxPool2d(kernel_size=2, stride=2, padding=0, dilation=1, ceil_mode=False)
    (6): Conv2d(64, 256, kernel_size=(5, 5), stride=(1, 1), padding=(2, 2))
    (7): ReLU()
    (8): MaxPool2d(kernel_size=2, stride=2, padding=0, dilation=1, ceil_mode=False)
    (9): Flatten(start_dim=1, end_dim=-1)
    (10): Linear(in_features=6400, out_features=512, bias=True)
    (11): ReLU()
    (12): Linear(in_features=512, out_features=256, bias=True)
    (13): ReLU()
    (14): Linear(in_features=256, out_features=100, bias=True)
  )
)
INFO:__main__:CHILD MODEL LOSS: 1.8643005452156067 with train time 43.86815857887268
INFO:__main__:CHILD MODEL ACCURACY: 0.4799
INFO:__main__:Policy gradient: 0.4650620222091675
INFO:__main__:
INFO:__main__:------ ITERATION 200 ------
INFO:__main__:Layers generated: [('256', '3', '1'), ('64', '3', '1')]
INFO:__main__:ChildCNNModel(
  (model): Sequential(
    (0): Conv2d(3, 128, kernel_size=(3, 3), stride=(1, 1), padding=(1, 1))
    (1): ReLU()
    (2): MaxPool2d(kernel_size=2, stride=2, padding=0, dilation=1, ceil_mode=False)
    (3): Conv2d(128, 256, kernel_size=(3, 3), stride=(1, 1), padding=(1, 1))
    (4): ReLU()
    (5): MaxPool2d(kernel_size=2, stride=2, padding=0, dilation=1, ceil_mode=False)
    (6): Conv2d(256, 64, kernel_size=(3, 3), stride=(1, 1), padding=(1, 1))
    (7): ReLU()
    (8): MaxPool2d(kernel_size=2, stride=2, padding=0, dilation=1, ceil_mode=False)
    (9): Flatten(start_dim=1, end_dim=-1)
    (10): Linear(in_features=1024, out_features=512, bias=True)
    (11): ReLU()
    (12): Linear(in_features=512, out_features=256, bias=True)
    (13): ReLU()
    (14): Linear(in_features=256, out_features=100, bias=True)
  )
)
INFO:__main__:CHILD MODEL LOSS: 2.0577865347862243 with train time 49.357316970825195
INFO:__main__:CHILD MODEL ACCURACY: 0.4406
INFO:__main__:Policy gradient: 0.0351884663105011
INFO:__main__:
INFO:__main__:------ ITERATION 201 ------
INFO:__main__:Layers generated: [('256', '5', '2'), ('256', '1', '1')]
INFO:__main__:ChildCNNModel(
  (model): Sequential(
    (0): Conv2d(3, 128, kernel_size=(3, 3), stride=(1, 1), padding=(1, 1))
    (1): ReLU()
    (2): MaxPool2d(kernel_size=2, stride=2, padding=0, dilation=1, ceil_mode=False)
    (3): Conv2d(128, 256, kernel_size=(5, 5), stride=(1, 1), padding=(2, 2))
    (4): ReLU()
    (5): MaxPool2d(kernel_size=2, stride=2, padding=0, dilation=1, ceil_mode=False)
    (6): Conv2d(256, 256, kernel_size=(1, 1), stride=(1, 1), padding=(1, 1))
    (7): ReLU()
    (8): MaxPool2d(kernel_size=2, stride=2, padding=0, dilation=1, ceil_mode=False)
    (9): Flatten(start_dim=1, end_dim=-1)
    (10): Linear(in_features=6400, out_features=512, bias=True)
    (11): ReLU()
    (12): Linear(in_features=512, out_features=256, bias=True)
    (13): ReLU()
    (14): Linear(in_features=256, out_features=100, bias=True)
  )
)
INFO:__main__:CHILD MODEL LOSS: 1.9758672494888305 with train time 72.39772891998291
INFO:__main__:CHILD MODEL ACCURACY: 0.4558
INFO:__main__:Policy gradient: 0.17160239815711975
INFO:__main__:
INFO:__main__:------ ITERATION 202 ------
INFO:__main__:Layers generated: [('256', '3', '1'), ('32', '1', '1')]
INFO:__main__:ChildCNNModel(
  (model): Sequential(
    (0): Conv2d(3, 128, kernel_size=(3, 3), stride=(1, 1), padding=(1, 1))
    (1): ReLU()
    (2): MaxPool2d(kernel_size=2, stride=2, padding=0, dilation=1, ceil_mode=False)
    (3): Conv2d(128, 256, kernel_size=(3, 3), stride=(1, 1), padding=(1, 1))
    (4): ReLU()
    (5): MaxPool2d(kernel_size=2, stride=2, padding=0, dilation=1, ceil_mode=False)
    (6): Conv2d(256, 32, kernel_size=(1, 1), stride=(1, 1), padding=(1, 1))
    (7): ReLU()
    (8): MaxPool2d(kernel_size=2, stride=2, padding=0, dilation=1, ceil_mode=False)
    (9): Flatten(start_dim=1, end_dim=-1)
    (10): Linear(in_features=800, out_features=512, bias=True)
    (11): ReLU()
    (12): Linear(in_features=512, out_features=256, bias=True)
    (13): ReLU()
    (14): Linear(in_features=256, out_features=100, bias=True)
  )
)
INFO:__main__:CHILD MODEL LOSS: 2.158865508556366 with train time 47.903759479522705
INFO:__main__:CHILD MODEL ACCURACY: 0.4289
INFO:__main__:Policy gradient: -0.04278544709086418
INFO:__main__:
INFO:__main__:------ ITERATION 203 ------
INFO:__main__:Layers generated: [('32', '5', '1'), ('64', '1', '1')]
INFO:__main__:ChildCNNModel(
  (model): Sequential(
    (0): Conv2d(3, 128, kernel_size=(3, 3), stride=(1, 1), padding=(1, 1))
    (1): ReLU()
    (2): MaxPool2d(kernel_size=2, stride=2, padding=0, dilation=1, ceil_mode=False)
    (3): Conv2d(128, 32, kernel_size=(5, 5), stride=(1, 1), padding=(1, 1))
    (4): ReLU()
    (5): MaxPool2d(kernel_size=2, stride=2, padding=0, dilation=1, ceil_mode=False)
    (6): Conv2d(32, 64, kernel_size=(1, 1), stride=(1, 1), padding=(1, 1))
    (7): ReLU()
    (8): MaxPool2d(kernel_size=2, stride=2, padding=0, dilation=1, ceil_mode=False)
    (9): Flatten(start_dim=1, end_dim=-1)
    (10): Linear(in_features=1024, out_features=512, bias=True)
    (11): ReLU()
    (12): Linear(in_features=512, out_features=256, bias=True)
    (13): ReLU()
    (14): Linear(in_features=256, out_features=100, bias=True)
  )
)
INFO:__main__:CHILD MODEL LOSS: 2.2049696769714355 with train time 37.980201959609985
INFO:__main__:CHILD MODEL ACCURACY: 0.4291
INFO:__main__:Policy gradient: -0.05603807792067528
INFO:__main__:
INFO:__main__:------ ITERATION 204 ------
INFO:__main__:Layers generated: [('128', '5', '1'), ('32', '3', '2')]
INFO:__main__:ChildCNNModel(
  (model): Sequential(
    (0): Conv2d(3, 128, kernel_size=(3, 3), stride=(1, 1), padding=(1, 1))
    (1): ReLU()
    (2): MaxPool2d(kernel_size=2, stride=2, padding=0, dilation=1, ceil_mode=False)
    (3): Conv2d(128, 128, kernel_size=(5, 5), stride=(1, 1), padding=(1, 1))
    (4): ReLU()
    (5): MaxPool2d(kernel_size=2, stride=2, padding=0, dilation=1, ceil_mode=False)
    (6): Conv2d(128, 32, kernel_size=(3, 3), stride=(1, 1), padding=(2, 2))
    (7): ReLU()
    (8): MaxPool2d(kernel_size=2, stride=2, padding=0, dilation=1, ceil_mode=False)
    (9): Flatten(start_dim=1, end_dim=-1)
    (10): Linear(in_features=512, out_features=512, bias=True)
    (11): ReLU()
    (12): Linear(in_features=512, out_features=256, bias=True)
    (13): ReLU()
    (14): Linear(in_features=256, out_features=100, bias=True)
  )
)
INFO:__main__:CHILD MODEL LOSS: 2.1157611684799194 with train time 44.082682609558105
INFO:__main__:CHILD MODEL ACCURACY: 0.4248
INFO:__main__:Policy gradient: -0.08504556119441986
INFO:__main__:
INFO:__main__:------ ITERATION 205 ------
INFO:__main__:Layers generated: [('64', '3', '1'), ('64', '5', '2')]
INFO:__main__:ChildCNNModel(
  (model): Sequential(
    (0): Conv2d(3, 128, kernel_size=(3, 3), stride=(1, 1), padding=(1, 1))
    (1): ReLU()
    (2): MaxPool2d(kernel_size=2, stride=2, padding=0, dilation=1, ceil_mode=False)
    (3): Conv2d(128, 64, kernel_size=(3, 3), stride=(1, 1), padding=(1, 1))
    (4): ReLU()
    (5): MaxPool2d(kernel_size=2, stride=2, padding=0, dilation=1, ceil_mode=False)
    (6): Conv2d(64, 64, kernel_size=(5, 5), stride=(1, 1), padding=(2, 2))
    (7): ReLU()
    (8): MaxPool2d(kernel_size=2, stride=2, padding=0, dilation=1, ceil_mode=False)
    (9): Flatten(start_dim=1, end_dim=-1)
    (10): Linear(in_features=1024, out_features=512, bias=True)
    (11): ReLU()
    (12): Linear(in_features=512, out_features=256, bias=True)
    (13): ReLU()
    (14): Linear(in_features=256, out_features=100, bias=True)
  )
)
INFO:__main__:CHILD MODEL LOSS: 2.0017220311164854 with train time 37.43498086929321
INFO:__main__:CHILD MODEL ACCURACY: 0.4594
INFO:__main__:Policy gradient: 0.19628356397151947
INFO:__main__:
INFO:__main__:------ ITERATION 206 ------
INFO:__main__:Layers generated: [('128', '1', '0'), ('64', '3', '1')]
INFO:__main__:ChildCNNModel(
  (model): Sequential(
    (0): Conv2d(3, 128, kernel_size=(3, 3), stride=(1, 1), padding=(1, 1))
    (1): ReLU()
    (2): MaxPool2d(kernel_size=2, stride=2, padding=0, dilation=1, ceil_mode=False)
    (3): Conv2d(128, 128, kernel_size=(1, 1), stride=(1, 1))
    (4): ReLU()
    (5): MaxPool2d(kernel_size=2, stride=2, padding=0, dilation=1, ceil_mode=False)
    (6): Conv2d(128, 64, kernel_size=(3, 3), stride=(1, 1), padding=(1, 1))
    (7): ReLU()
    (8): MaxPool2d(kernel_size=2, stride=2, padding=0, dilation=1, ceil_mode=False)
    (9): Flatten(start_dim=1, end_dim=-1)
    (10): Linear(in_features=1024, out_features=512, bias=True)
    (11): ReLU()
    (12): Linear(in_features=512, out_features=256, bias=True)
    (13): ReLU()
    (14): Linear(in_features=256, out_features=100, bias=True)
  )
)
INFO:__main__:CHILD MODEL LOSS: 2.1339007792472837 with train time 37.667805433273315
INFO:__main__:CHILD MODEL ACCURACY: 0.4321
INFO:__main__:Policy gradient: -0.03122650645673275
INFO:__main__:
INFO:__main__:------ ITERATION 207 ------
INFO:__main__:Layers generated: [('64', '3', '0'), ('128', '1', '2')]
INFO:__main__:ChildCNNModel(
  (model): Sequential(
    (0): Conv2d(3, 128, kernel_size=(3, 3), stride=(1, 1), padding=(1, 1))
    (1): ReLU()
    (2): MaxPool2d(kernel_size=2, stride=2, padding=0, dilation=1, ceil_mode=False)
    (3): Conv2d(128, 64, kernel_size=(3, 3), stride=(1, 1))
    (4): ReLU()
    (5): MaxPool2d(kernel_size=2, stride=2, padding=0, dilation=1, ceil_mode=False)
    (6): Conv2d(64, 128, kernel_size=(1, 1), stride=(1, 1), padding=(2, 2))
    (7): ReLU()
    (8): MaxPool2d(kernel_size=2, stride=2, padding=0, dilation=1, ceil_mode=False)
    (9): Flatten(start_dim=1, end_dim=-1)
    (10): Linear(in_features=3200, out_features=512, bias=True)
    (11): ReLU()
    (12): Linear(in_features=512, out_features=256, bias=True)
    (13): ReLU()
    (14): Linear(in_features=256, out_features=100, bias=True)
  )
)
INFO:__main__:CHILD MODEL LOSS: 2.3655331420898436 with train time 37.389394998550415
INFO:__main__:CHILD MODEL ACCURACY: 0.3884
INFO:__main__:Policy gradient: -0.33913666009902954
INFO:__main__:
INFO:__main__:------ ITERATION 208 ------
INFO:__main__:Layers generated: [('256', '5', '0'), ('128', '3', '1')]
INFO:__main__:ChildCNNModel(
  (model): Sequential(
    (0): Conv2d(3, 128, kernel_size=(3, 3), stride=(1, 1), padding=(1, 1))
    (1): ReLU()
    (2): MaxPool2d(kernel_size=2, stride=2, padding=0, dilation=1, ceil_mode=False)
    (3): Conv2d(128, 256, kernel_size=(5, 5), stride=(1, 1))
    (4): ReLU()
    (5): MaxPool2d(kernel_size=2, stride=2, padding=0, dilation=1, ceil_mode=False)
    (6): Conv2d(256, 128, kernel_size=(3, 3), stride=(1, 1), padding=(1, 1))
    (7): ReLU()
    (8): MaxPool2d(kernel_size=2, stride=2, padding=0, dilation=1, ceil_mode=False)
    (9): Flatten(start_dim=1, end_dim=-1)
    (10): Linear(in_features=1152, out_features=512, bias=True)
    (11): ReLU()
    (12): Linear(in_features=512, out_features=256, bias=True)
    (13): ReLU()
    (14): Linear(in_features=256, out_features=100, bias=True)
  )
)
INFO:__main__:CHILD MODEL LOSS: 2.018753550052643 with train time 55.60722231864929
INFO:__main__:CHILD MODEL ACCURACY: 0.4555
INFO:__main__:Policy gradient: 0.17552655935287476
INFO:__main__:
INFO:__main__:------ ITERATION 209 ------
INFO:__main__:Layers generated: [('16', '3', '1'), ('128', '5', '1')]
INFO:__main__:ChildCNNModel(
  (model): Sequential(
    (0): Conv2d(3, 128, kernel_size=(3, 3), stride=(1, 1), padding=(1, 1))
    (1): ReLU()
    (2): MaxPool2d(kernel_size=2, stride=2, padding=0, dilation=1, ceil_mode=False)
    (3): Conv2d(128, 16, kernel_size=(3, 3), stride=(1, 1), padding=(1, 1))
    (4): ReLU()
    (5): MaxPool2d(kernel_size=2, stride=2, padding=0, dilation=1, ceil_mode=False)
    (6): Conv2d(16, 128, kernel_size=(5, 5), stride=(1, 1), padding=(1, 1))
    (7): ReLU()
    (8): MaxPool2d(kernel_size=2, stride=2, padding=0, dilation=1, ceil_mode=False)
    (9): Flatten(start_dim=1, end_dim=-1)
    (10): Linear(in_features=1152, out_features=512, bias=True)
    (11): ReLU()
    (12): Linear(in_features=512, out_features=256, bias=True)
    (13): ReLU()
    (14): Linear(in_features=256, out_features=100, bias=True)
  )
)
INFO:__main__:CHILD MODEL LOSS: 2.226423300743103 with train time 36.23294949531555
INFO:__main__:CHILD MODEL ACCURACY: 0.4131
INFO:__main__:Policy gradient: -0.16598916053771973
INFO:__main__:
INFO:__main__:------ ITERATION 210 ------
INFO:__main__:Layers generated: [('32', '3', '1'), ('256', '1', '1')]
INFO:__main__:ChildCNNModel(
  (model): Sequential(
    (0): Conv2d(3, 128, kernel_size=(3, 3), stride=(1, 1), padding=(1, 1))
    (1): ReLU()
    (2): MaxPool2d(kernel_size=2, stride=2, padding=0, dilation=1, ceil_mode=False)
    (3): Conv2d(128, 32, kernel_size=(3, 3), stride=(1, 1), padding=(1, 1))
    (4): ReLU()
    (5): MaxPool2d(kernel_size=2, stride=2, padding=0, dilation=1, ceil_mode=False)
    (6): Conv2d(32, 256, kernel_size=(1, 1), stride=(1, 1), padding=(1, 1))
    (7): ReLU()
    (8): MaxPool2d(kernel_size=2, stride=2, padding=0, dilation=1, ceil_mode=False)
    (9): Flatten(start_dim=1, end_dim=-1)
    (10): Linear(in_features=6400, out_features=512, bias=True)
    (11): ReLU()
    (12): Linear(in_features=512, out_features=256, bias=True)
    (13): ReLU()
    (14): Linear(in_features=256, out_features=100, bias=True)
  )
)
INFO:__main__:CHILD MODEL LOSS: 2.214868681907654 with train time 37.66867423057556
INFO:__main__:CHILD MODEL ACCURACY: 0.4158
INFO:__main__:Policy gradient: -0.10720057040452957
INFO:__main__:
INFO:__main__:------ ITERATION 211 ------
INFO:__main__:Layers generated: [('256', '3', '2'), ('64', '1', '0')]
INFO:__main__:ChildCNNModel(
  (model): Sequential(
    (0): Conv2d(3, 128, kernel_size=(3, 3), stride=(1, 1), padding=(1, 1))
    (1): ReLU()
    (2): MaxPool2d(kernel_size=2, stride=2, padding=0, dilation=1, ceil_mode=False)
    (3): Conv2d(128, 256, kernel_size=(3, 3), stride=(1, 1), padding=(2, 2))
    (4): ReLU()
    (5): MaxPool2d(kernel_size=2, stride=2, padding=0, dilation=1, ceil_mode=False)
    (6): Conv2d(256, 64, kernel_size=(1, 1), stride=(1, 1))
    (7): ReLU()
    (8): MaxPool2d(kernel_size=2, stride=2, padding=0, dilation=1, ceil_mode=False)
    (9): Flatten(start_dim=1, end_dim=-1)
    (10): Linear(in_features=1024, out_features=512, bias=True)
    (11): ReLU()
    (12): Linear(in_features=512, out_features=256, bias=True)
    (13): ReLU()
    (14): Linear(in_features=256, out_features=100, bias=True)
  )
)
INFO:__main__:CHILD MODEL LOSS: 2.123071479797363 with train time 59.3610143661499
INFO:__main__:CHILD MODEL ACCURACY: 0.4391
INFO:__main__:Policy gradient: 0.06412377208471298
INFO:__main__:
INFO:__main__:------ ITERATION 212 ------
INFO:__main__:Layers generated: [('256', '3', '1'), ('128', '5', '2')]
INFO:__main__:ChildCNNModel(
  (model): Sequential(
    (0): Conv2d(3, 128, kernel_size=(3, 3), stride=(1, 1), padding=(1, 1))
    (1): ReLU()
    (2): MaxPool2d(kernel_size=2, stride=2, padding=0, dilation=1, ceil_mode=False)
    (3): Conv2d(128, 256, kernel_size=(3, 3), stride=(1, 1), padding=(1, 1))
    (4): ReLU()
    (5): MaxPool2d(kernel_size=2, stride=2, padding=0, dilation=1, ceil_mode=False)
    (6): Conv2d(256, 128, kernel_size=(5, 5), stride=(1, 1), padding=(2, 2))
    (7): ReLU()
    (8): MaxPool2d(kernel_size=2, stride=2, padding=0, dilation=1, ceil_mode=False)
    (9): Flatten(start_dim=1, end_dim=-1)
    (10): Linear(in_features=2048, out_features=512, bias=True)
    (11): ReLU()
    (12): Linear(in_features=512, out_features=256, bias=True)
    (13): ReLU()
    (14): Linear(in_features=256, out_features=100, bias=True)
  )
)
INFO:__main__:CHILD MODEL LOSS: 2.0440990552902223 with train time 56.45308494567871
INFO:__main__:CHILD MODEL ACCURACY: 0.4534
INFO:__main__:Policy gradient: 0.1501794457435608
INFO:__main__:
INFO:__main__:------ ITERATION 213 ------
INFO:__main__:Layers generated: [('256', '1', '1'), ('64', '1', '2')]
INFO:__main__:ChildCNNModel(
  (model): Sequential(
    (0): Conv2d(3, 128, kernel_size=(3, 3), stride=(1, 1), padding=(1, 1))
    (1): ReLU()
    (2): MaxPool2d(kernel_size=2, stride=2, padding=0, dilation=1, ceil_mode=False)
    (3): Conv2d(128, 256, kernel_size=(1, 1), stride=(1, 1), padding=(1, 1))
    (4): ReLU()
    (5): MaxPool2d(kernel_size=2, stride=2, padding=0, dilation=1, ceil_mode=False)
    (6): Conv2d(256, 64, kernel_size=(1, 1), stride=(1, 1), padding=(2, 2))
    (7): ReLU()
    (8): MaxPool2d(kernel_size=2, stride=2, padding=0, dilation=1, ceil_mode=False)
    (9): Flatten(start_dim=1, end_dim=-1)
    (10): Linear(in_features=2304, out_features=512, bias=True)
    (11): ReLU()
    (12): Linear(in_features=512, out_features=256, bias=True)
    (13): ReLU()
    (14): Linear(in_features=256, out_features=100, bias=True)
  )
)
INFO:__main__:CHILD MODEL LOSS: 2.2645038299560545 with train time 44.070048570632935
INFO:__main__:CHILD MODEL ACCURACY: 0.4014
INFO:__main__:Policy gradient: -0.2306627631187439
INFO:__main__:
INFO:__main__:------ ITERATION 214 ------
INFO:__main__:Layers generated: [('64', '3', '1'), ('128', '3', '0')]
INFO:__main__:ChildCNNModel(
  (model): Sequential(
    (0): Conv2d(3, 128, kernel_size=(3, 3), stride=(1, 1), padding=(1, 1))
    (1): ReLU()
    (2): MaxPool2d(kernel_size=2, stride=2, padding=0, dilation=1, ceil_mode=False)
    (3): Conv2d(128, 64, kernel_size=(3, 3), stride=(1, 1), padding=(1, 1))
    (4): ReLU()
    (5): MaxPool2d(kernel_size=2, stride=2, padding=0, dilation=1, ceil_mode=False)
    (6): Conv2d(64, 128, kernel_size=(3, 3), stride=(1, 1))
    (7): ReLU()
    (8): MaxPool2d(kernel_size=2, stride=2, padding=0, dilation=1, ceil_mode=False)
    (9): Flatten(start_dim=1, end_dim=-1)
    (10): Linear(in_features=1152, out_features=512, bias=True)
    (11): ReLU()
    (12): Linear(in_features=512, out_features=256, bias=True)
    (13): ReLU()
    (14): Linear(in_features=256, out_features=100, bias=True)
  )
)
INFO:__main__:CHILD MODEL LOSS: 2.0957534856796265 with train time 37.34052038192749
INFO:__main__:CHILD MODEL ACCURACY: 0.4353
INFO:__main__:Policy gradient: 0.03162306547164917
INFO:__main__:
INFO:__main__:------ ITERATION 215 ------
INFO:__main__:Layers generated: [('256', '3', '1'), ('256', '3', '1')]
INFO:__main__:ChildCNNModel(
  (model): Sequential(
    (0): Conv2d(3, 128, kernel_size=(3, 3), stride=(1, 1), padding=(1, 1))
    (1): ReLU()
    (2): MaxPool2d(kernel_size=2, stride=2, padding=0, dilation=1, ceil_mode=False)
    (3): Conv2d(128, 256, kernel_size=(3, 3), stride=(1, 1), padding=(1, 1))
    (4): ReLU()
    (5): MaxPool2d(kernel_size=2, stride=2, padding=0, dilation=1, ceil_mode=False)
    (6): Conv2d(256, 256, kernel_size=(3, 3), stride=(1, 1), padding=(1, 1))
    (7): ReLU()
    (8): MaxPool2d(kernel_size=2, stride=2, padding=0, dilation=1, ceil_mode=False)
    (9): Flatten(start_dim=1, end_dim=-1)
    (10): Linear(in_features=4096, out_features=512, bias=True)
    (11): ReLU()
    (12): Linear(in_features=512, out_features=256, bias=True)
    (13): ReLU()
    (14): Linear(in_features=256, out_features=100, bias=True)
  )
)
INFO:__main__:CHILD MODEL LOSS: 1.8290893030166626 with train time 55.602850914001465
INFO:__main__:CHILD MODEL ACCURACY: 0.4757
INFO:__main__:Policy gradient: 0.1878785938024521
INFO:__main__:
INFO:__main__:------ ITERATION 216 ------
INFO:__main__:Layers generated: [('256', '3', '0'), ('16', '3', '1')]
INFO:__main__:ChildCNNModel(
  (model): Sequential(
    (0): Conv2d(3, 128, kernel_size=(3, 3), stride=(1, 1), padding=(1, 1))
    (1): ReLU()
    (2): MaxPool2d(kernel_size=2, stride=2, padding=0, dilation=1, ceil_mode=False)
    (3): Conv2d(128, 256, kernel_size=(3, 3), stride=(1, 1))
    (4): ReLU()
    (5): MaxPool2d(kernel_size=2, stride=2, padding=0, dilation=1, ceil_mode=False)
    (6): Conv2d(256, 16, kernel_size=(3, 3), stride=(1, 1), padding=(1, 1))
    (7): ReLU()
    (8): MaxPool2d(kernel_size=2, stride=2, padding=0, dilation=1, ceil_mode=False)
    (9): Flatten(start_dim=1, end_dim=-1)
    (10): Linear(in_features=144, out_features=512, bias=True)
    (11): ReLU()
    (12): Linear(in_features=512, out_features=256, bias=True)
    (13): ReLU()
    (14): Linear(in_features=256, out_features=100, bias=True)
  )
)
INFO:__main__:CHILD MODEL LOSS: 2.591162657737732 with train time 44.23887324333191
INFO:__main__:CHILD MODEL ACCURACY: 0.3488
INFO:__main__:Policy gradient: -0.5525839328765869
INFO:__main__:
INFO:__main__:------ ITERATION 217 ------
INFO:__main__:Layers generated: [('256', '3', '0'), ('256', '5', '1')]
INFO:__main__:ChildCNNModel(
  (model): Sequential(
    (0): Conv2d(3, 128, kernel_size=(3, 3), stride=(1, 1), padding=(1, 1))
    (1): ReLU()
    (2): MaxPool2d(kernel_size=2, stride=2, padding=0, dilation=1, ceil_mode=False)
    (3): Conv2d(128, 256, kernel_size=(3, 3), stride=(1, 1))
    (4): ReLU()
    (5): MaxPool2d(kernel_size=2, stride=2, padding=0, dilation=1, ceil_mode=False)
    (6): Conv2d(256, 256, kernel_size=(5, 5), stride=(1, 1), padding=(1, 1))
    (7): ReLU()
    (8): MaxPool2d(kernel_size=2, stride=2, padding=0, dilation=1, ceil_mode=False)
    (9): Flatten(start_dim=1, end_dim=-1)
    (10): Linear(in_features=1024, out_features=512, bias=True)
    (11): ReLU()
    (12): Linear(in_features=512, out_features=256, bias=True)
    (13): ReLU()
    (14): Linear(in_features=256, out_features=100, bias=True)
  )
)
INFO:__main__:CHILD MODEL LOSS: 1.9511214146614075 with train time 53.02281665802002
INFO:__main__:CHILD MODEL ACCURACY: 0.4594
INFO:__main__:Policy gradient: 0.22047722339630127
INFO:__main__:
INFO:__main__:------ ITERATION 218 ------
INFO:__main__:Layers generated: [('32', '5', '2'), ('256', '3', '2')]
INFO:__main__:ChildCNNModel(
  (model): Sequential(
    (0): Conv2d(3, 128, kernel_size=(3, 3), stride=(1, 1), padding=(1, 1))
    (1): ReLU()
    (2): MaxPool2d(kernel_size=2, stride=2, padding=0, dilation=1, ceil_mode=False)
    (3): Conv2d(128, 32, kernel_size=(5, 5), stride=(1, 1), padding=(2, 2))
    (4): ReLU()
    (5): MaxPool2d(kernel_size=2, stride=2, padding=0, dilation=1, ceil_mode=False)
    (6): Conv2d(32, 256, kernel_size=(3, 3), stride=(1, 1), padding=(2, 2))
    (7): ReLU()
    (8): MaxPool2d(kernel_size=2, stride=2, padding=0, dilation=1, ceil_mode=False)
    (9): Flatten(start_dim=1, end_dim=-1)
    (10): Linear(in_features=6400, out_features=512, bias=True)
    (11): ReLU()
    (12): Linear(in_features=512, out_features=256, bias=True)
    (13): ReLU()
    (14): Linear(in_features=256, out_features=100, bias=True)
  )
)
INFO:__main__:CHILD MODEL LOSS: 2.249565601825714 with train time 40.41731309890747
INFO:__main__:CHILD MODEL ACCURACY: 0.4121
INFO:__main__:Policy gradient: -0.15066780149936676
INFO:__main__:
INFO:__main__:------ ITERATION 219 ------
INFO:__main__:Layers generated: [('256', '1', '2'), ('32', '3', '2')]
INFO:__main__:ChildCNNModel(
  (model): Sequential(
    (0): Conv2d(3, 128, kernel_size=(3, 3), stride=(1, 1), padding=(1, 1))
    (1): ReLU()
    (2): MaxPool2d(kernel_size=2, stride=2, padding=0, dilation=1, ceil_mode=False)
    (3): Conv2d(128, 256, kernel_size=(1, 1), stride=(1, 1), padding=(2, 2))
    (4): ReLU()
    (5): MaxPool2d(kernel_size=2, stride=2, padding=0, dilation=1, ceil_mode=False)
    (6): Conv2d(256, 32, kernel_size=(3, 3), stride=(1, 1), padding=(2, 2))
    (7): ReLU()
    (8): MaxPool2d(kernel_size=2, stride=2, padding=0, dilation=1, ceil_mode=False)
    (9): Flatten(start_dim=1, end_dim=-1)
    (10): Linear(in_features=1152, out_features=512, bias=True)
    (11): ReLU()
    (12): Linear(in_features=512, out_features=256, bias=True)
    (13): ReLU()
    (14): Linear(in_features=256, out_features=100, bias=True)
  )
)
INFO:__main__:CHILD MODEL LOSS: 2.1561256060600282 with train time 47.63632559776306
INFO:__main__:CHILD MODEL ACCURACY: 0.4244
INFO:__main__:Policy gradient: -0.025060832500457764
INFO:__main__:
INFO:__main__:------ ITERATION 220 ------
INFO:__main__:Layers generated: [('256', '3', '1'), ('256', '3', '0')]
INFO:__main__:ChildCNNModel(
  (model): Sequential(
    (0): Conv2d(3, 128, kernel_size=(3, 3), stride=(1, 1), padding=(1, 1))
    (1): ReLU()
    (2): MaxPool2d(kernel_size=2, stride=2, padding=0, dilation=1, ceil_mode=False)
    (3): Conv2d(128, 256, kernel_size=(3, 3), stride=(1, 1), padding=(1, 1))
    (4): ReLU()
    (5): MaxPool2d(kernel_size=2, stride=2, padding=0, dilation=1, ceil_mode=False)
    (6): Conv2d(256, 256, kernel_size=(3, 3), stride=(1, 1))
    (7): ReLU()
    (8): MaxPool2d(kernel_size=2, stride=2, padding=0, dilation=1, ceil_mode=False)
    (9): Flatten(start_dim=1, end_dim=-1)
    (10): Linear(in_features=2304, out_features=512, bias=True)
    (11): ReLU()
    (12): Linear(in_features=512, out_features=256, bias=True)
    (13): ReLU()
    (14): Linear(in_features=256, out_features=100, bias=True)
  )
)
INFO:__main__:CHILD MODEL LOSS: 1.9111019110679626 with train time 52.4170982837677
INFO:__main__:CHILD MODEL ACCURACY: 0.4651
INFO:__main__:Policy gradient: 0.18750526010990143
INFO:__main__:
INFO:__main__:------ ITERATION 221 ------
INFO:__main__:Layers generated: [('128', '3', '1'), ('16', '3', '0')]
INFO:__main__:ChildCNNModel(
  (model): Sequential(
    (0): Conv2d(3, 128, kernel_size=(3, 3), stride=(1, 1), padding=(1, 1))
    (1): ReLU()
    (2): MaxPool2d(kernel_size=2, stride=2, padding=0, dilation=1, ceil_mode=False)
    (3): Conv2d(128, 128, kernel_size=(3, 3), stride=(1, 1), padding=(1, 1))
    (4): ReLU()
    (5): MaxPool2d(kernel_size=2, stride=2, padding=0, dilation=1, ceil_mode=False)
    (6): Conv2d(128, 16, kernel_size=(3, 3), stride=(1, 1))
    (7): ReLU()
    (8): MaxPool2d(kernel_size=2, stride=2, padding=0, dilation=1, ceil_mode=False)
    (9): Flatten(start_dim=1, end_dim=-1)
    (10): Linear(in_features=144, out_features=512, bias=True)
    (11): ReLU()
    (12): Linear(in_features=512, out_features=256, bias=True)
    (13): ReLU()
    (14): Linear(in_features=256, out_features=100, bias=True)
  )
)
INFO:__main__:CHILD MODEL LOSS: 2.3904852352142334 with train time 40.01861023902893
INFO:__main__:CHILD MODEL ACCURACY: 0.3907
INFO:__main__:Policy gradient: -0.3150838017463684
INFO:__main__:
INFO:__main__:------ ITERATION 222 ------
INFO:__main__:Layers generated: [('64', '3', '1'), ('256', '3', '2')]
INFO:__main__:ChildCNNModel(
  (model): Sequential(
    (0): Conv2d(3, 128, kernel_size=(3, 3), stride=(1, 1), padding=(1, 1))
    (1): ReLU()
    (2): MaxPool2d(kernel_size=2, stride=2, padding=0, dilation=1, ceil_mode=False)
    (3): Conv2d(128, 64, kernel_size=(3, 3), stride=(1, 1), padding=(1, 1))
    (4): ReLU()
    (5): MaxPool2d(kernel_size=2, stride=2, padding=0, dilation=1, ceil_mode=False)
    (6): Conv2d(64, 256, kernel_size=(3, 3), stride=(1, 1), padding=(2, 2))
    (7): ReLU()
    (8): MaxPool2d(kernel_size=2, stride=2, padding=0, dilation=1, ceil_mode=False)
    (9): Flatten(start_dim=1, end_dim=-1)
    (10): Linear(in_features=6400, out_features=512, bias=True)
    (11): ReLU()
    (12): Linear(in_features=512, out_features=256, bias=True)
    (13): ReLU()
    (14): Linear(in_features=256, out_features=100, bias=True)
  )
)
INFO:__main__:CHILD MODEL LOSS: 1.820562792778015 with train time 39.549302101135254
INFO:__main__:CHILD MODEL ACCURACY: 0.4818
INFO:__main__:Policy gradient: 0.2840748131275177
INFO:__main__:
INFO:__main__:------ ITERATION 223 ------
INFO:__main__:Layers generated: [('32', '1', '1'), ('64', '3', '1')]
INFO:__main__:ChildCNNModel(
  (model): Sequential(
    (0): Conv2d(3, 128, kernel_size=(3, 3), stride=(1, 1), padding=(1, 1))
    (1): ReLU()
    (2): MaxPool2d(kernel_size=2, stride=2, padding=0, dilation=1, ceil_mode=False)
    (3): Conv2d(128, 32, kernel_size=(1, 1), stride=(1, 1), padding=(1, 1))
    (4): ReLU()
    (5): MaxPool2d(kernel_size=2, stride=2, padding=0, dilation=1, ceil_mode=False)
    (6): Conv2d(32, 64, kernel_size=(3, 3), stride=(1, 1), padding=(1, 1))
    (7): ReLU()
    (8): MaxPool2d(kernel_size=2, stride=2, padding=0, dilation=1, ceil_mode=False)
    (9): Flatten(start_dim=1, end_dim=-1)
    (10): Linear(in_features=1024, out_features=512, bias=True)
    (11): ReLU()
    (12): Linear(in_features=512, out_features=256, bias=True)
    (13): ReLU()
    (14): Linear(in_features=256, out_features=100, bias=True)
  )
)
INFO:__main__:CHILD MODEL LOSS: 2.2949617757797243 with train time 36.3768048286438
INFO:__main__:CHILD MODEL ACCURACY: 0.4076
INFO:__main__:Policy gradient: -0.18988053500652313
INFO:__main__:
INFO:__main__:------ ITERATION 224 ------
INFO:__main__:Layers generated: [('16', '3', '1'), ('256', '3', '0')]
INFO:__main__:ChildCNNModel(
  (model): Sequential(
    (0): Conv2d(3, 128, kernel_size=(3, 3), stride=(1, 1), padding=(1, 1))
    (1): ReLU()
    (2): MaxPool2d(kernel_size=2, stride=2, padding=0, dilation=1, ceil_mode=False)
    (3): Conv2d(128, 16, kernel_size=(3, 3), stride=(1, 1), padding=(1, 1))
    (4): ReLU()
    (5): MaxPool2d(kernel_size=2, stride=2, padding=0, dilation=1, ceil_mode=False)
    (6): Conv2d(16, 256, kernel_size=(3, 3), stride=(1, 1))
    (7): ReLU()
    (8): MaxPool2d(kernel_size=2, stride=2, padding=0, dilation=1, ceil_mode=False)
    (9): Flatten(start_dim=1, end_dim=-1)
    (10): Linear(in_features=2304, out_features=512, bias=True)
    (11): ReLU()
    (12): Linear(in_features=512, out_features=256, bias=True)
    (13): ReLU()
    (14): Linear(in_features=256, out_features=100, bias=True)
  )
)
INFO:__main__:CHILD MODEL LOSS: 2.0967762298583983 with train time 36.23929190635681
INFO:__main__:CHILD MODEL ACCURACY: 0.4355
INFO:__main__:Policy gradient: 0.03697827085852623
INFO:__main__:
INFO:__main__:------ ITERATION 225 ------
INFO:__main__:Layers generated: [('32', '3', '1'), ('64', '3', '1')]
INFO:__main__:ChildCNNModel(
  (model): Sequential(
    (0): Conv2d(3, 128, kernel_size=(3, 3), stride=(1, 1), padding=(1, 1))
    (1): ReLU()
    (2): MaxPool2d(kernel_size=2, stride=2, padding=0, dilation=1, ceil_mode=False)
    (3): Conv2d(128, 32, kernel_size=(3, 3), stride=(1, 1), padding=(1, 1))
    (4): ReLU()
    (5): MaxPool2d(kernel_size=2, stride=2, padding=0, dilation=1, ceil_mode=False)
    (6): Conv2d(32, 64, kernel_size=(3, 3), stride=(1, 1), padding=(1, 1))
    (7): ReLU()
    (8): MaxPool2d(kernel_size=2, stride=2, padding=0, dilation=1, ceil_mode=False)
    (9): Flatten(start_dim=1, end_dim=-1)
    (10): Linear(in_features=1024, out_features=512, bias=True)
    (11): ReLU()
    (12): Linear(in_features=512, out_features=256, bias=True)
    (13): ReLU()
    (14): Linear(in_features=256, out_features=100, bias=True)
  )
)
INFO:__main__:CHILD MODEL LOSS: 2.128937626361847 with train time 36.27392578125
INFO:__main__:CHILD MODEL ACCURACY: 0.4324
INFO:__main__:Policy gradient: 0.01050346065312624
INFO:__main__:
INFO:__main__:------ ITERATION 226 ------
INFO:__main__:Layers generated: [('128', '3', '2'), ('64', '3', '2')]
INFO:__main__:ChildCNNModel(
  (model): Sequential(
    (0): Conv2d(3, 128, kernel_size=(3, 3), stride=(1, 1), padding=(1, 1))
    (1): ReLU()
    (2): MaxPool2d(kernel_size=2, stride=2, padding=0, dilation=1, ceil_mode=False)
    (3): Conv2d(128, 128, kernel_size=(3, 3), stride=(1, 1), padding=(2, 2))
    (4): ReLU()
    (5): MaxPool2d(kernel_size=2, stride=2, padding=0, dilation=1, ceil_mode=False)
    (6): Conv2d(128, 64, kernel_size=(3, 3), stride=(1, 1), padding=(2, 2))
    (7): ReLU()
    (8): MaxPool2d(kernel_size=2, stride=2, padding=0, dilation=1, ceil_mode=False)
    (9): Flatten(start_dim=1, end_dim=-1)
    (10): Linear(in_features=1600, out_features=512, bias=True)
    (11): ReLU()
    (12): Linear(in_features=512, out_features=256, bias=True)
    (13): ReLU()
    (14): Linear(in_features=256, out_features=100, bias=True)
  )
)
INFO:__main__:CHILD MODEL LOSS: 2.0105862145423887 with train time 45.076287269592285
INFO:__main__:CHILD MODEL ACCURACY: 0.4374
INFO:__main__:Policy gradient: 0.04230784252285957
INFO:__main__:
INFO:__main__:------ ITERATION 227 ------
INFO:__main__:Layers generated: [('256', '3', '1'), ('128', '3', '1')]
INFO:__main__:ChildCNNModel(
  (model): Sequential(
    (0): Conv2d(3, 128, kernel_size=(3, 3), stride=(1, 1), padding=(1, 1))
    (1): ReLU()
    (2): MaxPool2d(kernel_size=2, stride=2, padding=0, dilation=1, ceil_mode=False)
    (3): Conv2d(128, 256, kernel_size=(3, 3), stride=(1, 1), padding=(1, 1))
    (4): ReLU()
    (5): MaxPool2d(kernel_size=2, stride=2, padding=0, dilation=1, ceil_mode=False)
    (6): Conv2d(256, 128, kernel_size=(3, 3), stride=(1, 1), padding=(1, 1))
    (7): ReLU()
    (8): MaxPool2d(kernel_size=2, stride=2, padding=0, dilation=1, ceil_mode=False)
    (9): Flatten(start_dim=1, end_dim=-1)
    (10): Linear(in_features=2048, out_features=512, bias=True)
    (11): ReLU()
    (12): Linear(in_features=512, out_features=256, bias=True)
    (13): ReLU()
    (14): Linear(in_features=256, out_features=100, bias=True)
  )
)
INFO:__main__:CHILD MODEL LOSS: 1.918725308895111 with train time 51.02924871444702
INFO:__main__:CHILD MODEL ACCURACY: 0.4571
INFO:__main__:Policy gradient: 0.11191611737012863
INFO:__main__:
INFO:__main__:------ ITERATION 228 ------
INFO:__main__:Layers generated: [('32', '3', '2'), ('16', '3', '2')]
INFO:__main__:ChildCNNModel(
  (model): Sequential(
    (0): Conv2d(3, 128, kernel_size=(3, 3), stride=(1, 1), padding=(1, 1))
    (1): ReLU()
    (2): MaxPool2d(kernel_size=2, stride=2, padding=0, dilation=1, ceil_mode=False)
    (3): Conv2d(128, 32, kernel_size=(3, 3), stride=(1, 1), padding=(2, 2))
    (4): ReLU()
    (5): MaxPool2d(kernel_size=2, stride=2, padding=0, dilation=1, ceil_mode=False)
    (6): Conv2d(32, 16, kernel_size=(3, 3), stride=(1, 1), padding=(2, 2))
    (7): ReLU()
    (8): MaxPool2d(kernel_size=2, stride=2, padding=0, dilation=1, ceil_mode=False)
    (9): Flatten(start_dim=1, end_dim=-1)
    (10): Linear(in_features=400, out_features=512, bias=True)
    (11): ReLU()
    (12): Linear(in_features=512, out_features=256, bias=True)
    (13): ReLU()
    (14): Linear(in_features=256, out_features=100, bias=True)
  )
)
INFO:__main__:CHILD MODEL LOSS: 2.290604253292084 with train time 37.579554080963135
INFO:__main__:CHILD MODEL ACCURACY: 0.4018
INFO:__main__:Policy gradient: -0.26693814992904663
INFO:__main__:
INFO:__main__:------ ITERATION 229 ------
INFO:__main__:Layers generated: [('256', '3', '0'), ('256', '1', '1')]
INFO:__main__:ChildCNNModel(
  (model): Sequential(
    (0): Conv2d(3, 128, kernel_size=(3, 3), stride=(1, 1), padding=(1, 1))
    (1): ReLU()
    (2): MaxPool2d(kernel_size=2, stride=2, padding=0, dilation=1, ceil_mode=False)
    (3): Conv2d(128, 256, kernel_size=(3, 3), stride=(1, 1))
    (4): ReLU()
    (5): MaxPool2d(kernel_size=2, stride=2, padding=0, dilation=1, ceil_mode=False)
    (6): Conv2d(256, 256, kernel_size=(1, 1), stride=(1, 1), padding=(1, 1))
    (7): ReLU()
    (8): MaxPool2d(kernel_size=2, stride=2, padding=0, dilation=1, ceil_mode=False)
    (9): Flatten(start_dim=1, end_dim=-1)
    (10): Linear(in_features=4096, out_features=512, bias=True)
    (11): ReLU()
    (12): Linear(in_features=512, out_features=256, bias=True)
    (13): ReLU()
    (14): Linear(in_features=256, out_features=100, bias=True)
  )
)
INFO:__main__:CHILD MODEL LOSS: 1.9338607339859009 with train time 47.13678789138794
INFO:__main__:CHILD MODEL ACCURACY: 0.4668
INFO:__main__:Policy gradient: 0.21360298991203308
INFO:__main__:
INFO:__main__:------ ITERATION 230 ------
INFO:__main__:Layers generated: [('64', '1', '2'), ('256', '3', '1')]
INFO:__main__:ChildCNNModel(
  (model): Sequential(
    (0): Conv2d(3, 128, kernel_size=(3, 3), stride=(1, 1), padding=(1, 1))
    (1): ReLU()
    (2): MaxPool2d(kernel_size=2, stride=2, padding=0, dilation=1, ceil_mode=False)
    (3): Conv2d(128, 64, kernel_size=(1, 1), stride=(1, 1), padding=(2, 2))
    (4): ReLU()
    (5): MaxPool2d(kernel_size=2, stride=2, padding=0, dilation=1, ceil_mode=False)
    (6): Conv2d(64, 256, kernel_size=(3, 3), stride=(1, 1), padding=(1, 1))
    (7): ReLU()
    (8): MaxPool2d(kernel_size=2, stride=2, padding=0, dilation=1, ceil_mode=False)
    (9): Flatten(start_dim=1, end_dim=-1)
    (10): Linear(in_features=6400, out_features=512, bias=True)
    (11): ReLU()
    (12): Linear(in_features=512, out_features=256, bias=True)
    (13): ReLU()
    (14): Linear(in_features=256, out_features=100, bias=True)
  )
)
INFO:__main__:CHILD MODEL LOSS: 1.898040452003479 with train time 39.460482597351074
INFO:__main__:CHILD MODEL ACCURACY: 0.4667
INFO:__main__:Policy gradient: 0.20441006124019623
INFO:__main__:
INFO:__main__:------ ITERATION 231 ------
INFO:__main__:Layers generated: [('256', '3', '1'), ('256', '1', '1')]
INFO:__main__:ChildCNNModel(
  (model): Sequential(
    (0): Conv2d(3, 128, kernel_size=(3, 3), stride=(1, 1), padding=(1, 1))
    (1): ReLU()
    (2): MaxPool2d(kernel_size=2, stride=2, padding=0, dilation=1, ceil_mode=False)
    (3): Conv2d(128, 256, kernel_size=(3, 3), stride=(1, 1), padding=(1, 1))
    (4): ReLU()
    (5): MaxPool2d(kernel_size=2, stride=2, padding=0, dilation=1, ceil_mode=False)
    (6): Conv2d(256, 256, kernel_size=(1, 1), stride=(1, 1), padding=(1, 1))
    (7): ReLU()
    (8): MaxPool2d(kernel_size=2, stride=2, padding=0, dilation=1, ceil_mode=False)
    (9): Flatten(start_dim=1, end_dim=-1)
    (10): Linear(in_features=6400, out_features=512, bias=True)
    (11): ReLU()
    (12): Linear(in_features=512, out_features=256, bias=True)
    (13): ReLU()
    (14): Linear(in_features=256, out_features=100, bias=True)
  )
)
INFO:__main__:CHILD MODEL LOSS: 1.9426605825424195 with train time 52.868770599365234
INFO:__main__:CHILD MODEL ACCURACY: 0.4658
INFO:__main__:Policy gradient: 0.14407557249069214
INFO:__main__:
INFO:__main__:------ ITERATION 232 ------
INFO:__main__:Layers generated: [('64', '3', '2'), ('128', '1', '1')]
INFO:__main__:ChildCNNModel(
  (model): Sequential(
    (0): Conv2d(3, 128, kernel_size=(3, 3), stride=(1, 1), padding=(1, 1))
    (1): ReLU()
    (2): MaxPool2d(kernel_size=2, stride=2, padding=0, dilation=1, ceil_mode=False)
    (3): Conv2d(128, 64, kernel_size=(3, 3), stride=(1, 1), padding=(2, 2))
    (4): ReLU()
    (5): MaxPool2d(kernel_size=2, stride=2, padding=0, dilation=1, ceil_mode=False)
    (6): Conv2d(64, 128, kernel_size=(1, 1), stride=(1, 1), padding=(1, 1))
    (7): ReLU()
    (8): MaxPool2d(kernel_size=2, stride=2, padding=0, dilation=1, ceil_mode=False)
    (9): Flatten(start_dim=1, end_dim=-1)
    (10): Linear(in_features=3200, out_features=512, bias=True)
    (11): ReLU()
    (12): Linear(in_features=512, out_features=256, bias=True)
    (13): ReLU()
    (14): Linear(in_features=256, out_features=100, bias=True)
  )
)
INFO:__main__:CHILD MODEL LOSS: 2.123117546081543 with train time 39.022005558013916
INFO:__main__:CHILD MODEL ACCURACY: 0.417
INFO:__main__:Policy gradient: -0.15216897428035736
INFO:__main__:
INFO:__main__:------ ITERATION 233 ------
INFO:__main__:Layers generated: [('256', '3', '1'), ('256', '5', '2')]
INFO:__main__:ChildCNNModel(
  (model): Sequential(
    (0): Conv2d(3, 128, kernel_size=(3, 3), stride=(1, 1), padding=(1, 1))
    (1): ReLU()
    (2): MaxPool2d(kernel_size=2, stride=2, padding=0, dilation=1, ceil_mode=False)
    (3): Conv2d(128, 256, kernel_size=(3, 3), stride=(1, 1), padding=(1, 1))
    (4): ReLU()
    (5): MaxPool2d(kernel_size=2, stride=2, padding=0, dilation=1, ceil_mode=False)
    (6): Conv2d(256, 256, kernel_size=(5, 5), stride=(1, 1), padding=(2, 2))
    (7): ReLU()
    (8): MaxPool2d(kernel_size=2, stride=2, padding=0, dilation=1, ceil_mode=False)
    (9): Flatten(start_dim=1, end_dim=-1)
    (10): Linear(in_features=4096, out_features=512, bias=True)
    (11): ReLU()
    (12): Linear(in_features=512, out_features=256, bias=True)
    (13): ReLU()
    (14): Linear(in_features=256, out_features=100, bias=True)
  )
)
INFO:__main__:CHILD MODEL LOSS: 1.7745574645996094 with train time 66.9822244644165
INFO:__main__:CHILD MODEL ACCURACY: 0.4873
INFO:__main__:Policy gradient: 0.30299443006515503
INFO:__main__:
INFO:__main__:------ ITERATION 234 ------
INFO:__main__:Layers generated: [('64', '3', '1'), ('16', '1', '1')]
INFO:__main__:ChildCNNModel(
  (model): Sequential(
    (0): Conv2d(3, 128, kernel_size=(3, 3), stride=(1, 1), padding=(1, 1))
    (1): ReLU()
    (2): MaxPool2d(kernel_size=2, stride=2, padding=0, dilation=1, ceil_mode=False)
    (3): Conv2d(128, 64, kernel_size=(3, 3), stride=(1, 1), padding=(1, 1))
    (4): ReLU()
    (5): MaxPool2d(kernel_size=2, stride=2, padding=0, dilation=1, ceil_mode=False)
    (6): Conv2d(64, 16, kernel_size=(1, 1), stride=(1, 1), padding=(1, 1))
    (7): ReLU()
    (8): MaxPool2d(kernel_size=2, stride=2, padding=0, dilation=1, ceil_mode=False)
    (9): Flatten(start_dim=1, end_dim=-1)
    (10): Linear(in_features=400, out_features=512, bias=True)
    (11): ReLU()
    (12): Linear(in_features=512, out_features=256, bias=True)
    (13): ReLU()
    (14): Linear(in_features=256, out_features=100, bias=True)
  )
)
INFO:__main__:CHILD MODEL LOSS: 2.3538201823234557 with train time 36.453773021698
INFO:__main__:CHILD MODEL ACCURACY: 0.3869
INFO:__main__:Policy gradient: -0.4221002161502838
INFO:__main__:
INFO:__main__:------ ITERATION 235 ------
INFO:__main__:Layers generated: [('256', '3', '1'), ('256', '3', '1')]
INFO:__main__:ChildCNNModel(
  (model): Sequential(
    (0): Conv2d(3, 128, kernel_size=(3, 3), stride=(1, 1), padding=(1, 1))
    (1): ReLU()
    (2): MaxPool2d(kernel_size=2, stride=2, padding=0, dilation=1, ceil_mode=False)
    (3): Conv2d(128, 256, kernel_size=(3, 3), stride=(1, 1), padding=(1, 1))
    (4): ReLU()
    (5): MaxPool2d(kernel_size=2, stride=2, padding=0, dilation=1, ceil_mode=False)
    (6): Conv2d(256, 256, kernel_size=(3, 3), stride=(1, 1), padding=(1, 1))
    (7): ReLU()
    (8): MaxPool2d(kernel_size=2, stride=2, padding=0, dilation=1, ceil_mode=False)
    (9): Flatten(start_dim=1, end_dim=-1)
    (10): Linear(in_features=4096, out_features=512, bias=True)
    (11): ReLU()
    (12): Linear(in_features=512, out_features=256, bias=True)
    (13): ReLU()
    (14): Linear(in_features=256, out_features=100, bias=True)
  )
)
INFO:__main__:CHILD MODEL LOSS: 1.8340592365264892 with train time 55.6393358707428
INFO:__main__:CHILD MODEL ACCURACY: 0.4781
INFO:__main__:Policy gradient: 0.15852667391300201
INFO:__main__:
INFO:__main__:------ ITERATION 236 ------
INFO:__main__:Layers generated: [('256', '3', '2'), ('64', '3', '2')]
INFO:__main__:ChildCNNModel(
  (model): Sequential(
    (0): Conv2d(3, 128, kernel_size=(3, 3), stride=(1, 1), padding=(1, 1))
    (1): ReLU()
    (2): MaxPool2d(kernel_size=2, stride=2, padding=0, dilation=1, ceil_mode=False)
    (3): Conv2d(128, 256, kernel_size=(3, 3), stride=(1, 1), padding=(2, 2))
    (4): ReLU()
    (5): MaxPool2d(kernel_size=2, stride=2, padding=0, dilation=1, ceil_mode=False)
    (6): Conv2d(256, 64, kernel_size=(3, 3), stride=(1, 1), padding=(2, 2))
    (7): ReLU()
    (8): MaxPool2d(kernel_size=2, stride=2, padding=0, dilation=1, ceil_mode=False)
    (9): Flatten(start_dim=1, end_dim=-1)
    (10): Linear(in_features=1600, out_features=512, bias=True)
    (11): ReLU()
    (12): Linear(in_features=512, out_features=256, bias=True)
    (13): ReLU()
    (14): Linear(in_features=256, out_features=100, bias=True)
  )
)
INFO:__main__:CHILD MODEL LOSS: 1.9365218572616578 with train time 63.20597505569458
INFO:__main__:CHILD MODEL ACCURACY: 0.4545
INFO:__main__:Policy gradient: 0.06820214539766312
INFO:__main__:
INFO:__main__:------ ITERATION 237 ------
INFO:__main__:Layers generated: [('128', '3', '1'), ('256', '3', '2')]
INFO:__main__:ChildCNNModel(
  (model): Sequential(
    (0): Conv2d(3, 128, kernel_size=(3, 3), stride=(1, 1), padding=(1, 1))
    (1): ReLU()
    (2): MaxPool2d(kernel_size=2, stride=2, padding=0, dilation=1, ceil_mode=False)
    (3): Conv2d(128, 128, kernel_size=(3, 3), stride=(1, 1), padding=(1, 1))
    (4): ReLU()
    (5): MaxPool2d(kernel_size=2, stride=2, padding=0, dilation=1, ceil_mode=False)
    (6): Conv2d(128, 256, kernel_size=(3, 3), stride=(1, 1), padding=(2, 2))
    (7): ReLU()
    (8): MaxPool2d(kernel_size=2, stride=2, padding=0, dilation=1, ceil_mode=False)
    (9): Flatten(start_dim=1, end_dim=-1)
    (10): Linear(in_features=6400, out_features=512, bias=True)
    (11): ReLU()
    (12): Linear(in_features=512, out_features=256, bias=True)
    (13): ReLU()
    (14): Linear(in_features=256, out_features=100, bias=True)
  )
)
INFO:__main__:CHILD MODEL LOSS: 1.840981912612915 with train time 45.72821116447449
INFO:__main__:CHILD MODEL ACCURACY: 0.4777
INFO:__main__:Policy gradient: 0.19679535925388336
INFO:__main__:
INFO:__main__:------ ITERATION 238 ------
INFO:__main__:Layers generated: [('256', '3', '1'), ('256', '3', '1')]
INFO:__main__:ChildCNNModel(
  (model): Sequential(
    (0): Conv2d(3, 128, kernel_size=(3, 3), stride=(1, 1), padding=(1, 1))
    (1): ReLU()
    (2): MaxPool2d(kernel_size=2, stride=2, padding=0, dilation=1, ceil_mode=False)
    (3): Conv2d(128, 256, kernel_size=(3, 3), stride=(1, 1), padding=(1, 1))
    (4): ReLU()
    (5): MaxPool2d(kernel_size=2, stride=2, padding=0, dilation=1, ceil_mode=False)
    (6): Conv2d(256, 256, kernel_size=(3, 3), stride=(1, 1), padding=(1, 1))
    (7): ReLU()
    (8): MaxPool2d(kernel_size=2, stride=2, padding=0, dilation=1, ceil_mode=False)
    (9): Flatten(start_dim=1, end_dim=-1)
    (10): Linear(in_features=4096, out_features=512, bias=True)
    (11): ReLU()
    (12): Linear(in_features=512, out_features=256, bias=True)
    (13): ReLU()
    (14): Linear(in_features=256, out_features=100, bias=True)
  )
)
INFO:__main__:CHILD MODEL LOSS: 1.8061150922775269 with train time 55.67263078689575
INFO:__main__:CHILD MODEL ACCURACY: 0.48
INFO:__main__:Policy gradient: 0.12910175323486328
INFO:__main__:
INFO:__main__:------ ITERATION 239 ------
INFO:__main__:Layers generated: [('16', '1', '1'), ('256', '3', '1')]
INFO:__main__:ChildCNNModel(
  (model): Sequential(
    (0): Conv2d(3, 128, kernel_size=(3, 3), stride=(1, 1), padding=(1, 1))
    (1): ReLU()
    (2): MaxPool2d(kernel_size=2, stride=2, padding=0, dilation=1, ceil_mode=False)
    (3): Conv2d(128, 16, kernel_size=(1, 1), stride=(1, 1), padding=(1, 1))
    (4): ReLU()
    (5): MaxPool2d(kernel_size=2, stride=2, padding=0, dilation=1, ceil_mode=False)
    (6): Conv2d(16, 256, kernel_size=(3, 3), stride=(1, 1), padding=(1, 1))
    (7): ReLU()
    (8): MaxPool2d(kernel_size=2, stride=2, padding=0, dilation=1, ceil_mode=False)
    (9): Flatten(start_dim=1, end_dim=-1)
    (10): Linear(in_features=4096, out_features=512, bias=True)
    (11): ReLU()
    (12): Linear(in_features=512, out_features=256, bias=True)
    (13): ReLU()
    (14): Linear(in_features=256, out_features=100, bias=True)
  )
)
INFO:__main__:CHILD MODEL LOSS: 2.081836853027344 with train time 36.8551983833313
INFO:__main__:CHILD MODEL ACCURACY: 0.451
INFO:__main__:Policy gradient: 0.00982466246932745
INFO:__main__:
INFO:__main__:------ ITERATION 240 ------
INFO:__main__:Layers generated: [('256', '3', '2'), ('64', '3', '0')]
INFO:__main__:ChildCNNModel(
  (model): Sequential(
    (0): Conv2d(3, 128, kernel_size=(3, 3), stride=(1, 1), padding=(1, 1))
    (1): ReLU()
    (2): MaxPool2d(kernel_size=2, stride=2, padding=0, dilation=1, ceil_mode=False)
    (3): Conv2d(128, 256, kernel_size=(3, 3), stride=(1, 1), padding=(2, 2))
    (4): ReLU()
    (5): MaxPool2d(kernel_size=2, stride=2, padding=0, dilation=1, ceil_mode=False)
    (6): Conv2d(256, 64, kernel_size=(3, 3), stride=(1, 1))
    (7): ReLU()
    (8): MaxPool2d(kernel_size=2, stride=2, padding=0, dilation=1, ceil_mode=False)
    (9): Flatten(start_dim=1, end_dim=-1)
    (10): Linear(in_features=576, out_features=512, bias=True)
    (11): ReLU()
    (12): Linear(in_features=512, out_features=256, bias=True)
    (13): ReLU()
    (14): Linear(in_features=256, out_features=100, bias=True)
  )
)
INFO:__main__:CHILD MODEL LOSS: 2.123011546134949 with train time 61.20498204231262
INFO:__main__:CHILD MODEL ACCURACY: 0.4443
INFO:__main__:Policy gradient: -0.032040975987911224
INFO:__main__:
INFO:__main__:------ ITERATION 241 ------
INFO:__main__:Layers generated: [('256', '3', '2'), ('64', '3', '0')]
INFO:__main__:ChildCNNModel(
  (model): Sequential(
    (0): Conv2d(3, 128, kernel_size=(3, 3), stride=(1, 1), padding=(1, 1))
    (1): ReLU()
    (2): MaxPool2d(kernel_size=2, stride=2, padding=0, dilation=1, ceil_mode=False)
    (3): Conv2d(128, 256, kernel_size=(3, 3), stride=(1, 1), padding=(2, 2))
    (4): ReLU()
    (5): MaxPool2d(kernel_size=2, stride=2, padding=0, dilation=1, ceil_mode=False)
    (6): Conv2d(256, 64, kernel_size=(3, 3), stride=(1, 1))
    (7): ReLU()
    (8): MaxPool2d(kernel_size=2, stride=2, padding=0, dilation=1, ceil_mode=False)
    (9): Flatten(start_dim=1, end_dim=-1)
    (10): Linear(in_features=576, out_features=512, bias=True)
    (11): ReLU()
    (12): Linear(in_features=512, out_features=256, bias=True)
    (13): ReLU()
    (14): Linear(in_features=256, out_features=100, bias=True)
  )
)
INFO:__main__:CHILD MODEL LOSS: 2.1391790556907653 with train time 61.147714138031006
INFO:__main__:CHILD MODEL ACCURACY: 0.4258
INFO:__main__:Policy gradient: -0.13665959239006042
INFO:__main__:
INFO:__main__:------ ITERATION 242 ------
INFO:__main__:Layers generated: [('32', '1', '1'), ('256', '3', '1')]
INFO:__main__:ChildCNNModel(
  (model): Sequential(
    (0): Conv2d(3, 128, kernel_size=(3, 3), stride=(1, 1), padding=(1, 1))
    (1): ReLU()
    (2): MaxPool2d(kernel_size=2, stride=2, padding=0, dilation=1, ceil_mode=False)
    (3): Conv2d(128, 32, kernel_size=(1, 1), stride=(1, 1), padding=(1, 1))
    (4): ReLU()
    (5): MaxPool2d(kernel_size=2, stride=2, padding=0, dilation=1, ceil_mode=False)
    (6): Conv2d(32, 256, kernel_size=(3, 3), stride=(1, 1), padding=(1, 1))
    (7): ReLU()
    (8): MaxPool2d(kernel_size=2, stride=2, padding=0, dilation=1, ceil_mode=False)
    (9): Flatten(start_dim=1, end_dim=-1)
    (10): Linear(in_features=4096, out_features=512, bias=True)
    (11): ReLU()
    (12): Linear(in_features=512, out_features=256, bias=True)
    (13): ReLU()
    (14): Linear(in_features=256, out_features=100, bias=True)
  )
)
INFO:__main__:CHILD MODEL LOSS: 2.0192676372528076 with train time 37.90156602859497
INFO:__main__:CHILD MODEL ACCURACY: 0.4412
INFO:__main__:Policy gradient: -0.039683885872364044
INFO:__main__:
INFO:__main__:------ ITERATION 243 ------
INFO:__main__:Layers generated: [('64', '3', '1'), ('128', '3', '2')]
INFO:__main__:ChildCNNModel(
  (model): Sequential(
    (0): Conv2d(3, 128, kernel_size=(3, 3), stride=(1, 1), padding=(1, 1))
    (1): ReLU()
    (2): MaxPool2d(kernel_size=2, stride=2, padding=0, dilation=1, ceil_mode=False)
    (3): Conv2d(128, 64, kernel_size=(3, 3), stride=(1, 1), padding=(1, 1))
    (4): ReLU()
    (5): MaxPool2d(kernel_size=2, stride=2, padding=0, dilation=1, ceil_mode=False)
    (6): Conv2d(64, 128, kernel_size=(3, 3), stride=(1, 1), padding=(2, 2))
    (7): ReLU()
    (8): MaxPool2d(kernel_size=2, stride=2, padding=0, dilation=1, ceil_mode=False)
    (9): Flatten(start_dim=1, end_dim=-1)
    (10): Linear(in_features=3200, out_features=512, bias=True)
    (11): ReLU()
    (12): Linear(in_features=512, out_features=256, bias=True)
    (13): ReLU()
    (14): Linear(in_features=256, out_features=100, bias=True)
  )
)
INFO:__main__:CHILD MODEL LOSS: 1.9396624054908753 with train time 37.9794762134552
INFO:__main__:CHILD MODEL ACCURACY: 0.4716
INFO:__main__:Policy gradient: 0.13853254914283752
INFO:__main__:
INFO:__main__:------ ITERATION 244 ------
INFO:__main__:Layers generated: [('256', '3', '2'), ('256', '3', '2')]
INFO:__main__:ChildCNNModel(
  (model): Sequential(
    (0): Conv2d(3, 128, kernel_size=(3, 3), stride=(1, 1), padding=(1, 1))
    (1): ReLU()
    (2): MaxPool2d(kernel_size=2, stride=2, padding=0, dilation=1, ceil_mode=False)
    (3): Conv2d(128, 256, kernel_size=(3, 3), stride=(1, 1), padding=(2, 2))
    (4): ReLU()
    (5): MaxPool2d(kernel_size=2, stride=2, padding=0, dilation=1, ceil_mode=False)
    (6): Conv2d(256, 256, kernel_size=(3, 3), stride=(1, 1), padding=(2, 2))
    (7): ReLU()
    (8): MaxPool2d(kernel_size=2, stride=2, padding=0, dilation=1, ceil_mode=False)
    (9): Flatten(start_dim=1, end_dim=-1)
    (10): Linear(in_features=6400, out_features=512, bias=True)
    (11): ReLU()
    (12): Linear(in_features=512, out_features=256, bias=True)
    (13): ReLU()
    (14): Linear(in_features=256, out_features=100, bias=True)
  )
)
INFO:__main__:CHILD MODEL LOSS: 1.7998425669670104 with train time 76.28195524215698
INFO:__main__:CHILD MODEL ACCURACY: 0.4778
INFO:__main__:Policy gradient: 0.1313679963350296
INFO:__main__:
INFO:__main__:------ ITERATION 245 ------
INFO:__main__:Layers generated: [('256', '3', '1'), ('256', '3', '2')]
INFO:__main__:ChildCNNModel(
  (model): Sequential(
    (0): Conv2d(3, 128, kernel_size=(3, 3), stride=(1, 1), padding=(1, 1))
    (1): ReLU()
    (2): MaxPool2d(kernel_size=2, stride=2, padding=0, dilation=1, ceil_mode=False)
    (3): Conv2d(128, 256, kernel_size=(3, 3), stride=(1, 1), padding=(1, 1))
    (4): ReLU()
    (5): MaxPool2d(kernel_size=2, stride=2, padding=0, dilation=1, ceil_mode=False)
    (6): Conv2d(256, 256, kernel_size=(3, 3), stride=(1, 1), padding=(2, 2))
    (7): ReLU()
    (8): MaxPool2d(kernel_size=2, stride=2, padding=0, dilation=1, ceil_mode=False)
    (9): Flatten(start_dim=1, end_dim=-1)
    (10): Linear(in_features=6400, out_features=512, bias=True)
    (11): ReLU()
    (12): Linear(in_features=512, out_features=256, bias=True)
    (13): ReLU()
    (14): Linear(in_features=256, out_features=100, bias=True)
  )
)
INFO:__main__:CHILD MODEL LOSS: 1.8378932509422303 with train time 61.410027503967285
INFO:__main__:CHILD MODEL ACCURACY: 0.4722
INFO:__main__:Policy gradient: 0.08346351236104965
INFO:__main__:
INFO:__main__:------ ITERATION 246 ------
INFO:__main__:Layers generated: [('256', '3', '1'), ('32', '3', '1')]
INFO:__main__:ChildCNNModel(
  (model): Sequential(
    (0): Conv2d(3, 128, kernel_size=(3, 3), stride=(1, 1), padding=(1, 1))
    (1): ReLU()
    (2): MaxPool2d(kernel_size=2, stride=2, padding=0, dilation=1, ceil_mode=False)
    (3): Conv2d(128, 256, kernel_size=(3, 3), stride=(1, 1), padding=(1, 1))
    (4): ReLU()
    (5): MaxPool2d(kernel_size=2, stride=2, padding=0, dilation=1, ceil_mode=False)
    (6): Conv2d(256, 32, kernel_size=(3, 3), stride=(1, 1), padding=(1, 1))
    (7): ReLU()
    (8): MaxPool2d(kernel_size=2, stride=2, padding=0, dilation=1, ceil_mode=False)
    (9): Flatten(start_dim=1, end_dim=-1)
    (10): Linear(in_features=512, out_features=512, bias=True)
    (11): ReLU()
    (12): Linear(in_features=512, out_features=256, bias=True)
    (13): ReLU()
    (14): Linear(in_features=256, out_features=100, bias=True)
  )
)
INFO:__main__:CHILD MODEL LOSS: 2.2366481823921203 with train time 48.9330096244812
INFO:__main__:CHILD MODEL ACCURACY: 0.4023
INFO:__main__:Policy gradient: -0.2608718276023865
INFO:__main__:
INFO:__main__:------ ITERATION 247 ------
INFO:__main__:Layers generated: [('256', '3', '1'), ('256', '1', '1')]
INFO:__main__:ChildCNNModel(
  (model): Sequential(
    (0): Conv2d(3, 128, kernel_size=(3, 3), stride=(1, 1), padding=(1, 1))
    (1): ReLU()
    (2): MaxPool2d(kernel_size=2, stride=2, padding=0, dilation=1, ceil_mode=False)
    (3): Conv2d(128, 256, kernel_size=(3, 3), stride=(1, 1), padding=(1, 1))
    (4): ReLU()
    (5): MaxPool2d(kernel_size=2, stride=2, padding=0, dilation=1, ceil_mode=False)
    (6): Conv2d(256, 256, kernel_size=(1, 1), stride=(1, 1), padding=(1, 1))
    (7): ReLU()
    (8): MaxPool2d(kernel_size=2, stride=2, padding=0, dilation=1, ceil_mode=False)
    (9): Flatten(start_dim=1, end_dim=-1)
    (10): Linear(in_features=6400, out_features=512, bias=True)
    (11): ReLU()
    (12): Linear(in_features=512, out_features=256, bias=True)
    (13): ReLU()
    (14): Linear(in_features=256, out_features=100, bias=True)
  )
)
INFO:__main__:CHILD MODEL LOSS: 1.928853051185608 with train time 52.952266693115234
INFO:__main__:CHILD MODEL ACCURACY: 0.4572
INFO:__main__:Policy gradient: 0.04188389331102371
INFO:__main__:
INFO:__main__:------ ITERATION 248 ------
INFO:__main__:Layers generated: [('16', '3', '2'), ('16', '3', '1')]
INFO:__main__:ChildCNNModel(
  (model): Sequential(
    (0): Conv2d(3, 128, kernel_size=(3, 3), stride=(1, 1), padding=(1, 1))
    (1): ReLU()
    (2): MaxPool2d(kernel_size=2, stride=2, padding=0, dilation=1, ceil_mode=False)
    (3): Conv2d(128, 16, kernel_size=(3, 3), stride=(1, 1), padding=(2, 2))
    (4): ReLU()
    (5): MaxPool2d(kernel_size=2, stride=2, padding=0, dilation=1, ceil_mode=False)
    (6): Conv2d(16, 16, kernel_size=(3, 3), stride=(1, 1), padding=(1, 1))
    (7): ReLU()
    (8): MaxPool2d(kernel_size=2, stride=2, padding=0, dilation=1, ceil_mode=False)
    (9): Flatten(start_dim=1, end_dim=-1)
    (10): Linear(in_features=256, out_features=512, bias=True)
    (11): ReLU()
    (12): Linear(in_features=512, out_features=256, bias=True)
    (13): ReLU()
    (14): Linear(in_features=256, out_features=100, bias=True)
  )
)
INFO:__main__:CHILD MODEL LOSS: 2.408845272064209 with train time 37.396345138549805
INFO:__main__:CHILD MODEL ACCURACY: 0.3688
INFO:__main__:Policy gradient: -0.6837019324302673
INFO:__main__:
INFO:__main__:------ ITERATION 249 ------
INFO:__main__:Layers generated: [('256', '1', '1'), ('32', '1', '1')]
INFO:__main__:ChildCNNModel(
  (model): Sequential(
    (0): Conv2d(3, 128, kernel_size=(3, 3), stride=(1, 1), padding=(1, 1))
    (1): ReLU()
    (2): MaxPool2d(kernel_size=2, stride=2, padding=0, dilation=1, ceil_mode=False)
    (3): Conv2d(128, 256, kernel_size=(1, 1), stride=(1, 1), padding=(1, 1))
    (4): ReLU()
    (5): MaxPool2d(kernel_size=2, stride=2, padding=0, dilation=1, ceil_mode=False)
    (6): Conv2d(256, 32, kernel_size=(1, 1), stride=(1, 1), padding=(1, 1))
    (7): ReLU()
    (8): MaxPool2d(kernel_size=2, stride=2, padding=0, dilation=1, ceil_mode=False)
    (9): Flatten(start_dim=1, end_dim=-1)
    (10): Linear(in_features=800, out_features=512, bias=True)
    (11): ReLU()
    (12): Linear(in_features=512, out_features=256, bias=True)
    (13): ReLU()
    (14): Linear(in_features=256, out_features=100, bias=True)
  )
)
INFO:__main__:CHILD MODEL LOSS: 2.3236939506530763 with train time 43.00410842895508
INFO:__main__:CHILD MODEL ACCURACY: 0.3783
INFO:__main__:Policy gradient: -0.4831349551677704
INFO:__main__:
INFO:__main__:------ ITERATION 250 ------
INFO:__main__:Layers generated: [('256', '1', '2'), ('32', '1', '0')]
INFO:__main__:ChildCNNModel(
  (model): Sequential(
    (0): Conv2d(3, 128, kernel_size=(3, 3), stride=(1, 1), padding=(1, 1))
    (1): ReLU()
    (2): MaxPool2d(kernel_size=2, stride=2, padding=0, dilation=1, ceil_mode=False)
    (3): Conv2d(128, 256, kernel_size=(1, 1), stride=(1, 1), padding=(2, 2))
    (4): ReLU()
    (5): MaxPool2d(kernel_size=2, stride=2, padding=0, dilation=1, ceil_mode=False)
    (6): Conv2d(256, 32, kernel_size=(1, 1), stride=(1, 1))
    (7): ReLU()
    (8): MaxPool2d(kernel_size=2, stride=2, padding=0, dilation=1, ceil_mode=False)
    (9): Flatten(start_dim=1, end_dim=-1)
    (10): Linear(in_features=800, out_features=512, bias=True)
    (11): ReLU()
    (12): Linear(in_features=512, out_features=256, bias=True)
    (13): ReLU()
    (14): Linear(in_features=256, out_features=100, bias=True)
  )
)
INFO:__main__:CHILD MODEL LOSS: 2.263316460132599 with train time 45.12126159667969
INFO:__main__:CHILD MODEL ACCURACY: 0.416
INFO:__main__:Policy gradient: -0.1746545433998108
INFO:__main__:
INFO:__main__:------ ITERATION 251 ------
INFO:__main__:Layers generated: [('256', '3', '2'), ('256', '5', '1')]
INFO:__main__:ChildCNNModel(
  (model): Sequential(
    (0): Conv2d(3, 128, kernel_size=(3, 3), stride=(1, 1), padding=(1, 1))
    (1): ReLU()
    (2): MaxPool2d(kernel_size=2, stride=2, padding=0, dilation=1, ceil_mode=False)
    (3): Conv2d(128, 256, kernel_size=(3, 3), stride=(1, 1), padding=(2, 2))
    (4): ReLU()
    (5): MaxPool2d(kernel_size=2, stride=2, padding=0, dilation=1, ceil_mode=False)
    (6): Conv2d(256, 256, kernel_size=(5, 5), stride=(1, 1), padding=(1, 1))
    (7): ReLU()
    (8): MaxPool2d(kernel_size=2, stride=2, padding=0, dilation=1, ceil_mode=False)
    (9): Flatten(start_dim=1, end_dim=-1)
    (10): Linear(in_features=2304, out_features=512, bias=True)
    (11): ReLU()
    (12): Linear(in_features=512, out_features=256, bias=True)
    (13): ReLU()
    (14): Linear(in_features=256, out_features=100, bias=True)
  )
)
INFO:__main__:CHILD MODEL LOSS: 1.8962672567367553 with train time 76.58216619491577
INFO:__main__:CHILD MODEL ACCURACY: 0.4754
INFO:__main__:Policy gradient: 0.25203514099121094
INFO:__main__:
INFO:__main__:------ ITERATION 252 ------
INFO:__main__:Layers generated: [('256', '3', '0'), ('16', '1', '0')]
INFO:__main__:ChildCNNModel(
  (model): Sequential(
    (0): Conv2d(3, 128, kernel_size=(3, 3), stride=(1, 1), padding=(1, 1))
    (1): ReLU()
    (2): MaxPool2d(kernel_size=2, stride=2, padding=0, dilation=1, ceil_mode=False)
    (3): Conv2d(128, 256, kernel_size=(3, 3), stride=(1, 1))
    (4): ReLU()
    (5): MaxPool2d(kernel_size=2, stride=2, padding=0, dilation=1, ceil_mode=False)
    (6): Conv2d(256, 16, kernel_size=(1, 1), stride=(1, 1))
    (7): ReLU()
    (8): MaxPool2d(kernel_size=2, stride=2, padding=0, dilation=1, ceil_mode=False)
    (9): Flatten(start_dim=1, end_dim=-1)
    (10): Linear(in_features=144, out_features=512, bias=True)
    (11): ReLU()
    (12): Linear(in_features=512, out_features=256, bias=True)
    (13): ReLU()
    (14): Linear(in_features=256, out_features=100, bias=True)
  )
)
INFO:__main__:CHILD MODEL LOSS: 2.544244173049927 with train time 43.51786756515503
INFO:__main__:CHILD MODEL ACCURACY: 0.3654
INFO:__main__:Policy gradient: -0.6232249736785889
INFO:__main__:
INFO:__main__:------ ITERATION 253 ------
INFO:__main__:Layers generated: [('64', '1', '1'), ('256', '1', '1')]
INFO:__main__:ChildCNNModel(
  (model): Sequential(
    (0): Conv2d(3, 128, kernel_size=(3, 3), stride=(1, 1), padding=(1, 1))
    (1): ReLU()
    (2): MaxPool2d(kernel_size=2, stride=2, padding=0, dilation=1, ceil_mode=False)
    (3): Conv2d(128, 64, kernel_size=(1, 1), stride=(1, 1), padding=(1, 1))
    (4): ReLU()
    (5): MaxPool2d(kernel_size=2, stride=2, padding=0, dilation=1, ceil_mode=False)
    (6): Conv2d(64, 256, kernel_size=(1, 1), stride=(1, 1), padding=(1, 1))
    (7): ReLU()
    (8): MaxPool2d(kernel_size=2, stride=2, padding=0, dilation=1, ceil_mode=False)
    (9): Flatten(start_dim=1, end_dim=-1)
    (10): Linear(in_features=6400, out_features=512, bias=True)
    (11): ReLU()
    (12): Linear(in_features=512, out_features=256, bias=True)
    (13): ReLU()
    (14): Linear(in_features=256, out_features=100, bias=True)
  )
)
INFO:__main__:CHILD MODEL LOSS: 2.1383498578071594 with train time 39.211421728134155
INFO:__main__:CHILD MODEL ACCURACY: 0.4349
INFO:__main__:Policy gradient: 0.03328853100538254
INFO:__main__:
INFO:__main__:------ ITERATION 254 ------
INFO:__main__:Layers generated: [('128', '3', '2'), ('32', '3', '1')]
INFO:__main__:ChildCNNModel(
  (model): Sequential(
    (0): Conv2d(3, 128, kernel_size=(3, 3), stride=(1, 1), padding=(1, 1))
    (1): ReLU()
    (2): MaxPool2d(kernel_size=2, stride=2, padding=0, dilation=1, ceil_mode=False)
    (3): Conv2d(128, 128, kernel_size=(3, 3), stride=(1, 1), padding=(2, 2))
    (4): ReLU()
    (5): MaxPool2d(kernel_size=2, stride=2, padding=0, dilation=1, ceil_mode=False)
    (6): Conv2d(128, 32, kernel_size=(3, 3), stride=(1, 1), padding=(1, 1))
    (7): ReLU()
    (8): MaxPool2d(kernel_size=2, stride=2, padding=0, dilation=1, ceil_mode=False)
    (9): Flatten(start_dim=1, end_dim=-1)
    (10): Linear(in_features=512, out_features=512, bias=True)
    (11): ReLU()
    (12): Linear(in_features=512, out_features=256, bias=True)
    (13): ReLU()
    (14): Linear(in_features=256, out_features=100, bias=True)
  )
)
INFO:__main__:CHILD MODEL LOSS: 2.2032673001289367 with train time 44.27261734008789
INFO:__main__:CHILD MODEL ACCURACY: 0.4215
INFO:__main__:Policy gradient: -0.06374476104974747
INFO:__main__:
INFO:__main__:------ ITERATION 255 ------
INFO:__main__:Layers generated: [('256', '5', '1'), ('256', '1', '0')]
INFO:__main__:ChildCNNModel(
  (model): Sequential(
    (0): Conv2d(3, 128, kernel_size=(3, 3), stride=(1, 1), padding=(1, 1))
    (1): ReLU()
    (2): MaxPool2d(kernel_size=2, stride=2, padding=0, dilation=1, ceil_mode=False)
    (3): Conv2d(128, 256, kernel_size=(5, 5), stride=(1, 1), padding=(1, 1))
    (4): ReLU()
    (5): MaxPool2d(kernel_size=2, stride=2, padding=0, dilation=1, ceil_mode=False)
    (6): Conv2d(256, 256, kernel_size=(1, 1), stride=(1, 1))
    (7): ReLU()
    (8): MaxPool2d(kernel_size=2, stride=2, padding=0, dilation=1, ceil_mode=False)
    (9): Flatten(start_dim=1, end_dim=-1)
    (10): Linear(in_features=2304, out_features=512, bias=True)
    (11): ReLU()
    (12): Linear(in_features=512, out_features=256, bias=True)
    (13): ReLU()
    (14): Linear(in_features=256, out_features=100, bias=True)
  )
)
INFO:__main__:CHILD MODEL LOSS: 2.0093547325134278 with train time 61.6062285900116
INFO:__main__:CHILD MODEL ACCURACY: 0.4564
INFO:__main__:Policy gradient: 0.2145521491765976
INFO:__main__:
INFO:__main__:------ ITERATION 256 ------
INFO:__main__:Layers generated: [('128', '3', '2'), ('64', '3', '1')]
INFO:__main__:ChildCNNModel(
  (model): Sequential(
    (0): Conv2d(3, 128, kernel_size=(3, 3), stride=(1, 1), padding=(1, 1))
    (1): ReLU()
    (2): MaxPool2d(kernel_size=2, stride=2, padding=0, dilation=1, ceil_mode=False)
    (3): Conv2d(128, 128, kernel_size=(3, 3), stride=(1, 1), padding=(2, 2))
    (4): ReLU()
    (5): MaxPool2d(kernel_size=2, stride=2, padding=0, dilation=1, ceil_mode=False)
    (6): Conv2d(128, 64, kernel_size=(3, 3), stride=(1, 1), padding=(1, 1))
    (7): ReLU()
    (8): MaxPool2d(kernel_size=2, stride=2, padding=0, dilation=1, ceil_mode=False)
    (9): Flatten(start_dim=1, end_dim=-1)
    (10): Linear(in_features=1024, out_features=512, bias=True)
    (11): ReLU()
    (12): Linear(in_features=512, out_features=256, bias=True)
    (13): ReLU()
    (14): Linear(in_features=256, out_features=100, bias=True)
  )
)
INFO:__main__:CHILD MODEL LOSS: 2.012082399368286 with train time 44.59288001060486
INFO:__main__:CHILD MODEL ACCURACY: 0.4599
INFO:__main__:Policy gradient: 0.17151017487049103
INFO:__main__:
INFO:__main__:------ ITERATION 257 ------
INFO:__main__:Layers generated: [('256', '3', '0'), ('128', '3', '0')]
INFO:__main__:ChildCNNModel(
  (model): Sequential(
    (0): Conv2d(3, 128, kernel_size=(3, 3), stride=(1, 1), padding=(1, 1))
    (1): ReLU()
    (2): MaxPool2d(kernel_size=2, stride=2, padding=0, dilation=1, ceil_mode=False)
    (3): Conv2d(128, 256, kernel_size=(3, 3), stride=(1, 1))
    (4): ReLU()
    (5): MaxPool2d(kernel_size=2, stride=2, padding=0, dilation=1, ceil_mode=False)
    (6): Conv2d(256, 128, kernel_size=(3, 3), stride=(1, 1))
    (7): ReLU()
    (8): MaxPool2d(kernel_size=2, stride=2, padding=0, dilation=1, ceil_mode=False)
    (9): Flatten(start_dim=1, end_dim=-1)
    (10): Linear(in_features=512, out_features=512, bias=True)
    (11): ReLU()
    (12): Linear(in_features=512, out_features=256, bias=True)
    (13): ReLU()
    (14): Linear(in_features=256, out_features=100, bias=True)
  )
)
INFO:__main__:CHILD MODEL LOSS: 2.263520034313202 with train time 45.36183428764343
INFO:__main__:CHILD MODEL ACCURACY: 0.4056
INFO:__main__:Policy gradient: -0.17708127200603485
INFO:__main__:
INFO:__main__:------ ITERATION 258 ------
INFO:__main__:Layers generated: [('256', '1', '1'), ('64', '3', '1')]
INFO:__main__:ChildCNNModel(
  (model): Sequential(
    (0): Conv2d(3, 128, kernel_size=(3, 3), stride=(1, 1), padding=(1, 1))
    (1): ReLU()
    (2): MaxPool2d(kernel_size=2, stride=2, padding=0, dilation=1, ceil_mode=False)
    (3): Conv2d(128, 256, kernel_size=(1, 1), stride=(1, 1), padding=(1, 1))
    (4): ReLU()
    (5): MaxPool2d(kernel_size=2, stride=2, padding=0, dilation=1, ceil_mode=False)
    (6): Conv2d(256, 64, kernel_size=(3, 3), stride=(1, 1), padding=(1, 1))
    (7): ReLU()
    (8): MaxPool2d(kernel_size=2, stride=2, padding=0, dilation=1, ceil_mode=False)
    (9): Flatten(start_dim=1, end_dim=-1)
    (10): Linear(in_features=1024, out_features=512, bias=True)
    (11): ReLU()
    (12): Linear(in_features=512, out_features=256, bias=True)
    (13): ReLU()
    (14): Linear(in_features=256, out_features=100, bias=True)
  )
)
INFO:__main__:CHILD MODEL LOSS: 2.1101011204719544 with train time 45.391011238098145
INFO:__main__:CHILD MODEL ACCURACY: 0.4298
INFO:__main__:Policy gradient: -0.014231088571250439
INFO:__main__:
INFO:__main__:------ ITERATION 259 ------
INFO:__main__:Layers generated: [('256', '3', '1'), ('32', '3', '0')]
INFO:__main__:ChildCNNModel(
  (model): Sequential(
    (0): Conv2d(3, 128, kernel_size=(3, 3), stride=(1, 1), padding=(1, 1))
    (1): ReLU()
    (2): MaxPool2d(kernel_size=2, stride=2, padding=0, dilation=1, ceil_mode=False)
    (3): Conv2d(128, 256, kernel_size=(3, 3), stride=(1, 1), padding=(1, 1))
    (4): ReLU()
    (5): MaxPool2d(kernel_size=2, stride=2, padding=0, dilation=1, ceil_mode=False)
    (6): Conv2d(256, 32, kernel_size=(3, 3), stride=(1, 1))
    (7): ReLU()
    (8): MaxPool2d(kernel_size=2, stride=2, padding=0, dilation=1, ceil_mode=False)
    (9): Flatten(start_dim=1, end_dim=-1)
    (10): Linear(in_features=288, out_features=512, bias=True)
    (11): ReLU()
    (12): Linear(in_features=512, out_features=256, bias=True)
    (13): ReLU()
    (14): Linear(in_features=256, out_features=100, bias=True)
  )
)
INFO:__main__:CHILD MODEL LOSS: 2.2244519495964052 with train time 48.384918451309204
INFO:__main__:CHILD MODEL ACCURACY: 0.4036
INFO:__main__:Policy gradient: -0.17523115873336792
INFO:__main__:
INFO:__main__:------ ITERATION 260 ------
INFO:__main__:Layers generated: [('256', '3', '2'), ('256', '3', '1')]
INFO:__main__:ChildCNNModel(
  (model): Sequential(
    (0): Conv2d(3, 128, kernel_size=(3, 3), stride=(1, 1), padding=(1, 1))
    (1): ReLU()
    (2): MaxPool2d(kernel_size=2, stride=2, padding=0, dilation=1, ceil_mode=False)
    (3): Conv2d(128, 256, kernel_size=(3, 3), stride=(1, 1), padding=(2, 2))
    (4): ReLU()
    (5): MaxPool2d(kernel_size=2, stride=2, padding=0, dilation=1, ceil_mode=False)
    (6): Conv2d(256, 256, kernel_size=(3, 3), stride=(1, 1), padding=(1, 1))
    (7): ReLU()
    (8): MaxPool2d(kernel_size=2, stride=2, padding=0, dilation=1, ceil_mode=False)
    (9): Flatten(start_dim=1, end_dim=-1)
    (10): Linear(in_features=4096, out_features=512, bias=True)
    (11): ReLU()
    (12): Linear(in_features=512, out_features=256, bias=True)
    (13): ReLU()
    (14): Linear(in_features=256, out_features=100, bias=True)
  )
)
INFO:__main__:CHILD MODEL LOSS: 1.8055344090461731 with train time 69.89906072616577
INFO:__main__:CHILD MODEL ACCURACY: 0.4848
INFO:__main__:Policy gradient: 0.21923783421516418
INFO:__main__:
INFO:__main__:------ ITERATION 261 ------
INFO:__main__:Layers generated: [('256', '3', '1'), ('256', '3', '0')]
INFO:__main__:ChildCNNModel(
  (model): Sequential(
    (0): Conv2d(3, 128, kernel_size=(3, 3), stride=(1, 1), padding=(1, 1))
    (1): ReLU()
    (2): MaxPool2d(kernel_size=2, stride=2, padding=0, dilation=1, ceil_mode=False)
    (3): Conv2d(128, 256, kernel_size=(3, 3), stride=(1, 1), padding=(1, 1))
    (4): ReLU()
    (5): MaxPool2d(kernel_size=2, stride=2, padding=0, dilation=1, ceil_mode=False)
    (6): Conv2d(256, 256, kernel_size=(3, 3), stride=(1, 1))
    (7): ReLU()
    (8): MaxPool2d(kernel_size=2, stride=2, padding=0, dilation=1, ceil_mode=False)
    (9): Flatten(start_dim=1, end_dim=-1)
    (10): Linear(in_features=2304, out_features=512, bias=True)
    (11): ReLU()
    (12): Linear(in_features=512, out_features=256, bias=True)
    (13): ReLU()
    (14): Linear(in_features=256, out_features=100, bias=True)
  )
)
INFO:__main__:CHILD MODEL LOSS: 1.9365497703552246 with train time 52.25536632537842
INFO:__main__:CHILD MODEL ACCURACY: 0.4641
INFO:__main__:Policy gradient: 0.13388359546661377
INFO:__main__:
INFO:__main__:------ ITERATION 262 ------
INFO:__main__:Layers generated: [('256', '3', '0'), ('256', '1', '0')]
INFO:__main__:ChildCNNModel(
  (model): Sequential(
    (0): Conv2d(3, 128, kernel_size=(3, 3), stride=(1, 1), padding=(1, 1))
    (1): ReLU()
    (2): MaxPool2d(kernel_size=2, stride=2, padding=0, dilation=1, ceil_mode=False)
    (3): Conv2d(128, 256, kernel_size=(3, 3), stride=(1, 1))
    (4): ReLU()
    (5): MaxPool2d(kernel_size=2, stride=2, padding=0, dilation=1, ceil_mode=False)
    (6): Conv2d(256, 256, kernel_size=(1, 1), stride=(1, 1))
    (7): ReLU()
    (8): MaxPool2d(kernel_size=2, stride=2, padding=0, dilation=1, ceil_mode=False)
    (9): Flatten(start_dim=1, end_dim=-1)
    (10): Linear(in_features=2304, out_features=512, bias=True)
    (11): ReLU()
    (12): Linear(in_features=512, out_features=256, bias=True)
    (13): ReLU()
    (14): Linear(in_features=256, out_features=100, bias=True)
  )
)
INFO:__main__:CHILD MODEL LOSS: 2.0885030288696287 with train time 45.13564324378967
INFO:__main__:CHILD MODEL ACCURACY: 0.4384
INFO:__main__:Policy gradient: 0.005068683996796608
INFO:__main__:
INFO:__main__:------ ITERATION 263 ------
INFO:__main__:Layers generated: [('128', '3', '1'), ('32', '1', '1')]
INFO:__main__:ChildCNNModel(
  (model): Sequential(
    (0): Conv2d(3, 128, kernel_size=(3, 3), stride=(1, 1), padding=(1, 1))
    (1): ReLU()
    (2): MaxPool2d(kernel_size=2, stride=2, padding=0, dilation=1, ceil_mode=False)
    (3): Conv2d(128, 128, kernel_size=(3, 3), stride=(1, 1), padding=(1, 1))
    (4): ReLU()
    (5): MaxPool2d(kernel_size=2, stride=2, padding=0, dilation=1, ceil_mode=False)
    (6): Conv2d(128, 32, kernel_size=(1, 1), stride=(1, 1), padding=(1, 1))
    (7): ReLU()
    (8): MaxPool2d(kernel_size=2, stride=2, padding=0, dilation=1, ceil_mode=False)
    (9): Flatten(start_dim=1, end_dim=-1)
    (10): Linear(in_features=800, out_features=512, bias=True)
    (11): ReLU()
    (12): Linear(in_features=512, out_features=256, bias=True)
    (13): ReLU()
    (14): Linear(in_features=256, out_features=100, bias=True)
  )
)
INFO:__main__:CHILD MODEL LOSS: 2.1752180371284484 with train time 39.900898933410645
INFO:__main__:CHILD MODEL ACCURACY: 0.4234
INFO:__main__:Policy gradient: -0.11418682336807251
INFO:__main__:
INFO:__main__:------ ITERATION 264 ------
INFO:__main__:Layers generated: [('64', '5', '0'), ('256', '3', '1')]
INFO:__main__:ChildCNNModel(
  (model): Sequential(
    (0): Conv2d(3, 128, kernel_size=(3, 3), stride=(1, 1), padding=(1, 1))
    (1): ReLU()
    (2): MaxPool2d(kernel_size=2, stride=2, padding=0, dilation=1, ceil_mode=False)
    (3): Conv2d(128, 64, kernel_size=(5, 5), stride=(1, 1))
    (4): ReLU()
    (5): MaxPool2d(kernel_size=2, stride=2, padding=0, dilation=1, ceil_mode=False)
    (6): Conv2d(64, 256, kernel_size=(3, 3), stride=(1, 1), padding=(1, 1))
    (7): ReLU()
    (8): MaxPool2d(kernel_size=2, stride=2, padding=0, dilation=1, ceil_mode=False)
    (9): Flatten(start_dim=1, end_dim=-1)
    (10): Linear(in_features=2304, out_features=512, bias=True)
    (11): ReLU()
    (12): Linear(in_features=512, out_features=256, bias=True)
    (13): ReLU()
    (14): Linear(in_features=256, out_features=100, bias=True)
  )
)
INFO:__main__:CHILD MODEL LOSS: 2.053459137916565 with train time 38.60884976387024
INFO:__main__:CHILD MODEL ACCURACY: 0.4459
INFO:__main__:Policy gradient: 0.07109169661998749
INFO:__main__:
INFO:__main__:------ ITERATION 265 ------
INFO:__main__:Layers generated: [('256', '3', '1'), ('64', '3', '2')]
INFO:__main__:ChildCNNModel(
  (model): Sequential(
    (0): Conv2d(3, 128, kernel_size=(3, 3), stride=(1, 1), padding=(1, 1))
    (1): ReLU()
    (2): MaxPool2d(kernel_size=2, stride=2, padding=0, dilation=1, ceil_mode=False)
    (3): Conv2d(128, 256, kernel_size=(3, 3), stride=(1, 1), padding=(1, 1))
    (4): ReLU()
    (5): MaxPool2d(kernel_size=2, stride=2, padding=0, dilation=1, ceil_mode=False)
    (6): Conv2d(256, 64, kernel_size=(3, 3), stride=(1, 1), padding=(2, 2))
    (7): ReLU()
    (8): MaxPool2d(kernel_size=2, stride=2, padding=0, dilation=1, ceil_mode=False)
    (9): Flatten(start_dim=1, end_dim=-1)
    (10): Linear(in_features=1600, out_features=512, bias=True)
    (11): ReLU()
    (12): Linear(in_features=512, out_features=256, bias=True)
    (13): ReLU()
    (14): Linear(in_features=256, out_features=100, bias=True)
  )
)
INFO:__main__:CHILD MODEL LOSS: 1.9702327432632447 with train time 49.858766317367554
INFO:__main__:CHILD MODEL ACCURACY: 0.4681
INFO:__main__:Policy gradient: 0.1439274549484253
INFO:__main__:
INFO:__main__:------ ITERATION 266 ------
INFO:__main__:Layers generated: [('256', '1', '0'), ('256', '3', '1')]
INFO:__main__:ChildCNNModel(
  (model): Sequential(
    (0): Conv2d(3, 128, kernel_size=(3, 3), stride=(1, 1), padding=(1, 1))
    (1): ReLU()
    (2): MaxPool2d(kernel_size=2, stride=2, padding=0, dilation=1, ceil_mode=False)
    (3): Conv2d(128, 256, kernel_size=(1, 1), stride=(1, 1))
    (4): ReLU()
    (5): MaxPool2d(kernel_size=2, stride=2, padding=0, dilation=1, ceil_mode=False)
    (6): Conv2d(256, 256, kernel_size=(3, 3), stride=(1, 1), padding=(1, 1))
    (7): ReLU()
    (8): MaxPool2d(kernel_size=2, stride=2, padding=0, dilation=1, ceil_mode=False)
    (9): Flatten(start_dim=1, end_dim=-1)
    (10): Linear(in_features=4096, out_features=512, bias=True)
    (11): ReLU()
    (12): Linear(in_features=512, out_features=256, bias=True)
    (13): ReLU()
    (14): Linear(in_features=256, out_features=100, bias=True)
  )
)
INFO:__main__:CHILD MODEL LOSS: 1.8952234287261962 with train time 43.951709508895874
INFO:__main__:CHILD MODEL ACCURACY: 0.4778
INFO:__main__:Policy gradient: 0.22170940041542053
INFO:__main__:
INFO:__main__:------ ITERATION 267 ------
INFO:__main__:Layers generated: [('256', '3', '2'), ('128', '1', '2')]
INFO:__main__:ChildCNNModel(
  (model): Sequential(
    (0): Conv2d(3, 128, kernel_size=(3, 3), stride=(1, 1), padding=(1, 1))
    (1): ReLU()
    (2): MaxPool2d(kernel_size=2, stride=2, padding=0, dilation=1, ceil_mode=False)
    (3): Conv2d(128, 256, kernel_size=(3, 3), stride=(1, 1), padding=(2, 2))
    (4): ReLU()
    (5): MaxPool2d(kernel_size=2, stride=2, padding=0, dilation=1, ceil_mode=False)
    (6): Conv2d(256, 128, kernel_size=(1, 1), stride=(1, 1), padding=(2, 2))
    (7): ReLU()
    (8): MaxPool2d(kernel_size=2, stride=2, padding=0, dilation=1, ceil_mode=False)
    (9): Flatten(start_dim=1, end_dim=-1)
    (10): Linear(in_features=4608, out_features=512, bias=True)
    (11): ReLU()
    (12): Linear(in_features=512, out_features=256, bias=True)
    (13): ReLU()
    (14): Linear(in_features=256, out_features=100, bias=True)
  )
)
INFO:__main__:CHILD MODEL LOSS: 2.0570118188858033 with train time 63.41082191467285
INFO:__main__:CHILD MODEL ACCURACY: 0.4424
INFO:__main__:Policy gradient: -0.010553142987191677
INFO:__main__:
INFO:__main__:------ ITERATION 268 ------
INFO:__main__:Layers generated: [('256', '1', '2'), ('64', '3', '1')]
INFO:__main__:ChildCNNModel(
  (model): Sequential(
    (0): Conv2d(3, 128, kernel_size=(3, 3), stride=(1, 1), padding=(1, 1))
    (1): ReLU()
    (2): MaxPool2d(kernel_size=2, stride=2, padding=0, dilation=1, ceil_mode=False)
    (3): Conv2d(128, 256, kernel_size=(1, 1), stride=(1, 1), padding=(2, 2))
    (4): ReLU()
    (5): MaxPool2d(kernel_size=2, stride=2, padding=0, dilation=1, ceil_mode=False)
    (6): Conv2d(256, 64, kernel_size=(3, 3), stride=(1, 1), padding=(1, 1))
    (7): ReLU()
    (8): MaxPool2d(kernel_size=2, stride=2, padding=0, dilation=1, ceil_mode=False)
    (9): Flatten(start_dim=1, end_dim=-1)
    (10): Linear(in_features=1600, out_features=512, bias=True)
    (11): ReLU()
    (12): Linear(in_features=512, out_features=256, bias=True)
    (13): ReLU()
    (14): Linear(in_features=256, out_features=100, bias=True)
  )
)
INFO:__main__:CHILD MODEL LOSS: 1.998300094127655 with train time 48.74106574058533
INFO:__main__:CHILD MODEL ACCURACY: 0.4484
INFO:__main__:Policy gradient: 0.02802363410592079
INFO:__main__:
INFO:__main__:------ ITERATION 269 ------
INFO:__main__:Layers generated: [('256', '3', '2'), ('256', '3', '2')]
INFO:__main__:ChildCNNModel(
  (model): Sequential(
    (0): Conv2d(3, 128, kernel_size=(3, 3), stride=(1, 1), padding=(1, 1))
    (1): ReLU()
    (2): MaxPool2d(kernel_size=2, stride=2, padding=0, dilation=1, ceil_mode=False)
    (3): Conv2d(128, 256, kernel_size=(3, 3), stride=(1, 1), padding=(2, 2))
    (4): ReLU()
    (5): MaxPool2d(kernel_size=2, stride=2, padding=0, dilation=1, ceil_mode=False)
    (6): Conv2d(256, 256, kernel_size=(3, 3), stride=(1, 1), padding=(2, 2))
    (7): ReLU()
    (8): MaxPool2d(kernel_size=2, stride=2, padding=0, dilation=1, ceil_mode=False)
    (9): Flatten(start_dim=1, end_dim=-1)
    (10): Linear(in_features=6400, out_features=512, bias=True)
    (11): ReLU()
    (12): Linear(in_features=512, out_features=256, bias=True)
    (13): ReLU()
    (14): Linear(in_features=256, out_features=100, bias=True)
  )
)
INFO:__main__:CHILD MODEL LOSS: 1.8680717344284057 with train time 76.29131865501404
INFO:__main__:CHILD MODEL ACCURACY: 0.4611
INFO:__main__:Policy gradient: 0.06938765197992325
INFO:__main__:
INFO:__main__:------ ITERATION 270 ------
INFO:__main__:Layers generated: [('128', '3', '1'), ('32', '3', '1')]
INFO:__main__:ChildCNNModel(
  (model): Sequential(
    (0): Conv2d(3, 128, kernel_size=(3, 3), stride=(1, 1), padding=(1, 1))
    (1): ReLU()
    (2): MaxPool2d(kernel_size=2, stride=2, padding=0, dilation=1, ceil_mode=False)
    (3): Conv2d(128, 128, kernel_size=(3, 3), stride=(1, 1), padding=(1, 1))
    (4): ReLU()
    (5): MaxPool2d(kernel_size=2, stride=2, padding=0, dilation=1, ceil_mode=False)
    (6): Conv2d(128, 32, kernel_size=(3, 3), stride=(1, 1), padding=(1, 1))
    (7): ReLU()
    (8): MaxPool2d(kernel_size=2, stride=2, padding=0, dilation=1, ceil_mode=False)
    (9): Flatten(start_dim=1, end_dim=-1)
    (10): Linear(in_features=512, out_features=512, bias=True)
    (11): ReLU()
    (12): Linear(in_features=512, out_features=256, bias=True)
    (13): ReLU()
    (14): Linear(in_features=256, out_features=100, bias=True)
  )
)
INFO:__main__:CHILD MODEL LOSS: 2.1371116123199463 with train time 40.06517839431763
INFO:__main__:CHILD MODEL ACCURACY: 0.4377
INFO:__main__:Policy gradient: -0.05553191900253296
INFO:__main__:
INFO:__main__:------ ITERATION 271 ------
INFO:__main__:Layers generated: [('256', '3', '2'), ('32', '1', '1')]
INFO:__main__:ChildCNNModel(
  (model): Sequential(
    (0): Conv2d(3, 128, kernel_size=(3, 3), stride=(1, 1), padding=(1, 1))
    (1): ReLU()
    (2): MaxPool2d(kernel_size=2, stride=2, padding=0, dilation=1, ceil_mode=False)
    (3): Conv2d(128, 256, kernel_size=(3, 3), stride=(1, 1), padding=(2, 2))
    (4): ReLU()
    (5): MaxPool2d(kernel_size=2, stride=2, padding=0, dilation=1, ceil_mode=False)
    (6): Conv2d(256, 32, kernel_size=(1, 1), stride=(1, 1), padding=(1, 1))
    (7): ReLU()
    (8): MaxPool2d(kernel_size=2, stride=2, padding=0, dilation=1, ceil_mode=False)
    (9): Flatten(start_dim=1, end_dim=-1)
    (10): Linear(in_features=800, out_features=512, bias=True)
    (11): ReLU()
    (12): Linear(in_features=512, out_features=256, bias=True)
    (13): ReLU()
    (14): Linear(in_features=256, out_features=100, bias=True)
  )
)
INFO:__main__:CHILD MODEL LOSS: 2.142138702392578 with train time 59.740392208099365
INFO:__main__:CHILD MODEL ACCURACY: 0.4315
INFO:__main__:Policy gradient: -0.09657571464776993
INFO:__main__:
INFO:__main__:------ ITERATION 272 ------
INFO:__main__:Layers generated: [('256', '1', '1'), ('256', '3', '1')]
INFO:__main__:ChildCNNModel(
  (model): Sequential(
    (0): Conv2d(3, 128, kernel_size=(3, 3), stride=(1, 1), padding=(1, 1))
    (1): ReLU()
    (2): MaxPool2d(kernel_size=2, stride=2, padding=0, dilation=1, ceil_mode=False)
    (3): Conv2d(128, 256, kernel_size=(1, 1), stride=(1, 1), padding=(1, 1))
    (4): ReLU()
    (5): MaxPool2d(kernel_size=2, stride=2, padding=0, dilation=1, ceil_mode=False)
    (6): Conv2d(256, 256, kernel_size=(3, 3), stride=(1, 1), padding=(1, 1))
    (7): ReLU()
    (8): MaxPool2d(kernel_size=2, stride=2, padding=0, dilation=1, ceil_mode=False)
    (9): Flatten(start_dim=1, end_dim=-1)
    (10): Linear(in_features=4096, out_features=512, bias=True)
    (11): ReLU()
    (12): Linear(in_features=512, out_features=256, bias=True)
    (13): ReLU()
    (14): Linear(in_features=256, out_features=100, bias=True)
  )
)
INFO:__main__:CHILD MODEL LOSS: 1.8713591961860656 with train time 51.997050046920776
INFO:__main__:CHILD MODEL ACCURACY: 0.4803
INFO:__main__:Policy gradient: 0.17881174385547638
INFO:__main__:
INFO:__main__:------ ITERATION 273 ------
INFO:__main__:Layers generated: [('256', '3', '1'), ('64', '3', '2')]
INFO:__main__:ChildCNNModel(
  (model): Sequential(
    (0): Conv2d(3, 128, kernel_size=(3, 3), stride=(1, 1), padding=(1, 1))
    (1): ReLU()
    (2): MaxPool2d(kernel_size=2, stride=2, padding=0, dilation=1, ceil_mode=False)
    (3): Conv2d(128, 256, kernel_size=(3, 3), stride=(1, 1), padding=(1, 1))
    (4): ReLU()
    (5): MaxPool2d(kernel_size=2, stride=2, padding=0, dilation=1, ceil_mode=False)
    (6): Conv2d(256, 64, kernel_size=(3, 3), stride=(1, 1), padding=(2, 2))
    (7): ReLU()
    (8): MaxPool2d(kernel_size=2, stride=2, padding=0, dilation=1, ceil_mode=False)
    (9): Flatten(start_dim=1, end_dim=-1)
    (10): Linear(in_features=1600, out_features=512, bias=True)
    (11): ReLU()
    (12): Linear(in_features=512, out_features=256, bias=True)
    (13): ReLU()
    (14): Linear(in_features=256, out_features=100, bias=True)
  )
)
INFO:__main__:CHILD MODEL LOSS: 2.0153374056816102 with train time 50.03744101524353
INFO:__main__:CHILD MODEL ACCURACY: 0.447
INFO:__main__:Policy gradient: -0.002221078844740987
INFO:__main__:
INFO:__main__:------ ITERATION 274 ------
INFO:__main__:Layers generated: [('64', '3', '1'), ('256', '3', '1')]
INFO:__main__:ChildCNNModel(
  (model): Sequential(
    (0): Conv2d(3, 128, kernel_size=(3, 3), stride=(1, 1), padding=(1, 1))
    (1): ReLU()
    (2): MaxPool2d(kernel_size=2, stride=2, padding=0, dilation=1, ceil_mode=False)
    (3): Conv2d(128, 64, kernel_size=(3, 3), stride=(1, 1), padding=(1, 1))
    (4): ReLU()
    (5): MaxPool2d(kernel_size=2, stride=2, padding=0, dilation=1, ceil_mode=False)
    (6): Conv2d(64, 256, kernel_size=(3, 3), stride=(1, 1), padding=(1, 1))
    (7): ReLU()
    (8): MaxPool2d(kernel_size=2, stride=2, padding=0, dilation=1, ceil_mode=False)
    (9): Flatten(start_dim=1, end_dim=-1)
    (10): Linear(in_features=4096, out_features=512, bias=True)
    (11): ReLU()
    (12): Linear(in_features=512, out_features=256, bias=True)
    (13): ReLU()
    (14): Linear(in_features=256, out_features=100, bias=True)
  )
)
INFO:__main__:CHILD MODEL LOSS: 1.9618454008102417 with train time 38.096800327301025
INFO:__main__:CHILD MODEL ACCURACY: 0.4564
INFO:__main__:Policy gradient: 0.039072442799806595
INFO:__main__:
INFO:__main__:------ ITERATION 275 ------
INFO:__main__:Layers generated: [('64', '3', '1'), ('256', '5', '1')]
INFO:__main__:ChildCNNModel(
  (model): Sequential(
    (0): Conv2d(3, 128, kernel_size=(3, 3), stride=(1, 1), padding=(1, 1))
    (1): ReLU()
    (2): MaxPool2d(kernel_size=2, stride=2, padding=0, dilation=1, ceil_mode=False)
    (3): Conv2d(128, 64, kernel_size=(3, 3), stride=(1, 1), padding=(1, 1))
    (4): ReLU()
    (5): MaxPool2d(kernel_size=2, stride=2, padding=0, dilation=1, ceil_mode=False)
    (6): Conv2d(64, 256, kernel_size=(5, 5), stride=(1, 1), padding=(1, 1))
    (7): ReLU()
    (8): MaxPool2d(kernel_size=2, stride=2, padding=0, dilation=1, ceil_mode=False)
    (9): Flatten(start_dim=1, end_dim=-1)
    (10): Linear(in_features=2304, out_features=512, bias=True)
    (11): ReLU()
    (12): Linear(in_features=512, out_features=256, bias=True)
    (13): ReLU()
    (14): Linear(in_features=256, out_features=100, bias=True)
  )
)
INFO:__main__:CHILD MODEL LOSS: 2.1295327634811403 with train time 37.991079807281494
INFO:__main__:CHILD MODEL ACCURACY: 0.4378
INFO:__main__:Policy gradient: -0.06607545167207718
INFO:__main__:
INFO:__main__:------ ITERATION 276 ------
INFO:__main__:Layers generated: [('256', '3', '1'), ('128', '3', '2')]
INFO:__main__:ChildCNNModel(
  (model): Sequential(
    (0): Conv2d(3, 128, kernel_size=(3, 3), stride=(1, 1), padding=(1, 1))
    (1): ReLU()
    (2): MaxPool2d(kernel_size=2, stride=2, padding=0, dilation=1, ceil_mode=False)
    (3): Conv2d(128, 256, kernel_size=(3, 3), stride=(1, 1), padding=(1, 1))
    (4): ReLU()
    (5): MaxPool2d(kernel_size=2, stride=2, padding=0, dilation=1, ceil_mode=False)
    (6): Conv2d(256, 128, kernel_size=(3, 3), stride=(1, 1), padding=(2, 2))
    (7): ReLU()
    (8): MaxPool2d(kernel_size=2, stride=2, padding=0, dilation=1, ceil_mode=False)
    (9): Flatten(start_dim=1, end_dim=-1)
    (10): Linear(in_features=3200, out_features=512, bias=True)
    (11): ReLU()
    (12): Linear(in_features=512, out_features=256, bias=True)
    (13): ReLU()
    (14): Linear(in_features=256, out_features=100, bias=True)
  )
)
INFO:__main__:CHILD MODEL LOSS: 1.869058985710144 with train time 53.22225308418274
INFO:__main__:CHILD MODEL ACCURACY: 0.4743
INFO:__main__:Policy gradient: 0.12113061547279358
INFO:__main__:
INFO:__main__:------ ITERATION 277 ------
INFO:__main__:Layers generated: [('64', '3', '0'), ('256', '3', '1')]
INFO:__main__:ChildCNNModel(
  (model): Sequential(
    (0): Conv2d(3, 128, kernel_size=(3, 3), stride=(1, 1), padding=(1, 1))
    (1): ReLU()
    (2): MaxPool2d(kernel_size=2, stride=2, padding=0, dilation=1, ceil_mode=False)
    (3): Conv2d(128, 64, kernel_size=(3, 3), stride=(1, 1))
    (4): ReLU()
    (5): MaxPool2d(kernel_size=2, stride=2, padding=0, dilation=1, ceil_mode=False)
    (6): Conv2d(64, 256, kernel_size=(3, 3), stride=(1, 1), padding=(1, 1))
    (7): ReLU()
    (8): MaxPool2d(kernel_size=2, stride=2, padding=0, dilation=1, ceil_mode=False)
    (9): Flatten(start_dim=1, end_dim=-1)
    (10): Linear(in_features=2304, out_features=512, bias=True)
    (11): ReLU()
    (12): Linear(in_features=512, out_features=256, bias=True)
    (13): ReLU()
    (14): Linear(in_features=256, out_features=100, bias=True)
  )
)
INFO:__main__:CHILD MODEL LOSS: 2.0031048707962036 with train time 37.4546914100647
INFO:__main__:CHILD MODEL ACCURACY: 0.4533
INFO:__main__:Policy gradient: 0.017703479155898094
INFO:__main__:
INFO:__main__:------ ITERATION 278 ------
INFO:__main__:Layers generated: [('256', '3', '1'), ('64', '3', '1')]
INFO:__main__:ChildCNNModel(
  (model): Sequential(
    (0): Conv2d(3, 128, kernel_size=(3, 3), stride=(1, 1), padding=(1, 1))
    (1): ReLU()
    (2): MaxPool2d(kernel_size=2, stride=2, padding=0, dilation=1, ceil_mode=False)
    (3): Conv2d(128, 256, kernel_size=(3, 3), stride=(1, 1), padding=(1, 1))
    (4): ReLU()
    (5): MaxPool2d(kernel_size=2, stride=2, padding=0, dilation=1, ceil_mode=False)
    (6): Conv2d(256, 64, kernel_size=(3, 3), stride=(1, 1), padding=(1, 1))
    (7): ReLU()
    (8): MaxPool2d(kernel_size=2, stride=2, padding=0, dilation=1, ceil_mode=False)
    (9): Flatten(start_dim=1, end_dim=-1)
    (10): Linear(in_features=1024, out_features=512, bias=True)
    (11): ReLU()
    (12): Linear(in_features=512, out_features=256, bias=True)
    (13): ReLU()
    (14): Linear(in_features=256, out_features=100, bias=True)
  )
)
INFO:__main__:CHILD MODEL LOSS: 2.069436894416809 with train time 49.076961278915405
INFO:__main__:CHILD MODEL ACCURACY: 0.4426
INFO:__main__:Policy gradient: -0.03325224295258522
INFO:__main__:
INFO:__main__:------ ITERATION 279 ------
INFO:__main__:Layers generated: [('64', '1', '1'), ('64', '5', '1')]
INFO:__main__:ChildCNNModel(
  (model): Sequential(
    (0): Conv2d(3, 128, kernel_size=(3, 3), stride=(1, 1), padding=(1, 1))
    (1): ReLU()
    (2): MaxPool2d(kernel_size=2, stride=2, padding=0, dilation=1, ceil_mode=False)
    (3): Conv2d(128, 64, kernel_size=(1, 1), stride=(1, 1), padding=(1, 1))
    (4): ReLU()
    (5): MaxPool2d(kernel_size=2, stride=2, padding=0, dilation=1, ceil_mode=False)
    (6): Conv2d(64, 64, kernel_size=(5, 5), stride=(1, 1), padding=(1, 1))
    (7): ReLU()
    (8): MaxPool2d(kernel_size=2, stride=2, padding=0, dilation=1, ceil_mode=False)
    (9): Flatten(start_dim=1, end_dim=-1)
    (10): Linear(in_features=576, out_features=512, bias=True)
    (11): ReLU()
    (12): Linear(in_features=512, out_features=256, bias=True)
    (13): ReLU()
    (14): Linear(in_features=256, out_features=100, bias=True)
  )
)
INFO:__main__:CHILD MODEL LOSS: 2.3073213682174685 with train time 36.88171720504761
INFO:__main__:CHILD MODEL ACCURACY: 0.4038
INFO:__main__:Policy gradient: -0.4032444655895233
INFO:__main__:
INFO:__main__:------ ITERATION 280 ------
INFO:__main__:Layers generated: [('256', '3', '1'), ('128', '3', '1')]
INFO:__main__:ChildCNNModel(
  (model): Sequential(
    (0): Conv2d(3, 128, kernel_size=(3, 3), stride=(1, 1), padding=(1, 1))
    (1): ReLU()
    (2): MaxPool2d(kernel_size=2, stride=2, padding=0, dilation=1, ceil_mode=False)
    (3): Conv2d(128, 256, kernel_size=(3, 3), stride=(1, 1), padding=(1, 1))
    (4): ReLU()
    (5): MaxPool2d(kernel_size=2, stride=2, padding=0, dilation=1, ceil_mode=False)
    (6): Conv2d(256, 128, kernel_size=(3, 3), stride=(1, 1), padding=(1, 1))
    (7): ReLU()
    (8): MaxPool2d(kernel_size=2, stride=2, padding=0, dilation=1, ceil_mode=False)
    (9): Flatten(start_dim=1, end_dim=-1)
    (10): Linear(in_features=2048, out_features=512, bias=True)
    (11): ReLU()
    (12): Linear(in_features=512, out_features=256, bias=True)
    (13): ReLU()
    (14): Linear(in_features=256, out_features=100, bias=True)
  )
)
INFO:__main__:CHILD MODEL LOSS: 1.9659687838554383 with train time 51.039241790771484
INFO:__main__:CHILD MODEL ACCURACY: 0.4585
INFO:__main__:Policy gradient: 0.056210633367300034
INFO:__main__:
INFO:__main__:------ ITERATION 281 ------
INFO:__main__:Layers generated: [('64', '1', '2'), ('32', '3', '1')]
INFO:__main__:ChildCNNModel(
  (model): Sequential(
    (0): Conv2d(3, 128, kernel_size=(3, 3), stride=(1, 1), padding=(1, 1))
    (1): ReLU()
    (2): MaxPool2d(kernel_size=2, stride=2, padding=0, dilation=1, ceil_mode=False)
    (3): Conv2d(128, 64, kernel_size=(1, 1), stride=(1, 1), padding=(2, 2))
    (4): ReLU()
    (5): MaxPool2d(kernel_size=2, stride=2, padding=0, dilation=1, ceil_mode=False)
    (6): Conv2d(64, 32, kernel_size=(3, 3), stride=(1, 1), padding=(1, 1))
    (7): ReLU()
    (8): MaxPool2d(kernel_size=2, stride=2, padding=0, dilation=1, ceil_mode=False)
    (9): Flatten(start_dim=1, end_dim=-1)
    (10): Linear(in_features=800, out_features=512, bias=True)
    (11): ReLU()
    (12): Linear(in_features=512, out_features=256, bias=True)
    (13): ReLU()
    (14): Linear(in_features=256, out_features=100, bias=True)
  )
)
INFO:__main__:CHILD MODEL LOSS: 2.2469582977294924 with train time 37.79526090621948
INFO:__main__:CHILD MODEL ACCURACY: 0.4071
INFO:__main__:Policy gradient: -0.3158106505870819
INFO:__main__:
INFO:__main__:------ ITERATION 282 ------
INFO:__main__:Layers generated: [('128', '1', '1'), ('32', '3', '1')]
INFO:__main__:ChildCNNModel(
  (model): Sequential(
    (0): Conv2d(3, 128, kernel_size=(3, 3), stride=(1, 1), padding=(1, 1))
    (1): ReLU()
    (2): MaxPool2d(kernel_size=2, stride=2, padding=0, dilation=1, ceil_mode=False)
    (3): Conv2d(128, 128, kernel_size=(1, 1), stride=(1, 1), padding=(1, 1))
    (4): ReLU()
    (5): MaxPool2d(kernel_size=2, stride=2, padding=0, dilation=1, ceil_mode=False)
    (6): Conv2d(128, 32, kernel_size=(3, 3), stride=(1, 1), padding=(1, 1))
    (7): ReLU()
    (8): MaxPool2d(kernel_size=2, stride=2, padding=0, dilation=1, ceil_mode=False)
    (9): Flatten(start_dim=1, end_dim=-1)
    (10): Linear(in_features=512, out_features=512, bias=True)
    (11): ReLU()
    (12): Linear(in_features=512, out_features=256, bias=True)
    (13): ReLU()
    (14): Linear(in_features=256, out_features=100, bias=True)
  )
)
INFO:__main__:CHILD MODEL LOSS: 2.2575139470100405 with train time 38.80695199966431
INFO:__main__:CHILD MODEL ACCURACY: 0.4114
INFO:__main__:Policy gradient: -0.2556058466434479
INFO:__main__:
INFO:__main__:------ ITERATION 283 ------
INFO:__main__:Layers generated: [('256', '5', '0'), ('256', '1', '0')]
INFO:__main__:ChildCNNModel(
  (model): Sequential(
    (0): Conv2d(3, 128, kernel_size=(3, 3), stride=(1, 1), padding=(1, 1))
    (1): ReLU()
    (2): MaxPool2d(kernel_size=2, stride=2, padding=0, dilation=1, ceil_mode=False)
    (3): Conv2d(128, 256, kernel_size=(5, 5), stride=(1, 1))
    (4): ReLU()
    (5): MaxPool2d(kernel_size=2, stride=2, padding=0, dilation=1, ceil_mode=False)
    (6): Conv2d(256, 256, kernel_size=(1, 1), stride=(1, 1))
    (7): ReLU()
    (8): MaxPool2d(kernel_size=2, stride=2, padding=0, dilation=1, ceil_mode=False)
    (9): Flatten(start_dim=1, end_dim=-1)
    (10): Linear(in_features=2304, out_features=512, bias=True)
    (11): ReLU()
    (12): Linear(in_features=512, out_features=256, bias=True)
    (13): ReLU()
    (14): Linear(in_features=256, out_features=100, bias=True)
  )
)
INFO:__main__:CHILD MODEL LOSS: 1.9528760695457459 with train time 54.622119426727295
INFO:__main__:CHILD MODEL ACCURACY: 0.4559
INFO:__main__:Policy gradient: 0.14870691299438477
INFO:__main__:
INFO:__main__:------ ITERATION 284 ------
INFO:__main__:Layers generated: [('256', '3', '1'), ('256', '3', '1')]
INFO:__main__:ChildCNNModel(
  (model): Sequential(
    (0): Conv2d(3, 128, kernel_size=(3, 3), stride=(1, 1), padding=(1, 1))
    (1): ReLU()
    (2): MaxPool2d(kernel_size=2, stride=2, padding=0, dilation=1, ceil_mode=False)
    (3): Conv2d(128, 256, kernel_size=(3, 3), stride=(1, 1), padding=(1, 1))
    (4): ReLU()
    (5): MaxPool2d(kernel_size=2, stride=2, padding=0, dilation=1, ceil_mode=False)
    (6): Conv2d(256, 256, kernel_size=(3, 3), stride=(1, 1), padding=(1, 1))
    (7): ReLU()
    (8): MaxPool2d(kernel_size=2, stride=2, padding=0, dilation=1, ceil_mode=False)
    (9): Flatten(start_dim=1, end_dim=-1)
    (10): Linear(in_features=4096, out_features=512, bias=True)
    (11): ReLU()
    (12): Linear(in_features=512, out_features=256, bias=True)
    (13): ReLU()
    (14): Linear(in_features=256, out_features=100, bias=True)
  )
)
INFO:__main__:CHILD MODEL LOSS: 1.8884679312705994 with train time 55.60683035850525
INFO:__main__:CHILD MODEL ACCURACY: 0.4607
INFO:__main__:Policy gradient: 0.06384153664112091
INFO:__main__:
INFO:__main__:------ ITERATION 285 ------
INFO:__main__:Layers generated: [('256', '3', '1'), ('256', '3', '2')]
INFO:__main__:ChildCNNModel(
  (model): Sequential(
    (0): Conv2d(3, 128, kernel_size=(3, 3), stride=(1, 1), padding=(1, 1))
    (1): ReLU()
    (2): MaxPool2d(kernel_size=2, stride=2, padding=0, dilation=1, ceil_mode=False)
    (3): Conv2d(128, 256, kernel_size=(3, 3), stride=(1, 1), padding=(1, 1))
    (4): ReLU()
    (5): MaxPool2d(kernel_size=2, stride=2, padding=0, dilation=1, ceil_mode=False)
    (6): Conv2d(256, 256, kernel_size=(3, 3), stride=(1, 1), padding=(2, 2))
    (7): ReLU()
    (8): MaxPool2d(kernel_size=2, stride=2, padding=0, dilation=1, ceil_mode=False)
    (9): Flatten(start_dim=1, end_dim=-1)
    (10): Linear(in_features=6400, out_features=512, bias=True)
    (11): ReLU()
    (12): Linear(in_features=512, out_features=256, bias=True)
    (13): ReLU()
    (14): Linear(in_features=256, out_features=100, bias=True)
  )
)
INFO:__main__:CHILD MODEL LOSS: 1.7108927874565125 with train time 61.406869411468506
INFO:__main__:CHILD MODEL ACCURACY: 0.4969
INFO:__main__:Policy gradient: 0.19012592732906342
INFO:__main__:
INFO:__main__:------ ITERATION 286 ------
INFO:__main__:Layers generated: [('32', '3', '1'), ('256', '3', '2')]
INFO:__main__:ChildCNNModel(
  (model): Sequential(
    (0): Conv2d(3, 128, kernel_size=(3, 3), stride=(1, 1), padding=(1, 1))
    (1): ReLU()
    (2): MaxPool2d(kernel_size=2, stride=2, padding=0, dilation=1, ceil_mode=False)
    (3): Conv2d(128, 32, kernel_size=(3, 3), stride=(1, 1), padding=(1, 1))
    (4): ReLU()
    (5): MaxPool2d(kernel_size=2, stride=2, padding=0, dilation=1, ceil_mode=False)
    (6): Conv2d(32, 256, kernel_size=(3, 3), stride=(1, 1), padding=(2, 2))
    (7): ReLU()
    (8): MaxPool2d(kernel_size=2, stride=2, padding=0, dilation=1, ceil_mode=False)
    (9): Flatten(start_dim=1, end_dim=-1)
    (10): Linear(in_features=6400, out_features=512, bias=True)
    (11): ReLU()
    (12): Linear(in_features=512, out_features=256, bias=True)
    (13): ReLU()
    (14): Linear(in_features=256, out_features=100, bias=True)
  )
)
INFO:__main__:CHILD MODEL LOSS: 2.183664274692535 with train time 37.85450625419617
INFO:__main__:CHILD MODEL ACCURACY: 0.4214
INFO:__main__:Policy gradient: -0.16122381389141083
INFO:__main__:
INFO:__main__:------ ITERATION 287 ------
INFO:__main__:Layers generated: [('256', '3', '1'), ('128', '5', '2')]
INFO:__main__:ChildCNNModel(
  (model): Sequential(
    (0): Conv2d(3, 128, kernel_size=(3, 3), stride=(1, 1), padding=(1, 1))
    (1): ReLU()
    (2): MaxPool2d(kernel_size=2, stride=2, padding=0, dilation=1, ceil_mode=False)
    (3): Conv2d(128, 256, kernel_size=(3, 3), stride=(1, 1), padding=(1, 1))
    (4): ReLU()
    (5): MaxPool2d(kernel_size=2, stride=2, padding=0, dilation=1, ceil_mode=False)
    (6): Conv2d(256, 128, kernel_size=(5, 5), stride=(1, 1), padding=(2, 2))
    (7): ReLU()
    (8): MaxPool2d(kernel_size=2, stride=2, padding=0, dilation=1, ceil_mode=False)
    (9): Flatten(start_dim=1, end_dim=-1)
    (10): Linear(in_features=2048, out_features=512, bias=True)
    (11): ReLU()
    (12): Linear(in_features=512, out_features=256, bias=True)
    (13): ReLU()
    (14): Linear(in_features=256, out_features=100, bias=True)
  )
)
INFO:__main__:CHILD MODEL LOSS: 1.9016963257789612 with train time 56.48132801055908
INFO:__main__:CHILD MODEL ACCURACY: 0.4617
INFO:__main__:Policy gradient: 0.10388423502445221
INFO:__main__:
INFO:__main__:------ ITERATION 288 ------
INFO:__main__:Layers generated: [('128', '3', '0'), ('256', '3', '1')]
INFO:__main__:ChildCNNModel(
  (model): Sequential(
    (0): Conv2d(3, 128, kernel_size=(3, 3), stride=(1, 1), padding=(1, 1))
    (1): ReLU()
    (2): MaxPool2d(kernel_size=2, stride=2, padding=0, dilation=1, ceil_mode=False)
    (3): Conv2d(128, 128, kernel_size=(3, 3), stride=(1, 1))
    (4): ReLU()
    (5): MaxPool2d(kernel_size=2, stride=2, padding=0, dilation=1, ceil_mode=False)
    (6): Conv2d(128, 256, kernel_size=(3, 3), stride=(1, 1), padding=(1, 1))
    (7): ReLU()
    (8): MaxPool2d(kernel_size=2, stride=2, padding=0, dilation=1, ceil_mode=False)
    (9): Flatten(start_dim=1, end_dim=-1)
    (10): Linear(in_features=2304, out_features=512, bias=True)
    (11): ReLU()
    (12): Linear(in_features=512, out_features=256, bias=True)
    (13): ReLU()
    (14): Linear(in_features=256, out_features=100, bias=True)
  )
)
INFO:__main__:CHILD MODEL LOSS: 1.9825968751907348 with train time 40.06920146942139
INFO:__main__:CHILD MODEL ACCURACY: 0.4568
INFO:__main__:Policy gradient: 0.0549740307033062
INFO:__main__:
INFO:__main__:------ ITERATION 289 ------
INFO:__main__:Layers generated: [('32', '5', '2'), ('256', '1', '2')]
INFO:__main__:ChildCNNModel(
  (model): Sequential(
    (0): Conv2d(3, 128, kernel_size=(3, 3), stride=(1, 1), padding=(1, 1))
    (1): ReLU()
    (2): MaxPool2d(kernel_size=2, stride=2, padding=0, dilation=1, ceil_mode=False)
    (3): Conv2d(128, 32, kernel_size=(5, 5), stride=(1, 1), padding=(2, 2))
    (4): ReLU()
    (5): MaxPool2d(kernel_size=2, stride=2, padding=0, dilation=1, ceil_mode=False)
    (6): Conv2d(32, 256, kernel_size=(1, 1), stride=(1, 1), padding=(2, 2))
    (7): ReLU()
    (8): MaxPool2d(kernel_size=2, stride=2, padding=0, dilation=1, ceil_mode=False)
    (9): Flatten(start_dim=1, end_dim=-1)
    (10): Linear(in_features=9216, out_features=512, bias=True)
    (11): ReLU()
    (12): Linear(in_features=512, out_features=256, bias=True)
    (13): ReLU()
    (14): Linear(in_features=256, out_features=100, bias=True)
  )
)
INFO:__main__:CHILD MODEL LOSS: 2.3628653693199158 with train time 43.20504546165466
INFO:__main__:CHILD MODEL ACCURACY: 0.3926
INFO:__main__:Policy gradient: -0.5626137256622314
INFO:__main__:
INFO:__main__:------ ITERATION 290 ------
INFO:__main__:Layers generated: [('256', '3', '2'), ('256', '3', '2')]
INFO:__main__:ChildCNNModel(
  (model): Sequential(
    (0): Conv2d(3, 128, kernel_size=(3, 3), stride=(1, 1), padding=(1, 1))
    (1): ReLU()
    (2): MaxPool2d(kernel_size=2, stride=2, padding=0, dilation=1, ceil_mode=False)
    (3): Conv2d(128, 256, kernel_size=(3, 3), stride=(1, 1), padding=(2, 2))
    (4): ReLU()
    (5): MaxPool2d(kernel_size=2, stride=2, padding=0, dilation=1, ceil_mode=False)
    (6): Conv2d(256, 256, kernel_size=(3, 3), stride=(1, 1), padding=(2, 2))
    (7): ReLU()
    (8): MaxPool2d(kernel_size=2, stride=2, padding=0, dilation=1, ceil_mode=False)
    (9): Flatten(start_dim=1, end_dim=-1)
    (10): Linear(in_features=6400, out_features=512, bias=True)
    (11): ReLU()
    (12): Linear(in_features=512, out_features=256, bias=True)
    (13): ReLU()
    (14): Linear(in_features=256, out_features=100, bias=True)
  )
)
INFO:__main__:CHILD MODEL LOSS: 1.8475832071304321 with train time 76.33649349212646
INFO:__main__:CHILD MODEL ACCURACY: 0.4735
INFO:__main__:Policy gradient: 0.11928628385066986
INFO:__main__:
INFO:__main__:------ ITERATION 291 ------
INFO:__main__:Layers generated: [('128', '3', '1'), ('256', '3', '1')]
INFO:__main__:ChildCNNModel(
  (model): Sequential(
    (0): Conv2d(3, 128, kernel_size=(3, 3), stride=(1, 1), padding=(1, 1))
    (1): ReLU()
    (2): MaxPool2d(kernel_size=2, stride=2, padding=0, dilation=1, ceil_mode=False)
    (3): Conv2d(128, 128, kernel_size=(3, 3), stride=(1, 1), padding=(1, 1))
    (4): ReLU()
    (5): MaxPool2d(kernel_size=2, stride=2, padding=0, dilation=1, ceil_mode=False)
    (6): Conv2d(128, 256, kernel_size=(3, 3), stride=(1, 1), padding=(1, 1))
    (7): ReLU()
    (8): MaxPool2d(kernel_size=2, stride=2, padding=0, dilation=1, ceil_mode=False)
    (9): Flatten(start_dim=1, end_dim=-1)
    (10): Linear(in_features=4096, out_features=512, bias=True)
    (11): ReLU()
    (12): Linear(in_features=512, out_features=256, bias=True)
    (13): ReLU()
    (14): Linear(in_features=256, out_features=100, bias=True)
  )
)
INFO:__main__:CHILD MODEL LOSS: 1.8263461484909058 with train time 42.66943311691284
INFO:__main__:CHILD MODEL ACCURACY: 0.4899
INFO:__main__:Policy gradient: 0.21326859295368195
INFO:__main__:
INFO:__main__:------ ITERATION 292 ------
INFO:__main__:Layers generated: [('256', '3', '1'), ('64', '5', '2')]
INFO:__main__:ChildCNNModel(
  (model): Sequential(
    (0): Conv2d(3, 128, kernel_size=(3, 3), stride=(1, 1), padding=(1, 1))
    (1): ReLU()
    (2): MaxPool2d(kernel_size=2, stride=2, padding=0, dilation=1, ceil_mode=False)
    (3): Conv2d(128, 256, kernel_size=(3, 3), stride=(1, 1), padding=(1, 1))
    (4): ReLU()
    (5): MaxPool2d(kernel_size=2, stride=2, padding=0, dilation=1, ceil_mode=False)
    (6): Conv2d(256, 64, kernel_size=(5, 5), stride=(1, 1), padding=(2, 2))
    (7): ReLU()
    (8): MaxPool2d(kernel_size=2, stride=2, padding=0, dilation=1, ceil_mode=False)
    (9): Flatten(start_dim=1, end_dim=-1)
    (10): Linear(in_features=1024, out_features=512, bias=True)
    (11): ReLU()
    (12): Linear(in_features=512, out_features=256, bias=True)
    (13): ReLU()
    (14): Linear(in_features=256, out_features=100, bias=True)
  )
)
INFO:__main__:CHILD MODEL LOSS: 1.988937508583069 with train time 51.986599922180176
INFO:__main__:CHILD MODEL ACCURACY: 0.4506
INFO:__main__:Policy gradient: 0.0030931562650948763
INFO:__main__:
INFO:__main__:------ ITERATION 293 ------
INFO:__main__:Layers generated: [('256', '3', '2'), ('32', '3', '0')]
INFO:__main__:ChildCNNModel(
  (model): Sequential(
    (0): Conv2d(3, 128, kernel_size=(3, 3), stride=(1, 1), padding=(1, 1))
    (1): ReLU()
    (2): MaxPool2d(kernel_size=2, stride=2, padding=0, dilation=1, ceil_mode=False)
    (3): Conv2d(128, 256, kernel_size=(3, 3), stride=(1, 1), padding=(2, 2))
    (4): ReLU()
    (5): MaxPool2d(kernel_size=2, stride=2, padding=0, dilation=1, ceil_mode=False)
    (6): Conv2d(256, 32, kernel_size=(3, 3), stride=(1, 1))
    (7): ReLU()
    (8): MaxPool2d(kernel_size=2, stride=2, padding=0, dilation=1, ceil_mode=False)
    (9): Flatten(start_dim=1, end_dim=-1)
    (10): Linear(in_features=288, out_features=512, bias=True)
    (11): ReLU()
    (12): Linear(in_features=512, out_features=256, bias=True)
    (13): ReLU()
    (14): Linear(in_features=256, out_features=100, bias=True)
  )
)
INFO:__main__:CHILD MODEL LOSS: 2.2492015371322633 with train time 60.2985680103302
INFO:__main__:CHILD MODEL ACCURACY: 0.4015
INFO:__main__:Policy gradient: -0.33434969186782837
INFO:__main__:
INFO:__main__:------ ITERATION 294 ------
INFO:__main__:Layers generated: [('256', '3', '0'), ('128', '3', '1')]
INFO:__main__:ChildCNNModel(
  (model): Sequential(
    (0): Conv2d(3, 128, kernel_size=(3, 3), stride=(1, 1), padding=(1, 1))
    (1): ReLU()
    (2): MaxPool2d(kernel_size=2, stride=2, padding=0, dilation=1, ceil_mode=False)
    (3): Conv2d(128, 256, kernel_size=(3, 3), stride=(1, 1))
    (4): ReLU()
    (5): MaxPool2d(kernel_size=2, stride=2, padding=0, dilation=1, ceil_mode=False)
    (6): Conv2d(256, 128, kernel_size=(3, 3), stride=(1, 1), padding=(1, 1))
    (7): ReLU()
    (8): MaxPool2d(kernel_size=2, stride=2, padding=0, dilation=1, ceil_mode=False)
    (9): Flatten(start_dim=1, end_dim=-1)
    (10): Linear(in_features=1152, out_features=512, bias=True)
    (11): ReLU()
    (12): Linear(in_features=512, out_features=256, bias=True)
    (13): ReLU()
    (14): Linear(in_features=256, out_features=100, bias=True)
  )
)
INFO:__main__:CHILD MODEL LOSS: 2.0857339754104616 with train time 46.22505164146423
INFO:__main__:CHILD MODEL ACCURACY: 0.4459
INFO:__main__:Policy gradient: 0.00285942736081779
INFO:__main__:
INFO:__main__:------ ITERATION 295 ------
INFO:__main__:Layers generated: [('32', '3', '1'), ('256', '3', '1')]
INFO:__main__:ChildCNNModel(
  (model): Sequential(
    (0): Conv2d(3, 128, kernel_size=(3, 3), stride=(1, 1), padding=(1, 1))
    (1): ReLU()
    (2): MaxPool2d(kernel_size=2, stride=2, padding=0, dilation=1, ceil_mode=False)
    (3): Conv2d(128, 32, kernel_size=(3, 3), stride=(1, 1), padding=(1, 1))
    (4): ReLU()
    (5): MaxPool2d(kernel_size=2, stride=2, padding=0, dilation=1, ceil_mode=False)
    (6): Conv2d(32, 256, kernel_size=(3, 3), stride=(1, 1), padding=(1, 1))
    (7): ReLU()
    (8): MaxPool2d(kernel_size=2, stride=2, padding=0, dilation=1, ceil_mode=False)
    (9): Flatten(start_dim=1, end_dim=-1)
    (10): Linear(in_features=4096, out_features=512, bias=True)
    (11): ReLU()
    (12): Linear(in_features=512, out_features=256, bias=True)
    (13): ReLU()
    (14): Linear(in_features=256, out_features=100, bias=True)
  )
)
INFO:__main__:CHILD MODEL LOSS: 1.984867317199707 with train time 37.16580057144165
INFO:__main__:CHILD MODEL ACCURACY: 0.4544
INFO:__main__:Policy gradient: 0.050451651215553284
INFO:__main__:
INFO:__main__:------ ITERATION 296 ------
INFO:__main__:Layers generated: [('32', '3', '2'), ('256', '3', '1')]
INFO:__main__:ChildCNNModel(
  (model): Sequential(
    (0): Conv2d(3, 128, kernel_size=(3, 3), stride=(1, 1), padding=(1, 1))
    (1): ReLU()
    (2): MaxPool2d(kernel_size=2, stride=2, padding=0, dilation=1, ceil_mode=False)
    (3): Conv2d(128, 32, kernel_size=(3, 3), stride=(1, 1), padding=(2, 2))
    (4): ReLU()
    (5): MaxPool2d(kernel_size=2, stride=2, padding=0, dilation=1, ceil_mode=False)
    (6): Conv2d(32, 256, kernel_size=(3, 3), stride=(1, 1), padding=(1, 1))
    (7): ReLU()
    (8): MaxPool2d(kernel_size=2, stride=2, padding=0, dilation=1, ceil_mode=False)
    (9): Flatten(start_dim=1, end_dim=-1)
    (10): Linear(in_features=4096, out_features=512, bias=True)
    (11): ReLU()
    (12): Linear(in_features=512, out_features=256, bias=True)
    (13): ReLU()
    (14): Linear(in_features=256, out_features=100, bias=True)
  )
)
INFO:__main__:CHILD MODEL LOSS: 1.890425811767578 with train time 38.84191107749939
INFO:__main__:CHILD MODEL ACCURACY: 0.4777
INFO:__main__:Policy gradient: 0.18863900005817413
INFO:__main__:
INFO:__main__:------ ITERATION 297 ------
INFO:__main__:Layers generated: [('256', '1', '1'), ('256', '1', '2')]
INFO:__main__:ChildCNNModel(
  (model): Sequential(
    (0): Conv2d(3, 128, kernel_size=(3, 3), stride=(1, 1), padding=(1, 1))
    (1): ReLU()
    (2): MaxPool2d(kernel_size=2, stride=2, padding=0, dilation=1, ceil_mode=False)
    (3): Conv2d(128, 256, kernel_size=(1, 1), stride=(1, 1), padding=(1, 1))
    (4): ReLU()
    (5): MaxPool2d(kernel_size=2, stride=2, padding=0, dilation=1, ceil_mode=False)
    (6): Conv2d(256, 256, kernel_size=(1, 1), stride=(1, 1), padding=(2, 2))
    (7): ReLU()
    (8): MaxPool2d(kernel_size=2, stride=2, padding=0, dilation=1, ceil_mode=False)
    (9): Flatten(start_dim=1, end_dim=-1)
    (10): Linear(in_features=9216, out_features=512, bias=True)
    (11): ReLU()
    (12): Linear(in_features=512, out_features=256, bias=True)
    (13): ReLU()
    (14): Linear(in_features=256, out_features=100, bias=True)
  )
)
INFO:__main__:CHILD MODEL LOSS: 2.19068509721756 with train time 52.77094101905823
INFO:__main__:CHILD MODEL ACCURACY: 0.4153
INFO:__main__:Policy gradient: -0.22729255259037018
INFO:__main__:
INFO:__main__:------ ITERATION 298 ------
INFO:__main__:Layers generated: [('256', '5', '2'), ('32', '3', '1')]
INFO:__main__:ChildCNNModel(
  (model): Sequential(
    (0): Conv2d(3, 128, kernel_size=(3, 3), stride=(1, 1), padding=(1, 1))
    (1): ReLU()
    (2): MaxPool2d(kernel_size=2, stride=2, padding=0, dilation=1, ceil_mode=False)
    (3): Conv2d(128, 256, kernel_size=(5, 5), stride=(1, 1), padding=(2, 2))
    (4): ReLU()
    (5): MaxPool2d(kernel_size=2, stride=2, padding=0, dilation=1, ceil_mode=False)
    (6): Conv2d(256, 32, kernel_size=(3, 3), stride=(1, 1), padding=(1, 1))
    (7): ReLU()
    (8): MaxPool2d(kernel_size=2, stride=2, padding=0, dilation=1, ceil_mode=False)
    (9): Flatten(start_dim=1, end_dim=-1)
    (10): Linear(in_features=512, out_features=512, bias=True)
    (11): ReLU()
    (12): Linear(in_features=512, out_features=256, bias=True)
    (13): ReLU()
    (14): Linear(in_features=256, out_features=100, bias=True)
  )
)
INFO:__main__:CHILD MODEL LOSS: 2.1160291113853456 with train time 67.90516638755798
INFO:__main__:CHILD MODEL ACCURACY: 0.424
INFO:__main__:Policy gradient: -0.17357893288135529
INFO:__main__:
INFO:__main__:------ ITERATION 299 ------
INFO:__main__:Layers generated: [('256', '3', '1'), ('128', '3', '2')]
INFO:__main__:ChildCNNModel(
  (model): Sequential(
    (0): Conv2d(3, 128, kernel_size=(3, 3), stride=(1, 1), padding=(1, 1))
    (1): ReLU()
    (2): MaxPool2d(kernel_size=2, stride=2, padding=0, dilation=1, ceil_mode=False)
    (3): Conv2d(128, 256, kernel_size=(3, 3), stride=(1, 1), padding=(1, 1))
    (4): ReLU()
    (5): MaxPool2d(kernel_size=2, stride=2, padding=0, dilation=1, ceil_mode=False)
    (6): Conv2d(256, 128, kernel_size=(3, 3), stride=(1, 1), padding=(2, 2))
    (7): ReLU()
    (8): MaxPool2d(kernel_size=2, stride=2, padding=0, dilation=1, ceil_mode=False)
    (9): Flatten(start_dim=1, end_dim=-1)
    (10): Linear(in_features=3200, out_features=512, bias=True)
    (11): ReLU()
    (12): Linear(in_features=512, out_features=256, bias=True)
    (13): ReLU()
    (14): Linear(in_features=256, out_features=100, bias=True)
  )
)
INFO:__main__:CHILD MODEL LOSS: 1.9180332369804383 with train time 53.13065242767334
INFO:__main__:CHILD MODEL ACCURACY: 0.4612
INFO:__main__:Policy gradient: 0.07445785403251648
INFO:__main__:
INFO:__main__:------ ITERATION 300 ------
INFO:__main__:Layers generated: [('256', '3', '2'), ('256', '5', '1')]
INFO:__main__:ChildCNNModel(
  (model): Sequential(
    (0): Conv2d(3, 128, kernel_size=(3, 3), stride=(1, 1), padding=(1, 1))
    (1): ReLU()
    (2): MaxPool2d(kernel_size=2, stride=2, padding=0, dilation=1, ceil_mode=False)
    (3): Conv2d(128, 256, kernel_size=(3, 3), stride=(1, 1), padding=(2, 2))
    (4): ReLU()
    (5): MaxPool2d(kernel_size=2, stride=2, padding=0, dilation=1, ceil_mode=False)
    (6): Conv2d(256, 256, kernel_size=(5, 5), stride=(1, 1), padding=(1, 1))
    (7): ReLU()
    (8): MaxPool2d(kernel_size=2, stride=2, padding=0, dilation=1, ceil_mode=False)
    (9): Flatten(start_dim=1, end_dim=-1)
    (10): Linear(in_features=2304, out_features=512, bias=True)
    (11): ReLU()
    (12): Linear(in_features=512, out_features=256, bias=True)
    (13): ReLU()
    (14): Linear(in_features=256, out_features=100, bias=True)
  )
)
INFO:__main__:CHILD MODEL LOSS: 1.8698558249473571 with train time 76.54837799072266
INFO:__main__:CHILD MODEL ACCURACY: 0.4749
INFO:__main__:Policy gradient: 0.16750922799110413
INFO:__main__:
INFO:__main__:------ ITERATION 301 ------
INFO:__main__:Layers generated: [('256', '3', '0'), ('64', '3', '1')]
INFO:__main__:ChildCNNModel(
  (model): Sequential(
    (0): Conv2d(3, 128, kernel_size=(3, 3), stride=(1, 1), padding=(1, 1))
    (1): ReLU()
    (2): MaxPool2d(kernel_size=2, stride=2, padding=0, dilation=1, ceil_mode=False)
    (3): Conv2d(128, 256, kernel_size=(3, 3), stride=(1, 1))
    (4): ReLU()
    (5): MaxPool2d(kernel_size=2, stride=2, padding=0, dilation=1, ceil_mode=False)
    (6): Conv2d(256, 64, kernel_size=(3, 3), stride=(1, 1), padding=(1, 1))
    (7): ReLU()
    (8): MaxPool2d(kernel_size=2, stride=2, padding=0, dilation=1, ceil_mode=False)
    (9): Flatten(start_dim=1, end_dim=-1)
    (10): Linear(in_features=576, out_features=512, bias=True)
    (11): ReLU()
    (12): Linear(in_features=512, out_features=256, bias=True)
    (13): ReLU()
    (14): Linear(in_features=256, out_features=100, bias=True)
  )
)
INFO:__main__:CHILD MODEL LOSS: 2.197937566280365 with train time 44.88332724571228
INFO:__main__:CHILD MODEL ACCURACY: 0.4167
INFO:__main__:Policy gradient: -0.16616596281528473
INFO:__main__:
INFO:__main__:------ ITERATION 302 ------
INFO:__main__:Layers generated: [('256', '1', '1'), ('64', '3', '0')]
INFO:__main__:ChildCNNModel(
  (model): Sequential(
    (0): Conv2d(3, 128, kernel_size=(3, 3), stride=(1, 1), padding=(1, 1))
    (1): ReLU()
    (2): MaxPool2d(kernel_size=2, stride=2, padding=0, dilation=1, ceil_mode=False)
    (3): Conv2d(128, 256, kernel_size=(1, 1), stride=(1, 1), padding=(1, 1))
    (4): ReLU()
    (5): MaxPool2d(kernel_size=2, stride=2, padding=0, dilation=1, ceil_mode=False)
    (6): Conv2d(256, 64, kernel_size=(3, 3), stride=(1, 1))
    (7): ReLU()
    (8): MaxPool2d(kernel_size=2, stride=2, padding=0, dilation=1, ceil_mode=False)
    (9): Flatten(start_dim=1, end_dim=-1)
    (10): Linear(in_features=576, out_features=512, bias=True)
    (11): ReLU()
    (12): Linear(in_features=512, out_features=256, bias=True)
    (13): ReLU()
    (14): Linear(in_features=256, out_features=100, bias=True)
  )
)
INFO:__main__:CHILD MODEL LOSS: 2.225498822212219 with train time 43.867531299591064
INFO:__main__:CHILD MODEL ACCURACY: 0.417
INFO:__main__:Policy gradient: -0.20078815519809723
INFO:__main__:
INFO:__main__:------ ITERATION 303 ------
INFO:__main__:Layers generated: [('64', '1', '1'), ('128', '1', '0')]
INFO:__main__:ChildCNNModel(
  (model): Sequential(
    (0): Conv2d(3, 128, kernel_size=(3, 3), stride=(1, 1), padding=(1, 1))
    (1): ReLU()
    (2): MaxPool2d(kernel_size=2, stride=2, padding=0, dilation=1, ceil_mode=False)
    (3): Conv2d(128, 64, kernel_size=(1, 1), stride=(1, 1), padding=(1, 1))
    (4): ReLU()
    (5): MaxPool2d(kernel_size=2, stride=2, padding=0, dilation=1, ceil_mode=False)
    (6): Conv2d(64, 128, kernel_size=(1, 1), stride=(1, 1))
    (7): ReLU()
    (8): MaxPool2d(kernel_size=2, stride=2, padding=0, dilation=1, ceil_mode=False)
    (9): Flatten(start_dim=1, end_dim=-1)
    (10): Linear(in_features=2048, out_features=512, bias=True)
    (11): ReLU()
    (12): Linear(in_features=512, out_features=256, bias=True)
    (13): ReLU()
    (14): Linear(in_features=256, out_features=100, bias=True)
  )
)
INFO:__main__:CHILD MODEL LOSS: 2.2694885239601135 with train time 36.89329123497009
INFO:__main__:CHILD MODEL ACCURACY: 0.414
INFO:__main__:Policy gradient: -0.27975258231163025
INFO:__main__:
INFO:__main__:------ ITERATION 304 ------
INFO:__main__:Layers generated: [('256', '3', '1'), ('64', '3', '1')]
INFO:__main__:ChildCNNModel(
  (model): Sequential(
    (0): Conv2d(3, 128, kernel_size=(3, 3), stride=(1, 1), padding=(1, 1))
    (1): ReLU()
    (2): MaxPool2d(kernel_size=2, stride=2, padding=0, dilation=1, ceil_mode=False)
    (3): Conv2d(128, 256, kernel_size=(3, 3), stride=(1, 1), padding=(1, 1))
    (4): ReLU()
    (5): MaxPool2d(kernel_size=2, stride=2, padding=0, dilation=1, ceil_mode=False)
    (6): Conv2d(256, 64, kernel_size=(3, 3), stride=(1, 1), padding=(1, 1))
    (7): ReLU()
    (8): MaxPool2d(kernel_size=2, stride=2, padding=0, dilation=1, ceil_mode=False)
    (9): Flatten(start_dim=1, end_dim=-1)
    (10): Linear(in_features=1024, out_features=512, bias=True)
    (11): ReLU()
    (12): Linear(in_features=512, out_features=256, bias=True)
    (13): ReLU()
    (14): Linear(in_features=256, out_features=100, bias=True)
  )
)
INFO:__main__:CHILD MODEL LOSS: 1.9958667197227478 with train time 49.00891852378845
INFO:__main__:CHILD MODEL ACCURACY: 0.4535
INFO:__main__:Policy gradient: 0.05869412422180176
INFO:__main__:
INFO:__main__:------ ITERATION 305 ------
INFO:__main__:Layers generated: [('256', '3', '2'), ('256', '3', '1')]
INFO:__main__:ChildCNNModel(
  (model): Sequential(
    (0): Conv2d(3, 128, kernel_size=(3, 3), stride=(1, 1), padding=(1, 1))
    (1): ReLU()
    (2): MaxPool2d(kernel_size=2, stride=2, padding=0, dilation=1, ceil_mode=False)
    (3): Conv2d(128, 256, kernel_size=(3, 3), stride=(1, 1), padding=(2, 2))
    (4): ReLU()
    (5): MaxPool2d(kernel_size=2, stride=2, padding=0, dilation=1, ceil_mode=False)
    (6): Conv2d(256, 256, kernel_size=(3, 3), stride=(1, 1), padding=(1, 1))
    (7): ReLU()
    (8): MaxPool2d(kernel_size=2, stride=2, padding=0, dilation=1, ceil_mode=False)
    (9): Flatten(start_dim=1, end_dim=-1)
    (10): Linear(in_features=4096, out_features=512, bias=True)
    (11): ReLU()
    (12): Linear(in_features=512, out_features=256, bias=True)
    (13): ReLU()
    (14): Linear(in_features=256, out_features=100, bias=True)
  )
)
INFO:__main__:CHILD MODEL LOSS: 1.8847772846221924 with train time 69.73976540565491
INFO:__main__:CHILD MODEL ACCURACY: 0.4645
INFO:__main__:Policy gradient: 0.07969717681407928
INFO:__main__:
INFO:__main__:------ ITERATION 306 ------
INFO:__main__:Layers generated: [('256', '3', '2'), ('128', '3', '1')]
INFO:__main__:ChildCNNModel(
  (model): Sequential(
    (0): Conv2d(3, 128, kernel_size=(3, 3), stride=(1, 1), padding=(1, 1))
    (1): ReLU()
    (2): MaxPool2d(kernel_size=2, stride=2, padding=0, dilation=1, ceil_mode=False)
    (3): Conv2d(128, 256, kernel_size=(3, 3), stride=(1, 1), padding=(2, 2))
    (4): ReLU()
    (5): MaxPool2d(kernel_size=2, stride=2, padding=0, dilation=1, ceil_mode=False)
    (6): Conv2d(256, 128, kernel_size=(3, 3), stride=(1, 1), padding=(1, 1))
    (7): ReLU()
    (8): MaxPool2d(kernel_size=2, stride=2, padding=0, dilation=1, ceil_mode=False)
    (9): Flatten(start_dim=1, end_dim=-1)
    (10): Linear(in_features=2048, out_features=512, bias=True)
    (11): ReLU()
    (12): Linear(in_features=512, out_features=256, bias=True)
    (13): ReLU()
    (14): Linear(in_features=256, out_features=100, bias=True)
  )
)
INFO:__main__:CHILD MODEL LOSS: 1.9592883882522583 with train time 64.23983263969421
INFO:__main__:CHILD MODEL ACCURACY: 0.4525
INFO:__main__:Policy gradient: 0.03944673016667366
INFO:__main__:
INFO:__main__:------ ITERATION 307 ------
INFO:__main__:Layers generated: [('16', '3', '0'), ('128', '1', '1')]
INFO:__main__:ChildCNNModel(
  (model): Sequential(
    (0): Conv2d(3, 128, kernel_size=(3, 3), stride=(1, 1), padding=(1, 1))
    (1): ReLU()
    (2): MaxPool2d(kernel_size=2, stride=2, padding=0, dilation=1, ceil_mode=False)
    (3): Conv2d(128, 16, kernel_size=(3, 3), stride=(1, 1))
    (4): ReLU()
    (5): MaxPool2d(kernel_size=2, stride=2, padding=0, dilation=1, ceil_mode=False)
    (6): Conv2d(16, 128, kernel_size=(1, 1), stride=(1, 1), padding=(1, 1))
    (7): ReLU()
    (8): MaxPool2d(kernel_size=2, stride=2, padding=0, dilation=1, ceil_mode=False)
    (9): Flatten(start_dim=1, end_dim=-1)
    (10): Linear(in_features=2048, out_features=512, bias=True)
    (11): ReLU()
    (12): Linear(in_features=512, out_features=256, bias=True)
    (13): ReLU()
    (14): Linear(in_features=256, out_features=100, bias=True)
  )
)
INFO:__main__:CHILD MODEL LOSS: 2.57962477684021 with train time 36.29126572608948
INFO:__main__:CHILD MODEL ACCURACY: 0.3435
INFO:__main__:Policy gradient: -0.9430662989616394
INFO:__main__:
INFO:__main__:------ ITERATION 308 ------
INFO:__main__:Layers generated: [('128', '3', '1'), ('32', '1', '2')]
INFO:__main__:ChildCNNModel(
  (model): Sequential(
    (0): Conv2d(3, 128, kernel_size=(3, 3), stride=(1, 1), padding=(1, 1))
    (1): ReLU()
    (2): MaxPool2d(kernel_size=2, stride=2, padding=0, dilation=1, ceil_mode=False)
    (3): Conv2d(128, 128, kernel_size=(3, 3), stride=(1, 1), padding=(1, 1))
    (4): ReLU()
    (5): MaxPool2d(kernel_size=2, stride=2, padding=0, dilation=1, ceil_mode=False)
    (6): Conv2d(128, 32, kernel_size=(1, 1), stride=(1, 1), padding=(2, 2))
    (7): ReLU()
    (8): MaxPool2d(kernel_size=2, stride=2, padding=0, dilation=1, ceil_mode=False)
    (9): Flatten(start_dim=1, end_dim=-1)
    (10): Linear(in_features=1152, out_features=512, bias=True)
    (11): ReLU()
    (12): Linear(in_features=512, out_features=256, bias=True)
    (13): ReLU()
    (14): Linear(in_features=256, out_features=100, bias=True)
  )
)
INFO:__main__:CHILD MODEL LOSS: 2.2870543398857115 with train time 40.19046354293823
INFO:__main__:CHILD MODEL ACCURACY: 0.4142
INFO:__main__:Policy gradient: -0.1826094537973404
INFO:__main__:
INFO:__main__:------ ITERATION 309 ------
INFO:__main__:Layers generated: [('256', '3', '0'), ('256', '3', '0')]
INFO:__main__:ChildCNNModel(
  (model): Sequential(
    (0): Conv2d(3, 128, kernel_size=(3, 3), stride=(1, 1), padding=(1, 1))
    (1): ReLU()
    (2): MaxPool2d(kernel_size=2, stride=2, padding=0, dilation=1, ceil_mode=False)
    (3): Conv2d(128, 256, kernel_size=(3, 3), stride=(1, 1))
    (4): ReLU()
    (5): MaxPool2d(kernel_size=2, stride=2, padding=0, dilation=1, ceil_mode=False)
    (6): Conv2d(256, 256, kernel_size=(3, 3), stride=(1, 1))
    (7): ReLU()
    (8): MaxPool2d(kernel_size=2, stride=2, padding=0, dilation=1, ceil_mode=False)
    (9): Flatten(start_dim=1, end_dim=-1)
    (10): Linear(in_features=1024, out_features=512, bias=True)
    (11): ReLU()
    (12): Linear(in_features=512, out_features=256, bias=True)
    (13): ReLU()
    (14): Linear(in_features=256, out_features=100, bias=True)
  )
)
INFO:__main__:CHILD MODEL LOSS: 2.190468891620636 with train time 46.68939757347107
INFO:__main__:CHILD MODEL ACCURACY: 0.4207
INFO:__main__:Policy gradient: -0.05807487294077873
INFO:__main__:
INFO:__main__:------ ITERATION 310 ------
INFO:__main__:Layers generated: [('16', '1', '1'), ('64', '3', '1')]
INFO:__main__:ChildCNNModel(
  (model): Sequential(
    (0): Conv2d(3, 128, kernel_size=(3, 3), stride=(1, 1), padding=(1, 1))
    (1): ReLU()
    (2): MaxPool2d(kernel_size=2, stride=2, padding=0, dilation=1, ceil_mode=False)
    (3): Conv2d(128, 16, kernel_size=(1, 1), stride=(1, 1), padding=(1, 1))
    (4): ReLU()
    (5): MaxPool2d(kernel_size=2, stride=2, padding=0, dilation=1, ceil_mode=False)
    (6): Conv2d(16, 64, kernel_size=(3, 3), stride=(1, 1), padding=(1, 1))
    (7): ReLU()
    (8): MaxPool2d(kernel_size=2, stride=2, padding=0, dilation=1, ceil_mode=False)
    (9): Flatten(start_dim=1, end_dim=-1)
    (10): Linear(in_features=1024, out_features=512, bias=True)
    (11): ReLU()
    (12): Linear(in_features=512, out_features=256, bias=True)
    (13): ReLU()
    (14): Linear(in_features=256, out_features=100, bias=True)
  )
)
INFO:__main__:CHILD MODEL LOSS: 2.2633429412841797 with train time 35.836315631866455
INFO:__main__:CHILD MODEL ACCURACY: 0.4046
INFO:__main__:Policy gradient: -0.23580919206142426
INFO:__main__:
INFO:__main__:------ ITERATION 311 ------
INFO:__main__:Layers generated: [('256', '5', '1'), ('256', '3', '0')]
INFO:__main__:ChildCNNModel(
  (model): Sequential(
    (0): Conv2d(3, 128, kernel_size=(3, 3), stride=(1, 1), padding=(1, 1))
    (1): ReLU()
    (2): MaxPool2d(kernel_size=2, stride=2, padding=0, dilation=1, ceil_mode=False)
    (3): Conv2d(128, 256, kernel_size=(5, 5), stride=(1, 1), padding=(1, 1))
    (4): ReLU()
    (5): MaxPool2d(kernel_size=2, stride=2, padding=0, dilation=1, ceil_mode=False)
    (6): Conv2d(256, 256, kernel_size=(3, 3), stride=(1, 1))
    (7): ReLU()
    (8): MaxPool2d(kernel_size=2, stride=2, padding=0, dilation=1, ceil_mode=False)
    (9): Flatten(start_dim=1, end_dim=-1)
    (10): Linear(in_features=1024, out_features=512, bias=True)
    (11): ReLU()
    (12): Linear(in_features=512, out_features=256, bias=True)
    (13): ReLU()
    (14): Linear(in_features=256, out_features=100, bias=True)
  )
)
INFO:__main__:CHILD MODEL LOSS: 2.126922299385071 with train time 63.11490321159363
INFO:__main__:CHILD MODEL ACCURACY: 0.4332
INFO:__main__:Policy gradient: 0.03081434778869152
INFO:__main__:
INFO:__main__:------ ITERATION 312 ------
INFO:__main__:Layers generated: [('256', '3', '1'), ('256', '3', '2')]
INFO:__main__:ChildCNNModel(
  (model): Sequential(
    (0): Conv2d(3, 128, kernel_size=(3, 3), stride=(1, 1), padding=(1, 1))
    (1): ReLU()
    (2): MaxPool2d(kernel_size=2, stride=2, padding=0, dilation=1, ceil_mode=False)
    (3): Conv2d(128, 256, kernel_size=(3, 3), stride=(1, 1), padding=(1, 1))
    (4): ReLU()
    (5): MaxPool2d(kernel_size=2, stride=2, padding=0, dilation=1, ceil_mode=False)
    (6): Conv2d(256, 256, kernel_size=(3, 3), stride=(1, 1), padding=(2, 2))
    (7): ReLU()
    (8): MaxPool2d(kernel_size=2, stride=2, padding=0, dilation=1, ceil_mode=False)
    (9): Flatten(start_dim=1, end_dim=-1)
    (10): Linear(in_features=6400, out_features=512, bias=True)
    (11): ReLU()
    (12): Linear(in_features=512, out_features=256, bias=True)
    (13): ReLU()
    (14): Linear(in_features=256, out_features=100, bias=True)
  )
)
INFO:__main__:CHILD MODEL LOSS: 1.9331612210273743 with train time 61.44709324836731
INFO:__main__:CHILD MODEL ACCURACY: 0.4649
INFO:__main__:Policy gradient: 0.11411093920469284
INFO:__main__:
INFO:__main__:------ ITERATION 313 ------
INFO:__main__:Layers generated: [('256', '3', '1'), ('256', '3', '0')]
INFO:__main__:ChildCNNModel(
  (model): Sequential(
    (0): Conv2d(3, 128, kernel_size=(3, 3), stride=(1, 1), padding=(1, 1))
    (1): ReLU()
    (2): MaxPool2d(kernel_size=2, stride=2, padding=0, dilation=1, ceil_mode=False)
    (3): Conv2d(128, 256, kernel_size=(3, 3), stride=(1, 1), padding=(1, 1))
    (4): ReLU()
    (5): MaxPool2d(kernel_size=2, stride=2, padding=0, dilation=1, ceil_mode=False)
    (6): Conv2d(256, 256, kernel_size=(3, 3), stride=(1, 1))
    (7): ReLU()
    (8): MaxPool2d(kernel_size=2, stride=2, padding=0, dilation=1, ceil_mode=False)
    (9): Flatten(start_dim=1, end_dim=-1)
    (10): Linear(in_features=2304, out_features=512, bias=True)
    (11): ReLU()
    (12): Linear(in_features=512, out_features=256, bias=True)
    (13): ReLU()
    (14): Linear(in_features=256, out_features=100, bias=True)
  )
)
INFO:__main__:CHILD MODEL LOSS: 1.888032561302185 with train time 52.24317407608032
INFO:__main__:CHILD MODEL ACCURACY: 0.4798
INFO:__main__:Policy gradient: 0.19132694602012634
INFO:__main__:
INFO:__main__:------ ITERATION 314 ------
INFO:__main__:Layers generated: [('256', '3', '2'), ('256', '3', '1')]
INFO:__main__:ChildCNNModel(
  (model): Sequential(
    (0): Conv2d(3, 128, kernel_size=(3, 3), stride=(1, 1), padding=(1, 1))
    (1): ReLU()
    (2): MaxPool2d(kernel_size=2, stride=2, padding=0, dilation=1, ceil_mode=False)
    (3): Conv2d(128, 256, kernel_size=(3, 3), stride=(1, 1), padding=(2, 2))
    (4): ReLU()
    (5): MaxPool2d(kernel_size=2, stride=2, padding=0, dilation=1, ceil_mode=False)
    (6): Conv2d(256, 256, kernel_size=(3, 3), stride=(1, 1), padding=(1, 1))
    (7): ReLU()
    (8): MaxPool2d(kernel_size=2, stride=2, padding=0, dilation=1, ceil_mode=False)
    (9): Flatten(start_dim=1, end_dim=-1)
    (10): Linear(in_features=4096, out_features=512, bias=True)
    (11): ReLU()
    (12): Linear(in_features=512, out_features=256, bias=True)
    (13): ReLU()
    (14): Linear(in_features=256, out_features=100, bias=True)
  )
)
INFO:__main__:CHILD MODEL LOSS: 1.8622091097831726 with train time 69.78985619544983
INFO:__main__:CHILD MODEL ACCURACY: 0.4699
INFO:__main__:Policy gradient: 0.10529004037380219
INFO:__main__:
INFO:__main__:------ ITERATION 315 ------
INFO:__main__:Layers generated: [('128', '1', '2'), ('256', '3', '2')]
INFO:__main__:ChildCNNModel(
  (model): Sequential(
    (0): Conv2d(3, 128, kernel_size=(3, 3), stride=(1, 1), padding=(1, 1))
    (1): ReLU()
    (2): MaxPool2d(kernel_size=2, stride=2, padding=0, dilation=1, ceil_mode=False)
    (3): Conv2d(128, 128, kernel_size=(1, 1), stride=(1, 1), padding=(2, 2))
    (4): ReLU()
    (5): MaxPool2d(kernel_size=2, stride=2, padding=0, dilation=1, ceil_mode=False)
    (6): Conv2d(128, 256, kernel_size=(3, 3), stride=(1, 1), padding=(2, 2))
    (7): ReLU()
    (8): MaxPool2d(kernel_size=2, stride=2, padding=0, dilation=1, ceil_mode=False)
    (9): Flatten(start_dim=1, end_dim=-1)
    (10): Linear(in_features=9216, out_features=512, bias=True)
    (11): ReLU()
    (12): Linear(in_features=512, out_features=256, bias=True)
    (13): ReLU()
    (14): Linear(in_features=256, out_features=100, bias=True)
  )
)
INFO:__main__:CHILD MODEL LOSS: 1.836365210533142 with train time 49.4865837097168
INFO:__main__:CHILD MODEL ACCURACY: 0.4931
INFO:__main__:Policy gradient: 0.38745903968811035
INFO:__main__:
INFO:__main__:------ ITERATION 316 ------
INFO:__main__:Layers generated: [('256', '3', '0'), ('256', '1', '2')]
INFO:__main__:ChildCNNModel(
  (model): Sequential(
    (0): Conv2d(3, 128, kernel_size=(3, 3), stride=(1, 1), padding=(1, 1))
    (1): ReLU()
    (2): MaxPool2d(kernel_size=2, stride=2, padding=0, dilation=1, ceil_mode=False)
    (3): Conv2d(128, 256, kernel_size=(3, 3), stride=(1, 1))
    (4): ReLU()
    (5): MaxPool2d(kernel_size=2, stride=2, padding=0, dilation=1, ceil_mode=False)
    (6): Conv2d(256, 256, kernel_size=(1, 1), stride=(1, 1), padding=(2, 2))
    (7): ReLU()
    (8): MaxPool2d(kernel_size=2, stride=2, padding=0, dilation=1, ceil_mode=False)
    (9): Flatten(start_dim=1, end_dim=-1)
    (10): Linear(in_features=6400, out_features=512, bias=True)
    (11): ReLU()
    (12): Linear(in_features=512, out_features=256, bias=True)
    (13): ReLU()
    (14): Linear(in_features=256, out_features=100, bias=True)
  )
)
INFO:__main__:CHILD MODEL LOSS: 1.9347078447341919 with train time 50.079192876815796
INFO:__main__:CHILD MODEL ACCURACY: 0.4722
INFO:__main__:Policy gradient: 0.16239163279533386
INFO:__main__:
INFO:__main__:------ ITERATION 317 ------
INFO:__main__:Layers generated: [('256', '3', '2'), ('128', '3', '1')]
INFO:__main__:ChildCNNModel(
  (model): Sequential(
    (0): Conv2d(3, 128, kernel_size=(3, 3), stride=(1, 1), padding=(1, 1))
    (1): ReLU()
    (2): MaxPool2d(kernel_size=2, stride=2, padding=0, dilation=1, ceil_mode=False)
    (3): Conv2d(128, 256, kernel_size=(3, 3), stride=(1, 1), padding=(2, 2))
    (4): ReLU()
    (5): MaxPool2d(kernel_size=2, stride=2, padding=0, dilation=1, ceil_mode=False)
    (6): Conv2d(256, 128, kernel_size=(3, 3), stride=(1, 1), padding=(1, 1))
    (7): ReLU()
    (8): MaxPool2d(kernel_size=2, stride=2, padding=0, dilation=1, ceil_mode=False)
    (9): Flatten(start_dim=1, end_dim=-1)
    (10): Linear(in_features=2048, out_features=512, bias=True)
    (11): ReLU()
    (12): Linear(in_features=512, out_features=256, bias=True)
    (13): ReLU()
    (14): Linear(in_features=256, out_features=100, bias=True)
  )
)
INFO:__main__:CHILD MODEL LOSS: 1.956099081993103 with train time 64.27848291397095
INFO:__main__:CHILD MODEL ACCURACY: 0.4577
INFO:__main__:Policy gradient: 0.039974458515644073
INFO:__main__:
INFO:__main__:------ ITERATION 318 ------
INFO:__main__:Layers generated: [('32', '3', '0'), ('128', '1', '1')]
INFO:__main__:ChildCNNModel(
  (model): Sequential(
    (0): Conv2d(3, 128, kernel_size=(3, 3), stride=(1, 1), padding=(1, 1))
    (1): ReLU()
    (2): MaxPool2d(kernel_size=2, stride=2, padding=0, dilation=1, ceil_mode=False)
    (3): Conv2d(128, 32, kernel_size=(3, 3), stride=(1, 1))
    (4): ReLU()
    (5): MaxPool2d(kernel_size=2, stride=2, padding=0, dilation=1, ceil_mode=False)
    (6): Conv2d(32, 128, kernel_size=(1, 1), stride=(1, 1), padding=(1, 1))
    (7): ReLU()
    (8): MaxPool2d(kernel_size=2, stride=2, padding=0, dilation=1, ceil_mode=False)
    (9): Flatten(start_dim=1, end_dim=-1)
    (10): Linear(in_features=2048, out_features=512, bias=True)
    (11): ReLU()
    (12): Linear(in_features=512, out_features=256, bias=True)
    (13): ReLU()
    (14): Linear(in_features=256, out_features=100, bias=True)
  )
)
INFO:__main__:CHILD MODEL LOSS: 2.2352309651374815 with train time 36.212404012680054
INFO:__main__:CHILD MODEL ACCURACY: 0.4175
INFO:__main__:Policy gradient: -0.3045729398727417
INFO:__main__:
INFO:__main__:------ ITERATION 319 ------
INFO:__main__:Layers generated: [('256', '3', '1'), ('256', '3', '1')]
INFO:__main__:ChildCNNModel(
  (model): Sequential(
    (0): Conv2d(3, 128, kernel_size=(3, 3), stride=(1, 1), padding=(1, 1))
    (1): ReLU()
    (2): MaxPool2d(kernel_size=2, stride=2, padding=0, dilation=1, ceil_mode=False)
    (3): Conv2d(128, 256, kernel_size=(3, 3), stride=(1, 1), padding=(1, 1))
    (4): ReLU()
    (5): MaxPool2d(kernel_size=2, stride=2, padding=0, dilation=1, ceil_mode=False)
    (6): Conv2d(256, 256, kernel_size=(3, 3), stride=(1, 1), padding=(1, 1))
    (7): ReLU()
    (8): MaxPool2d(kernel_size=2, stride=2, padding=0, dilation=1, ceil_mode=False)
    (9): Flatten(start_dim=1, end_dim=-1)
    (10): Linear(in_features=4096, out_features=512, bias=True)
    (11): ReLU()
    (12): Linear(in_features=512, out_features=256, bias=True)
    (13): ReLU()
    (14): Linear(in_features=256, out_features=100, bias=True)
  )
)
INFO:__main__:CHILD MODEL LOSS: 1.926111186981201 with train time 55.62563490867615
INFO:__main__:CHILD MODEL ACCURACY: 0.4736
INFO:__main__:Policy gradient: 0.07508605718612671
INFO:__main__:
INFO:__main__:------ ITERATION 320 ------
INFO:__main__:Layers generated: [('64', '3', '2'), ('128', '3', '1')]
INFO:__main__:ChildCNNModel(
  (model): Sequential(
    (0): Conv2d(3, 128, kernel_size=(3, 3), stride=(1, 1), padding=(1, 1))
    (1): ReLU()
    (2): MaxPool2d(kernel_size=2, stride=2, padding=0, dilation=1, ceil_mode=False)
    (3): Conv2d(128, 64, kernel_size=(3, 3), stride=(1, 1), padding=(2, 2))
    (4): ReLU()
    (5): MaxPool2d(kernel_size=2, stride=2, padding=0, dilation=1, ceil_mode=False)
    (6): Conv2d(64, 128, kernel_size=(3, 3), stride=(1, 1), padding=(1, 1))
    (7): ReLU()
    (8): MaxPool2d(kernel_size=2, stride=2, padding=0, dilation=1, ceil_mode=False)
    (9): Flatten(start_dim=1, end_dim=-1)
    (10): Linear(in_features=2048, out_features=512, bias=True)
    (11): ReLU()
    (12): Linear(in_features=512, out_features=256, bias=True)
    (13): ReLU()
    (14): Linear(in_features=256, out_features=100, bias=True)
  )
)
INFO:__main__:CHILD MODEL LOSS: 1.9395499401092529 with train time 39.05465030670166
INFO:__main__:CHILD MODEL ACCURACY: 0.4724
INFO:__main__:Policy gradient: 0.13439041376113892
INFO:__main__:
INFO:__main__:------ ITERATION 321 ------
INFO:__main__:Layers generated: [('256', '3', '2'), ('256', '3', '1')]
INFO:__main__:ChildCNNModel(
  (model): Sequential(
    (0): Conv2d(3, 128, kernel_size=(3, 3), stride=(1, 1), padding=(1, 1))
    (1): ReLU()
    (2): MaxPool2d(kernel_size=2, stride=2, padding=0, dilation=1, ceil_mode=False)
    (3): Conv2d(128, 256, kernel_size=(3, 3), stride=(1, 1), padding=(2, 2))
    (4): ReLU()
    (5): MaxPool2d(kernel_size=2, stride=2, padding=0, dilation=1, ceil_mode=False)
    (6): Conv2d(256, 256, kernel_size=(3, 3), stride=(1, 1), padding=(1, 1))
    (7): ReLU()
    (8): MaxPool2d(kernel_size=2, stride=2, padding=0, dilation=1, ceil_mode=False)
    (9): Flatten(start_dim=1, end_dim=-1)
    (10): Linear(in_features=4096, out_features=512, bias=True)
    (11): ReLU()
    (12): Linear(in_features=512, out_features=256, bias=True)
    (13): ReLU()
    (14): Linear(in_features=256, out_features=100, bias=True)
  )
)
INFO:__main__:CHILD MODEL LOSS: 1.8527541031837464 with train time 69.88068723678589
INFO:__main__:CHILD MODEL ACCURACY: 0.4756
INFO:__main__:Policy gradient: 0.0757431834936142
INFO:__main__:
INFO:__main__:------ ITERATION 322 ------
INFO:__main__:Layers generated: [('256', '3', '0'), ('64', '3', '2')]
INFO:__main__:ChildCNNModel(
  (model): Sequential(
    (0): Conv2d(3, 128, kernel_size=(3, 3), stride=(1, 1), padding=(1, 1))
    (1): ReLU()
    (2): MaxPool2d(kernel_size=2, stride=2, padding=0, dilation=1, ceil_mode=False)
    (3): Conv2d(128, 256, kernel_size=(3, 3), stride=(1, 1))
    (4): ReLU()
    (5): MaxPool2d(kernel_size=2, stride=2, padding=0, dilation=1, ceil_mode=False)
    (6): Conv2d(256, 64, kernel_size=(3, 3), stride=(1, 1), padding=(2, 2))
    (7): ReLU()
    (8): MaxPool2d(kernel_size=2, stride=2, padding=0, dilation=1, ceil_mode=False)
    (9): Flatten(start_dim=1, end_dim=-1)
    (10): Linear(in_features=1024, out_features=512, bias=True)
    (11): ReLU()
    (12): Linear(in_features=512, out_features=256, bias=True)
    (13): ReLU()
    (14): Linear(in_features=256, out_features=100, bias=True)
  )
)
INFO:__main__:CHILD MODEL LOSS: 2.0368486609458922 with train time 45.550679445266724
INFO:__main__:CHILD MODEL ACCURACY: 0.4536
INFO:__main__:Policy gradient: -0.00041999566019512713
INFO:__main__:
INFO:__main__:------ ITERATION 323 ------
INFO:__main__:Layers generated: [('256', '3', '1'), ('128', '3', '1')]
INFO:__main__:ChildCNNModel(
  (model): Sequential(
    (0): Conv2d(3, 128, kernel_size=(3, 3), stride=(1, 1), padding=(1, 1))
    (1): ReLU()
    (2): MaxPool2d(kernel_size=2, stride=2, padding=0, dilation=1, ceil_mode=False)
    (3): Conv2d(128, 256, kernel_size=(3, 3), stride=(1, 1), padding=(1, 1))
    (4): ReLU()
    (5): MaxPool2d(kernel_size=2, stride=2, padding=0, dilation=1, ceil_mode=False)
    (6): Conv2d(256, 128, kernel_size=(3, 3), stride=(1, 1), padding=(1, 1))
    (7): ReLU()
    (8): MaxPool2d(kernel_size=2, stride=2, padding=0, dilation=1, ceil_mode=False)
    (9): Flatten(start_dim=1, end_dim=-1)
    (10): Linear(in_features=2048, out_features=512, bias=True)
    (11): ReLU()
    (12): Linear(in_features=512, out_features=256, bias=True)
    (13): ReLU()
    (14): Linear(in_features=256, out_features=100, bias=True)
  )
)
INFO:__main__:CHILD MODEL LOSS: 1.9622684020996093 with train time 51.024741649627686
INFO:__main__:CHILD MODEL ACCURACY: 0.4522
INFO:__main__:Policy gradient: -0.005761889275163412
INFO:__main__:
INFO:__main__:------ ITERATION 324 ------
INFO:__main__:Layers generated: [('128', '3', '2'), ('256', '3', '2')]
INFO:__main__:ChildCNNModel(
  (model): Sequential(
    (0): Conv2d(3, 128, kernel_size=(3, 3), stride=(1, 1), padding=(1, 1))
    (1): ReLU()
    (2): MaxPool2d(kernel_size=2, stride=2, padding=0, dilation=1, ceil_mode=False)
    (3): Conv2d(128, 128, kernel_size=(3, 3), stride=(1, 1), padding=(2, 2))
    (4): ReLU()
    (5): MaxPool2d(kernel_size=2, stride=2, padding=0, dilation=1, ceil_mode=False)
    (6): Conv2d(128, 256, kernel_size=(3, 3), stride=(1, 1), padding=(2, 2))
    (7): ReLU()
    (8): MaxPool2d(kernel_size=2, stride=2, padding=0, dilation=1, ceil_mode=False)
    (9): Flatten(start_dim=1, end_dim=-1)
    (10): Linear(in_features=6400, out_features=512, bias=True)
    (11): ReLU()
    (12): Linear(in_features=512, out_features=256, bias=True)
    (13): ReLU()
    (14): Linear(in_features=256, out_features=100, bias=True)
  )
)
INFO:__main__:CHILD MODEL LOSS: 1.8923100442886354 with train time 54.10042333602905
INFO:__main__:CHILD MODEL ACCURACY: 0.4604
INFO:__main__:Policy gradient: 0.03661458566784859
INFO:__main__:
INFO:__main__:------ ITERATION 325 ------
INFO:__main__:Layers generated: [('256', '3', '1'), ('256', '5', '2')]
INFO:__main__:ChildCNNModel(
  (model): Sequential(
    (0): Conv2d(3, 128, kernel_size=(3, 3), stride=(1, 1), padding=(1, 1))
    (1): ReLU()
    (2): MaxPool2d(kernel_size=2, stride=2, padding=0, dilation=1, ceil_mode=False)
    (3): Conv2d(128, 256, kernel_size=(3, 3), stride=(1, 1), padding=(1, 1))
    (4): ReLU()
    (5): MaxPool2d(kernel_size=2, stride=2, padding=0, dilation=1, ceil_mode=False)
    (6): Conv2d(256, 256, kernel_size=(5, 5), stride=(1, 1), padding=(2, 2))
    (7): ReLU()
    (8): MaxPool2d(kernel_size=2, stride=2, padding=0, dilation=1, ceil_mode=False)
    (9): Flatten(start_dim=1, end_dim=-1)
    (10): Linear(in_features=4096, out_features=512, bias=True)
    (11): ReLU()
    (12): Linear(in_features=512, out_features=256, bias=True)
    (13): ReLU()
    (14): Linear(in_features=256, out_features=100, bias=True)
  )
)
INFO:__main__:CHILD MODEL LOSS: 1.7141749272346496 with train time 67.01470375061035
INFO:__main__:CHILD MODEL ACCURACY: 0.497
INFO:__main__:Policy gradient: 0.23105841875076294
INFO:__main__:
INFO:__main__:------ ITERATION 326 ------
INFO:__main__:Layers generated: [('64', '3', '2'), ('256', '3', '1')]
INFO:__main__:ChildCNNModel(
  (model): Sequential(
    (0): Conv2d(3, 128, kernel_size=(3, 3), stride=(1, 1), padding=(1, 1))
    (1): ReLU()
    (2): MaxPool2d(kernel_size=2, stride=2, padding=0, dilation=1, ceil_mode=False)
    (3): Conv2d(128, 64, kernel_size=(3, 3), stride=(1, 1), padding=(2, 2))
    (4): ReLU()
    (5): MaxPool2d(kernel_size=2, stride=2, padding=0, dilation=1, ceil_mode=False)
    (6): Conv2d(64, 256, kernel_size=(3, 3), stride=(1, 1), padding=(1, 1))
    (7): ReLU()
    (8): MaxPool2d(kernel_size=2, stride=2, padding=0, dilation=1, ceil_mode=False)
    (9): Flatten(start_dim=1, end_dim=-1)
    (10): Linear(in_features=4096, out_features=512, bias=True)
    (11): ReLU()
    (12): Linear(in_features=512, out_features=256, bias=True)
    (13): ReLU()
    (14): Linear(in_features=256, out_features=100, bias=True)
  )
)
INFO:__main__:CHILD MODEL LOSS: 1.8724088578224183 with train time 41.046531677246094
INFO:__main__:CHILD MODEL ACCURACY: 0.4733
INFO:__main__:Policy gradient: 0.06775958836078644
INFO:__main__:
INFO:__main__:------ ITERATION 327 ------
INFO:__main__:Layers generated: [('256', '3', '1'), ('256', '5', '1')]
INFO:__main__:ChildCNNModel(
  (model): Sequential(
    (0): Conv2d(3, 128, kernel_size=(3, 3), stride=(1, 1), padding=(1, 1))
    (1): ReLU()
    (2): MaxPool2d(kernel_size=2, stride=2, padding=0, dilation=1, ceil_mode=False)
    (3): Conv2d(128, 256, kernel_size=(3, 3), stride=(1, 1), padding=(1, 1))
    (4): ReLU()
    (5): MaxPool2d(kernel_size=2, stride=2, padding=0, dilation=1, ceil_mode=False)
    (6): Conv2d(256, 256, kernel_size=(5, 5), stride=(1, 1), padding=(1, 1))
    (7): ReLU()
    (8): MaxPool2d(kernel_size=2, stride=2, padding=0, dilation=1, ceil_mode=False)
    (9): Flatten(start_dim=1, end_dim=-1)
    (10): Linear(in_features=2304, out_features=512, bias=True)
    (11): ReLU()
    (12): Linear(in_features=512, out_features=256, bias=True)
    (13): ReLU()
    (14): Linear(in_features=256, out_features=100, bias=True)
  )
)
INFO:__main__:CHILD MODEL LOSS: 2.017743592739105 with train time 60.69041919708252
INFO:__main__:CHILD MODEL ACCURACY: 0.4392
INFO:__main__:Policy gradient: -0.10626599192619324
INFO:__main__:
INFO:__main__:------ ITERATION 328 ------
INFO:__main__:Layers generated: [('128', '3', '0'), ('256', '3', '2')]
INFO:__main__:ChildCNNModel(
  (model): Sequential(
    (0): Conv2d(3, 128, kernel_size=(3, 3), stride=(1, 1), padding=(1, 1))
    (1): ReLU()
    (2): MaxPool2d(kernel_size=2, stride=2, padding=0, dilation=1, ceil_mode=False)
    (3): Conv2d(128, 128, kernel_size=(3, 3), stride=(1, 1))
    (4): ReLU()
    (5): MaxPool2d(kernel_size=2, stride=2, padding=0, dilation=1, ceil_mode=False)
    (6): Conv2d(128, 256, kernel_size=(3, 3), stride=(1, 1), padding=(2, 2))
    (7): ReLU()
    (8): MaxPool2d(kernel_size=2, stride=2, padding=0, dilation=1, ceil_mode=False)
    (9): Flatten(start_dim=1, end_dim=-1)
    (10): Linear(in_features=4096, out_features=512, bias=True)
    (11): ReLU()
    (12): Linear(in_features=512, out_features=256, bias=True)
    (13): ReLU()
    (14): Linear(in_features=256, out_features=100, bias=True)
  )
)
INFO:__main__:CHILD MODEL LOSS: 1.9162877144813537 with train time 41.594656467437744
INFO:__main__:CHILD MODEL ACCURACY: 0.4658
INFO:__main__:Policy gradient: 0.04660632833838463
INFO:__main__:
INFO:__main__:------ ITERATION 329 ------
INFO:__main__:Layers generated: [('256', '5', '1'), ('128', '5', '1')]
INFO:__main__:ChildCNNModel(
  (model): Sequential(
    (0): Conv2d(3, 128, kernel_size=(3, 3), stride=(1, 1), padding=(1, 1))
    (1): ReLU()
    (2): MaxPool2d(kernel_size=2, stride=2, padding=0, dilation=1, ceil_mode=False)
    (3): Conv2d(128, 256, kernel_size=(5, 5), stride=(1, 1), padding=(1, 1))
    (4): ReLU()
    (5): MaxPool2d(kernel_size=2, stride=2, padding=0, dilation=1, ceil_mode=False)
    (6): Conv2d(256, 128, kernel_size=(5, 5), stride=(1, 1), padding=(1, 1))
    (7): ReLU()
    (8): MaxPool2d(kernel_size=2, stride=2, padding=0, dilation=1, ceil_mode=False)
    (9): Flatten(start_dim=1, end_dim=-1)
    (10): Linear(in_features=512, out_features=512, bias=True)
    (11): ReLU()
    (12): Linear(in_features=512, out_features=256, bias=True)
    (13): ReLU()
    (14): Linear(in_features=256, out_features=100, bias=True)
  )
)
INFO:__main__:CHILD MODEL LOSS: 2.0782923803329467 with train time 64.72407269477844
INFO:__main__:CHILD MODEL ACCURACY: 0.4411
INFO:__main__:Policy gradient: -0.15535500645637512
INFO:__main__:
INFO:__main__:------ ITERATION 330 ------
INFO:__main__:Layers generated: [('256', '3', '2'), ('256', '3', '2')]
INFO:__main__:ChildCNNModel(
  (model): Sequential(
    (0): Conv2d(3, 128, kernel_size=(3, 3), stride=(1, 1), padding=(1, 1))
    (1): ReLU()
    (2): MaxPool2d(kernel_size=2, stride=2, padding=0, dilation=1, ceil_mode=False)
    (3): Conv2d(128, 256, kernel_size=(3, 3), stride=(1, 1), padding=(2, 2))
    (4): ReLU()
    (5): MaxPool2d(kernel_size=2, stride=2, padding=0, dilation=1, ceil_mode=False)
    (6): Conv2d(256, 256, kernel_size=(3, 3), stride=(1, 1), padding=(2, 2))
    (7): ReLU()
    (8): MaxPool2d(kernel_size=2, stride=2, padding=0, dilation=1, ceil_mode=False)
    (9): Flatten(start_dim=1, end_dim=-1)
    (10): Linear(in_features=6400, out_features=512, bias=True)
    (11): ReLU()
    (12): Linear(in_features=512, out_features=256, bias=True)
    (13): ReLU()
    (14): Linear(in_features=256, out_features=100, bias=True)
  )
)
INFO:__main__:CHILD MODEL LOSS: 1.826605459690094 with train time 76.22673964500427
INFO:__main__:CHILD MODEL ACCURACY: 0.4792
INFO:__main__:Policy gradient: 0.07297872006893158
INFO:__main__:
INFO:__main__:------ ITERATION 331 ------
INFO:__main__:Layers generated: [('128', '3', '0'), ('256', '3', '1')]
INFO:__main__:ChildCNNModel(
  (model): Sequential(
    (0): Conv2d(3, 128, kernel_size=(3, 3), stride=(1, 1), padding=(1, 1))
    (1): ReLU()
    (2): MaxPool2d(kernel_size=2, stride=2, padding=0, dilation=1, ceil_mode=False)
    (3): Conv2d(128, 128, kernel_size=(3, 3), stride=(1, 1))
    (4): ReLU()
    (5): MaxPool2d(kernel_size=2, stride=2, padding=0, dilation=1, ceil_mode=False)
    (6): Conv2d(128, 256, kernel_size=(3, 3), stride=(1, 1), padding=(1, 1))
    (7): ReLU()
    (8): MaxPool2d(kernel_size=2, stride=2, padding=0, dilation=1, ceil_mode=False)
    (9): Flatten(start_dim=1, end_dim=-1)
    (10): Linear(in_features=2304, out_features=512, bias=True)
    (11): ReLU()
    (12): Linear(in_features=512, out_features=256, bias=True)
    (13): ReLU()
    (14): Linear(in_features=256, out_features=100, bias=True)
  )
)
INFO:__main__:CHILD MODEL LOSS: 2.023917046070099 with train time 39.99060130119324
INFO:__main__:CHILD MODEL ACCURACY: 0.4544
INFO:__main__:Policy gradient: -0.026919081807136536
INFO:__main__:
INFO:__main__:------ ITERATION 332 ------
INFO:__main__:Layers generated: [('256', '3', '1'), ('256', '3', '2')]
INFO:__main__:ChildCNNModel(
  (model): Sequential(
    (0): Conv2d(3, 128, kernel_size=(3, 3), stride=(1, 1), padding=(1, 1))
    (1): ReLU()
    (2): MaxPool2d(kernel_size=2, stride=2, padding=0, dilation=1, ceil_mode=False)
    (3): Conv2d(128, 256, kernel_size=(3, 3), stride=(1, 1), padding=(1, 1))
    (4): ReLU()
    (5): MaxPool2d(kernel_size=2, stride=2, padding=0, dilation=1, ceil_mode=False)
    (6): Conv2d(256, 256, kernel_size=(3, 3), stride=(1, 1), padding=(2, 2))
    (7): ReLU()
    (8): MaxPool2d(kernel_size=2, stride=2, padding=0, dilation=1, ceil_mode=False)
    (9): Flatten(start_dim=1, end_dim=-1)
    (10): Linear(in_features=6400, out_features=512, bias=True)
    (11): ReLU()
    (12): Linear(in_features=512, out_features=256, bias=True)
    (13): ReLU()
    (14): Linear(in_features=256, out_features=100, bias=True)
  )
)
INFO:__main__:CHILD MODEL LOSS: 1.8619207553863526 with train time 61.39771914482117
INFO:__main__:CHILD MODEL ACCURACY: 0.4706
INFO:__main__:Policy gradient: 0.03450566530227661
INFO:__main__:
INFO:__main__:------ ITERATION 333 ------
INFO:__main__:Layers generated: [('256', '3', '0'), ('128', '3', '1')]
INFO:__main__:ChildCNNModel(
  (model): Sequential(
    (0): Conv2d(3, 128, kernel_size=(3, 3), stride=(1, 1), padding=(1, 1))
    (1): ReLU()
    (2): MaxPool2d(kernel_size=2, stride=2, padding=0, dilation=1, ceil_mode=False)
    (3): Conv2d(128, 256, kernel_size=(3, 3), stride=(1, 1))
    (4): ReLU()
    (5): MaxPool2d(kernel_size=2, stride=2, padding=0, dilation=1, ceil_mode=False)
    (6): Conv2d(256, 128, kernel_size=(3, 3), stride=(1, 1), padding=(1, 1))
    (7): ReLU()
    (8): MaxPool2d(kernel_size=2, stride=2, padding=0, dilation=1, ceil_mode=False)
    (9): Flatten(start_dim=1, end_dim=-1)
    (10): Linear(in_features=1152, out_features=512, bias=True)
    (11): ReLU()
    (12): Linear(in_features=512, out_features=256, bias=True)
    (13): ReLU()
    (14): Linear(in_features=256, out_features=100, bias=True)
  )
)
INFO:__main__:CHILD MODEL LOSS: 2.0612765250205993 with train time 46.245588302612305
INFO:__main__:CHILD MODEL ACCURACY: 0.4531
INFO:__main__:Policy gradient: -0.03423276171088219
INFO:__main__:
INFO:__main__:------ ITERATION 334 ------
INFO:__main__:Layers generated: [('256', '3', '1'), ('256', '3', '2')]
INFO:__main__:ChildCNNModel(
  (model): Sequential(
    (0): Conv2d(3, 128, kernel_size=(3, 3), stride=(1, 1), padding=(1, 1))
    (1): ReLU()
    (2): MaxPool2d(kernel_size=2, stride=2, padding=0, dilation=1, ceil_mode=False)
    (3): Conv2d(128, 256, kernel_size=(3, 3), stride=(1, 1), padding=(1, 1))
    (4): ReLU()
    (5): MaxPool2d(kernel_size=2, stride=2, padding=0, dilation=1, ceil_mode=False)
    (6): Conv2d(256, 256, kernel_size=(3, 3), stride=(1, 1), padding=(2, 2))
    (7): ReLU()
    (8): MaxPool2d(kernel_size=2, stride=2, padding=0, dilation=1, ceil_mode=False)
    (9): Flatten(start_dim=1, end_dim=-1)
    (10): Linear(in_features=6400, out_features=512, bias=True)
    (11): ReLU()
    (12): Linear(in_features=512, out_features=256, bias=True)
    (13): ReLU()
    (14): Linear(in_features=256, out_features=100, bias=True)
  )
)
INFO:__main__:CHILD MODEL LOSS: 1.854673035621643 with train time 61.37653112411499
INFO:__main__:CHILD MODEL ACCURACY: 0.472
INFO:__main__:Policy gradient: 0.03682379424571991
INFO:__main__:
INFO:__main__:------ ITERATION 335 ------
INFO:__main__:Layers generated: [('64', '3', '1'), ('256', '3', '1')]
INFO:__main__:ChildCNNModel(
  (model): Sequential(
    (0): Conv2d(3, 128, kernel_size=(3, 3), stride=(1, 1), padding=(1, 1))
    (1): ReLU()
    (2): MaxPool2d(kernel_size=2, stride=2, padding=0, dilation=1, ceil_mode=False)
    (3): Conv2d(128, 64, kernel_size=(3, 3), stride=(1, 1), padding=(1, 1))
    (4): ReLU()
    (5): MaxPool2d(kernel_size=2, stride=2, padding=0, dilation=1, ceil_mode=False)
    (6): Conv2d(64, 256, kernel_size=(3, 3), stride=(1, 1), padding=(1, 1))
    (7): ReLU()
    (8): MaxPool2d(kernel_size=2, stride=2, padding=0, dilation=1, ceil_mode=False)
    (9): Flatten(start_dim=1, end_dim=-1)
    (10): Linear(in_features=4096, out_features=512, bias=True)
    (11): ReLU()
    (12): Linear(in_features=512, out_features=256, bias=True)
    (13): ReLU()
    (14): Linear(in_features=256, out_features=100, bias=True)
  )
)
INFO:__main__:CHILD MODEL LOSS: 1.9103406252861024 with train time 38.41220474243164
INFO:__main__:CHILD MODEL ACCURACY: 0.4735
INFO:__main__:Policy gradient: 0.05488530918955803
INFO:__main__:
INFO:__main__:------ ITERATION 336 ------
INFO:__main__:Layers generated: [('256', '3', '1'), ('64', '1', '0')]
INFO:__main__:ChildCNNModel(
  (model): Sequential(
    (0): Conv2d(3, 128, kernel_size=(3, 3), stride=(1, 1), padding=(1, 1))
    (1): ReLU()
    (2): MaxPool2d(kernel_size=2, stride=2, padding=0, dilation=1, ceil_mode=False)
    (3): Conv2d(128, 256, kernel_size=(3, 3), stride=(1, 1), padding=(1, 1))
    (4): ReLU()
    (5): MaxPool2d(kernel_size=2, stride=2, padding=0, dilation=1, ceil_mode=False)
    (6): Conv2d(256, 64, kernel_size=(1, 1), stride=(1, 1))
    (7): ReLU()
    (8): MaxPool2d(kernel_size=2, stride=2, padding=0, dilation=1, ceil_mode=False)
    (9): Flatten(start_dim=1, end_dim=-1)
    (10): Linear(in_features=1024, out_features=512, bias=True)
    (11): ReLU()
    (12): Linear(in_features=512, out_features=256, bias=True)
    (13): ReLU()
    (14): Linear(in_features=256, out_features=100, bias=True)
  )
)
INFO:__main__:CHILD MODEL LOSS: 2.057912492275238 with train time 47.485777139663696
INFO:__main__:CHILD MODEL ACCURACY: 0.4419
INFO:__main__:Policy gradient: -0.15398523211479187
INFO:__main__:
INFO:__main__:------ ITERATION 337 ------
INFO:__main__:Layers generated: [('256', '5', '1'), ('256', '3', '2')]
INFO:__main__:ChildCNNModel(
  (model): Sequential(
    (0): Conv2d(3, 128, kernel_size=(3, 3), stride=(1, 1), padding=(1, 1))
    (1): ReLU()
    (2): MaxPool2d(kernel_size=2, stride=2, padding=0, dilation=1, ceil_mode=False)
    (3): Conv2d(128, 256, kernel_size=(5, 5), stride=(1, 1), padding=(1, 1))
    (4): ReLU()
    (5): MaxPool2d(kernel_size=2, stride=2, padding=0, dilation=1, ceil_mode=False)
    (6): Conv2d(256, 256, kernel_size=(3, 3), stride=(1, 1), padding=(2, 2))
    (7): ReLU()
    (8): MaxPool2d(kernel_size=2, stride=2, padding=0, dilation=1, ceil_mode=False)
    (9): Flatten(start_dim=1, end_dim=-1)
    (10): Linear(in_features=4096, out_features=512, bias=True)
    (11): ReLU()
    (12): Linear(in_features=512, out_features=256, bias=True)
    (13): ReLU()
    (14): Linear(in_features=256, out_features=100, bias=True)
  )
)
INFO:__main__:CHILD MODEL LOSS: 1.931416823387146 with train time 70.3553557395935
INFO:__main__:CHILD MODEL ACCURACY: 0.4623
INFO:__main__:Policy gradient: 0.013313895091414452
INFO:__main__:
INFO:__main__:------ ITERATION 338 ------
INFO:__main__:Layers generated: [('256', '1', '2'), ('64', '3', '1')]
INFO:__main__:ChildCNNModel(
  (model): Sequential(
    (0): Conv2d(3, 128, kernel_size=(3, 3), stride=(1, 1), padding=(1, 1))
    (1): ReLU()
    (2): MaxPool2d(kernel_size=2, stride=2, padding=0, dilation=1, ceil_mode=False)
    (3): Conv2d(128, 256, kernel_size=(1, 1), stride=(1, 1), padding=(2, 2))
    (4): ReLU()
    (5): MaxPool2d(kernel_size=2, stride=2, padding=0, dilation=1, ceil_mode=False)
    (6): Conv2d(256, 64, kernel_size=(3, 3), stride=(1, 1), padding=(1, 1))
    (7): ReLU()
    (8): MaxPool2d(kernel_size=2, stride=2, padding=0, dilation=1, ceil_mode=False)
    (9): Flatten(start_dim=1, end_dim=-1)
    (10): Linear(in_features=1600, out_features=512, bias=True)
    (11): ReLU()
    (12): Linear(in_features=512, out_features=256, bias=True)
    (13): ReLU()
    (14): Linear(in_features=256, out_features=100, bias=True)
  )
)
INFO:__main__:CHILD MODEL LOSS: 2.0396262092590334 with train time 48.778573989868164
INFO:__main__:CHILD MODEL ACCURACY: 0.4483
INFO:__main__:Policy gradient: -0.078061543405056
INFO:__main__:
INFO:__main__:------ ITERATION 339 ------
INFO:__main__:Layers generated: [('64', '3', '2'), ('128', '3', '1')]
INFO:__main__:ChildCNNModel(
  (model): Sequential(
    (0): Conv2d(3, 128, kernel_size=(3, 3), stride=(1, 1), padding=(1, 1))
    (1): ReLU()
    (2): MaxPool2d(kernel_size=2, stride=2, padding=0, dilation=1, ceil_mode=False)
    (3): Conv2d(128, 64, kernel_size=(3, 3), stride=(1, 1), padding=(2, 2))
    (4): ReLU()
    (5): MaxPool2d(kernel_size=2, stride=2, padding=0, dilation=1, ceil_mode=False)
    (6): Conv2d(64, 128, kernel_size=(3, 3), stride=(1, 1), padding=(1, 1))
    (7): ReLU()
    (8): MaxPool2d(kernel_size=2, stride=2, padding=0, dilation=1, ceil_mode=False)
    (9): Flatten(start_dim=1, end_dim=-1)
    (10): Linear(in_features=2048, out_features=512, bias=True)
    (11): ReLU()
    (12): Linear(in_features=512, out_features=256, bias=True)
    (13): ReLU()
    (14): Linear(in_features=256, out_features=100, bias=True)
  )
)
INFO:__main__:CHILD MODEL LOSS: 1.947520154953003 with train time 39.12743020057678
INFO:__main__:CHILD MODEL ACCURACY: 0.4601
INFO:__main__:Policy gradient: 0.00719289667904377
INFO:__main__:
INFO:__main__:------ ITERATION 340 ------
INFO:__main__:Layers generated: [('16', '3', '2'), ('256', '3', '2')]
INFO:__main__:ChildCNNModel(
  (model): Sequential(
    (0): Conv2d(3, 128, kernel_size=(3, 3), stride=(1, 1), padding=(1, 1))
    (1): ReLU()
    (2): MaxPool2d(kernel_size=2, stride=2, padding=0, dilation=1, ceil_mode=False)
    (3): Conv2d(128, 16, kernel_size=(3, 3), stride=(1, 1), padding=(2, 2))
    (4): ReLU()
    (5): MaxPool2d(kernel_size=2, stride=2, padding=0, dilation=1, ceil_mode=False)
    (6): Conv2d(16, 256, kernel_size=(3, 3), stride=(1, 1), padding=(2, 2))
    (7): ReLU()
    (8): MaxPool2d(kernel_size=2, stride=2, padding=0, dilation=1, ceil_mode=False)
    (9): Flatten(start_dim=1, end_dim=-1)
    (10): Linear(in_features=6400, out_features=512, bias=True)
    (11): ReLU()
    (12): Linear(in_features=512, out_features=256, bias=True)
    (13): ReLU()
    (14): Linear(in_features=256, out_features=100, bias=True)
  )
)
INFO:__main__:CHILD MODEL LOSS: 2.31330433511734 with train time 39.12758731842041
INFO:__main__:CHILD MODEL ACCURACY: 0.3904
INFO:__main__:Policy gradient: -0.43148162961006165
INFO:__main__:
INFO:__main__:------ ITERATION 341 ------
INFO:__main__:Layers generated: [('256', '3', '2'), ('256', '3', '1')]
INFO:__main__:ChildCNNModel(
  (model): Sequential(
    (0): Conv2d(3, 128, kernel_size=(3, 3), stride=(1, 1), padding=(1, 1))
    (1): ReLU()
    (2): MaxPool2d(kernel_size=2, stride=2, padding=0, dilation=1, ceil_mode=False)
    (3): Conv2d(128, 256, kernel_size=(3, 3), stride=(1, 1), padding=(2, 2))
    (4): ReLU()
    (5): MaxPool2d(kernel_size=2, stride=2, padding=0, dilation=1, ceil_mode=False)
    (6): Conv2d(256, 256, kernel_size=(3, 3), stride=(1, 1), padding=(1, 1))
    (7): ReLU()
    (8): MaxPool2d(kernel_size=2, stride=2, padding=0, dilation=1, ceil_mode=False)
    (9): Flatten(start_dim=1, end_dim=-1)
    (10): Linear(in_features=4096, out_features=512, bias=True)
    (11): ReLU()
    (12): Linear(in_features=512, out_features=256, bias=True)
    (13): ReLU()
    (14): Linear(in_features=256, out_features=100, bias=True)
  )
)
INFO:__main__:CHILD MODEL LOSS: 1.8436658458709716 with train time 69.82999897003174
INFO:__main__:CHILD MODEL ACCURACY: 0.4773
INFO:__main__:Policy gradient: 0.0741439163684845
INFO:__main__:
INFO:__main__:------ ITERATION 342 ------
INFO:__main__:Layers generated: [('256', '3', '0'), ('64', '3', '2')]
INFO:__main__:ChildCNNModel(
  (model): Sequential(
    (0): Conv2d(3, 128, kernel_size=(3, 3), stride=(1, 1), padding=(1, 1))
    (1): ReLU()
    (2): MaxPool2d(kernel_size=2, stride=2, padding=0, dilation=1, ceil_mode=False)
    (3): Conv2d(128, 256, kernel_size=(3, 3), stride=(1, 1))
    (4): ReLU()
    (5): MaxPool2d(kernel_size=2, stride=2, padding=0, dilation=1, ceil_mode=False)
    (6): Conv2d(256, 64, kernel_size=(3, 3), stride=(1, 1), padding=(2, 2))
    (7): ReLU()
    (8): MaxPool2d(kernel_size=2, stride=2, padding=0, dilation=1, ceil_mode=False)
    (9): Flatten(start_dim=1, end_dim=-1)
    (10): Linear(in_features=1024, out_features=512, bias=True)
    (11): ReLU()
    (12): Linear(in_features=512, out_features=256, bias=True)
    (13): ReLU()
    (14): Linear(in_features=256, out_features=100, bias=True)
  )
)
INFO:__main__:CHILD MODEL LOSS: 2.014142586708069 with train time 45.66449999809265
INFO:__main__:CHILD MODEL ACCURACY: 0.4605
INFO:__main__:Policy gradient: 0.03317876160144806
INFO:__main__:
INFO:__main__:------ ITERATION 343 ------
INFO:__main__:Layers generated: [('256', '3', '1'), ('256', '3', '0')]
INFO:__main__:ChildCNNModel(
  (model): Sequential(
    (0): Conv2d(3, 128, kernel_size=(3, 3), stride=(1, 1), padding=(1, 1))
    (1): ReLU()
    (2): MaxPool2d(kernel_size=2, stride=2, padding=0, dilation=1, ceil_mode=False)
    (3): Conv2d(128, 256, kernel_size=(3, 3), stride=(1, 1), padding=(1, 1))
    (4): ReLU()
    (5): MaxPool2d(kernel_size=2, stride=2, padding=0, dilation=1, ceil_mode=False)
    (6): Conv2d(256, 256, kernel_size=(3, 3), stride=(1, 1))
    (7): ReLU()
    (8): MaxPool2d(kernel_size=2, stride=2, padding=0, dilation=1, ceil_mode=False)
    (9): Flatten(start_dim=1, end_dim=-1)
    (10): Linear(in_features=2304, out_features=512, bias=True)
    (11): ReLU()
    (12): Linear(in_features=512, out_features=256, bias=True)
    (13): ReLU()
    (14): Linear(in_features=256, out_features=100, bias=True)
  )
)
INFO:__main__:CHILD MODEL LOSS: 1.9911420249938965 with train time 52.44334602355957
INFO:__main__:CHILD MODEL ACCURACY: 0.4612
INFO:__main__:Policy gradient: 0.023388253524899483
INFO:__main__:
INFO:__main__:------ ITERATION 344 ------
INFO:__main__:Layers generated: [('256', '3', '1'), ('256', '3', '2')]
INFO:__main__:ChildCNNModel(
  (model): Sequential(
    (0): Conv2d(3, 128, kernel_size=(3, 3), stride=(1, 1), padding=(1, 1))
    (1): ReLU()
    (2): MaxPool2d(kernel_size=2, stride=2, padding=0, dilation=1, ceil_mode=False)
    (3): Conv2d(128, 256, kernel_size=(3, 3), stride=(1, 1), padding=(1, 1))
    (4): ReLU()
    (5): MaxPool2d(kernel_size=2, stride=2, padding=0, dilation=1, ceil_mode=False)
    (6): Conv2d(256, 256, kernel_size=(3, 3), stride=(1, 1), padding=(2, 2))
    (7): ReLU()
    (8): MaxPool2d(kernel_size=2, stride=2, padding=0, dilation=1, ceil_mode=False)
    (9): Flatten(start_dim=1, end_dim=-1)
    (10): Linear(in_features=6400, out_features=512, bias=True)
    (11): ReLU()
    (12): Linear(in_features=512, out_features=256, bias=True)
    (13): ReLU()
    (14): Linear(in_features=256, out_features=100, bias=True)
  )
)
INFO:__main__:CHILD MODEL LOSS: 1.7960256390571594 with train time 61.45797157287598
INFO:__main__:CHILD MODEL ACCURACY: 0.4937
INFO:__main__:Policy gradient: 0.10633701086044312
INFO:__main__:
INFO:__main__:------ ITERATION 345 ------
INFO:__main__:Layers generated: [('256', '5', '0'), ('64', '3', '2')]
INFO:__main__:ChildCNNModel(
  (model): Sequential(
    (0): Conv2d(3, 128, kernel_size=(3, 3), stride=(1, 1), padding=(1, 1))
    (1): ReLU()
    (2): MaxPool2d(kernel_size=2, stride=2, padding=0, dilation=1, ceil_mode=False)
    (3): Conv2d(128, 256, kernel_size=(5, 5), stride=(1, 1))
    (4): ReLU()
    (5): MaxPool2d(kernel_size=2, stride=2, padding=0, dilation=1, ceil_mode=False)
    (6): Conv2d(256, 64, kernel_size=(3, 3), stride=(1, 1), padding=(2, 2))
    (7): ReLU()
    (8): MaxPool2d(kernel_size=2, stride=2, padding=0, dilation=1, ceil_mode=False)
    (9): Flatten(start_dim=1, end_dim=-1)
    (10): Linear(in_features=1024, out_features=512, bias=True)
    (11): ReLU()
    (12): Linear(in_features=512, out_features=256, bias=True)
    (13): ReLU()
    (14): Linear(in_features=256, out_features=100, bias=True)
  )
)
INFO:__main__:CHILD MODEL LOSS: 1.9966822972297669 with train time 54.8538076877594
INFO:__main__:CHILD MODEL ACCURACY: 0.4598
INFO:__main__:Policy gradient: 0.0014965783338993788
INFO:__main__:
INFO:__main__:------ ITERATION 346 ------
INFO:__main__:Layers generated: [('64', '1', '1'), ('256', '3', '1')]
INFO:__main__:ChildCNNModel(
  (model): Sequential(
    (0): Conv2d(3, 128, kernel_size=(3, 3), stride=(1, 1), padding=(1, 1))
    (1): ReLU()
    (2): MaxPool2d(kernel_size=2, stride=2, padding=0, dilation=1, ceil_mode=False)
    (3): Conv2d(128, 64, kernel_size=(1, 1), stride=(1, 1), padding=(1, 1))
    (4): ReLU()
    (5): MaxPool2d(kernel_size=2, stride=2, padding=0, dilation=1, ceil_mode=False)
    (6): Conv2d(64, 256, kernel_size=(3, 3), stride=(1, 1), padding=(1, 1))
    (7): ReLU()
    (8): MaxPool2d(kernel_size=2, stride=2, padding=0, dilation=1, ceil_mode=False)
    (9): Flatten(start_dim=1, end_dim=-1)
    (10): Linear(in_features=4096, out_features=512, bias=True)
    (11): ReLU()
    (12): Linear(in_features=512, out_features=256, bias=True)
    (13): ReLU()
    (14): Linear(in_features=256, out_features=100, bias=True)
  )
)
INFO:__main__:CHILD MODEL LOSS: 1.9565294728279115 with train time 37.95012712478638
INFO:__main__:CHILD MODEL ACCURACY: 0.4549
INFO:__main__:Policy gradient: -0.028873730450868607
INFO:__main__:
INFO:__main__:------ ITERATION 347 ------
INFO:__main__:Layers generated: [('256', '3', '0'), ('256', '3', '0')]
INFO:__main__:ChildCNNModel(
  (model): Sequential(
    (0): Conv2d(3, 128, kernel_size=(3, 3), stride=(1, 1), padding=(1, 1))
    (1): ReLU()
    (2): MaxPool2d(kernel_size=2, stride=2, padding=0, dilation=1, ceil_mode=False)
    (3): Conv2d(128, 256, kernel_size=(3, 3), stride=(1, 1))
    (4): ReLU()
    (5): MaxPool2d(kernel_size=2, stride=2, padding=0, dilation=1, ceil_mode=False)
    (6): Conv2d(256, 256, kernel_size=(3, 3), stride=(1, 1))
    (7): ReLU()
    (8): MaxPool2d(kernel_size=2, stride=2, padding=0, dilation=1, ceil_mode=False)
    (9): Flatten(start_dim=1, end_dim=-1)
    (10): Linear(in_features=1024, out_features=512, bias=True)
    (11): ReLU()
    (12): Linear(in_features=512, out_features=256, bias=True)
    (13): ReLU()
    (14): Linear(in_features=256, out_features=100, bias=True)
  )
)
INFO:__main__:CHILD MODEL LOSS: 2.131871591567993 with train time 46.63209080696106
INFO:__main__:CHILD MODEL ACCURACY: 0.4265
INFO:__main__:Policy gradient: -0.16156500577926636
INFO:__main__:
INFO:__main__:------ ITERATION 348 ------
INFO:__main__:Layers generated: [('256', '3', '1'), ('128', '1', '1')]
INFO:__main__:ChildCNNModel(
  (model): Sequential(
    (0): Conv2d(3, 128, kernel_size=(3, 3), stride=(1, 1), padding=(1, 1))
    (1): ReLU()
    (2): MaxPool2d(kernel_size=2, stride=2, padding=0, dilation=1, ceil_mode=False)
    (3): Conv2d(128, 256, kernel_size=(3, 3), stride=(1, 1), padding=(1, 1))
    (4): ReLU()
    (5): MaxPool2d(kernel_size=2, stride=2, padding=0, dilation=1, ceil_mode=False)
    (6): Conv2d(256, 128, kernel_size=(1, 1), stride=(1, 1), padding=(1, 1))
    (7): ReLU()
    (8): MaxPool2d(kernel_size=2, stride=2, padding=0, dilation=1, ceil_mode=False)
    (9): Flatten(start_dim=1, end_dim=-1)
    (10): Linear(in_features=3200, out_features=512, bias=True)
    (11): ReLU()
    (12): Linear(in_features=512, out_features=256, bias=True)
    (13): ReLU()
    (14): Linear(in_features=256, out_features=100, bias=True)
  )
)
INFO:__main__:CHILD MODEL LOSS: 2.0188407917022704 with train time 49.30343413352966
INFO:__main__:CHILD MODEL ACCURACY: 0.4525
INFO:__main__:Policy gradient: -0.02128111943602562
INFO:__main__:
INFO:__main__:------ ITERATION 349 ------
INFO:__main__:Layers generated: [('256', '3', '2'), ('256', '3', '2')]
INFO:__main__:ChildCNNModel(
  (model): Sequential(
    (0): Conv2d(3, 128, kernel_size=(3, 3), stride=(1, 1), padding=(1, 1))
    (1): ReLU()
    (2): MaxPool2d(kernel_size=2, stride=2, padding=0, dilation=1, ceil_mode=False)
    (3): Conv2d(128, 256, kernel_size=(3, 3), stride=(1, 1), padding=(2, 2))
    (4): ReLU()
    (5): MaxPool2d(kernel_size=2, stride=2, padding=0, dilation=1, ceil_mode=False)
    (6): Conv2d(256, 256, kernel_size=(3, 3), stride=(1, 1), padding=(2, 2))
    (7): ReLU()
    (8): MaxPool2d(kernel_size=2, stride=2, padding=0, dilation=1, ceil_mode=False)
    (9): Flatten(start_dim=1, end_dim=-1)
    (10): Linear(in_features=6400, out_features=512, bias=True)
    (11): ReLU()
    (12): Linear(in_features=512, out_features=256, bias=True)
    (13): ReLU()
    (14): Linear(in_features=256, out_features=100, bias=True)
  )
)
INFO:__main__:CHILD MODEL LOSS: 1.8004000964164735 with train time 76.23257374763489
INFO:__main__:CHILD MODEL ACCURACY: 0.4897
INFO:__main__:Policy gradient: 0.10630778223276138
INFO:__main__:
INFO:__main__:------ ITERATION 350 ------
INFO:__main__:Layers generated: [('256', '3', '2'), ('256', '3', '0')]
INFO:__main__:ChildCNNModel(
  (model): Sequential(
    (0): Conv2d(3, 128, kernel_size=(3, 3), stride=(1, 1), padding=(1, 1))
    (1): ReLU()
    (2): MaxPool2d(kernel_size=2, stride=2, padding=0, dilation=1, ceil_mode=False)
    (3): Conv2d(128, 256, kernel_size=(3, 3), stride=(1, 1), padding=(2, 2))
    (4): ReLU()
    (5): MaxPool2d(kernel_size=2, stride=2, padding=0, dilation=1, ceil_mode=False)
    (6): Conv2d(256, 256, kernel_size=(3, 3), stride=(1, 1))
    (7): ReLU()
    (8): MaxPool2d(kernel_size=2, stride=2, padding=0, dilation=1, ceil_mode=False)
    (9): Flatten(start_dim=1, end_dim=-1)
    (10): Linear(in_features=2304, out_features=512, bias=True)
    (11): ReLU()
    (12): Linear(in_features=512, out_features=256, bias=True)
    (13): ReLU()
    (14): Linear(in_features=256, out_features=100, bias=True)
  )
)
INFO:__main__:CHILD MODEL LOSS: 1.915522352218628 with train time 65.66527056694031
INFO:__main__:CHILD MODEL ACCURACY: 0.4711
INFO:__main__:Policy gradient: 0.05194968357682228
INFO:__main__:
INFO:__main__:------ ITERATION 351 ------
INFO:__main__:Layers generated: [('256', '3', '1'), ('256', '3', '1')]
INFO:__main__:ChildCNNModel(
  (model): Sequential(
    (0): Conv2d(3, 128, kernel_size=(3, 3), stride=(1, 1), padding=(1, 1))
    (1): ReLU()
    (2): MaxPool2d(kernel_size=2, stride=2, padding=0, dilation=1, ceil_mode=False)
    (3): Conv2d(128, 256, kernel_size=(3, 3), stride=(1, 1), padding=(1, 1))
    (4): ReLU()
    (5): MaxPool2d(kernel_size=2, stride=2, padding=0, dilation=1, ceil_mode=False)
    (6): Conv2d(256, 256, kernel_size=(3, 3), stride=(1, 1), padding=(1, 1))
    (7): ReLU()
    (8): MaxPool2d(kernel_size=2, stride=2, padding=0, dilation=1, ceil_mode=False)
    (9): Flatten(start_dim=1, end_dim=-1)
    (10): Linear(in_features=4096, out_features=512, bias=True)
    (11): ReLU()
    (12): Linear(in_features=512, out_features=256, bias=True)
    (13): ReLU()
    (14): Linear(in_features=256, out_features=100, bias=True)
  )
)
INFO:__main__:CHILD MODEL LOSS: 1.9100159230232239 with train time 55.62650918960571
INFO:__main__:CHILD MODEL ACCURACY: 0.4666
INFO:__main__:Policy gradient: 0.016689108684659004
INFO:__main__:
INFO:__main__:------ ITERATION 352 ------
INFO:__main__:Layers generated: [('256', '3', '2'), ('256', '3', '1')]
INFO:__main__:ChildCNNModel(
  (model): Sequential(
    (0): Conv2d(3, 128, kernel_size=(3, 3), stride=(1, 1), padding=(1, 1))
    (1): ReLU()
    (2): MaxPool2d(kernel_size=2, stride=2, padding=0, dilation=1, ceil_mode=False)
    (3): Conv2d(128, 256, kernel_size=(3, 3), stride=(1, 1), padding=(2, 2))
    (4): ReLU()
    (5): MaxPool2d(kernel_size=2, stride=2, padding=0, dilation=1, ceil_mode=False)
    (6): Conv2d(256, 256, kernel_size=(3, 3), stride=(1, 1), padding=(1, 1))
    (7): ReLU()
    (8): MaxPool2d(kernel_size=2, stride=2, padding=0, dilation=1, ceil_mode=False)
    (9): Flatten(start_dim=1, end_dim=-1)
    (10): Linear(in_features=4096, out_features=512, bias=True)
    (11): ReLU()
    (12): Linear(in_features=512, out_features=256, bias=True)
    (13): ReLU()
    (14): Linear(in_features=256, out_features=100, bias=True)
  )
)
INFO:__main__:CHILD MODEL LOSS: 1.8534136838912965 with train time 69.84890389442444
INFO:__main__:CHILD MODEL ACCURACY: 0.4808
INFO:__main__:Policy gradient: 0.057855892926454544
INFO:__main__:
INFO:__main__:------ ITERATION 353 ------
INFO:__main__:Layers generated: [('256', '3', '2'), ('256', '3', '2')]
INFO:__main__:ChildCNNModel(
  (model): Sequential(
    (0): Conv2d(3, 128, kernel_size=(3, 3), stride=(1, 1), padding=(1, 1))
    (1): ReLU()
    (2): MaxPool2d(kernel_size=2, stride=2, padding=0, dilation=1, ceil_mode=False)
    (3): Conv2d(128, 256, kernel_size=(3, 3), stride=(1, 1), padding=(2, 2))
    (4): ReLU()
    (5): MaxPool2d(kernel_size=2, stride=2, padding=0, dilation=1, ceil_mode=False)
    (6): Conv2d(256, 256, kernel_size=(3, 3), stride=(1, 1), padding=(2, 2))
    (7): ReLU()
    (8): MaxPool2d(kernel_size=2, stride=2, padding=0, dilation=1, ceil_mode=False)
    (9): Flatten(start_dim=1, end_dim=-1)
    (10): Linear(in_features=6400, out_features=512, bias=True)
    (11): ReLU()
    (12): Linear(in_features=512, out_features=256, bias=True)
    (13): ReLU()
    (14): Linear(in_features=256, out_features=100, bias=True)
  )
)
INFO:__main__:CHILD MODEL LOSS: 1.8772948002815246 with train time 76.2277090549469
INFO:__main__:CHILD MODEL ACCURACY: 0.4617
INFO:__main__:Policy gradient: -0.0034496199805289507
INFO:__main__:
INFO:__main__:------ ITERATION 354 ------
INFO:__main__:Layers generated: [('64', '3', '1'), ('256', '3', '1')]
INFO:__main__:ChildCNNModel(
  (model): Sequential(
    (0): Conv2d(3, 128, kernel_size=(3, 3), stride=(1, 1), padding=(1, 1))
    (1): ReLU()
    (2): MaxPool2d(kernel_size=2, stride=2, padding=0, dilation=1, ceil_mode=False)
    (3): Conv2d(128, 64, kernel_size=(3, 3), stride=(1, 1), padding=(1, 1))
    (4): ReLU()
    (5): MaxPool2d(kernel_size=2, stride=2, padding=0, dilation=1, ceil_mode=False)
    (6): Conv2d(64, 256, kernel_size=(3, 3), stride=(1, 1), padding=(1, 1))
    (7): ReLU()
    (8): MaxPool2d(kernel_size=2, stride=2, padding=0, dilation=1, ceil_mode=False)
    (9): Flatten(start_dim=1, end_dim=-1)
    (10): Linear(in_features=4096, out_features=512, bias=True)
    (11): ReLU()
    (12): Linear(in_features=512, out_features=256, bias=True)
    (13): ReLU()
    (14): Linear(in_features=256, out_features=100, bias=True)
  )
)
INFO:__main__:CHILD MODEL LOSS: 1.8152175545692444 with train time 38.524396657943726
INFO:__main__:CHILD MODEL ACCURACY: 0.4834
INFO:__main__:Policy gradient: 0.08674077689647675
INFO:__main__:
INFO:__main__:------ ITERATION 355 ------
INFO:__main__:Layers generated: [('32', '1', '1'), ('128', '3', '0')]
INFO:__main__:ChildCNNModel(
  (model): Sequential(
    (0): Conv2d(3, 128, kernel_size=(3, 3), stride=(1, 1), padding=(1, 1))
    (1): ReLU()
    (2): MaxPool2d(kernel_size=2, stride=2, padding=0, dilation=1, ceil_mode=False)
    (3): Conv2d(128, 32, kernel_size=(1, 1), stride=(1, 1), padding=(1, 1))
    (4): ReLU()
    (5): MaxPool2d(kernel_size=2, stride=2, padding=0, dilation=1, ceil_mode=False)
    (6): Conv2d(32, 128, kernel_size=(3, 3), stride=(1, 1))
    (7): ReLU()
    (8): MaxPool2d(kernel_size=2, stride=2, padding=0, dilation=1, ceil_mode=False)
    (9): Flatten(start_dim=1, end_dim=-1)
    (10): Linear(in_features=1152, out_features=512, bias=True)
    (11): ReLU()
    (12): Linear(in_features=512, out_features=256, bias=True)
    (13): ReLU()
    (14): Linear(in_features=256, out_features=100, bias=True)
  )
)
INFO:__main__:CHILD MODEL LOSS: 2.2688403067588805 with train time 36.98678755760193
INFO:__main__:CHILD MODEL ACCURACY: 0.4085
INFO:__main__:Policy gradient: -0.5768842101097107
INFO:__main__:
INFO:__main__:------ ITERATION 356 ------
INFO:__main__:Layers generated: [('64', '3', '1'), ('256', '5', '1')]
INFO:__main__:ChildCNNModel(
  (model): Sequential(
    (0): Conv2d(3, 128, kernel_size=(3, 3), stride=(1, 1), padding=(1, 1))
    (1): ReLU()
    (2): MaxPool2d(kernel_size=2, stride=2, padding=0, dilation=1, ceil_mode=False)
    (3): Conv2d(128, 64, kernel_size=(3, 3), stride=(1, 1), padding=(1, 1))
    (4): ReLU()
    (5): MaxPool2d(kernel_size=2, stride=2, padding=0, dilation=1, ceil_mode=False)
    (6): Conv2d(64, 256, kernel_size=(5, 5), stride=(1, 1), padding=(1, 1))
    (7): ReLU()
    (8): MaxPool2d(kernel_size=2, stride=2, padding=0, dilation=1, ceil_mode=False)
    (9): Flatten(start_dim=1, end_dim=-1)
    (10): Linear(in_features=2304, out_features=512, bias=True)
    (11): ReLU()
    (12): Linear(in_features=512, out_features=256, bias=True)
    (13): ReLU()
    (14): Linear(in_features=256, out_features=100, bias=True)
  )
)
INFO:__main__:CHILD MODEL LOSS: 1.9527304739952087 with train time 38.204832792282104
INFO:__main__:CHILD MODEL ACCURACY: 0.4569
INFO:__main__:Policy gradient: -0.01509968750178814
INFO:__main__:
INFO:__main__:------ ITERATION 357 ------
INFO:__main__:Layers generated: [('256', '3', '2'), ('256', '3', '2')]
INFO:__main__:ChildCNNModel(
  (model): Sequential(
    (0): Conv2d(3, 128, kernel_size=(3, 3), stride=(1, 1), padding=(1, 1))
    (1): ReLU()
    (2): MaxPool2d(kernel_size=2, stride=2, padding=0, dilation=1, ceil_mode=False)
    (3): Conv2d(128, 256, kernel_size=(3, 3), stride=(1, 1), padding=(2, 2))
    (4): ReLU()
    (5): MaxPool2d(kernel_size=2, stride=2, padding=0, dilation=1, ceil_mode=False)
    (6): Conv2d(256, 256, kernel_size=(3, 3), stride=(1, 1), padding=(2, 2))
    (7): ReLU()
    (8): MaxPool2d(kernel_size=2, stride=2, padding=0, dilation=1, ceil_mode=False)
    (9): Flatten(start_dim=1, end_dim=-1)
    (10): Linear(in_features=6400, out_features=512, bias=True)
    (11): ReLU()
    (12): Linear(in_features=512, out_features=256, bias=True)
    (13): ReLU()
    (14): Linear(in_features=256, out_features=100, bias=True)
  )
)
INFO:__main__:CHILD MODEL LOSS: 1.8490051560401917 with train time 76.23180747032166
INFO:__main__:CHILD MODEL ACCURACY: 0.4788
INFO:__main__:Policy gradient: 0.06027408689260483
INFO:__main__:
INFO:__main__:------ ITERATION 358 ------
INFO:__main__:Layers generated: [('64', '3', '2'), ('256', '3', '2')]
INFO:__main__:ChildCNNModel(
  (model): Sequential(
    (0): Conv2d(3, 128, kernel_size=(3, 3), stride=(1, 1), padding=(1, 1))
    (1): ReLU()
    (2): MaxPool2d(kernel_size=2, stride=2, padding=0, dilation=1, ceil_mode=False)
    (3): Conv2d(128, 64, kernel_size=(3, 3), stride=(1, 1), padding=(2, 2))
    (4): ReLU()
    (5): MaxPool2d(kernel_size=2, stride=2, padding=0, dilation=1, ceil_mode=False)
    (6): Conv2d(64, 256, kernel_size=(3, 3), stride=(1, 1), padding=(2, 2))
    (7): ReLU()
    (8): MaxPool2d(kernel_size=2, stride=2, padding=0, dilation=1, ceil_mode=False)
    (9): Flatten(start_dim=1, end_dim=-1)
    (10): Linear(in_features=6400, out_features=512, bias=True)
    (11): ReLU()
    (12): Linear(in_features=512, out_features=256, bias=True)
    (13): ReLU()
    (14): Linear(in_features=256, out_features=100, bias=True)
  )
)
INFO:__main__:CHILD MODEL LOSS: 1.8824915981292725 with train time 44.051575660705566
INFO:__main__:CHILD MODEL ACCURACY: 0.4681
INFO:__main__:Policy gradient: 0.03366825357079506
INFO:__main__:
INFO:__main__:------ ITERATION 359 ------
INFO:__main__:Layers generated: [('256', '3', '2'), ('256', '3', '2')]
INFO:__main__:ChildCNNModel(
  (model): Sequential(
    (0): Conv2d(3, 128, kernel_size=(3, 3), stride=(1, 1), padding=(1, 1))
    (1): ReLU()
    (2): MaxPool2d(kernel_size=2, stride=2, padding=0, dilation=1, ceil_mode=False)
    (3): Conv2d(128, 256, kernel_size=(3, 3), stride=(1, 1), padding=(2, 2))
    (4): ReLU()
    (5): MaxPool2d(kernel_size=2, stride=2, padding=0, dilation=1, ceil_mode=False)
    (6): Conv2d(256, 256, kernel_size=(3, 3), stride=(1, 1), padding=(2, 2))
    (7): ReLU()
    (8): MaxPool2d(kernel_size=2, stride=2, padding=0, dilation=1, ceil_mode=False)
    (9): Flatten(start_dim=1, end_dim=-1)
    (10): Linear(in_features=6400, out_features=512, bias=True)
    (11): ReLU()
    (12): Linear(in_features=512, out_features=256, bias=True)
    (13): ReLU()
    (14): Linear(in_features=256, out_features=100, bias=True)
  )
)
INFO:__main__:CHILD MODEL LOSS: 1.8179032297134399 with train time 76.34086537361145
INFO:__main__:CHILD MODEL ACCURACY: 0.4826
INFO:__main__:Policy gradient: 0.06291618198156357
INFO:__main__:
INFO:__main__:------ ITERATION 360 ------
INFO:__main__:Layers generated: [('256', '3', '1'), ('256', '3', '1')]
INFO:__main__:ChildCNNModel(
  (model): Sequential(
    (0): Conv2d(3, 128, kernel_size=(3, 3), stride=(1, 1), padding=(1, 1))
    (1): ReLU()
    (2): MaxPool2d(kernel_size=2, stride=2, padding=0, dilation=1, ceil_mode=False)
    (3): Conv2d(128, 256, kernel_size=(3, 3), stride=(1, 1), padding=(1, 1))
    (4): ReLU()
    (5): MaxPool2d(kernel_size=2, stride=2, padding=0, dilation=1, ceil_mode=False)
    (6): Conv2d(256, 256, kernel_size=(3, 3), stride=(1, 1), padding=(1, 1))
    (7): ReLU()
    (8): MaxPool2d(kernel_size=2, stride=2, padding=0, dilation=1, ceil_mode=False)
    (9): Flatten(start_dim=1, end_dim=-1)
    (10): Linear(in_features=4096, out_features=512, bias=True)
    (11): ReLU()
    (12): Linear(in_features=512, out_features=256, bias=True)
    (13): ReLU()
    (14): Linear(in_features=256, out_features=100, bias=True)
  )
)
INFO:__main__:CHILD MODEL LOSS: 1.9018103227615357 with train time 55.67992639541626
INFO:__main__:CHILD MODEL ACCURACY: 0.4701
INFO:__main__:Policy gradient: 0.01629798859357834
INFO:__main__:
INFO:__main__:------ ITERATION 361 ------
INFO:__main__:Layers generated: [('256', '3', '1'), ('256', '3', '0')]
INFO:__main__:ChildCNNModel(
  (model): Sequential(
    (0): Conv2d(3, 128, kernel_size=(3, 3), stride=(1, 1), padding=(1, 1))
    (1): ReLU()
    (2): MaxPool2d(kernel_size=2, stride=2, padding=0, dilation=1, ceil_mode=False)
    (3): Conv2d(128, 256, kernel_size=(3, 3), stride=(1, 1), padding=(1, 1))
    (4): ReLU()
    (5): MaxPool2d(kernel_size=2, stride=2, padding=0, dilation=1, ceil_mode=False)
    (6): Conv2d(256, 256, kernel_size=(3, 3), stride=(1, 1))
    (7): ReLU()
    (8): MaxPool2d(kernel_size=2, stride=2, padding=0, dilation=1, ceil_mode=False)
    (9): Flatten(start_dim=1, end_dim=-1)
    (10): Linear(in_features=2304, out_features=512, bias=True)
    (11): ReLU()
    (12): Linear(in_features=512, out_features=256, bias=True)
    (13): ReLU()
    (14): Linear(in_features=256, out_features=100, bias=True)
  )
)
INFO:__main__:CHILD MODEL LOSS: 1.9350991430282594 with train time 52.34138059616089
INFO:__main__:CHILD MODEL ACCURACY: 0.4678
INFO:__main__:Policy gradient: 0.0134279178455472
INFO:__main__:
INFO:__main__:------ ITERATION 362 ------
INFO:__main__:Layers generated: [('256', '3', '0'), ('256', '3', '1')]
INFO:__main__:ChildCNNModel(
  (model): Sequential(
    (0): Conv2d(3, 128, kernel_size=(3, 3), stride=(1, 1), padding=(1, 1))
    (1): ReLU()
    (2): MaxPool2d(kernel_size=2, stride=2, padding=0, dilation=1, ceil_mode=False)
    (3): Conv2d(128, 256, kernel_size=(3, 3), stride=(1, 1))
    (4): ReLU()
    (5): MaxPool2d(kernel_size=2, stride=2, padding=0, dilation=1, ceil_mode=False)
    (6): Conv2d(256, 256, kernel_size=(3, 3), stride=(1, 1), padding=(1, 1))
    (7): ReLU()
    (8): MaxPool2d(kernel_size=2, stride=2, padding=0, dilation=1, ceil_mode=False)
    (9): Flatten(start_dim=1, end_dim=-1)
    (10): Linear(in_features=2304, out_features=512, bias=True)
    (11): ReLU()
    (12): Linear(in_features=512, out_features=256, bias=True)
    (13): ReLU()
    (14): Linear(in_features=256, out_features=100, bias=True)
  )
)
INFO:__main__:CHILD MODEL LOSS: 1.913380575656891 with train time 49.133715867996216
INFO:__main__:CHILD MODEL ACCURACY: 0.4713
INFO:__main__:Policy gradient: 0.024513719603419304
INFO:__main__:
INFO:__main__:------ ITERATION 363 ------
INFO:__main__:Layers generated: [('256', '3', '1'), ('256', '3', '1')]
INFO:__main__:ChildCNNModel(
  (model): Sequential(
    (0): Conv2d(3, 128, kernel_size=(3, 3), stride=(1, 1), padding=(1, 1))
    (1): ReLU()
    (2): MaxPool2d(kernel_size=2, stride=2, padding=0, dilation=1, ceil_mode=False)
    (3): Conv2d(128, 256, kernel_size=(3, 3), stride=(1, 1), padding=(1, 1))
    (4): ReLU()
    (5): MaxPool2d(kernel_size=2, stride=2, padding=0, dilation=1, ceil_mode=False)
    (6): Conv2d(256, 256, kernel_size=(3, 3), stride=(1, 1), padding=(1, 1))
    (7): ReLU()
    (8): MaxPool2d(kernel_size=2, stride=2, padding=0, dilation=1, ceil_mode=False)
    (9): Flatten(start_dim=1, end_dim=-1)
    (10): Linear(in_features=4096, out_features=512, bias=True)
    (11): ReLU()
    (12): Linear(in_features=512, out_features=256, bias=True)
    (13): ReLU()
    (14): Linear(in_features=256, out_features=100, bias=True)
  )
)
INFO:__main__:CHILD MODEL LOSS: 1.7873340611457824 with train time 55.6534218788147
INFO:__main__:CHILD MODEL ACCURACY: 0.4814
INFO:__main__:Policy gradient: 0.04086994379758835
INFO:__main__:
INFO:__main__:------ ITERATION 364 ------
INFO:__main__:Layers generated: [('256', '3', '1'), ('256', '3', '1')]
INFO:__main__:ChildCNNModel(
  (model): Sequential(
    (0): Conv2d(3, 128, kernel_size=(3, 3), stride=(1, 1), padding=(1, 1))
    (1): ReLU()
    (2): MaxPool2d(kernel_size=2, stride=2, padding=0, dilation=1, ceil_mode=False)
    (3): Conv2d(128, 256, kernel_size=(3, 3), stride=(1, 1), padding=(1, 1))
    (4): ReLU()
    (5): MaxPool2d(kernel_size=2, stride=2, padding=0, dilation=1, ceil_mode=False)
    (6): Conv2d(256, 256, kernel_size=(3, 3), stride=(1, 1), padding=(1, 1))
    (7): ReLU()
    (8): MaxPool2d(kernel_size=2, stride=2, padding=0, dilation=1, ceil_mode=False)
    (9): Flatten(start_dim=1, end_dim=-1)
    (10): Linear(in_features=4096, out_features=512, bias=True)
    (11): ReLU()
    (12): Linear(in_features=512, out_features=256, bias=True)
    (13): ReLU()
    (14): Linear(in_features=256, out_features=100, bias=True)
  )
)
INFO:__main__:CHILD MODEL LOSS: 1.8860411009788514 with train time 55.61381149291992
INFO:__main__:CHILD MODEL ACCURACY: 0.4706
INFO:__main__:Policy gradient: 0.009230873547494411
INFO:__main__:
INFO:__main__:------ ITERATION 365 ------
INFO:__main__:Layers generated: [('256', '1', '1'), ('32', '3', '2')]
INFO:__main__:ChildCNNModel(
  (model): Sequential(
    (0): Conv2d(3, 128, kernel_size=(3, 3), stride=(1, 1), padding=(1, 1))
    (1): ReLU()
    (2): MaxPool2d(kernel_size=2, stride=2, padding=0, dilation=1, ceil_mode=False)
    (3): Conv2d(128, 256, kernel_size=(1, 1), stride=(1, 1), padding=(1, 1))
    (4): ReLU()
    (5): MaxPool2d(kernel_size=2, stride=2, padding=0, dilation=1, ceil_mode=False)
    (6): Conv2d(256, 32, kernel_size=(3, 3), stride=(1, 1), padding=(2, 2))
    (7): ReLU()
    (8): MaxPool2d(kernel_size=2, stride=2, padding=0, dilation=1, ceil_mode=False)
    (9): Flatten(start_dim=1, end_dim=-1)
    (10): Linear(in_features=800, out_features=512, bias=True)
    (11): ReLU()
    (12): Linear(in_features=512, out_features=256, bias=True)
    (13): ReLU()
    (14): Linear(in_features=256, out_features=100, bias=True)
  )
)
INFO:__main__:CHILD MODEL LOSS: 2.1385314445495607 with train time 44.5152223110199
INFO:__main__:CHILD MODEL ACCURACY: 0.4227
INFO:__main__:Policy gradient: -0.3395792841911316
INFO:__main__:
INFO:__main__:------ ITERATION 366 ------
INFO:__main__:Layers generated: [('256', '5', '2'), ('256', '3', '1')]
INFO:__main__:ChildCNNModel(
  (model): Sequential(
    (0): Conv2d(3, 128, kernel_size=(3, 3), stride=(1, 1), padding=(1, 1))
    (1): ReLU()
    (2): MaxPool2d(kernel_size=2, stride=2, padding=0, dilation=1, ceil_mode=False)
    (3): Conv2d(128, 256, kernel_size=(5, 5), stride=(1, 1), padding=(2, 2))
    (4): ReLU()
    (5): MaxPool2d(kernel_size=2, stride=2, padding=0, dilation=1, ceil_mode=False)
    (6): Conv2d(256, 256, kernel_size=(3, 3), stride=(1, 1), padding=(1, 1))
    (7): ReLU()
    (8): MaxPool2d(kernel_size=2, stride=2, padding=0, dilation=1, ceil_mode=False)
    (9): Flatten(start_dim=1, end_dim=-1)
    (10): Linear(in_features=4096, out_features=512, bias=True)
    (11): ReLU()
    (12): Linear(in_features=512, out_features=256, bias=True)
    (13): ReLU()
    (14): Linear(in_features=256, out_features=100, bias=True)
  )
)
INFO:__main__:CHILD MODEL LOSS: 1.8620470275878906 with train time 74.96867656707764
INFO:__main__:CHILD MODEL ACCURACY: 0.4731
INFO:__main__:Policy gradient: 0.05448265001177788
INFO:__main__:
INFO:__main__:------ ITERATION 367 ------
INFO:__main__:Layers generated: [('256', '5', '1'), ('64', '3', '0')]
INFO:__main__:ChildCNNModel(
  (model): Sequential(
    (0): Conv2d(3, 128, kernel_size=(3, 3), stride=(1, 1), padding=(1, 1))
    (1): ReLU()
    (2): MaxPool2d(kernel_size=2, stride=2, padding=0, dilation=1, ceil_mode=False)
    (3): Conv2d(128, 256, kernel_size=(5, 5), stride=(1, 1), padding=(1, 1))
    (4): ReLU()
    (5): MaxPool2d(kernel_size=2, stride=2, padding=0, dilation=1, ceil_mode=False)
    (6): Conv2d(256, 64, kernel_size=(3, 3), stride=(1, 1))
    (7): ReLU()
    (8): MaxPool2d(kernel_size=2, stride=2, padding=0, dilation=1, ceil_mode=False)
    (9): Flatten(start_dim=1, end_dim=-1)
    (10): Linear(in_features=256, out_features=512, bias=True)
    (11): ReLU()
    (12): Linear(in_features=512, out_features=256, bias=True)
    (13): ReLU()
    (14): Linear(in_features=256, out_features=100, bias=True)
  )
)
INFO:__main__:CHILD MODEL LOSS: 2.3324398884773254 with train time 60.72779965400696
INFO:__main__:CHILD MODEL ACCURACY: 0.4032
INFO:__main__:Policy gradient: -0.5129668116569519
INFO:__main__:
INFO:__main__:------ ITERATION 368 ------
INFO:__main__:Layers generated: [('256', '3', '2'), ('256', '1', '1')]
INFO:__main__:ChildCNNModel(
  (model): Sequential(
    (0): Conv2d(3, 128, kernel_size=(3, 3), stride=(1, 1), padding=(1, 1))
    (1): ReLU()
    (2): MaxPool2d(kernel_size=2, stride=2, padding=0, dilation=1, ceil_mode=False)
    (3): Conv2d(128, 256, kernel_size=(3, 3), stride=(1, 1), padding=(2, 2))
    (4): ReLU()
    (5): MaxPool2d(kernel_size=2, stride=2, padding=0, dilation=1, ceil_mode=False)
    (6): Conv2d(256, 256, kernel_size=(1, 1), stride=(1, 1), padding=(1, 1))
    (7): ReLU()
    (8): MaxPool2d(kernel_size=2, stride=2, padding=0, dilation=1, ceil_mode=False)
    (9): Flatten(start_dim=1, end_dim=-1)
    (10): Linear(in_features=6400, out_features=512, bias=True)
    (11): ReLU()
    (12): Linear(in_features=512, out_features=256, bias=True)
    (13): ReLU()
    (14): Linear(in_features=256, out_features=100, bias=True)
  )
)
INFO:__main__:CHILD MODEL LOSS: 1.9154746837615966 with train time 66.22960567474365
INFO:__main__:CHILD MODEL ACCURACY: 0.4716
INFO:__main__:Policy gradient: 0.07070929557085037
INFO:__main__:
INFO:__main__:------ ITERATION 369 ------
INFO:__main__:Layers generated: [('256', '3', '1'), ('64', '3', '1')]
INFO:__main__:ChildCNNModel(
  (model): Sequential(
    (0): Conv2d(3, 128, kernel_size=(3, 3), stride=(1, 1), padding=(1, 1))
    (1): ReLU()
    (2): MaxPool2d(kernel_size=2, stride=2, padding=0, dilation=1, ceil_mode=False)
    (3): Conv2d(128, 256, kernel_size=(3, 3), stride=(1, 1), padding=(1, 1))
    (4): ReLU()
    (5): MaxPool2d(kernel_size=2, stride=2, padding=0, dilation=1, ceil_mode=False)
    (6): Conv2d(256, 64, kernel_size=(3, 3), stride=(1, 1), padding=(1, 1))
    (7): ReLU()
    (8): MaxPool2d(kernel_size=2, stride=2, padding=0, dilation=1, ceil_mode=False)
    (9): Flatten(start_dim=1, end_dim=-1)
    (10): Linear(in_features=1024, out_features=512, bias=True)
    (11): ReLU()
    (12): Linear(in_features=512, out_features=256, bias=True)
    (13): ReLU()
    (14): Linear(in_features=256, out_features=100, bias=True)
  )
)
INFO:__main__:CHILD MODEL LOSS: 1.9699688324928284 with train time 49.16856908798218
INFO:__main__:CHILD MODEL ACCURACY: 0.4569
INFO:__main__:Policy gradient: -0.010116412304341793
INFO:__main__:
INFO:__main__:------ ITERATION 370 ------
INFO:__main__:Layers generated: [('256', '3', '0'), ('256', '3', '2')]
INFO:__main__:ChildCNNModel(
  (model): Sequential(
    (0): Conv2d(3, 128, kernel_size=(3, 3), stride=(1, 1), padding=(1, 1))
    (1): ReLU()
    (2): MaxPool2d(kernel_size=2, stride=2, padding=0, dilation=1, ceil_mode=False)
    (3): Conv2d(128, 256, kernel_size=(3, 3), stride=(1, 1))
    (4): ReLU()
    (5): MaxPool2d(kernel_size=2, stride=2, padding=0, dilation=1, ceil_mode=False)
    (6): Conv2d(256, 256, kernel_size=(3, 3), stride=(1, 1), padding=(2, 2))
    (7): ReLU()
    (8): MaxPool2d(kernel_size=2, stride=2, padding=0, dilation=1, ceil_mode=False)
    (9): Flatten(start_dim=1, end_dim=-1)
    (10): Linear(in_features=4096, out_features=512, bias=True)
    (11): ReLU()
    (12): Linear(in_features=512, out_features=256, bias=True)
    (13): ReLU()
    (14): Linear(in_features=256, out_features=100, bias=True)
  )
)
INFO:__main__:CHILD MODEL LOSS: 1.8476227679252624 with train time 53.477598667144775
INFO:__main__:CHILD MODEL ACCURACY: 0.4865
INFO:__main__:Policy gradient: 0.10613124817609787
INFO:__main__:
INFO:__main__:------ ITERATION 371 ------
INFO:__main__:Layers generated: [('256', '3', '2'), ('256', '3', '1')]
INFO:__main__:ChildCNNModel(
  (model): Sequential(
    (0): Conv2d(3, 128, kernel_size=(3, 3), stride=(1, 1), padding=(1, 1))
    (1): ReLU()
    (2): MaxPool2d(kernel_size=2, stride=2, padding=0, dilation=1, ceil_mode=False)
    (3): Conv2d(128, 256, kernel_size=(3, 3), stride=(1, 1), padding=(2, 2))
    (4): ReLU()
    (5): MaxPool2d(kernel_size=2, stride=2, padding=0, dilation=1, ceil_mode=False)
    (6): Conv2d(256, 256, kernel_size=(3, 3), stride=(1, 1), padding=(1, 1))
    (7): ReLU()
    (8): MaxPool2d(kernel_size=2, stride=2, padding=0, dilation=1, ceil_mode=False)
    (9): Flatten(start_dim=1, end_dim=-1)
    (10): Linear(in_features=4096, out_features=512, bias=True)
    (11): ReLU()
    (12): Linear(in_features=512, out_features=256, bias=True)
    (13): ReLU()
    (14): Linear(in_features=256, out_features=100, bias=True)
  )
)
INFO:__main__:CHILD MODEL LOSS: 1.9115474877357483 with train time 69.90473556518555
INFO:__main__:CHILD MODEL ACCURACY: 0.4644
INFO:__main__:Policy gradient: 0.007248245645314455
INFO:__main__:
INFO:__main__:------ ITERATION 372 ------
INFO:__main__:Layers generated: [('256', '3', '1'), ('256', '3', '0')]
INFO:__main__:ChildCNNModel(
  (model): Sequential(
    (0): Conv2d(3, 128, kernel_size=(3, 3), stride=(1, 1), padding=(1, 1))
    (1): ReLU()
    (2): MaxPool2d(kernel_size=2, stride=2, padding=0, dilation=1, ceil_mode=False)
    (3): Conv2d(128, 256, kernel_size=(3, 3), stride=(1, 1), padding=(1, 1))
    (4): ReLU()
    (5): MaxPool2d(kernel_size=2, stride=2, padding=0, dilation=1, ceil_mode=False)
    (6): Conv2d(256, 256, kernel_size=(3, 3), stride=(1, 1))
    (7): ReLU()
    (8): MaxPool2d(kernel_size=2, stride=2, padding=0, dilation=1, ceil_mode=False)
    (9): Flatten(start_dim=1, end_dim=-1)
    (10): Linear(in_features=2304, out_features=512, bias=True)
    (11): ReLU()
    (12): Linear(in_features=512, out_features=256, bias=True)
    (13): ReLU()
    (14): Linear(in_features=256, out_features=100, bias=True)
  )
)
INFO:__main__:CHILD MODEL LOSS: 1.8989776649475099 with train time 52.35812306404114
INFO:__main__:CHILD MODEL ACCURACY: 0.4722
INFO:__main__:Policy gradient: 0.039977483451366425
INFO:__main__:
INFO:__main__:------ ITERATION 373 ------
INFO:__main__:Layers generated: [('256', '3', '1'), ('256', '3', '1')]
INFO:__main__:ChildCNNModel(
  (model): Sequential(
    (0): Conv2d(3, 128, kernel_size=(3, 3), stride=(1, 1), padding=(1, 1))
    (1): ReLU()
    (2): MaxPool2d(kernel_size=2, stride=2, padding=0, dilation=1, ceil_mode=False)
    (3): Conv2d(128, 256, kernel_size=(3, 3), stride=(1, 1), padding=(1, 1))
    (4): ReLU()
    (5): MaxPool2d(kernel_size=2, stride=2, padding=0, dilation=1, ceil_mode=False)
    (6): Conv2d(256, 256, kernel_size=(3, 3), stride=(1, 1), padding=(1, 1))
    (7): ReLU()
    (8): MaxPool2d(kernel_size=2, stride=2, padding=0, dilation=1, ceil_mode=False)
    (9): Flatten(start_dim=1, end_dim=-1)
    (10): Linear(in_features=4096, out_features=512, bias=True)
    (11): ReLU()
    (12): Linear(in_features=512, out_features=256, bias=True)
    (13): ReLU()
    (14): Linear(in_features=256, out_features=100, bias=True)
  )
)
INFO:__main__:CHILD MODEL LOSS: 1.8141471853256226 with train time 55.59719443321228
INFO:__main__:CHILD MODEL ACCURACY: 0.481
INFO:__main__:Policy gradient: 0.04479505494236946
INFO:__main__:
INFO:__main__:------ ITERATION 374 ------
INFO:__main__:Layers generated: [('256', '3', '2'), ('256', '1', '1')]
INFO:__main__:ChildCNNModel(
  (model): Sequential(
    (0): Conv2d(3, 128, kernel_size=(3, 3), stride=(1, 1), padding=(1, 1))
    (1): ReLU()
    (2): MaxPool2d(kernel_size=2, stride=2, padding=0, dilation=1, ceil_mode=False)
    (3): Conv2d(128, 256, kernel_size=(3, 3), stride=(1, 1), padding=(2, 2))
    (4): ReLU()
    (5): MaxPool2d(kernel_size=2, stride=2, padding=0, dilation=1, ceil_mode=False)
    (6): Conv2d(256, 256, kernel_size=(1, 1), stride=(1, 1), padding=(1, 1))
    (7): ReLU()
    (8): MaxPool2d(kernel_size=2, stride=2, padding=0, dilation=1, ceil_mode=False)
    (9): Flatten(start_dim=1, end_dim=-1)
    (10): Linear(in_features=6400, out_features=512, bias=True)
    (11): ReLU()
    (12): Linear(in_features=512, out_features=256, bias=True)
    (13): ReLU()
    (14): Linear(in_features=256, out_features=100, bias=True)
  )
)
INFO:__main__:CHILD MODEL LOSS: 1.889477840423584 with train time 66.22453689575195
INFO:__main__:CHILD MODEL ACCURACY: 0.4737
INFO:__main__:Policy gradient: 0.04531507194042206
INFO:__main__:
INFO:__main__:------ ITERATION 375 ------
INFO:__main__:Layers generated: [('64', '1', '2'), ('256', '3', '1')]
INFO:__main__:ChildCNNModel(
  (model): Sequential(
    (0): Conv2d(3, 128, kernel_size=(3, 3), stride=(1, 1), padding=(1, 1))
    (1): ReLU()
    (2): MaxPool2d(kernel_size=2, stride=2, padding=0, dilation=1, ceil_mode=False)
    (3): Conv2d(128, 64, kernel_size=(1, 1), stride=(1, 1), padding=(2, 2))
    (4): ReLU()
    (5): MaxPool2d(kernel_size=2, stride=2, padding=0, dilation=1, ceil_mode=False)
    (6): Conv2d(64, 256, kernel_size=(3, 3), stride=(1, 1), padding=(1, 1))
    (7): ReLU()
    (8): MaxPool2d(kernel_size=2, stride=2, padding=0, dilation=1, ceil_mode=False)
    (9): Flatten(start_dim=1, end_dim=-1)
    (10): Linear(in_features=6400, out_features=512, bias=True)
    (11): ReLU()
    (12): Linear(in_features=512, out_features=256, bias=True)
    (13): ReLU()
    (14): Linear(in_features=256, out_features=100, bias=True)
  )
)
INFO:__main__:CHILD MODEL LOSS: 1.9049736423492432 with train time 39.591089725494385
INFO:__main__:CHILD MODEL ACCURACY: 0.4693
INFO:__main__:Policy gradient: 0.023653417825698853
INFO:__main__:
INFO:__main__:------ ITERATION 376 ------
INFO:__main__:Layers generated: [('128', '3', '2'), ('256', '3', '1')]
INFO:__main__:ChildCNNModel(
  (model): Sequential(
    (0): Conv2d(3, 128, kernel_size=(3, 3), stride=(1, 1), padding=(1, 1))
    (1): ReLU()
    (2): MaxPool2d(kernel_size=2, stride=2, padding=0, dilation=1, ceil_mode=False)
    (3): Conv2d(128, 128, kernel_size=(3, 3), stride=(1, 1), padding=(2, 2))
    (4): ReLU()
    (5): MaxPool2d(kernel_size=2, stride=2, padding=0, dilation=1, ceil_mode=False)
    (6): Conv2d(128, 256, kernel_size=(3, 3), stride=(1, 1), padding=(1, 1))
    (7): ReLU()
    (8): MaxPool2d(kernel_size=2, stride=2, padding=0, dilation=1, ceil_mode=False)
    (9): Flatten(start_dim=1, end_dim=-1)
    (10): Linear(in_features=4096, out_features=512, bias=True)
    (11): ReLU()
    (12): Linear(in_features=512, out_features=256, bias=True)
    (13): ReLU()
    (14): Linear(in_features=256, out_features=100, bias=True)
  )
)
INFO:__main__:CHILD MODEL LOSS: 1.9085642051696778 with train time 49.56880235671997
INFO:__main__:CHILD MODEL ACCURACY: 0.4669
INFO:__main__:Policy gradient: 0.0040960959158837795
INFO:__main__:
INFO:__main__:------ ITERATION 377 ------
INFO:__main__:Layers generated: [('256', '3', '0'), ('256', '3', '0')]
INFO:__main__:ChildCNNModel(
  (model): Sequential(
    (0): Conv2d(3, 128, kernel_size=(3, 3), stride=(1, 1), padding=(1, 1))
    (1): ReLU()
    (2): MaxPool2d(kernel_size=2, stride=2, padding=0, dilation=1, ceil_mode=False)
    (3): Conv2d(128, 256, kernel_size=(3, 3), stride=(1, 1))
    (4): ReLU()
    (5): MaxPool2d(kernel_size=2, stride=2, padding=0, dilation=1, ceil_mode=False)
    (6): Conv2d(256, 256, kernel_size=(3, 3), stride=(1, 1))
    (7): ReLU()
    (8): MaxPool2d(kernel_size=2, stride=2, padding=0, dilation=1, ceil_mode=False)
    (9): Flatten(start_dim=1, end_dim=-1)
    (10): Linear(in_features=1024, out_features=512, bias=True)
    (11): ReLU()
    (12): Linear(in_features=512, out_features=256, bias=True)
    (13): ReLU()
    (14): Linear(in_features=256, out_features=100, bias=True)
  )
)
INFO:__main__:CHILD MODEL LOSS: 2.139078785419464 with train time 46.66629934310913
INFO:__main__:CHILD MODEL ACCURACY: 0.4428
INFO:__main__:Policy gradient: -0.11662428081035614
INFO:__main__:
INFO:__main__:------ ITERATION 378 ------
INFO:__main__:Layers generated: [('256', '3', '0'), ('256', '3', '2')]
INFO:__main__:ChildCNNModel(
  (model): Sequential(
    (0): Conv2d(3, 128, kernel_size=(3, 3), stride=(1, 1), padding=(1, 1))
    (1): ReLU()
    (2): MaxPool2d(kernel_size=2, stride=2, padding=0, dilation=1, ceil_mode=False)
    (3): Conv2d(128, 256, kernel_size=(3, 3), stride=(1, 1))
    (4): ReLU()
    (5): MaxPool2d(kernel_size=2, stride=2, padding=0, dilation=1, ceil_mode=False)
    (6): Conv2d(256, 256, kernel_size=(3, 3), stride=(1, 1), padding=(2, 2))
    (7): ReLU()
    (8): MaxPool2d(kernel_size=2, stride=2, padding=0, dilation=1, ceil_mode=False)
    (9): Flatten(start_dim=1, end_dim=-1)
    (10): Linear(in_features=4096, out_features=512, bias=True)
    (11): ReLU()
    (12): Linear(in_features=512, out_features=256, bias=True)
    (13): ReLU()
    (14): Linear(in_features=256, out_features=100, bias=True)
  )
)
INFO:__main__:CHILD MODEL LOSS: 1.854330539226532 with train time 53.454346895217896
INFO:__main__:CHILD MODEL ACCURACY: 0.4798
INFO:__main__:Policy gradient: 0.060872189700603485
INFO:__main__:
INFO:__main__:------ ITERATION 379 ------
INFO:__main__:Layers generated: [('64', '3', '2'), ('64', '3', '0')]
INFO:__main__:ChildCNNModel(
  (model): Sequential(
    (0): Conv2d(3, 128, kernel_size=(3, 3), stride=(1, 1), padding=(1, 1))
    (1): ReLU()
    (2): MaxPool2d(kernel_size=2, stride=2, padding=0, dilation=1, ceil_mode=False)
    (3): Conv2d(128, 64, kernel_size=(3, 3), stride=(1, 1), padding=(2, 2))
    (4): ReLU()
    (5): MaxPool2d(kernel_size=2, stride=2, padding=0, dilation=1, ceil_mode=False)
    (6): Conv2d(64, 64, kernel_size=(3, 3), stride=(1, 1))
    (7): ReLU()
    (8): MaxPool2d(kernel_size=2, stride=2, padding=0, dilation=1, ceil_mode=False)
    (9): Flatten(start_dim=1, end_dim=-1)
    (10): Linear(in_features=576, out_features=512, bias=True)
    (11): ReLU()
    (12): Linear(in_features=512, out_features=256, bias=True)
    (13): ReLU()
    (14): Linear(in_features=256, out_features=100, bias=True)
  )
)
INFO:__main__:CHILD MODEL LOSS: 2.2466068153381347 with train time 38.71075510978699
INFO:__main__:CHILD MODEL ACCURACY: 0.4018
INFO:__main__:Policy gradient: -0.5009283423423767
INFO:__main__:
INFO:__main__:------ ITERATION 380 ------
INFO:__main__:Layers generated: [('256', '1', '1'), ('256', '3', '1')]
INFO:__main__:ChildCNNModel(
  (model): Sequential(
    (0): Conv2d(3, 128, kernel_size=(3, 3), stride=(1, 1), padding=(1, 1))
    (1): ReLU()
    (2): MaxPool2d(kernel_size=2, stride=2, padding=0, dilation=1, ceil_mode=False)
    (3): Conv2d(128, 256, kernel_size=(1, 1), stride=(1, 1), padding=(1, 1))
    (4): ReLU()
    (5): MaxPool2d(kernel_size=2, stride=2, padding=0, dilation=1, ceil_mode=False)
    (6): Conv2d(256, 256, kernel_size=(3, 3), stride=(1, 1), padding=(1, 1))
    (7): ReLU()
    (8): MaxPool2d(kernel_size=2, stride=2, padding=0, dilation=1, ceil_mode=False)
    (9): Flatten(start_dim=1, end_dim=-1)
    (10): Linear(in_features=4096, out_features=512, bias=True)
    (11): ReLU()
    (12): Linear(in_features=512, out_features=256, bias=True)
    (13): ReLU()
    (14): Linear(in_features=256, out_features=100, bias=True)
  )
)
INFO:__main__:CHILD MODEL LOSS: 1.959965033531189 with train time 51.9820122718811
INFO:__main__:CHILD MODEL ACCURACY: 0.4693
INFO:__main__:Policy gradient: 0.0475195087492466
INFO:__main__:
INFO:__main__:------ ITERATION 381 ------
INFO:__main__:Layers generated: [('256', '3', '1'), ('256', '3', '2')]
INFO:__main__:ChildCNNModel(
  (model): Sequential(
    (0): Conv2d(3, 128, kernel_size=(3, 3), stride=(1, 1), padding=(1, 1))
    (1): ReLU()
    (2): MaxPool2d(kernel_size=2, stride=2, padding=0, dilation=1, ceil_mode=False)
    (3): Conv2d(128, 256, kernel_size=(3, 3), stride=(1, 1), padding=(1, 1))
    (4): ReLU()
    (5): MaxPool2d(kernel_size=2, stride=2, padding=0, dilation=1, ceil_mode=False)
    (6): Conv2d(256, 256, kernel_size=(3, 3), stride=(1, 1), padding=(2, 2))
    (7): ReLU()
    (8): MaxPool2d(kernel_size=2, stride=2, padding=0, dilation=1, ceil_mode=False)
    (9): Flatten(start_dim=1, end_dim=-1)
    (10): Linear(in_features=6400, out_features=512, bias=True)
    (11): ReLU()
    (12): Linear(in_features=512, out_features=256, bias=True)
    (13): ReLU()
    (14): Linear(in_features=256, out_features=100, bias=True)
  )
)
INFO:__main__:CHILD MODEL LOSS: 1.851641314983368 with train time 61.410505056381226
INFO:__main__:CHILD MODEL ACCURACY: 0.4788
INFO:__main__:Policy gradient: 0.04784774407744408
INFO:__main__:
INFO:__main__:------ ITERATION 382 ------
INFO:__main__:Layers generated: [('256', '3', '1'), ('256', '3', '1')]
INFO:__main__:ChildCNNModel(
  (model): Sequential(
    (0): Conv2d(3, 128, kernel_size=(3, 3), stride=(1, 1), padding=(1, 1))
    (1): ReLU()
    (2): MaxPool2d(kernel_size=2, stride=2, padding=0, dilation=1, ceil_mode=False)
    (3): Conv2d(128, 256, kernel_size=(3, 3), stride=(1, 1), padding=(1, 1))
    (4): ReLU()
    (5): MaxPool2d(kernel_size=2, stride=2, padding=0, dilation=1, ceil_mode=False)
    (6): Conv2d(256, 256, kernel_size=(3, 3), stride=(1, 1), padding=(1, 1))
    (7): ReLU()
    (8): MaxPool2d(kernel_size=2, stride=2, padding=0, dilation=1, ceil_mode=False)
    (9): Flatten(start_dim=1, end_dim=-1)
    (10): Linear(in_features=4096, out_features=512, bias=True)
    (11): ReLU()
    (12): Linear(in_features=512, out_features=256, bias=True)
    (13): ReLU()
    (14): Linear(in_features=256, out_features=100, bias=True)
  )
)
INFO:__main__:CHILD MODEL LOSS: 1.8664055147171021 with train time 55.56317448616028
INFO:__main__:CHILD MODEL ACCURACY: 0.4735
INFO:__main__:Policy gradient: 0.027989590540528297
INFO:__main__:
INFO:__main__:------ ITERATION 383 ------
INFO:__main__:Layers generated: [('256', '3', '2'), ('128', '3', '2')]
INFO:__main__:ChildCNNModel(
  (model): Sequential(
    (0): Conv2d(3, 128, kernel_size=(3, 3), stride=(1, 1), padding=(1, 1))
    (1): ReLU()
    (2): MaxPool2d(kernel_size=2, stride=2, padding=0, dilation=1, ceil_mode=False)
    (3): Conv2d(128, 256, kernel_size=(3, 3), stride=(1, 1), padding=(2, 2))
    (4): ReLU()
    (5): MaxPool2d(kernel_size=2, stride=2, padding=0, dilation=1, ceil_mode=False)
    (6): Conv2d(256, 128, kernel_size=(3, 3), stride=(1, 1), padding=(2, 2))
    (7): ReLU()
    (8): MaxPool2d(kernel_size=2, stride=2, padding=0, dilation=1, ceil_mode=False)
    (9): Flatten(start_dim=1, end_dim=-1)
    (10): Linear(in_features=3200, out_features=512, bias=True)
    (11): ReLU()
    (12): Linear(in_features=512, out_features=256, bias=True)
    (13): ReLU()
    (14): Linear(in_features=256, out_features=100, bias=True)
  )
)
INFO:__main__:CHILD MODEL LOSS: 1.917195194721222 with train time 67.08914804458618
INFO:__main__:CHILD MODEL ACCURACY: 0.4661
INFO:__main__:Policy gradient: 0.013556430116295815
INFO:__main__:
INFO:__main__:------ ITERATION 384 ------
INFO:__main__:Layers generated: [('256', '3', '2'), ('128', '3', '2')]
INFO:__main__:ChildCNNModel(
  (model): Sequential(
    (0): Conv2d(3, 128, kernel_size=(3, 3), stride=(1, 1), padding=(1, 1))
    (1): ReLU()
    (2): MaxPool2d(kernel_size=2, stride=2, padding=0, dilation=1, ceil_mode=False)
    (3): Conv2d(128, 256, kernel_size=(3, 3), stride=(1, 1), padding=(2, 2))
    (4): ReLU()
    (5): MaxPool2d(kernel_size=2, stride=2, padding=0, dilation=1, ceil_mode=False)
    (6): Conv2d(256, 128, kernel_size=(3, 3), stride=(1, 1), padding=(2, 2))
    (7): ReLU()
    (8): MaxPool2d(kernel_size=2, stride=2, padding=0, dilation=1, ceil_mode=False)
    (9): Flatten(start_dim=1, end_dim=-1)
    (10): Linear(in_features=3200, out_features=512, bias=True)
    (11): ReLU()
    (12): Linear(in_features=512, out_features=256, bias=True)
    (13): ReLU()
    (14): Linear(in_features=256, out_features=100, bias=True)
  )
)
INFO:__main__:CHILD MODEL LOSS: 1.859589301586151 with train time 67.05558466911316
INFO:__main__:CHILD MODEL ACCURACY: 0.477
INFO:__main__:Policy gradient: 0.061546243727207184
INFO:__main__:
INFO:__main__:------ ITERATION 385 ------
INFO:__main__:Layers generated: [('256', '3', '2'), ('256', '1', '2')]
INFO:__main__:ChildCNNModel(
  (model): Sequential(
    (0): Conv2d(3, 128, kernel_size=(3, 3), stride=(1, 1), padding=(1, 1))
    (1): ReLU()
    (2): MaxPool2d(kernel_size=2, stride=2, padding=0, dilation=1, ceil_mode=False)
    (3): Conv2d(128, 256, kernel_size=(3, 3), stride=(1, 1), padding=(2, 2))
    (4): ReLU()
    (5): MaxPool2d(kernel_size=2, stride=2, padding=0, dilation=1, ceil_mode=False)
    (6): Conv2d(256, 256, kernel_size=(1, 1), stride=(1, 1), padding=(2, 2))
    (7): ReLU()
    (8): MaxPool2d(kernel_size=2, stride=2, padding=0, dilation=1, ceil_mode=False)
    (9): Flatten(start_dim=1, end_dim=-1)
    (10): Linear(in_features=9216, out_features=512, bias=True)
    (11): ReLU()
    (12): Linear(in_features=512, out_features=256, bias=True)
    (13): ReLU()
    (14): Linear(in_features=256, out_features=100, bias=True)
  )
)
INFO:__main__:CHILD MODEL LOSS: 1.9656593594551086 with train time 70.5810055732727
INFO:__main__:CHILD MODEL ACCURACY: 0.4538
INFO:__main__:Policy gradient: -0.056851886212825775
INFO:__main__:
INFO:__main__:------ ITERATION 386 ------
INFO:__main__:Layers generated: [('256', '3', '0'), ('64', '3', '1')]
INFO:__main__:ChildCNNModel(
  (model): Sequential(
    (0): Conv2d(3, 128, kernel_size=(3, 3), stride=(1, 1), padding=(1, 1))
    (1): ReLU()
    (2): MaxPool2d(kernel_size=2, stride=2, padding=0, dilation=1, ceil_mode=False)
    (3): Conv2d(128, 256, kernel_size=(3, 3), stride=(1, 1))
    (4): ReLU()
    (5): MaxPool2d(kernel_size=2, stride=2, padding=0, dilation=1, ceil_mode=False)
    (6): Conv2d(256, 64, kernel_size=(3, 3), stride=(1, 1), padding=(1, 1))
    (7): ReLU()
    (8): MaxPool2d(kernel_size=2, stride=2, padding=0, dilation=1, ceil_mode=False)
    (9): Flatten(start_dim=1, end_dim=-1)
    (10): Linear(in_features=576, out_features=512, bias=True)
    (11): ReLU()
    (12): Linear(in_features=512, out_features=256, bias=True)
    (13): ReLU()
    (14): Linear(in_features=256, out_features=100, bias=True)
  )
)
INFO:__main__:CHILD MODEL LOSS: 2.038541566848755 with train time 44.77241325378418
INFO:__main__:CHILD MODEL ACCURACY: 0.4402
INFO:__main__:Policy gradient: -0.13336241245269775
INFO:__main__:
INFO:__main__:------ ITERATION 387 ------
INFO:__main__:Layers generated: [('64', '3', '1'), ('256', '3', '2')]
INFO:__main__:ChildCNNModel(
  (model): Sequential(
    (0): Conv2d(3, 128, kernel_size=(3, 3), stride=(1, 1), padding=(1, 1))
    (1): ReLU()
    (2): MaxPool2d(kernel_size=2, stride=2, padding=0, dilation=1, ceil_mode=False)
    (3): Conv2d(128, 64, kernel_size=(3, 3), stride=(1, 1), padding=(1, 1))
    (4): ReLU()
    (5): MaxPool2d(kernel_size=2, stride=2, padding=0, dilation=1, ceil_mode=False)
    (6): Conv2d(64, 256, kernel_size=(3, 3), stride=(1, 1), padding=(2, 2))
    (7): ReLU()
    (8): MaxPool2d(kernel_size=2, stride=2, padding=0, dilation=1, ceil_mode=False)
    (9): Flatten(start_dim=1, end_dim=-1)
    (10): Linear(in_features=6400, out_features=512, bias=True)
    (11): ReLU()
    (12): Linear(in_features=512, out_features=256, bias=True)
    (13): ReLU()
    (14): Linear(in_features=256, out_features=100, bias=True)
  )
)
INFO:__main__:CHILD MODEL LOSS: 1.8096254525184632 with train time 39.365379333496094
INFO:__main__:CHILD MODEL ACCURACY: 0.4847
INFO:__main__:Policy gradient: 0.10496604442596436
INFO:__main__:
INFO:__main__:------ ITERATION 388 ------
INFO:__main__:Layers generated: [('256', '3', '2'), ('256', '3', '2')]
INFO:__main__:ChildCNNModel(
  (model): Sequential(
    (0): Conv2d(3, 128, kernel_size=(3, 3), stride=(1, 1), padding=(1, 1))
    (1): ReLU()
    (2): MaxPool2d(kernel_size=2, stride=2, padding=0, dilation=1, ceil_mode=False)
    (3): Conv2d(128, 256, kernel_size=(3, 3), stride=(1, 1), padding=(2, 2))
    (4): ReLU()
    (5): MaxPool2d(kernel_size=2, stride=2, padding=0, dilation=1, ceil_mode=False)
    (6): Conv2d(256, 256, kernel_size=(3, 3), stride=(1, 1), padding=(2, 2))
    (7): ReLU()
    (8): MaxPool2d(kernel_size=2, stride=2, padding=0, dilation=1, ceil_mode=False)
    (9): Flatten(start_dim=1, end_dim=-1)
    (10): Linear(in_features=6400, out_features=512, bias=True)
    (11): ReLU()
    (12): Linear(in_features=512, out_features=256, bias=True)
    (13): ReLU()
    (14): Linear(in_features=256, out_features=100, bias=True)
  )
)
INFO:__main__:CHILD MODEL LOSS: 1.8730874910354613 with train time 76.30465841293335
INFO:__main__:CHILD MODEL ACCURACY: 0.4666
INFO:__main__:Policy gradient: 0.008063597604632378
INFO:__main__:
INFO:__main__:------ ITERATION 389 ------
INFO:__main__:Layers generated: [('256', '3', '2'), ('256', '3', '0')]
INFO:__main__:ChildCNNModel(
  (model): Sequential(
    (0): Conv2d(3, 128, kernel_size=(3, 3), stride=(1, 1), padding=(1, 1))
    (1): ReLU()
    (2): MaxPool2d(kernel_size=2, stride=2, padding=0, dilation=1, ceil_mode=False)
    (3): Conv2d(128, 256, kernel_size=(3, 3), stride=(1, 1), padding=(2, 2))
    (4): ReLU()
    (5): MaxPool2d(kernel_size=2, stride=2, padding=0, dilation=1, ceil_mode=False)
    (6): Conv2d(256, 256, kernel_size=(3, 3), stride=(1, 1))
    (7): ReLU()
    (8): MaxPool2d(kernel_size=2, stride=2, padding=0, dilation=1, ceil_mode=False)
    (9): Flatten(start_dim=1, end_dim=-1)
    (10): Linear(in_features=2304, out_features=512, bias=True)
    (11): ReLU()
    (12): Linear(in_features=512, out_features=256, bias=True)
    (13): ReLU()
    (14): Linear(in_features=256, out_features=100, bias=True)
  )
)
INFO:__main__:CHILD MODEL LOSS: 1.9233353176116943 with train time 65.61903762817383
INFO:__main__:CHILD MODEL ACCURACY: 0.4769
INFO:__main__:Policy gradient: 0.054705921560525894
INFO:__main__:
INFO:__main__:------ ITERATION 390 ------
INFO:__main__:Layers generated: [('256', '5', '0'), ('256', '3', '2')]
INFO:__main__:ChildCNNModel(
  (model): Sequential(
    (0): Conv2d(3, 128, kernel_size=(3, 3), stride=(1, 1), padding=(1, 1))
    (1): ReLU()
    (2): MaxPool2d(kernel_size=2, stride=2, padding=0, dilation=1, ceil_mode=False)
    (3): Conv2d(128, 256, kernel_size=(5, 5), stride=(1, 1))
    (4): ReLU()
    (5): MaxPool2d(kernel_size=2, stride=2, padding=0, dilation=1, ceil_mode=False)
    (6): Conv2d(256, 256, kernel_size=(3, 3), stride=(1, 1), padding=(2, 2))
    (7): ReLU()
    (8): MaxPool2d(kernel_size=2, stride=2, padding=0, dilation=1, ceil_mode=False)
    (9): Flatten(start_dim=1, end_dim=-1)
    (10): Linear(in_features=4096, out_features=512, bias=True)
    (11): ReLU()
    (12): Linear(in_features=512, out_features=256, bias=True)
    (13): ReLU()
    (14): Linear(in_features=256, out_features=100, bias=True)
  )
)
INFO:__main__:CHILD MODEL LOSS: 1.8107608137130737 with train time 61.09350848197937
INFO:__main__:CHILD MODEL ACCURACY: 0.4964
INFO:__main__:Policy gradient: 0.2006065845489502
INFO:__main__:
INFO:__main__:------ ITERATION 391 ------
INFO:__main__:Layers generated: [('256', '3', '2'), ('256', '3', '1')]
INFO:__main__:ChildCNNModel(
  (model): Sequential(
    (0): Conv2d(3, 128, kernel_size=(3, 3), stride=(1, 1), padding=(1, 1))
    (1): ReLU()
    (2): MaxPool2d(kernel_size=2, stride=2, padding=0, dilation=1, ceil_mode=False)
    (3): Conv2d(128, 256, kernel_size=(3, 3), stride=(1, 1), padding=(2, 2))
    (4): ReLU()
    (5): MaxPool2d(kernel_size=2, stride=2, padding=0, dilation=1, ceil_mode=False)
    (6): Conv2d(256, 256, kernel_size=(3, 3), stride=(1, 1), padding=(1, 1))
    (7): ReLU()
    (8): MaxPool2d(kernel_size=2, stride=2, padding=0, dilation=1, ceil_mode=False)
    (9): Flatten(start_dim=1, end_dim=-1)
    (10): Linear(in_features=4096, out_features=512, bias=True)
    (11): ReLU()
    (12): Linear(in_features=512, out_features=256, bias=True)
    (13): ReLU()
    (14): Linear(in_features=256, out_features=100, bias=True)
  )
)
INFO:__main__:CHILD MODEL LOSS: 1.8312572417259216 with train time 69.88463091850281
INFO:__main__:CHILD MODEL ACCURACY: 0.4772
INFO:__main__:Policy gradient: 0.022774353623390198
INFO:__main__:
INFO:__main__:------ ITERATION 392 ------
INFO:__main__:Layers generated: [('256', '3', '1'), ('256', '3', '0')]
INFO:__main__:ChildCNNModel(
  (model): Sequential(
    (0): Conv2d(3, 128, kernel_size=(3, 3), stride=(1, 1), padding=(1, 1))
    (1): ReLU()
    (2): MaxPool2d(kernel_size=2, stride=2, padding=0, dilation=1, ceil_mode=False)
    (3): Conv2d(128, 256, kernel_size=(3, 3), stride=(1, 1), padding=(1, 1))
    (4): ReLU()
    (5): MaxPool2d(kernel_size=2, stride=2, padding=0, dilation=1, ceil_mode=False)
    (6): Conv2d(256, 256, kernel_size=(3, 3), stride=(1, 1))
    (7): ReLU()
    (8): MaxPool2d(kernel_size=2, stride=2, padding=0, dilation=1, ceil_mode=False)
    (9): Flatten(start_dim=1, end_dim=-1)
    (10): Linear(in_features=2304, out_features=512, bias=True)
    (11): ReLU()
    (12): Linear(in_features=512, out_features=256, bias=True)
    (13): ReLU()
    (14): Linear(in_features=256, out_features=100, bias=True)
  )
)
INFO:__main__:CHILD MODEL LOSS: 2.0182111401557923 with train time 52.38732647895813
INFO:__main__:CHILD MODEL ACCURACY: 0.4526
INFO:__main__:Policy gradient: -0.06550091505050659
INFO:__main__:
INFO:__main__:------ ITERATION 393 ------
INFO:__main__:Layers generated: [('256', '3', '0'), ('256', '3', '1')]
INFO:__main__:ChildCNNModel(
  (model): Sequential(
    (0): Conv2d(3, 128, kernel_size=(3, 3), stride=(1, 1), padding=(1, 1))
    (1): ReLU()
    (2): MaxPool2d(kernel_size=2, stride=2, padding=0, dilation=1, ceil_mode=False)
    (3): Conv2d(128, 256, kernel_size=(3, 3), stride=(1, 1))
    (4): ReLU()
    (5): MaxPool2d(kernel_size=2, stride=2, padding=0, dilation=1, ceil_mode=False)
    (6): Conv2d(256, 256, kernel_size=(3, 3), stride=(1, 1), padding=(1, 1))
    (7): ReLU()
    (8): MaxPool2d(kernel_size=2, stride=2, padding=0, dilation=1, ceil_mode=False)
    (9): Flatten(start_dim=1, end_dim=-1)
    (10): Linear(in_features=2304, out_features=512, bias=True)
    (11): ReLU()
    (12): Linear(in_features=512, out_features=256, bias=True)
    (13): ReLU()
    (14): Linear(in_features=256, out_features=100, bias=True)
  )
)
INFO:__main__:CHILD MODEL LOSS: 2.033377552986145 with train time 49.14159440994263
INFO:__main__:CHILD MODEL ACCURACY: 0.4554
INFO:__main__:Policy gradient: -0.043718382716178894
INFO:__main__:
INFO:__main__:------ ITERATION 394 ------
INFO:__main__:Layers generated: [('256', '3', '1'), ('256', '3', '1')]
INFO:__main__:ChildCNNModel(
  (model): Sequential(
    (0): Conv2d(3, 128, kernel_size=(3, 3), stride=(1, 1), padding=(1, 1))
    (1): ReLU()
    (2): MaxPool2d(kernel_size=2, stride=2, padding=0, dilation=1, ceil_mode=False)
    (3): Conv2d(128, 256, kernel_size=(3, 3), stride=(1, 1), padding=(1, 1))
    (4): ReLU()
    (5): MaxPool2d(kernel_size=2, stride=2, padding=0, dilation=1, ceil_mode=False)
    (6): Conv2d(256, 256, kernel_size=(3, 3), stride=(1, 1), padding=(1, 1))
    (7): ReLU()
    (8): MaxPool2d(kernel_size=2, stride=2, padding=0, dilation=1, ceil_mode=False)
    (9): Flatten(start_dim=1, end_dim=-1)
    (10): Linear(in_features=4096, out_features=512, bias=True)
    (11): ReLU()
    (12): Linear(in_features=512, out_features=256, bias=True)
    (13): ReLU()
    (14): Linear(in_features=256, out_features=100, bias=True)
  )
)
INFO:__main__:CHILD MODEL LOSS: 1.912291907787323 with train time 55.61103963851929
INFO:__main__:CHILD MODEL ACCURACY: 0.4708
INFO:__main__:Policy gradient: 0.010477078147232533
INFO:__main__:
INFO:__main__:------ ITERATION 395 ------
INFO:__main__:Layers generated: [('64', '1', '1'), ('256', '3', '2')]
INFO:__main__:ChildCNNModel(
  (model): Sequential(
    (0): Conv2d(3, 128, kernel_size=(3, 3), stride=(1, 1), padding=(1, 1))
    (1): ReLU()
    (2): MaxPool2d(kernel_size=2, stride=2, padding=0, dilation=1, ceil_mode=False)
    (3): Conv2d(128, 64, kernel_size=(1, 1), stride=(1, 1), padding=(1, 1))
    (4): ReLU()
    (5): MaxPool2d(kernel_size=2, stride=2, padding=0, dilation=1, ceil_mode=False)
    (6): Conv2d(64, 256, kernel_size=(3, 3), stride=(1, 1), padding=(2, 2))
    (7): ReLU()
    (8): MaxPool2d(kernel_size=2, stride=2, padding=0, dilation=1, ceil_mode=False)
    (9): Flatten(start_dim=1, end_dim=-1)
    (10): Linear(in_features=6400, out_features=512, bias=True)
    (11): ReLU()
    (12): Linear(in_features=512, out_features=256, bias=True)
    (13): ReLU()
    (14): Linear(in_features=256, out_features=100, bias=True)
  )
)
INFO:__main__:CHILD MODEL LOSS: 1.9232310729026794 with train time 39.84250736236572
INFO:__main__:CHILD MODEL ACCURACY: 0.4597
INFO:__main__:Policy gradient: -0.04682943597435951
INFO:__main__:
INFO:__main__:------ ITERATION 396 ------
INFO:__main__:Layers generated: [('256', '3', '2'), ('256', '1', '0')]
INFO:__main__:ChildCNNModel(
  (model): Sequential(
    (0): Conv2d(3, 128, kernel_size=(3, 3), stride=(1, 1), padding=(1, 1))
    (1): ReLU()
    (2): MaxPool2d(kernel_size=2, stride=2, padding=0, dilation=1, ceil_mode=False)
    (3): Conv2d(128, 256, kernel_size=(3, 3), stride=(1, 1), padding=(2, 2))
    (4): ReLU()
    (5): MaxPool2d(kernel_size=2, stride=2, padding=0, dilation=1, ceil_mode=False)
    (6): Conv2d(256, 256, kernel_size=(1, 1), stride=(1, 1))
    (7): ReLU()
    (8): MaxPool2d(kernel_size=2, stride=2, padding=0, dilation=1, ceil_mode=False)
    (9): Flatten(start_dim=1, end_dim=-1)
    (10): Linear(in_features=4096, out_features=512, bias=True)
    (11): ReLU()
    (12): Linear(in_features=512, out_features=256, bias=True)
    (13): ReLU()
    (14): Linear(in_features=256, out_features=100, bias=True)
  )
)
INFO:__main__:CHILD MODEL LOSS: 1.9312758898735047 with train time 62.72606372833252
INFO:__main__:CHILD MODEL ACCURACY: 0.4693
INFO:__main__:Policy gradient: 0.021445857360959053
INFO:__main__:
INFO:__main__:------ ITERATION 397 ------
INFO:__main__:Layers generated: [('64', '3', '1'), ('256', '3', '2')]
INFO:__main__:ChildCNNModel(
  (model): Sequential(
    (0): Conv2d(3, 128, kernel_size=(3, 3), stride=(1, 1), padding=(1, 1))
    (1): ReLU()
    (2): MaxPool2d(kernel_size=2, stride=2, padding=0, dilation=1, ceil_mode=False)
    (3): Conv2d(128, 64, kernel_size=(3, 3), stride=(1, 1), padding=(1, 1))
    (4): ReLU()
    (5): MaxPool2d(kernel_size=2, stride=2, padding=0, dilation=1, ceil_mode=False)
    (6): Conv2d(64, 256, kernel_size=(3, 3), stride=(1, 1), padding=(2, 2))
    (7): ReLU()
    (8): MaxPool2d(kernel_size=2, stride=2, padding=0, dilation=1, ceil_mode=False)
    (9): Flatten(start_dim=1, end_dim=-1)
    (10): Linear(in_features=6400, out_features=512, bias=True)
    (11): ReLU()
    (12): Linear(in_features=512, out_features=256, bias=True)
    (13): ReLU()
    (14): Linear(in_features=256, out_features=100, bias=True)
  )
)
INFO:__main__:CHILD MODEL LOSS: 1.8173820734024049 with train time 39.50077676773071
INFO:__main__:CHILD MODEL ACCURACY: 0.4829
INFO:__main__:Policy gradient: 0.07395199686288834
INFO:__main__:
INFO:__main__:------ ITERATION 398 ------
INFO:__main__:Layers generated: [('256', '3', '2'), ('64', '3', '1')]
INFO:__main__:ChildCNNModel(
  (model): Sequential(
    (0): Conv2d(3, 128, kernel_size=(3, 3), stride=(1, 1), padding=(1, 1))
    (1): ReLU()
    (2): MaxPool2d(kernel_size=2, stride=2, padding=0, dilation=1, ceil_mode=False)
    (3): Conv2d(128, 256, kernel_size=(3, 3), stride=(1, 1), padding=(2, 2))
    (4): ReLU()
    (5): MaxPool2d(kernel_size=2, stride=2, padding=0, dilation=1, ceil_mode=False)
    (6): Conv2d(256, 64, kernel_size=(3, 3), stride=(1, 1), padding=(1, 1))
    (7): ReLU()
    (8): MaxPool2d(kernel_size=2, stride=2, padding=0, dilation=1, ceil_mode=False)
    (9): Flatten(start_dim=1, end_dim=-1)
    (10): Linear(in_features=1024, out_features=512, bias=True)
    (11): ReLU()
    (12): Linear(in_features=512, out_features=256, bias=True)
    (13): ReLU()
    (14): Linear(in_features=256, out_features=100, bias=True)
  )
)
INFO:__main__:CHILD MODEL LOSS: 1.9888368110656738 with train time 62.577775955200195
INFO:__main__:CHILD MODEL ACCURACY: 0.4551
INFO:__main__:Policy gradient: -0.06262900680303574
INFO:__main__:
INFO:__main__:------ ITERATION 399 ------
INFO:__main__:Layers generated: [('256', '3', '2'), ('256', '3', '2')]
INFO:__main__:ChildCNNModel(
  (model): Sequential(
    (0): Conv2d(3, 128, kernel_size=(3, 3), stride=(1, 1), padding=(1, 1))
    (1): ReLU()
    (2): MaxPool2d(kernel_size=2, stride=2, padding=0, dilation=1, ceil_mode=False)
    (3): Conv2d(128, 256, kernel_size=(3, 3), stride=(1, 1), padding=(2, 2))
    (4): ReLU()
    (5): MaxPool2d(kernel_size=2, stride=2, padding=0, dilation=1, ceil_mode=False)
    (6): Conv2d(256, 256, kernel_size=(3, 3), stride=(1, 1), padding=(2, 2))
    (7): ReLU()
    (8): MaxPool2d(kernel_size=2, stride=2, padding=0, dilation=1, ceil_mode=False)
    (9): Flatten(start_dim=1, end_dim=-1)
    (10): Linear(in_features=6400, out_features=512, bias=True)
    (11): ReLU()
    (12): Linear(in_features=512, out_features=256, bias=True)
    (13): ReLU()
    (14): Linear(in_features=256, out_features=100, bias=True)
  )
)
INFO:__main__:CHILD MODEL LOSS: 1.7979336318969728 with train time 76.28290224075317
INFO:__main__:CHILD MODEL ACCURACY: 0.4751
INFO:__main__:Policy gradient: 0.02228286862373352
INFO:__main__:
INFO:__main__:------ ITERATION 400 ------
INFO:__main__:Layers generated: [('64', '3', '1'), ('256', '3', '1')]
INFO:__main__:ChildCNNModel(
  (model): Sequential(
    (0): Conv2d(3, 128, kernel_size=(3, 3), stride=(1, 1), padding=(1, 1))
    (1): ReLU()
    (2): MaxPool2d(kernel_size=2, stride=2, padding=0, dilation=1, ceil_mode=False)
    (3): Conv2d(128, 64, kernel_size=(3, 3), stride=(1, 1), padding=(1, 1))
    (4): ReLU()
    (5): MaxPool2d(kernel_size=2, stride=2, padding=0, dilation=1, ceil_mode=False)
    (6): Conv2d(64, 256, kernel_size=(3, 3), stride=(1, 1), padding=(1, 1))
    (7): ReLU()
    (8): MaxPool2d(kernel_size=2, stride=2, padding=0, dilation=1, ceil_mode=False)
    (9): Flatten(start_dim=1, end_dim=-1)
    (10): Linear(in_features=4096, out_features=512, bias=True)
    (11): ReLU()
    (12): Linear(in_features=512, out_features=256, bias=True)
    (13): ReLU()
    (14): Linear(in_features=256, out_features=100, bias=True)
  )
)
INFO:__main__:CHILD MODEL LOSS: 1.9394642753601075 with train time 38.165348052978516
INFO:__main__:CHILD MODEL ACCURACY: 0.4649
INFO:__main__:Policy gradient: -0.011450191028416157
INFO:__main__:
INFO:__main__:------ ITERATION 401 ------
INFO:__main__:Layers generated: [('256', '3', '2'), ('256', '3', '2')]
INFO:__main__:ChildCNNModel(
  (model): Sequential(
    (0): Conv2d(3, 128, kernel_size=(3, 3), stride=(1, 1), padding=(1, 1))
    (1): ReLU()
    (2): MaxPool2d(kernel_size=2, stride=2, padding=0, dilation=1, ceil_mode=False)
    (3): Conv2d(128, 256, kernel_size=(3, 3), stride=(1, 1), padding=(2, 2))
    (4): ReLU()
    (5): MaxPool2d(kernel_size=2, stride=2, padding=0, dilation=1, ceil_mode=False)
    (6): Conv2d(256, 256, kernel_size=(3, 3), stride=(1, 1), padding=(2, 2))
    (7): ReLU()
    (8): MaxPool2d(kernel_size=2, stride=2, padding=0, dilation=1, ceil_mode=False)
    (9): Flatten(start_dim=1, end_dim=-1)
    (10): Linear(in_features=6400, out_features=512, bias=True)
    (11): ReLU()
    (12): Linear(in_features=512, out_features=256, bias=True)
    (13): ReLU()
    (14): Linear(in_features=256, out_features=100, bias=True)
  )
)
INFO:__main__:CHILD MODEL LOSS: 1.9269632964134216 with train time 76.34000015258789
INFO:__main__:CHILD MODEL ACCURACY: 0.4588
INFO:__main__:Policy gradient: -0.022718293592333794
INFO:__main__:
INFO:__main__:------ ITERATION 402 ------
INFO:__main__:Layers generated: [('256', '3', '2'), ('256', '3', '1')]
INFO:__main__:ChildCNNModel(
  (model): Sequential(
    (0): Conv2d(3, 128, kernel_size=(3, 3), stride=(1, 1), padding=(1, 1))
    (1): ReLU()
    (2): MaxPool2d(kernel_size=2, stride=2, padding=0, dilation=1, ceil_mode=False)
    (3): Conv2d(128, 256, kernel_size=(3, 3), stride=(1, 1), padding=(2, 2))
    (4): ReLU()
    (5): MaxPool2d(kernel_size=2, stride=2, padding=0, dilation=1, ceil_mode=False)
    (6): Conv2d(256, 256, kernel_size=(3, 3), stride=(1, 1), padding=(1, 1))
    (7): ReLU()
    (8): MaxPool2d(kernel_size=2, stride=2, padding=0, dilation=1, ceil_mode=False)
    (9): Flatten(start_dim=1, end_dim=-1)
    (10): Linear(in_features=4096, out_features=512, bias=True)
    (11): ReLU()
    (12): Linear(in_features=512, out_features=256, bias=True)
    (13): ReLU()
    (14): Linear(in_features=256, out_features=100, bias=True)
  )
)
INFO:__main__:CHILD MODEL LOSS: 1.8844343094825744 with train time 69.83340549468994
INFO:__main__:CHILD MODEL ACCURACY: 0.469
INFO:__main__:Policy gradient: 0.006456041242927313
INFO:__main__:
INFO:__main__:------ ITERATION 403 ------
INFO:__main__:Layers generated: [('256', '3', '1'), ('64', '1', '0')]
INFO:__main__:ChildCNNModel(
  (model): Sequential(
    (0): Conv2d(3, 128, kernel_size=(3, 3), stride=(1, 1), padding=(1, 1))
    (1): ReLU()
    (2): MaxPool2d(kernel_size=2, stride=2, padding=0, dilation=1, ceil_mode=False)
    (3): Conv2d(128, 256, kernel_size=(3, 3), stride=(1, 1), padding=(1, 1))
    (4): ReLU()
    (5): MaxPool2d(kernel_size=2, stride=2, padding=0, dilation=1, ceil_mode=False)
    (6): Conv2d(256, 64, kernel_size=(1, 1), stride=(1, 1))
    (7): ReLU()
    (8): MaxPool2d(kernel_size=2, stride=2, padding=0, dilation=1, ceil_mode=False)
    (9): Flatten(start_dim=1, end_dim=-1)
    (10): Linear(in_features=1024, out_features=512, bias=True)
    (11): ReLU()
    (12): Linear(in_features=512, out_features=256, bias=True)
    (13): ReLU()
    (14): Linear(in_features=256, out_features=100, bias=True)
  )
)
INFO:__main__:CHILD MODEL LOSS: 2.0709499645233156 with train time 47.45605444908142
INFO:__main__:CHILD MODEL ACCURACY: 0.4473
INFO:__main__:Policy gradient: -0.1685396134853363
INFO:__main__:
INFO:__main__:------ ITERATION 404 ------
INFO:__main__:Layers generated: [('256', '3', '2'), ('256', '3', '1')]
INFO:__main__:ChildCNNModel(
  (model): Sequential(
    (0): Conv2d(3, 128, kernel_size=(3, 3), stride=(1, 1), padding=(1, 1))
    (1): ReLU()
    (2): MaxPool2d(kernel_size=2, stride=2, padding=0, dilation=1, ceil_mode=False)
    (3): Conv2d(128, 256, kernel_size=(3, 3), stride=(1, 1), padding=(2, 2))
    (4): ReLU()
    (5): MaxPool2d(kernel_size=2, stride=2, padding=0, dilation=1, ceil_mode=False)
    (6): Conv2d(256, 256, kernel_size=(3, 3), stride=(1, 1), padding=(1, 1))
    (7): ReLU()
    (8): MaxPool2d(kernel_size=2, stride=2, padding=0, dilation=1, ceil_mode=False)
    (9): Flatten(start_dim=1, end_dim=-1)
    (10): Linear(in_features=4096, out_features=512, bias=True)
    (11): ReLU()
    (12): Linear(in_features=512, out_features=256, bias=True)
    (13): ReLU()
    (14): Linear(in_features=256, out_features=100, bias=True)
  )
)
INFO:__main__:CHILD MODEL LOSS: 1.8940705847740174 with train time 69.85836482048035
INFO:__main__:CHILD MODEL ACCURACY: 0.4656
INFO:__main__:Policy gradient: 0.0020782016217708588
INFO:__main__:
INFO:__main__:------ ITERATION 405 ------
INFO:__main__:Layers generated: [('32', '3', '2'), ('256', '3', '2')]
INFO:__main__:ChildCNNModel(
  (model): Sequential(
    (0): Conv2d(3, 128, kernel_size=(3, 3), stride=(1, 1), padding=(1, 1))
    (1): ReLU()
    (2): MaxPool2d(kernel_size=2, stride=2, padding=0, dilation=1, ceil_mode=False)
    (3): Conv2d(128, 32, kernel_size=(3, 3), stride=(1, 1), padding=(2, 2))
    (4): ReLU()
    (5): MaxPool2d(kernel_size=2, stride=2, padding=0, dilation=1, ceil_mode=False)
    (6): Conv2d(32, 256, kernel_size=(3, 3), stride=(1, 1), padding=(2, 2))
    (7): ReLU()
    (8): MaxPool2d(kernel_size=2, stride=2, padding=0, dilation=1, ceil_mode=False)
    (9): Flatten(start_dim=1, end_dim=-1)
    (10): Linear(in_features=6400, out_features=512, bias=True)
    (11): ReLU()
    (12): Linear(in_features=512, out_features=256, bias=True)
    (13): ReLU()
    (14): Linear(in_features=256, out_features=100, bias=True)
  )
)
INFO:__main__:CHILD MODEL LOSS: 1.870313359260559 with train time 40.73853874206543
INFO:__main__:CHILD MODEL ACCURACY: 0.4612
INFO:__main__:Policy gradient: -0.02175462804734707
INFO:__main__:
INFO:__main__:------ ITERATION 406 ------
INFO:__main__:Layers generated: [('64', '3', '1'), ('128', '3', '1')]
INFO:__main__:ChildCNNModel(
  (model): Sequential(
    (0): Conv2d(3, 128, kernel_size=(3, 3), stride=(1, 1), padding=(1, 1))
    (1): ReLU()
    (2): MaxPool2d(kernel_size=2, stride=2, padding=0, dilation=1, ceil_mode=False)
    (3): Conv2d(128, 64, kernel_size=(3, 3), stride=(1, 1), padding=(1, 1))
    (4): ReLU()
    (5): MaxPool2d(kernel_size=2, stride=2, padding=0, dilation=1, ceil_mode=False)
    (6): Conv2d(64, 128, kernel_size=(3, 3), stride=(1, 1), padding=(1, 1))
    (7): ReLU()
    (8): MaxPool2d(kernel_size=2, stride=2, padding=0, dilation=1, ceil_mode=False)
    (9): Flatten(start_dim=1, end_dim=-1)
    (10): Linear(in_features=2048, out_features=512, bias=True)
    (11): ReLU()
    (12): Linear(in_features=512, out_features=256, bias=True)
    (13): ReLU()
    (14): Linear(in_features=256, out_features=100, bias=True)
  )
)
INFO:__main__:CHILD MODEL LOSS: 1.9683105778694152 with train time 37.5847647190094
INFO:__main__:CHILD MODEL ACCURACY: 0.4586
INFO:__main__:Policy gradient: -0.03513728827238083
INFO:__main__:
INFO:__main__:------ ITERATION 407 ------
INFO:__main__:Layers generated: [('256', '3', '1'), ('256', '3', '1')]
INFO:__main__:ChildCNNModel(
  (model): Sequential(
    (0): Conv2d(3, 128, kernel_size=(3, 3), stride=(1, 1), padding=(1, 1))
    (1): ReLU()
    (2): MaxPool2d(kernel_size=2, stride=2, padding=0, dilation=1, ceil_mode=False)
    (3): Conv2d(128, 256, kernel_size=(3, 3), stride=(1, 1), padding=(1, 1))
    (4): ReLU()
    (5): MaxPool2d(kernel_size=2, stride=2, padding=0, dilation=1, ceil_mode=False)
    (6): Conv2d(256, 256, kernel_size=(3, 3), stride=(1, 1), padding=(1, 1))
    (7): ReLU()
    (8): MaxPool2d(kernel_size=2, stride=2, padding=0, dilation=1, ceil_mode=False)
    (9): Flatten(start_dim=1, end_dim=-1)
    (10): Linear(in_features=4096, out_features=512, bias=True)
    (11): ReLU()
    (12): Linear(in_features=512, out_features=256, bias=True)
    (13): ReLU()
    (14): Linear(in_features=256, out_features=100, bias=True)
  )
)
INFO:__main__:CHILD MODEL LOSS: 1.8797471323013306 with train time 55.58545970916748
INFO:__main__:CHILD MODEL ACCURACY: 0.474
INFO:__main__:Policy gradient: 0.02382158860564232
INFO:__main__:
INFO:__main__:------ ITERATION 408 ------
INFO:__main__:Layers generated: [('128', '3', '1'), ('256', '3', '2')]
INFO:__main__:ChildCNNModel(
  (model): Sequential(
    (0): Conv2d(3, 128, kernel_size=(3, 3), stride=(1, 1), padding=(1, 1))
    (1): ReLU()
    (2): MaxPool2d(kernel_size=2, stride=2, padding=0, dilation=1, ceil_mode=False)
    (3): Conv2d(128, 128, kernel_size=(3, 3), stride=(1, 1), padding=(1, 1))
    (4): ReLU()
    (5): MaxPool2d(kernel_size=2, stride=2, padding=0, dilation=1, ceil_mode=False)
    (6): Conv2d(128, 256, kernel_size=(3, 3), stride=(1, 1), padding=(2, 2))
    (7): ReLU()
    (8): MaxPool2d(kernel_size=2, stride=2, padding=0, dilation=1, ceil_mode=False)
    (9): Flatten(start_dim=1, end_dim=-1)
    (10): Linear(in_features=6400, out_features=512, bias=True)
    (11): ReLU()
    (12): Linear(in_features=512, out_features=256, bias=True)
    (13): ReLU()
    (14): Linear(in_features=256, out_features=100, bias=True)
  )
)
INFO:__main__:CHILD MODEL LOSS: 1.7423374214172362 with train time 45.71448493003845
INFO:__main__:CHILD MODEL ACCURACY: 0.5041
INFO:__main__:Policy gradient: 0.18508321046829224
INFO:__main__:
INFO:__main__:------ ITERATION 409 ------
INFO:__main__:Layers generated: [('256', '3', '1'), ('256', '3', '1')]
INFO:__main__:ChildCNNModel(
  (model): Sequential(
    (0): Conv2d(3, 128, kernel_size=(3, 3), stride=(1, 1), padding=(1, 1))
    (1): ReLU()
    (2): MaxPool2d(kernel_size=2, stride=2, padding=0, dilation=1, ceil_mode=False)
    (3): Conv2d(128, 256, kernel_size=(3, 3), stride=(1, 1), padding=(1, 1))
    (4): ReLU()
    (5): MaxPool2d(kernel_size=2, stride=2, padding=0, dilation=1, ceil_mode=False)
    (6): Conv2d(256, 256, kernel_size=(3, 3), stride=(1, 1), padding=(1, 1))
    (7): ReLU()
    (8): MaxPool2d(kernel_size=2, stride=2, padding=0, dilation=1, ceil_mode=False)
    (9): Flatten(start_dim=1, end_dim=-1)
    (10): Linear(in_features=4096, out_features=512, bias=True)
    (11): ReLU()
    (12): Linear(in_features=512, out_features=256, bias=True)
    (13): ReLU()
    (14): Linear(in_features=256, out_features=100, bias=True)
  )
)
INFO:__main__:CHILD MODEL LOSS: 1.8466425685882568 with train time 55.64506244659424
INFO:__main__:CHILD MODEL ACCURACY: 0.4828
INFO:__main__:Policy gradient: 0.03292379155755043
INFO:__main__:
INFO:__main__:------ ITERATION 410 ------
INFO:__main__:Layers generated: [('256', '3', '2'), ('128', '3', '2')]
INFO:__main__:ChildCNNModel(
  (model): Sequential(
    (0): Conv2d(3, 128, kernel_size=(3, 3), stride=(1, 1), padding=(1, 1))
    (1): ReLU()
    (2): MaxPool2d(kernel_size=2, stride=2, padding=0, dilation=1, ceil_mode=False)
    (3): Conv2d(128, 256, kernel_size=(3, 3), stride=(1, 1), padding=(2, 2))
    (4): ReLU()
    (5): MaxPool2d(kernel_size=2, stride=2, padding=0, dilation=1, ceil_mode=False)
    (6): Conv2d(256, 128, kernel_size=(3, 3), stride=(1, 1), padding=(2, 2))
    (7): ReLU()
    (8): MaxPool2d(kernel_size=2, stride=2, padding=0, dilation=1, ceil_mode=False)
    (9): Flatten(start_dim=1, end_dim=-1)
    (10): Linear(in_features=3200, out_features=512, bias=True)
    (11): ReLU()
    (12): Linear(in_features=512, out_features=256, bias=True)
    (13): ReLU()
    (14): Linear(in_features=256, out_features=100, bias=True)
  )
)
INFO:__main__:CHILD MODEL LOSS: 1.8491226811408996 with train time 67.01837706565857
INFO:__main__:CHILD MODEL ACCURACY: 0.4793
INFO:__main__:Policy gradient: 0.04076714813709259
INFO:__main__:
INFO:__main__:------ ITERATION 411 ------
INFO:__main__:Layers generated: [('64', '1', '2'), ('256', '3', '2')]
INFO:__main__:ChildCNNModel(
  (model): Sequential(
    (0): Conv2d(3, 128, kernel_size=(3, 3), stride=(1, 1), padding=(1, 1))
    (1): ReLU()
    (2): MaxPool2d(kernel_size=2, stride=2, padding=0, dilation=1, ceil_mode=False)
    (3): Conv2d(128, 64, kernel_size=(1, 1), stride=(1, 1), padding=(2, 2))
    (4): ReLU()
    (5): MaxPool2d(kernel_size=2, stride=2, padding=0, dilation=1, ceil_mode=False)
    (6): Conv2d(64, 256, kernel_size=(3, 3), stride=(1, 1), padding=(2, 2))
    (7): ReLU()
    (8): MaxPool2d(kernel_size=2, stride=2, padding=0, dilation=1, ceil_mode=False)
    (9): Flatten(start_dim=1, end_dim=-1)
    (10): Linear(in_features=9216, out_features=512, bias=True)
    (11): ReLU()
    (12): Linear(in_features=512, out_features=256, bias=True)
    (13): ReLU()
    (14): Linear(in_features=256, out_features=100, bias=True)
  )
)
INFO:__main__:CHILD MODEL LOSS: 1.89744025182724 with train time 42.08635210990906
INFO:__main__:CHILD MODEL ACCURACY: 0.4648
INFO:__main__:Policy gradient: -0.043330106884241104
INFO:__main__:
INFO:__main__:------ ITERATION 412 ------
INFO:__main__:Layers generated: [('256', '3', '1'), ('256', '3', '2')]
INFO:__main__:ChildCNNModel(
  (model): Sequential(
    (0): Conv2d(3, 128, kernel_size=(3, 3), stride=(1, 1), padding=(1, 1))
    (1): ReLU()
    (2): MaxPool2d(kernel_size=2, stride=2, padding=0, dilation=1, ceil_mode=False)
    (3): Conv2d(128, 256, kernel_size=(3, 3), stride=(1, 1), padding=(1, 1))
    (4): ReLU()
    (5): MaxPool2d(kernel_size=2, stride=2, padding=0, dilation=1, ceil_mode=False)
    (6): Conv2d(256, 256, kernel_size=(3, 3), stride=(1, 1), padding=(2, 2))
    (7): ReLU()
    (8): MaxPool2d(kernel_size=2, stride=2, padding=0, dilation=1, ceil_mode=False)
    (9): Flatten(start_dim=1, end_dim=-1)
    (10): Linear(in_features=6400, out_features=512, bias=True)
    (11): ReLU()
    (12): Linear(in_features=512, out_features=256, bias=True)
    (13): ReLU()
    (14): Linear(in_features=256, out_features=100, bias=True)
  )
)
INFO:__main__:CHILD MODEL LOSS: 1.7477037782669067 with train time 61.37817192077637
INFO:__main__:CHILD MODEL ACCURACY: 0.4893
INFO:__main__:Policy gradient: 0.04530162364244461
INFO:__main__:
INFO:__main__:------ ITERATION 413 ------
INFO:__main__:Layers generated: [('16', '3', '0'), ('256', '5', '1')]
INFO:__main__:ChildCNNModel(
  (model): Sequential(
    (0): Conv2d(3, 128, kernel_size=(3, 3), stride=(1, 1), padding=(1, 1))
    (1): ReLU()
    (2): MaxPool2d(kernel_size=2, stride=2, padding=0, dilation=1, ceil_mode=False)
    (3): Conv2d(128, 16, kernel_size=(3, 3), stride=(1, 1))
    (4): ReLU()
    (5): MaxPool2d(kernel_size=2, stride=2, padding=0, dilation=1, ceil_mode=False)
    (6): Conv2d(16, 256, kernel_size=(5, 5), stride=(1, 1), padding=(1, 1))
    (7): ReLU()
    (8): MaxPool2d(kernel_size=2, stride=2, padding=0, dilation=1, ceil_mode=False)
    (9): Flatten(start_dim=1, end_dim=-1)
    (10): Linear(in_features=1024, out_features=512, bias=True)
    (11): ReLU()
    (12): Linear(in_features=512, out_features=256, bias=True)
    (13): ReLU()
    (14): Linear(in_features=256, out_features=100, bias=True)
  )
)
INFO:__main__:CHILD MODEL LOSS: 2.732411644935608 with train time 36.165974378585815
INFO:__main__:CHILD MODEL ACCURACY: 0.3271
INFO:__main__:Policy gradient: -1.4265575408935547
INFO:__main__:
INFO:__main__:------ ITERATION 414 ------
INFO:__main__:Layers generated: [('256', '3', '0'), ('256', '3', '1')]
INFO:__main__:ChildCNNModel(
  (model): Sequential(
    (0): Conv2d(3, 128, kernel_size=(3, 3), stride=(1, 1), padding=(1, 1))
    (1): ReLU()
    (2): MaxPool2d(kernel_size=2, stride=2, padding=0, dilation=1, ceil_mode=False)
    (3): Conv2d(128, 256, kernel_size=(3, 3), stride=(1, 1))
    (4): ReLU()
    (5): MaxPool2d(kernel_size=2, stride=2, padding=0, dilation=1, ceil_mode=False)
    (6): Conv2d(256, 256, kernel_size=(3, 3), stride=(1, 1), padding=(1, 1))
    (7): ReLU()
    (8): MaxPool2d(kernel_size=2, stride=2, padding=0, dilation=1, ceil_mode=False)
    (9): Flatten(start_dim=1, end_dim=-1)
    (10): Linear(in_features=2304, out_features=512, bias=True)
    (11): ReLU()
    (12): Linear(in_features=512, out_features=256, bias=True)
    (13): ReLU()
    (14): Linear(in_features=256, out_features=100, bias=True)
  )
)
INFO:__main__:CHILD MODEL LOSS: 1.9387576885223388 with train time 49.09615755081177
INFO:__main__:CHILD MODEL ACCURACY: 0.4667
INFO:__main__:Policy gradient: 0.03193419799208641
INFO:__main__:
INFO:__main__:------ ITERATION 415 ------
INFO:__main__:Layers generated: [('256', '3', '2'), ('256', '3', '1')]
INFO:__main__:ChildCNNModel(
  (model): Sequential(
    (0): Conv2d(3, 128, kernel_size=(3, 3), stride=(1, 1), padding=(1, 1))
    (1): ReLU()
    (2): MaxPool2d(kernel_size=2, stride=2, padding=0, dilation=1, ceil_mode=False)
    (3): Conv2d(128, 256, kernel_size=(3, 3), stride=(1, 1), padding=(2, 2))
    (4): ReLU()
    (5): MaxPool2d(kernel_size=2, stride=2, padding=0, dilation=1, ceil_mode=False)
    (6): Conv2d(256, 256, kernel_size=(3, 3), stride=(1, 1), padding=(1, 1))
    (7): ReLU()
    (8): MaxPool2d(kernel_size=2, stride=2, padding=0, dilation=1, ceil_mode=False)
    (9): Flatten(start_dim=1, end_dim=-1)
    (10): Linear(in_features=4096, out_features=512, bias=True)
    (11): ReLU()
    (12): Linear(in_features=512, out_features=256, bias=True)
    (13): ReLU()
    (14): Linear(in_features=256, out_features=100, bias=True)
  )
)
INFO:__main__:CHILD MODEL LOSS: 1.815949927330017 with train time 69.79827427864075
INFO:__main__:CHILD MODEL ACCURACY: 0.4768
INFO:__main__:Policy gradient: 0.045679520815610886
INFO:__main__:
INFO:__main__:------ ITERATION 416 ------
INFO:__main__:Layers generated: [('256', '3', '2'), ('256', '3', '2')]
INFO:__main__:ChildCNNModel(
  (model): Sequential(
    (0): Conv2d(3, 128, kernel_size=(3, 3), stride=(1, 1), padding=(1, 1))
    (1): ReLU()
    (2): MaxPool2d(kernel_size=2, stride=2, padding=0, dilation=1, ceil_mode=False)
    (3): Conv2d(128, 256, kernel_size=(3, 3), stride=(1, 1), padding=(2, 2))
    (4): ReLU()
    (5): MaxPool2d(kernel_size=2, stride=2, padding=0, dilation=1, ceil_mode=False)
    (6): Conv2d(256, 256, kernel_size=(3, 3), stride=(1, 1), padding=(2, 2))
    (7): ReLU()
    (8): MaxPool2d(kernel_size=2, stride=2, padding=0, dilation=1, ceil_mode=False)
    (9): Flatten(start_dim=1, end_dim=-1)
    (10): Linear(in_features=6400, out_features=512, bias=True)
    (11): ReLU()
    (12): Linear(in_features=512, out_features=256, bias=True)
    (13): ReLU()
    (14): Linear(in_features=256, out_features=100, bias=True)
  )
)
INFO:__main__:CHILD MODEL LOSS: 1.8372153601646424 with train time 76.28942656517029
INFO:__main__:CHILD MODEL ACCURACY: 0.4764
INFO:__main__:Policy gradient: 0.04056093096733093
INFO:__main__:
INFO:__main__:------ ITERATION 417 ------
INFO:__main__:Layers generated: [('256', '3', '1'), ('256', '3', '2')]
INFO:__main__:ChildCNNModel(
  (model): Sequential(
    (0): Conv2d(3, 128, kernel_size=(3, 3), stride=(1, 1), padding=(1, 1))
    (1): ReLU()
    (2): MaxPool2d(kernel_size=2, stride=2, padding=0, dilation=1, ceil_mode=False)
    (3): Conv2d(128, 256, kernel_size=(3, 3), stride=(1, 1), padding=(1, 1))
    (4): ReLU()
    (5): MaxPool2d(kernel_size=2, stride=2, padding=0, dilation=1, ceil_mode=False)
    (6): Conv2d(256, 256, kernel_size=(3, 3), stride=(1, 1), padding=(2, 2))
    (7): ReLU()
    (8): MaxPool2d(kernel_size=2, stride=2, padding=0, dilation=1, ceil_mode=False)
    (9): Flatten(start_dim=1, end_dim=-1)
    (10): Linear(in_features=6400, out_features=512, bias=True)
    (11): ReLU()
    (12): Linear(in_features=512, out_features=256, bias=True)
    (13): ReLU()
    (14): Linear(in_features=256, out_features=100, bias=True)
  )
)
INFO:__main__:CHILD MODEL LOSS: 1.767272847175598 with train time 61.39466571807861
INFO:__main__:CHILD MODEL ACCURACY: 0.4877
INFO:__main__:Policy gradient: 0.059890296310186386
INFO:__main__:
INFO:__main__:------ ITERATION 418 ------
INFO:__main__:Layers generated: [('64', '3', '1'), ('256', '3', '1')]
INFO:__main__:ChildCNNModel(
  (model): Sequential(
    (0): Conv2d(3, 128, kernel_size=(3, 3), stride=(1, 1), padding=(1, 1))
    (1): ReLU()
    (2): MaxPool2d(kernel_size=2, stride=2, padding=0, dilation=1, ceil_mode=False)
    (3): Conv2d(128, 64, kernel_size=(3, 3), stride=(1, 1), padding=(1, 1))
    (4): ReLU()
    (5): MaxPool2d(kernel_size=2, stride=2, padding=0, dilation=1, ceil_mode=False)
    (6): Conv2d(64, 256, kernel_size=(3, 3), stride=(1, 1), padding=(1, 1))
    (7): ReLU()
    (8): MaxPool2d(kernel_size=2, stride=2, padding=0, dilation=1, ceil_mode=False)
    (9): Flatten(start_dim=1, end_dim=-1)
    (10): Linear(in_features=4096, out_features=512, bias=True)
    (11): ReLU()
    (12): Linear(in_features=512, out_features=256, bias=True)
    (13): ReLU()
    (14): Linear(in_features=256, out_features=100, bias=True)
  )
)
INFO:__main__:CHILD MODEL LOSS: 1.8942029376029967 with train time 38.11478853225708
INFO:__main__:CHILD MODEL ACCURACY: 0.4645
INFO:__main__:Policy gradient: -0.0008101314888335764
INFO:__main__:
INFO:__main__:------ ITERATION 419 ------
INFO:__main__:Layers generated: [('256', '3', '0'), ('256', '3', '2')]
INFO:__main__:ChildCNNModel(
  (model): Sequential(
    (0): Conv2d(3, 128, kernel_size=(3, 3), stride=(1, 1), padding=(1, 1))
    (1): ReLU()
    (2): MaxPool2d(kernel_size=2, stride=2, padding=0, dilation=1, ceil_mode=False)
    (3): Conv2d(128, 256, kernel_size=(3, 3), stride=(1, 1))
    (4): ReLU()
    (5): MaxPool2d(kernel_size=2, stride=2, padding=0, dilation=1, ceil_mode=False)
    (6): Conv2d(256, 256, kernel_size=(3, 3), stride=(1, 1), padding=(2, 2))
    (7): ReLU()
    (8): MaxPool2d(kernel_size=2, stride=2, padding=0, dilation=1, ceil_mode=False)
    (9): Flatten(start_dim=1, end_dim=-1)
    (10): Linear(in_features=4096, out_features=512, bias=True)
    (11): ReLU()
    (12): Linear(in_features=512, out_features=256, bias=True)
    (13): ReLU()
    (14): Linear(in_features=256, out_features=100, bias=True)
  )
)
INFO:__main__:CHILD MODEL LOSS: 1.8250759258270264 with train time 53.449950218200684
INFO:__main__:CHILD MODEL ACCURACY: 0.4894
INFO:__main__:Policy gradient: 0.09152782708406448
INFO:__main__:
INFO:__main__:------ ITERATION 420 ------
INFO:__main__:Layers generated: [('256', '3', '1'), ('256', '3', '1')]
INFO:__main__:ChildCNNModel(
  (model): Sequential(
    (0): Conv2d(3, 128, kernel_size=(3, 3), stride=(1, 1), padding=(1, 1))
    (1): ReLU()
    (2): MaxPool2d(kernel_size=2, stride=2, padding=0, dilation=1, ceil_mode=False)
    (3): Conv2d(128, 256, kernel_size=(3, 3), stride=(1, 1), padding=(1, 1))
    (4): ReLU()
    (5): MaxPool2d(kernel_size=2, stride=2, padding=0, dilation=1, ceil_mode=False)
    (6): Conv2d(256, 256, kernel_size=(3, 3), stride=(1, 1), padding=(1, 1))
    (7): ReLU()
    (8): MaxPool2d(kernel_size=2, stride=2, padding=0, dilation=1, ceil_mode=False)
    (9): Flatten(start_dim=1, end_dim=-1)
    (10): Linear(in_features=4096, out_features=512, bias=True)
    (11): ReLU()
    (12): Linear(in_features=512, out_features=256, bias=True)
    (13): ReLU()
    (14): Linear(in_features=256, out_features=100, bias=True)
  )
)
INFO:__main__:CHILD MODEL LOSS: 1.8344298100471497 with train time 55.57951092720032
INFO:__main__:CHILD MODEL ACCURACY: 0.4841
INFO:__main__:Policy gradient: 0.03952673077583313
INFO:__main__:
INFO:__main__:------ ITERATION 421 ------
INFO:__main__:Layers generated: [('256', '5', '2'), ('256', '3', '1')]
INFO:__main__:ChildCNNModel(
  (model): Sequential(
    (0): Conv2d(3, 128, kernel_size=(3, 3), stride=(1, 1), padding=(1, 1))
    (1): ReLU()
    (2): MaxPool2d(kernel_size=2, stride=2, padding=0, dilation=1, ceil_mode=False)
    (3): Conv2d(128, 256, kernel_size=(5, 5), stride=(1, 1), padding=(2, 2))
    (4): ReLU()
    (5): MaxPool2d(kernel_size=2, stride=2, padding=0, dilation=1, ceil_mode=False)
    (6): Conv2d(256, 256, kernel_size=(3, 3), stride=(1, 1), padding=(1, 1))
    (7): ReLU()
    (8): MaxPool2d(kernel_size=2, stride=2, padding=0, dilation=1, ceil_mode=False)
    (9): Flatten(start_dim=1, end_dim=-1)
    (10): Linear(in_features=4096, out_features=512, bias=True)
    (11): ReLU()
    (12): Linear(in_features=512, out_features=256, bias=True)
    (13): ReLU()
    (14): Linear(in_features=256, out_features=100, bias=True)
  )
)
INFO:__main__:CHILD MODEL LOSS: 1.9155562119483949 with train time 74.96778678894043
INFO:__main__:CHILD MODEL ACCURACY: 0.4729
INFO:__main__:Policy gradient: 0.021255534142255783
INFO:__main__:
INFO:__main__:------ ITERATION 422 ------
INFO:__main__:Layers generated: [('64', '3', '2'), ('256', '3', '1')]
INFO:__main__:ChildCNNModel(
  (model): Sequential(
    (0): Conv2d(3, 128, kernel_size=(3, 3), stride=(1, 1), padding=(1, 1))
    (1): ReLU()
    (2): MaxPool2d(kernel_size=2, stride=2, padding=0, dilation=1, ceil_mode=False)
    (3): Conv2d(128, 64, kernel_size=(3, 3), stride=(1, 1), padding=(2, 2))
    (4): ReLU()
    (5): MaxPool2d(kernel_size=2, stride=2, padding=0, dilation=1, ceil_mode=False)
    (6): Conv2d(64, 256, kernel_size=(3, 3), stride=(1, 1), padding=(1, 1))
    (7): ReLU()
    (8): MaxPool2d(kernel_size=2, stride=2, padding=0, dilation=1, ceil_mode=False)
    (9): Flatten(start_dim=1, end_dim=-1)
    (10): Linear(in_features=4096, out_features=512, bias=True)
    (11): ReLU()
    (12): Linear(in_features=512, out_features=256, bias=True)
    (13): ReLU()
    (14): Linear(in_features=256, out_features=100, bias=True)
  )
)
INFO:__main__:CHILD MODEL LOSS: 1.8282468218803405 with train time 40.983055114746094
INFO:__main__:CHILD MODEL ACCURACY: 0.4815
INFO:__main__:Policy gradient: 0.05469448119401932
INFO:__main__:
INFO:__main__:------ ITERATION 423 ------
INFO:__main__:Layers generated: [('256', '3', '2'), ('256', '3', '1')]
INFO:__main__:ChildCNNModel(
  (model): Sequential(
    (0): Conv2d(3, 128, kernel_size=(3, 3), stride=(1, 1), padding=(1, 1))
    (1): ReLU()
    (2): MaxPool2d(kernel_size=2, stride=2, padding=0, dilation=1, ceil_mode=False)
    (3): Conv2d(128, 256, kernel_size=(3, 3), stride=(1, 1), padding=(2, 2))
    (4): ReLU()
    (5): MaxPool2d(kernel_size=2, stride=2, padding=0, dilation=1, ceil_mode=False)
    (6): Conv2d(256, 256, kernel_size=(3, 3), stride=(1, 1), padding=(1, 1))
    (7): ReLU()
    (8): MaxPool2d(kernel_size=2, stride=2, padding=0, dilation=1, ceil_mode=False)
    (9): Flatten(start_dim=1, end_dim=-1)
    (10): Linear(in_features=4096, out_features=512, bias=True)
    (11): ReLU()
    (12): Linear(in_features=512, out_features=256, bias=True)
    (13): ReLU()
    (14): Linear(in_features=256, out_features=100, bias=True)
  )
)
INFO:__main__:CHILD MODEL LOSS: 1.8456931691169738 with train time 69.77274060249329
INFO:__main__:CHILD MODEL ACCURACY: 0.4808
INFO:__main__:Policy gradient: 0.02544141747057438
INFO:__main__:
INFO:__main__:------ ITERATION 424 ------
INFO:__main__:Layers generated: [('64', '3', '1'), ('16', '1', '1')]
INFO:__main__:ChildCNNModel(
  (model): Sequential(
    (0): Conv2d(3, 128, kernel_size=(3, 3), stride=(1, 1), padding=(1, 1))
    (1): ReLU()
    (2): MaxPool2d(kernel_size=2, stride=2, padding=0, dilation=1, ceil_mode=False)
    (3): Conv2d(128, 64, kernel_size=(3, 3), stride=(1, 1), padding=(1, 1))
    (4): ReLU()
    (5): MaxPool2d(kernel_size=2, stride=2, padding=0, dilation=1, ceil_mode=False)
    (6): Conv2d(64, 16, kernel_size=(1, 1), stride=(1, 1), padding=(1, 1))
    (7): ReLU()
    (8): MaxPool2d(kernel_size=2, stride=2, padding=0, dilation=1, ceil_mode=False)
    (9): Flatten(start_dim=1, end_dim=-1)
    (10): Linear(in_features=400, out_features=512, bias=True)
    (11): ReLU()
    (12): Linear(in_features=512, out_features=256, bias=True)
    (13): ReLU()
    (14): Linear(in_features=256, out_features=100, bias=True)
  )
)
INFO:__main__:CHILD MODEL LOSS: 2.376566880226135 with train time 36.79142880439758
INFO:__main__:CHILD MODEL ACCURACY: 0.3864
INFO:__main__:Policy gradient: -0.9151626229286194
INFO:__main__:
INFO:__main__:------ ITERATION 425 ------
INFO:__main__:Layers generated: [('256', '3', '2'), ('256', '3', '0')]
INFO:__main__:ChildCNNModel(
  (model): Sequential(
    (0): Conv2d(3, 128, kernel_size=(3, 3), stride=(1, 1), padding=(1, 1))
    (1): ReLU()
    (2): MaxPool2d(kernel_size=2, stride=2, padding=0, dilation=1, ceil_mode=False)
    (3): Conv2d(128, 256, kernel_size=(3, 3), stride=(1, 1), padding=(2, 2))
    (4): ReLU()
    (5): MaxPool2d(kernel_size=2, stride=2, padding=0, dilation=1, ceil_mode=False)
    (6): Conv2d(256, 256, kernel_size=(3, 3), stride=(1, 1))
    (7): ReLU()
    (8): MaxPool2d(kernel_size=2, stride=2, padding=0, dilation=1, ceil_mode=False)
    (9): Flatten(start_dim=1, end_dim=-1)
    (10): Linear(in_features=2304, out_features=512, bias=True)
    (11): ReLU()
    (12): Linear(in_features=512, out_features=256, bias=True)
    (13): ReLU()
    (14): Linear(in_features=256, out_features=100, bias=True)
  )
)
INFO:__main__:CHILD MODEL LOSS: 1.9961186971664429 with train time 65.54256796836853
INFO:__main__:CHILD MODEL ACCURACY: 0.468
INFO:__main__:Policy gradient: 0.021003013476729393
INFO:__main__:
INFO:__main__:------ ITERATION 426 ------
INFO:__main__:Layers generated: [('64', '3', '2'), ('128', '3', '2')]
INFO:__main__:ChildCNNModel(
  (model): Sequential(
    (0): Conv2d(3, 128, kernel_size=(3, 3), stride=(1, 1), padding=(1, 1))
    (1): ReLU()
    (2): MaxPool2d(kernel_size=2, stride=2, padding=0, dilation=1, ceil_mode=False)
    (3): Conv2d(128, 64, kernel_size=(3, 3), stride=(1, 1), padding=(2, 2))
    (4): ReLU()
    (5): MaxPool2d(kernel_size=2, stride=2, padding=0, dilation=1, ceil_mode=False)
    (6): Conv2d(64, 128, kernel_size=(3, 3), stride=(1, 1), padding=(2, 2))
    (7): ReLU()
    (8): MaxPool2d(kernel_size=2, stride=2, padding=0, dilation=1, ceil_mode=False)
    (9): Flatten(start_dim=1, end_dim=-1)
    (10): Linear(in_features=3200, out_features=512, bias=True)
    (11): ReLU()
    (12): Linear(in_features=512, out_features=256, bias=True)
    (13): ReLU()
    (14): Linear(in_features=256, out_features=100, bias=True)
  )
)
INFO:__main__:CHILD MODEL LOSS: 1.9041704239845276 with train time 39.82074522972107
INFO:__main__:CHILD MODEL ACCURACY: 0.4673
INFO:__main__:Policy gradient: 0.024110930040478706
INFO:__main__:
INFO:__main__:------ ITERATION 427 ------
INFO:__main__:Layers generated: [('256', '3', '2'), ('256', '3', '1')]
INFO:__main__:ChildCNNModel(
  (model): Sequential(
    (0): Conv2d(3, 128, kernel_size=(3, 3), stride=(1, 1), padding=(1, 1))
    (1): ReLU()
    (2): MaxPool2d(kernel_size=2, stride=2, padding=0, dilation=1, ceil_mode=False)
    (3): Conv2d(128, 256, kernel_size=(3, 3), stride=(1, 1), padding=(2, 2))
    (4): ReLU()
    (5): MaxPool2d(kernel_size=2, stride=2, padding=0, dilation=1, ceil_mode=False)
    (6): Conv2d(256, 256, kernel_size=(3, 3), stride=(1, 1), padding=(1, 1))
    (7): ReLU()
    (8): MaxPool2d(kernel_size=2, stride=2, padding=0, dilation=1, ceil_mode=False)
    (9): Flatten(start_dim=1, end_dim=-1)
    (10): Linear(in_features=4096, out_features=512, bias=True)
    (11): ReLU()
    (12): Linear(in_features=512, out_features=256, bias=True)
    (13): ReLU()
    (14): Linear(in_features=256, out_features=100, bias=True)
  )
)
INFO:__main__:CHILD MODEL LOSS: 1.961951958179474 with train time 69.85811066627502
INFO:__main__:CHILD MODEL ACCURACY: 0.4576
INFO:__main__:Policy gradient: -0.015250776894390583
INFO:__main__:
INFO:__main__:------ ITERATION 428 ------
INFO:__main__:Layers generated: [('256', '3', '1'), ('256', '3', '2')]
INFO:__main__:ChildCNNModel(
  (model): Sequential(
    (0): Conv2d(3, 128, kernel_size=(3, 3), stride=(1, 1), padding=(1, 1))
    (1): ReLU()
    (2): MaxPool2d(kernel_size=2, stride=2, padding=0, dilation=1, ceil_mode=False)
    (3): Conv2d(128, 256, kernel_size=(3, 3), stride=(1, 1), padding=(1, 1))
    (4): ReLU()
    (5): MaxPool2d(kernel_size=2, stride=2, padding=0, dilation=1, ceil_mode=False)
    (6): Conv2d(256, 256, kernel_size=(3, 3), stride=(1, 1), padding=(2, 2))
    (7): ReLU()
    (8): MaxPool2d(kernel_size=2, stride=2, padding=0, dilation=1, ceil_mode=False)
    (9): Flatten(start_dim=1, end_dim=-1)
    (10): Linear(in_features=6400, out_features=512, bias=True)
    (11): ReLU()
    (12): Linear(in_features=512, out_features=256, bias=True)
    (13): ReLU()
    (14): Linear(in_features=256, out_features=100, bias=True)
  )
)
INFO:__main__:CHILD MODEL LOSS: 1.7749533939361573 with train time 61.45319151878357
INFO:__main__:CHILD MODEL ACCURACY: 0.4907
INFO:__main__:Policy gradient: 0.0605928897857666
INFO:__main__:
INFO:__main__:------ ITERATION 429 ------
INFO:__main__:Layers generated: [('256', '3', '1'), ('256', '3', '0')]
INFO:__main__:ChildCNNModel(
  (model): Sequential(
    (0): Conv2d(3, 128, kernel_size=(3, 3), stride=(1, 1), padding=(1, 1))
    (1): ReLU()
    (2): MaxPool2d(kernel_size=2, stride=2, padding=0, dilation=1, ceil_mode=False)
    (3): Conv2d(128, 256, kernel_size=(3, 3), stride=(1, 1), padding=(1, 1))
    (4): ReLU()
    (5): MaxPool2d(kernel_size=2, stride=2, padding=0, dilation=1, ceil_mode=False)
    (6): Conv2d(256, 256, kernel_size=(3, 3), stride=(1, 1))
    (7): ReLU()
    (8): MaxPool2d(kernel_size=2, stride=2, padding=0, dilation=1, ceil_mode=False)
    (9): Flatten(start_dim=1, end_dim=-1)
    (10): Linear(in_features=2304, out_features=512, bias=True)
    (11): ReLU()
    (12): Linear(in_features=512, out_features=256, bias=True)
    (13): ReLU()
    (14): Linear(in_features=256, out_features=100, bias=True)
  )
)
INFO:__main__:CHILD MODEL LOSS: 1.9485068454742431 with train time 52.344234466552734
INFO:__main__:CHILD MODEL ACCURACY: 0.4591
INFO:__main__:Policy gradient: -0.027647394686937332
INFO:__main__:
INFO:__main__:------ ITERATION 430 ------
INFO:__main__:Layers generated: [('128', '3', '1'), ('256', '3', '1')]
INFO:__main__:ChildCNNModel(
  (model): Sequential(
    (0): Conv2d(3, 128, kernel_size=(3, 3), stride=(1, 1), padding=(1, 1))
    (1): ReLU()
    (2): MaxPool2d(kernel_size=2, stride=2, padding=0, dilation=1, ceil_mode=False)
    (3): Conv2d(128, 128, kernel_size=(3, 3), stride=(1, 1), padding=(1, 1))
    (4): ReLU()
    (5): MaxPool2d(kernel_size=2, stride=2, padding=0, dilation=1, ceil_mode=False)
    (6): Conv2d(128, 256, kernel_size=(3, 3), stride=(1, 1), padding=(1, 1))
    (7): ReLU()
    (8): MaxPool2d(kernel_size=2, stride=2, padding=0, dilation=1, ceil_mode=False)
    (9): Flatten(start_dim=1, end_dim=-1)
    (10): Linear(in_features=4096, out_features=512, bias=True)
    (11): ReLU()
    (12): Linear(in_features=512, out_features=256, bias=True)
    (13): ReLU()
    (14): Linear(in_features=256, out_features=100, bias=True)
  )
)
INFO:__main__:CHILD MODEL LOSS: 1.8191281542778015 with train time 42.587961196899414
INFO:__main__:CHILD MODEL ACCURACY: 0.4921
INFO:__main__:Policy gradient: 0.12687498331069946
INFO:__main__:
INFO:__main__:------ ITERATION 431 ------
INFO:__main__:Layers generated: [('256', '5', '2'), ('256', '3', '1')]
INFO:__main__:ChildCNNModel(
  (model): Sequential(
    (0): Conv2d(3, 128, kernel_size=(3, 3), stride=(1, 1), padding=(1, 1))
    (1): ReLU()
    (2): MaxPool2d(kernel_size=2, stride=2, padding=0, dilation=1, ceil_mode=False)
    (3): Conv2d(128, 256, kernel_size=(5, 5), stride=(1, 1), padding=(2, 2))
    (4): ReLU()
    (5): MaxPool2d(kernel_size=2, stride=2, padding=0, dilation=1, ceil_mode=False)
    (6): Conv2d(256, 256, kernel_size=(3, 3), stride=(1, 1), padding=(1, 1))
    (7): ReLU()
    (8): MaxPool2d(kernel_size=2, stride=2, padding=0, dilation=1, ceil_mode=False)
    (9): Flatten(start_dim=1, end_dim=-1)
    (10): Linear(in_features=4096, out_features=512, bias=True)
    (11): ReLU()
    (12): Linear(in_features=512, out_features=256, bias=True)
    (13): ReLU()
    (14): Linear(in_features=256, out_features=100, bias=True)
  )
)
INFO:__main__:CHILD MODEL LOSS: 1.9068183207511902 with train time 74.97359609603882
INFO:__main__:CHILD MODEL ACCURACY: 0.4618
INFO:__main__:Policy gradient: -0.032372765243053436
INFO:__main__:
INFO:__main__:------ ITERATION 432 ------
INFO:__main__:Layers generated: [('64', '3', '2'), ('256', '3', '2')]
INFO:__main__:ChildCNNModel(
  (model): Sequential(
    (0): Conv2d(3, 128, kernel_size=(3, 3), stride=(1, 1), padding=(1, 1))
    (1): ReLU()
    (2): MaxPool2d(kernel_size=2, stride=2, padding=0, dilation=1, ceil_mode=False)
    (3): Conv2d(128, 64, kernel_size=(3, 3), stride=(1, 1), padding=(2, 2))
    (4): ReLU()
    (5): MaxPool2d(kernel_size=2, stride=2, padding=0, dilation=1, ceil_mode=False)
    (6): Conv2d(64, 256, kernel_size=(3, 3), stride=(1, 1), padding=(2, 2))
    (7): ReLU()
    (8): MaxPool2d(kernel_size=2, stride=2, padding=0, dilation=1, ceil_mode=False)
    (9): Flatten(start_dim=1, end_dim=-1)
    (10): Linear(in_features=6400, out_features=512, bias=True)
    (11): ReLU()
    (12): Linear(in_features=512, out_features=256, bias=True)
    (13): ReLU()
    (14): Linear(in_features=256, out_features=100, bias=True)
  )
)
INFO:__main__:CHILD MODEL LOSS: 1.925691336631775 with train time 44.04997777938843
INFO:__main__:CHILD MODEL ACCURACY: 0.4749
INFO:__main__:Policy gradient: 0.03306642174720764
INFO:__main__:
INFO:__main__:------ ITERATION 433 ------
INFO:__main__:Layers generated: [('128', '3', '1'), ('256', '3', '2')]
INFO:__main__:ChildCNNModel(
  (model): Sequential(
    (0): Conv2d(3, 128, kernel_size=(3, 3), stride=(1, 1), padding=(1, 1))
    (1): ReLU()
    (2): MaxPool2d(kernel_size=2, stride=2, padding=0, dilation=1, ceil_mode=False)
    (3): Conv2d(128, 128, kernel_size=(3, 3), stride=(1, 1), padding=(1, 1))
    (4): ReLU()
    (5): MaxPool2d(kernel_size=2, stride=2, padding=0, dilation=1, ceil_mode=False)
    (6): Conv2d(128, 256, kernel_size=(3, 3), stride=(1, 1), padding=(2, 2))
    (7): ReLU()
    (8): MaxPool2d(kernel_size=2, stride=2, padding=0, dilation=1, ceil_mode=False)
    (9): Flatten(start_dim=1, end_dim=-1)
    (10): Linear(in_features=6400, out_features=512, bias=True)
    (11): ReLU()
    (12): Linear(in_features=512, out_features=256, bias=True)
    (13): ReLU()
    (14): Linear(in_features=256, out_features=100, bias=True)
  )
)
INFO:__main__:CHILD MODEL LOSS: 1.8149274482727051 with train time 45.78887939453125
INFO:__main__:CHILD MODEL ACCURACY: 0.4881
INFO:__main__:Policy gradient: 0.09166043251752853
INFO:__main__:
INFO:__main__:------ ITERATION 434 ------
INFO:__main__:Layers generated: [('256', '3', '2'), ('256', '3', '2')]
INFO:__main__:ChildCNNModel(
  (model): Sequential(
    (0): Conv2d(3, 128, kernel_size=(3, 3), stride=(1, 1), padding=(1, 1))
    (1): ReLU()
    (2): MaxPool2d(kernel_size=2, stride=2, padding=0, dilation=1, ceil_mode=False)
    (3): Conv2d(128, 256, kernel_size=(3, 3), stride=(1, 1), padding=(2, 2))
    (4): ReLU()
    (5): MaxPool2d(kernel_size=2, stride=2, padding=0, dilation=1, ceil_mode=False)
    (6): Conv2d(256, 256, kernel_size=(3, 3), stride=(1, 1), padding=(2, 2))
    (7): ReLU()
    (8): MaxPool2d(kernel_size=2, stride=2, padding=0, dilation=1, ceil_mode=False)
    (9): Flatten(start_dim=1, end_dim=-1)
    (10): Linear(in_features=6400, out_features=512, bias=True)
    (11): ReLU()
    (12): Linear(in_features=512, out_features=256, bias=True)
    (13): ReLU()
    (14): Linear(in_features=256, out_features=100, bias=True)
  )
)
INFO:__main__:CHILD MODEL LOSS: 1.8892393698692322 with train time 76.34718084335327
INFO:__main__:CHILD MODEL ACCURACY: 0.473
INFO:__main__:Policy gradient: 0.006471551023423672
INFO:__main__:
INFO:__main__:------ ITERATION 435 ------
INFO:__main__:Layers generated: [('128', '3', '1'), ('256', '3', '1')]
INFO:__main__:ChildCNNModel(
  (model): Sequential(
    (0): Conv2d(3, 128, kernel_size=(3, 3), stride=(1, 1), padding=(1, 1))
    (1): ReLU()
    (2): MaxPool2d(kernel_size=2, stride=2, padding=0, dilation=1, ceil_mode=False)
    (3): Conv2d(128, 128, kernel_size=(3, 3), stride=(1, 1), padding=(1, 1))
    (4): ReLU()
    (5): MaxPool2d(kernel_size=2, stride=2, padding=0, dilation=1, ceil_mode=False)
    (6): Conv2d(128, 256, kernel_size=(3, 3), stride=(1, 1), padding=(1, 1))
    (7): ReLU()
    (8): MaxPool2d(kernel_size=2, stride=2, padding=0, dilation=1, ceil_mode=False)
    (9): Flatten(start_dim=1, end_dim=-1)
    (10): Linear(in_features=4096, out_features=512, bias=True)
    (11): ReLU()
    (12): Linear(in_features=512, out_features=256, bias=True)
    (13): ReLU()
    (14): Linear(in_features=256, out_features=100, bias=True)
  )
)
INFO:__main__:CHILD MODEL LOSS: 1.8239005813598632 with train time 42.61826753616333
INFO:__main__:CHILD MODEL ACCURACY: 0.4811
INFO:__main__:Policy gradient: 0.05064950883388519
INFO:__main__:
INFO:__main__:------ ITERATION 436 ------
INFO:__main__:Layers generated: [('256', '3', '2'), ('256', '3', '2')]
INFO:__main__:ChildCNNModel(
  (model): Sequential(
    (0): Conv2d(3, 128, kernel_size=(3, 3), stride=(1, 1), padding=(1, 1))
    (1): ReLU()
    (2): MaxPool2d(kernel_size=2, stride=2, padding=0, dilation=1, ceil_mode=False)
    (3): Conv2d(128, 256, kernel_size=(3, 3), stride=(1, 1), padding=(2, 2))
    (4): ReLU()
    (5): MaxPool2d(kernel_size=2, stride=2, padding=0, dilation=1, ceil_mode=False)
    (6): Conv2d(256, 256, kernel_size=(3, 3), stride=(1, 1), padding=(2, 2))
    (7): ReLU()
    (8): MaxPool2d(kernel_size=2, stride=2, padding=0, dilation=1, ceil_mode=False)
    (9): Flatten(start_dim=1, end_dim=-1)
    (10): Linear(in_features=6400, out_features=512, bias=True)
    (11): ReLU()
    (12): Linear(in_features=512, out_features=256, bias=True)
    (13): ReLU()
    (14): Linear(in_features=256, out_features=100, bias=True)
  )
)
INFO:__main__:CHILD MODEL LOSS: 1.7983042039871215 with train time 76.35439944267273
INFO:__main__:CHILD MODEL ACCURACY: 0.4843
INFO:__main__:Policy gradient: 0.02859846130013466
INFO:__main__:
INFO:__main__:------ ITERATION 437 ------
INFO:__main__:Layers generated: [('256', '3', '1'), ('128', '3', '1')]
INFO:__main__:ChildCNNModel(
  (model): Sequential(
    (0): Conv2d(3, 128, kernel_size=(3, 3), stride=(1, 1), padding=(1, 1))
    (1): ReLU()
    (2): MaxPool2d(kernel_size=2, stride=2, padding=0, dilation=1, ceil_mode=False)
    (3): Conv2d(128, 256, kernel_size=(3, 3), stride=(1, 1), padding=(1, 1))
    (4): ReLU()
    (5): MaxPool2d(kernel_size=2, stride=2, padding=0, dilation=1, ceil_mode=False)
    (6): Conv2d(256, 128, kernel_size=(3, 3), stride=(1, 1), padding=(1, 1))
    (7): ReLU()
    (8): MaxPool2d(kernel_size=2, stride=2, padding=0, dilation=1, ceil_mode=False)
    (9): Flatten(start_dim=1, end_dim=-1)
    (10): Linear(in_features=2048, out_features=512, bias=True)
    (11): ReLU()
    (12): Linear(in_features=512, out_features=256, bias=True)
    (13): ReLU()
    (14): Linear(in_features=256, out_features=100, bias=True)
  )
)
INFO:__main__:CHILD MODEL LOSS: 1.9627958278656006 with train time 51.16635990142822
INFO:__main__:CHILD MODEL ACCURACY: 0.4671
INFO:__main__:Policy gradient: -0.024910811334848404
INFO:__main__:
INFO:__main__:------ ITERATION 438 ------
INFO:__main__:Layers generated: [('256', '3', '0'), ('256', '5', '2')]
INFO:__main__:ChildCNNModel(
  (model): Sequential(
    (0): Conv2d(3, 128, kernel_size=(3, 3), stride=(1, 1), padding=(1, 1))
    (1): ReLU()
    (2): MaxPool2d(kernel_size=2, stride=2, padding=0, dilation=1, ceil_mode=False)
    (3): Conv2d(128, 256, kernel_size=(3, 3), stride=(1, 1))
    (4): ReLU()
    (5): MaxPool2d(kernel_size=2, stride=2, padding=0, dilation=1, ceil_mode=False)
    (6): Conv2d(256, 256, kernel_size=(5, 5), stride=(1, 1), padding=(2, 2))
    (7): ReLU()
    (8): MaxPool2d(kernel_size=2, stride=2, padding=0, dilation=1, ceil_mode=False)
    (9): Flatten(start_dim=1, end_dim=-1)
    (10): Linear(in_features=2304, out_features=512, bias=True)
    (11): ReLU()
    (12): Linear(in_features=512, out_features=256, bias=True)
    (13): ReLU()
    (14): Linear(in_features=256, out_features=100, bias=True)
  )
)
INFO:__main__:CHILD MODEL LOSS: 1.899786633491516 with train time 57.90877985954285
INFO:__main__:CHILD MODEL ACCURACY: 0.4695
INFO:__main__:Policy gradient: -0.018062381073832512
INFO:__main__:
INFO:__main__:------ ITERATION 439 ------
INFO:__main__:Layers generated: [('256', '5', '2'), ('256', '3', '2')]
INFO:__main__:ChildCNNModel(
  (model): Sequential(
    (0): Conv2d(3, 128, kernel_size=(3, 3), stride=(1, 1), padding=(1, 1))
    (1): ReLU()
    (2): MaxPool2d(kernel_size=2, stride=2, padding=0, dilation=1, ceil_mode=False)
    (3): Conv2d(128, 256, kernel_size=(5, 5), stride=(1, 1), padding=(2, 2))
    (4): ReLU()
    (5): MaxPool2d(kernel_size=2, stride=2, padding=0, dilation=1, ceil_mode=False)
    (6): Conv2d(256, 256, kernel_size=(3, 3), stride=(1, 1), padding=(2, 2))
    (7): ReLU()
    (8): MaxPool2d(kernel_size=2, stride=2, padding=0, dilation=1, ceil_mode=False)
    (9): Flatten(start_dim=1, end_dim=-1)
    (10): Linear(in_features=6400, out_features=512, bias=True)
    (11): ReLU()
    (12): Linear(in_features=512, out_features=256, bias=True)
    (13): ReLU()
    (14): Linear(in_features=256, out_features=100, bias=True)
  )
)
INFO:__main__:CHILD MODEL LOSS: 1.9026398310661317 with train time 80.88849925994873
INFO:__main__:CHILD MODEL ACCURACY: 0.4724
INFO:__main__:Policy gradient: 0.00244729733094573
INFO:__main__:
INFO:__main__:------ ITERATION 440 ------
INFO:__main__:Layers generated: [('64', '3', '1'), ('32', '3', '2')]
INFO:__main__:ChildCNNModel(
  (model): Sequential(
    (0): Conv2d(3, 128, kernel_size=(3, 3), stride=(1, 1), padding=(1, 1))
    (1): ReLU()
    (2): MaxPool2d(kernel_size=2, stride=2, padding=0, dilation=1, ceil_mode=False)
    (3): Conv2d(128, 64, kernel_size=(3, 3), stride=(1, 1), padding=(1, 1))
    (4): ReLU()
    (5): MaxPool2d(kernel_size=2, stride=2, padding=0, dilation=1, ceil_mode=False)
    (6): Conv2d(64, 32, kernel_size=(3, 3), stride=(1, 1), padding=(2, 2))
    (7): ReLU()
    (8): MaxPool2d(kernel_size=2, stride=2, padding=0, dilation=1, ceil_mode=False)
    (9): Flatten(start_dim=1, end_dim=-1)
    (10): Linear(in_features=800, out_features=512, bias=True)
    (11): ReLU()
    (12): Linear(in_features=512, out_features=256, bias=True)
    (13): ReLU()
    (14): Linear(in_features=256, out_features=100, bias=True)
  )
)
INFO:__main__:CHILD MODEL LOSS: 2.1298925223350524 with train time 37.37681794166565
INFO:__main__:CHILD MODEL ACCURACY: 0.429
INFO:__main__:Policy gradient: -0.33426254987716675
INFO:__main__:
INFO:__main__:------ ITERATION 441 ------
INFO:__main__:Layers generated: [('256', '3', '1'), ('256', '3', '2')]
INFO:__main__:ChildCNNModel(
  (model): Sequential(
    (0): Conv2d(3, 128, kernel_size=(3, 3), stride=(1, 1), padding=(1, 1))
    (1): ReLU()
    (2): MaxPool2d(kernel_size=2, stride=2, padding=0, dilation=1, ceil_mode=False)
    (3): Conv2d(128, 256, kernel_size=(3, 3), stride=(1, 1), padding=(1, 1))
    (4): ReLU()
    (5): MaxPool2d(kernel_size=2, stride=2, padding=0, dilation=1, ceil_mode=False)
    (6): Conv2d(256, 256, kernel_size=(3, 3), stride=(1, 1), padding=(2, 2))
    (7): ReLU()
    (8): MaxPool2d(kernel_size=2, stride=2, padding=0, dilation=1, ceil_mode=False)
    (9): Flatten(start_dim=1, end_dim=-1)
    (10): Linear(in_features=6400, out_features=512, bias=True)
    (11): ReLU()
    (12): Linear(in_features=512, out_features=256, bias=True)
    (13): ReLU()
    (14): Linear(in_features=256, out_features=100, bias=True)
  )
)
INFO:__main__:CHILD MODEL LOSS: 1.779844431400299 with train time 61.41164684295654
INFO:__main__:CHILD MODEL ACCURACY: 0.4693
INFO:__main__:Policy gradient: 0.003465479938313365
INFO:__main__:
INFO:__main__:------ ITERATION 442 ------
INFO:__main__:Layers generated: [('256', '3', '1'), ('256', '3', '1')]
INFO:__main__:ChildCNNModel(
  (model): Sequential(
    (0): Conv2d(3, 128, kernel_size=(3, 3), stride=(1, 1), padding=(1, 1))
    (1): ReLU()
    (2): MaxPool2d(kernel_size=2, stride=2, padding=0, dilation=1, ceil_mode=False)
    (3): Conv2d(128, 256, kernel_size=(3, 3), stride=(1, 1), padding=(1, 1))
    (4): ReLU()
    (5): MaxPool2d(kernel_size=2, stride=2, padding=0, dilation=1, ceil_mode=False)
    (6): Conv2d(256, 256, kernel_size=(3, 3), stride=(1, 1), padding=(1, 1))
    (7): ReLU()
    (8): MaxPool2d(kernel_size=2, stride=2, padding=0, dilation=1, ceil_mode=False)
    (9): Flatten(start_dim=1, end_dim=-1)
    (10): Linear(in_features=4096, out_features=512, bias=True)
    (11): ReLU()
    (12): Linear(in_features=512, out_features=256, bias=True)
    (13): ReLU()
    (14): Linear(in_features=256, out_features=100, bias=True)
  )
)
INFO:__main__:CHILD MODEL LOSS: 1.936831355571747 with train time 55.62681555747986
INFO:__main__:CHILD MODEL ACCURACY: 0.4665
INFO:__main__:Policy gradient: -0.003134598955512047
INFO:__main__:
INFO:__main__:------ ITERATION 443 ------
INFO:__main__:Layers generated: [('256', '1', '1'), ('64', '3', '2')]
INFO:__main__:ChildCNNModel(
  (model): Sequential(
    (0): Conv2d(3, 128, kernel_size=(3, 3), stride=(1, 1), padding=(1, 1))
    (1): ReLU()
    (2): MaxPool2d(kernel_size=2, stride=2, padding=0, dilation=1, ceil_mode=False)
    (3): Conv2d(128, 256, kernel_size=(1, 1), stride=(1, 1), padding=(1, 1))
    (4): ReLU()
    (5): MaxPool2d(kernel_size=2, stride=2, padding=0, dilation=1, ceil_mode=False)
    (6): Conv2d(256, 64, kernel_size=(3, 3), stride=(1, 1), padding=(2, 2))
    (7): ReLU()
    (8): MaxPool2d(kernel_size=2, stride=2, padding=0, dilation=1, ceil_mode=False)
    (9): Flatten(start_dim=1, end_dim=-1)
    (10): Linear(in_features=1600, out_features=512, bias=True)
    (11): ReLU()
    (12): Linear(in_features=512, out_features=256, bias=True)
    (13): ReLU()
    (14): Linear(in_features=256, out_features=100, bias=True)
  )
)
INFO:__main__:CHILD MODEL LOSS: 2.0029733543395998 with train time 45.889413595199585
INFO:__main__:CHILD MODEL ACCURACY: 0.4493
INFO:__main__:Policy gradient: -0.1320025622844696
INFO:__main__:
INFO:__main__:------ ITERATION 444 ------
INFO:__main__:Layers generated: [('64', '3', '0'), ('256', '3', '1')]
INFO:__main__:ChildCNNModel(
  (model): Sequential(
    (0): Conv2d(3, 128, kernel_size=(3, 3), stride=(1, 1), padding=(1, 1))
    (1): ReLU()
    (2): MaxPool2d(kernel_size=2, stride=2, padding=0, dilation=1, ceil_mode=False)
    (3): Conv2d(128, 64, kernel_size=(3, 3), stride=(1, 1))
    (4): ReLU()
    (5): MaxPool2d(kernel_size=2, stride=2, padding=0, dilation=1, ceil_mode=False)
    (6): Conv2d(64, 256, kernel_size=(3, 3), stride=(1, 1), padding=(1, 1))
    (7): ReLU()
    (8): MaxPool2d(kernel_size=2, stride=2, padding=0, dilation=1, ceil_mode=False)
    (9): Flatten(start_dim=1, end_dim=-1)
    (10): Linear(in_features=2304, out_features=512, bias=True)
    (11): ReLU()
    (12): Linear(in_features=512, out_features=256, bias=True)
    (13): ReLU()
    (14): Linear(in_features=256, out_features=100, bias=True)
  )
)
INFO:__main__:CHILD MODEL LOSS: 2.077490092754364 with train time 37.595677852630615
INFO:__main__:CHILD MODEL ACCURACY: 0.4508
INFO:__main__:Policy gradient: -0.08836651593446732
INFO:__main__:
INFO:__main__:------ ITERATION 445 ------
INFO:__main__:Layers generated: [('256', '3', '1'), ('64', '3', '1')]
INFO:__main__:ChildCNNModel(
  (model): Sequential(
    (0): Conv2d(3, 128, kernel_size=(3, 3), stride=(1, 1), padding=(1, 1))
    (1): ReLU()
    (2): MaxPool2d(kernel_size=2, stride=2, padding=0, dilation=1, ceil_mode=False)
    (3): Conv2d(128, 256, kernel_size=(3, 3), stride=(1, 1), padding=(1, 1))
    (4): ReLU()
    (5): MaxPool2d(kernel_size=2, stride=2, padding=0, dilation=1, ceil_mode=False)
    (6): Conv2d(256, 64, kernel_size=(3, 3), stride=(1, 1), padding=(1, 1))
    (7): ReLU()
    (8): MaxPool2d(kernel_size=2, stride=2, padding=0, dilation=1, ceil_mode=False)
    (9): Flatten(start_dim=1, end_dim=-1)
    (10): Linear(in_features=1024, out_features=512, bias=True)
    (11): ReLU()
    (12): Linear(in_features=512, out_features=256, bias=True)
    (13): ReLU()
    (14): Linear(in_features=256, out_features=100, bias=True)
  )
)
INFO:__main__:CHILD MODEL LOSS: 2.083832252025604 with train time 49.33728384971619
INFO:__main__:CHILD MODEL ACCURACY: 0.4429
INFO:__main__:Policy gradient: -0.10678943991661072
INFO:__main__:
INFO:__main__:------ ITERATION 446 ------
INFO:__main__:Layers generated: [('256', '1', '1'), ('32', '3', '1')]
INFO:__main__:ChildCNNModel(
  (model): Sequential(
    (0): Conv2d(3, 128, kernel_size=(3, 3), stride=(1, 1), padding=(1, 1))
    (1): ReLU()
    (2): MaxPool2d(kernel_size=2, stride=2, padding=0, dilation=1, ceil_mode=False)
    (3): Conv2d(128, 256, kernel_size=(1, 1), stride=(1, 1), padding=(1, 1))
    (4): ReLU()
    (5): MaxPool2d(kernel_size=2, stride=2, padding=0, dilation=1, ceil_mode=False)
    (6): Conv2d(256, 32, kernel_size=(3, 3), stride=(1, 1), padding=(1, 1))
    (7): ReLU()
    (8): MaxPool2d(kernel_size=2, stride=2, padding=0, dilation=1, ceil_mode=False)
    (9): Flatten(start_dim=1, end_dim=-1)
    (10): Linear(in_features=512, out_features=512, bias=True)
    (11): ReLU()
    (12): Linear(in_features=512, out_features=256, bias=True)
    (13): ReLU()
    (14): Linear(in_features=256, out_features=100, bias=True)
  )
)
INFO:__main__:CHILD MODEL LOSS: 2.3669158115386963 with train time 44.0578076839447
INFO:__main__:CHILD MODEL ACCURACY: 0.3914
INFO:__main__:Policy gradient: -0.5950267910957336
INFO:__main__:
INFO:__main__:------ ITERATION 447 ------
INFO:__main__:Layers generated: [('256', '3', '1'), ('256', '3', '2')]
INFO:__main__:ChildCNNModel(
  (model): Sequential(
    (0): Conv2d(3, 128, kernel_size=(3, 3), stride=(1, 1), padding=(1, 1))
    (1): ReLU()
    (2): MaxPool2d(kernel_size=2, stride=2, padding=0, dilation=1, ceil_mode=False)
    (3): Conv2d(128, 256, kernel_size=(3, 3), stride=(1, 1), padding=(1, 1))
    (4): ReLU()
    (5): MaxPool2d(kernel_size=2, stride=2, padding=0, dilation=1, ceil_mode=False)
    (6): Conv2d(256, 256, kernel_size=(3, 3), stride=(1, 1), padding=(2, 2))
    (7): ReLU()
    (8): MaxPool2d(kernel_size=2, stride=2, padding=0, dilation=1, ceil_mode=False)
    (9): Flatten(start_dim=1, end_dim=-1)
    (10): Linear(in_features=6400, out_features=512, bias=True)
    (11): ReLU()
    (12): Linear(in_features=512, out_features=256, bias=True)
    (13): ReLU()
    (14): Linear(in_features=256, out_features=100, bias=True)
  )
)
INFO:__main__:CHILD MODEL LOSS: 1.771139358997345 with train time 61.36510729789734
INFO:__main__:CHILD MODEL ACCURACY: 0.4873
INFO:__main__:Policy gradient: 0.06778833270072937
INFO:__main__:
INFO:__main__:------ ITERATION 448 ------
INFO:__main__:Layers generated: [('256', '1', '0'), ('256', '3', '2')]
INFO:__main__:ChildCNNModel(
  (model): Sequential(
    (0): Conv2d(3, 128, kernel_size=(3, 3), stride=(1, 1), padding=(1, 1))
    (1): ReLU()
    (2): MaxPool2d(kernel_size=2, stride=2, padding=0, dilation=1, ceil_mode=False)
    (3): Conv2d(128, 256, kernel_size=(1, 1), stride=(1, 1))
    (4): ReLU()
    (5): MaxPool2d(kernel_size=2, stride=2, padding=0, dilation=1, ceil_mode=False)
    (6): Conv2d(256, 256, kernel_size=(3, 3), stride=(1, 1), padding=(2, 2))
    (7): ReLU()
    (8): MaxPool2d(kernel_size=2, stride=2, padding=0, dilation=1, ceil_mode=False)
    (9): Flatten(start_dim=1, end_dim=-1)
    (10): Linear(in_features=6400, out_features=512, bias=True)
    (11): ReLU()
    (12): Linear(in_features=512, out_features=256, bias=True)
    (13): ReLU()
    (14): Linear(in_features=256, out_features=100, bias=True)
  )
)
INFO:__main__:CHILD MODEL LOSS: 1.8224243769645692 with train time 48.85210061073303
INFO:__main__:CHILD MODEL ACCURACY: 0.4843
INFO:__main__:Policy gradient: 0.15404012799263
INFO:__main__:
INFO:__main__:------ ITERATION 449 ------
INFO:__main__:Layers generated: [('256', '3', '0'), ('256', '3', '1')]
INFO:__main__:ChildCNNModel(
  (model): Sequential(
    (0): Conv2d(3, 128, kernel_size=(3, 3), stride=(1, 1), padding=(1, 1))
    (1): ReLU()
    (2): MaxPool2d(kernel_size=2, stride=2, padding=0, dilation=1, ceil_mode=False)
    (3): Conv2d(128, 256, kernel_size=(3, 3), stride=(1, 1))
    (4): ReLU()
    (5): MaxPool2d(kernel_size=2, stride=2, padding=0, dilation=1, ceil_mode=False)
    (6): Conv2d(256, 256, kernel_size=(3, 3), stride=(1, 1), padding=(1, 1))
    (7): ReLU()
    (8): MaxPool2d(kernel_size=2, stride=2, padding=0, dilation=1, ceil_mode=False)
    (9): Flatten(start_dim=1, end_dim=-1)
    (10): Linear(in_features=2304, out_features=512, bias=True)
    (11): ReLU()
    (12): Linear(in_features=512, out_features=256, bias=True)
    (13): ReLU()
    (14): Linear(in_features=256, out_features=100, bias=True)
  )
)
INFO:__main__:CHILD MODEL LOSS: 2.019584819316864 with train time 49.1257426738739
INFO:__main__:CHILD MODEL ACCURACY: 0.4655
INFO:__main__:Policy gradient: 0.016835307702422142
INFO:__main__:
INFO:__main__:------ ITERATION 450 ------
INFO:__main__:Layers generated: [('128', '3', '2'), ('256', '3', '1')]
INFO:__main__:ChildCNNModel(
  (model): Sequential(
    (0): Conv2d(3, 128, kernel_size=(3, 3), stride=(1, 1), padding=(1, 1))
    (1): ReLU()
    (2): MaxPool2d(kernel_size=2, stride=2, padding=0, dilation=1, ceil_mode=False)
    (3): Conv2d(128, 128, kernel_size=(3, 3), stride=(1, 1), padding=(2, 2))
    (4): ReLU()
    (5): MaxPool2d(kernel_size=2, stride=2, padding=0, dilation=1, ceil_mode=False)
    (6): Conv2d(128, 256, kernel_size=(3, 3), stride=(1, 1), padding=(1, 1))
    (7): ReLU()
    (8): MaxPool2d(kernel_size=2, stride=2, padding=0, dilation=1, ceil_mode=False)
    (9): Flatten(start_dim=1, end_dim=-1)
    (10): Linear(in_features=4096, out_features=512, bias=True)
    (11): ReLU()
    (12): Linear(in_features=512, out_features=256, bias=True)
    (13): ReLU()
    (14): Linear(in_features=256, out_features=100, bias=True)
  )
)
INFO:__main__:CHILD MODEL LOSS: 1.856769922733307 with train time 49.53563117980957
INFO:__main__:CHILD MODEL ACCURACY: 0.4737
INFO:__main__:Policy gradient: 0.05890259891748428
INFO:__main__:
INFO:__main__:------ ITERATION 451 ------
INFO:__main__:Layers generated: [('64', '3', '1'), ('256', '3', '2')]
INFO:__main__:ChildCNNModel(
  (model): Sequential(
    (0): Conv2d(3, 128, kernel_size=(3, 3), stride=(1, 1), padding=(1, 1))
    (1): ReLU()
    (2): MaxPool2d(kernel_size=2, stride=2, padding=0, dilation=1, ceil_mode=False)
    (3): Conv2d(128, 64, kernel_size=(3, 3), stride=(1, 1), padding=(1, 1))
    (4): ReLU()
    (5): MaxPool2d(kernel_size=2, stride=2, padding=0, dilation=1, ceil_mode=False)
    (6): Conv2d(64, 256, kernel_size=(3, 3), stride=(1, 1), padding=(2, 2))
    (7): ReLU()
    (8): MaxPool2d(kernel_size=2, stride=2, padding=0, dilation=1, ceil_mode=False)
    (9): Flatten(start_dim=1, end_dim=-1)
    (10): Linear(in_features=6400, out_features=512, bias=True)
    (11): ReLU()
    (12): Linear(in_features=512, out_features=256, bias=True)
    (13): ReLU()
    (14): Linear(in_features=256, out_features=100, bias=True)
  )
)
INFO:__main__:CHILD MODEL LOSS: 1.8534005889892577 with train time 39.51524615287781
INFO:__main__:CHILD MODEL ACCURACY: 0.4724
INFO:__main__:Policy gradient: 0.04326065629720688
INFO:__main__:
INFO:__main__:------ ITERATION 452 ------
INFO:__main__:Layers generated: [('256', '3', '1'), ('128', '3', '2')]
INFO:__main__:ChildCNNModel(
  (model): Sequential(
    (0): Conv2d(3, 128, kernel_size=(3, 3), stride=(1, 1), padding=(1, 1))
    (1): ReLU()
    (2): MaxPool2d(kernel_size=2, stride=2, padding=0, dilation=1, ceil_mode=False)
    (3): Conv2d(128, 256, kernel_size=(3, 3), stride=(1, 1), padding=(1, 1))
    (4): ReLU()
    (5): MaxPool2d(kernel_size=2, stride=2, padding=0, dilation=1, ceil_mode=False)
    (6): Conv2d(256, 128, kernel_size=(3, 3), stride=(1, 1), padding=(2, 2))
    (7): ReLU()
    (8): MaxPool2d(kernel_size=2, stride=2, padding=0, dilation=1, ceil_mode=False)
    (9): Flatten(start_dim=1, end_dim=-1)
    (10): Linear(in_features=3200, out_features=512, bias=True)
    (11): ReLU()
    (12): Linear(in_features=512, out_features=256, bias=True)
    (13): ReLU()
    (14): Linear(in_features=256, out_features=100, bias=True)
  )
)
INFO:__main__:CHILD MODEL LOSS: 1.9437309002876282 with train time 53.172046184539795
INFO:__main__:CHILD MODEL ACCURACY: 0.4643
INFO:__main__:Policy gradient: 0.0029493027832359076
INFO:__main__:
INFO:__main__:------ ITERATION 453 ------
INFO:__main__:Layers generated: [('256', '3', '0'), ('256', '3', '2')]
INFO:__main__:ChildCNNModel(
  (model): Sequential(
    (0): Conv2d(3, 128, kernel_size=(3, 3), stride=(1, 1), padding=(1, 1))
    (1): ReLU()
    (2): MaxPool2d(kernel_size=2, stride=2, padding=0, dilation=1, ceil_mode=False)
    (3): Conv2d(128, 256, kernel_size=(3, 3), stride=(1, 1))
    (4): ReLU()
    (5): MaxPool2d(kernel_size=2, stride=2, padding=0, dilation=1, ceil_mode=False)
    (6): Conv2d(256, 256, kernel_size=(3, 3), stride=(1, 1), padding=(2, 2))
    (7): ReLU()
    (8): MaxPool2d(kernel_size=2, stride=2, padding=0, dilation=1, ceil_mode=False)
    (9): Flatten(start_dim=1, end_dim=-1)
    (10): Linear(in_features=4096, out_features=512, bias=True)
    (11): ReLU()
    (12): Linear(in_features=512, out_features=256, bias=True)
    (13): ReLU()
    (14): Linear(in_features=256, out_features=100, bias=True)
  )
)
INFO:__main__:CHILD MODEL LOSS: 1.764029552936554 with train time 53.42189574241638
INFO:__main__:CHILD MODEL ACCURACY: 0.4971
INFO:__main__:Policy gradient: 0.11457759886980057
INFO:__main__:
INFO:__main__:------ ITERATION 454 ------
INFO:__main__:Layers generated: [('256', '3', '1'), ('256', '3', '1')]
INFO:__main__:ChildCNNModel(
  (model): Sequential(
    (0): Conv2d(3, 128, kernel_size=(3, 3), stride=(1, 1), padding=(1, 1))
    (1): ReLU()
    (2): MaxPool2d(kernel_size=2, stride=2, padding=0, dilation=1, ceil_mode=False)
    (3): Conv2d(128, 256, kernel_size=(3, 3), stride=(1, 1), padding=(1, 1))
    (4): ReLU()
    (5): MaxPool2d(kernel_size=2, stride=2, padding=0, dilation=1, ceil_mode=False)
    (6): Conv2d(256, 256, kernel_size=(3, 3), stride=(1, 1), padding=(1, 1))
    (7): ReLU()
    (8): MaxPool2d(kernel_size=2, stride=2, padding=0, dilation=1, ceil_mode=False)
    (9): Flatten(start_dim=1, end_dim=-1)
    (10): Linear(in_features=4096, out_features=512, bias=True)
    (11): ReLU()
    (12): Linear(in_features=512, out_features=256, bias=True)
    (13): ReLU()
    (14): Linear(in_features=256, out_features=100, bias=True)
  )
)
INFO:__main__:CHILD MODEL LOSS: 1.8152207822799682 with train time 55.61873245239258
INFO:__main__:CHILD MODEL ACCURACY: 0.4887
INFO:__main__:Policy gradient: 0.05241575837135315
INFO:__main__:
INFO:__main__:------ ITERATION 455 ------
INFO:__main__:Layers generated: [('256', '5', '1'), ('256', '3', '2')]
INFO:__main__:ChildCNNModel(
  (model): Sequential(
    (0): Conv2d(3, 128, kernel_size=(3, 3), stride=(1, 1), padding=(1, 1))
    (1): ReLU()
    (2): MaxPool2d(kernel_size=2, stride=2, padding=0, dilation=1, ceil_mode=False)
    (3): Conv2d(128, 256, kernel_size=(5, 5), stride=(1, 1), padding=(1, 1))
    (4): ReLU()
    (5): MaxPool2d(kernel_size=2, stride=2, padding=0, dilation=1, ceil_mode=False)
    (6): Conv2d(256, 256, kernel_size=(3, 3), stride=(1, 1), padding=(2, 2))
    (7): ReLU()
    (8): MaxPool2d(kernel_size=2, stride=2, padding=0, dilation=1, ceil_mode=False)
    (9): Flatten(start_dim=1, end_dim=-1)
    (10): Linear(in_features=4096, out_features=512, bias=True)
    (11): ReLU()
    (12): Linear(in_features=512, out_features=256, bias=True)
    (13): ReLU()
    (14): Linear(in_features=256, out_features=100, bias=True)
  )
)
INFO:__main__:CHILD MODEL LOSS: 2.022569700717926 with train time 70.35633707046509
INFO:__main__:CHILD MODEL ACCURACY: 0.4653
INFO:__main__:Policy gradient: -0.01934102177619934
INFO:__main__:
INFO:__main__:------ ITERATION 456 ------
INFO:__main__:Layers generated: [('256', '3', '1'), ('256', '3', '1')]
INFO:__main__:ChildCNNModel(
  (model): Sequential(
    (0): Conv2d(3, 128, kernel_size=(3, 3), stride=(1, 1), padding=(1, 1))
    (1): ReLU()
    (2): MaxPool2d(kernel_size=2, stride=2, padding=0, dilation=1, ceil_mode=False)
    (3): Conv2d(128, 256, kernel_size=(3, 3), stride=(1, 1), padding=(1, 1))
    (4): ReLU()
    (5): MaxPool2d(kernel_size=2, stride=2, padding=0, dilation=1, ceil_mode=False)
    (6): Conv2d(256, 256, kernel_size=(3, 3), stride=(1, 1), padding=(1, 1))
    (7): ReLU()
    (8): MaxPool2d(kernel_size=2, stride=2, padding=0, dilation=1, ceil_mode=False)
    (9): Flatten(start_dim=1, end_dim=-1)
    (10): Linear(in_features=4096, out_features=512, bias=True)
    (11): ReLU()
    (12): Linear(in_features=512, out_features=256, bias=True)
    (13): ReLU()
    (14): Linear(in_features=256, out_features=100, bias=True)
  )
)
INFO:__main__:CHILD MODEL LOSS: 1.9046540989875793 with train time 55.61905574798584
INFO:__main__:CHILD MODEL ACCURACY: 0.4705
INFO:__main__:Policy gradient: 0.004128843080252409
INFO:__main__:
INFO:__main__:------ ITERATION 457 ------
INFO:__main__:Layers generated: [('256', '3', '1'), ('64', '3', '1')]
INFO:__main__:ChildCNNModel(
  (model): Sequential(
    (0): Conv2d(3, 128, kernel_size=(3, 3), stride=(1, 1), padding=(1, 1))
    (1): ReLU()
    (2): MaxPool2d(kernel_size=2, stride=2, padding=0, dilation=1, ceil_mode=False)
    (3): Conv2d(128, 256, kernel_size=(3, 3), stride=(1, 1), padding=(1, 1))
    (4): ReLU()
    (5): MaxPool2d(kernel_size=2, stride=2, padding=0, dilation=1, ceil_mode=False)
    (6): Conv2d(256, 64, kernel_size=(3, 3), stride=(1, 1), padding=(1, 1))
    (7): ReLU()
    (8): MaxPool2d(kernel_size=2, stride=2, padding=0, dilation=1, ceil_mode=False)
    (9): Flatten(start_dim=1, end_dim=-1)
    (10): Linear(in_features=1024, out_features=512, bias=True)
    (11): ReLU()
    (12): Linear(in_features=512, out_features=256, bias=True)
    (13): ReLU()
    (14): Linear(in_features=256, out_features=100, bias=True)
  )
)
INFO:__main__:CHILD MODEL LOSS: 2.074011483669281 with train time 49.18795990943909
INFO:__main__:CHILD MODEL ACCURACY: 0.4444
INFO:__main__:Policy gradient: -0.12841489911079407
INFO:__main__:
INFO:__main__:------ ITERATION 458 ------
INFO:__main__:Layers generated: [('256', '3', '1'), ('64', '3', '0')]
INFO:__main__:ChildCNNModel(
  (model): Sequential(
    (0): Conv2d(3, 128, kernel_size=(3, 3), stride=(1, 1), padding=(1, 1))
    (1): ReLU()
    (2): MaxPool2d(kernel_size=2, stride=2, padding=0, dilation=1, ceil_mode=False)
    (3): Conv2d(128, 256, kernel_size=(3, 3), stride=(1, 1), padding=(1, 1))
    (4): ReLU()
    (5): MaxPool2d(kernel_size=2, stride=2, padding=0, dilation=1, ceil_mode=False)
    (6): Conv2d(256, 64, kernel_size=(3, 3), stride=(1, 1))
    (7): ReLU()
    (8): MaxPool2d(kernel_size=2, stride=2, padding=0, dilation=1, ceil_mode=False)
    (9): Flatten(start_dim=1, end_dim=-1)
    (10): Linear(in_features=576, out_features=512, bias=True)
    (11): ReLU()
    (12): Linear(in_features=512, out_features=256, bias=True)
    (13): ReLU()
    (14): Linear(in_features=256, out_features=100, bias=True)
  )
)
INFO:__main__:CHILD MODEL LOSS: 2.0465528326034548 with train time 48.61170220375061
INFO:__main__:CHILD MODEL ACCURACY: 0.4507
INFO:__main__:Policy gradient: -0.10838507115840912
INFO:__main__:
INFO:__main__:------ ITERATION 459 ------
INFO:__main__:Layers generated: [('64', '3', '1'), ('256', '3', '0')]
INFO:__main__:ChildCNNModel(
  (model): Sequential(
    (0): Conv2d(3, 128, kernel_size=(3, 3), stride=(1, 1), padding=(1, 1))
    (1): ReLU()
    (2): MaxPool2d(kernel_size=2, stride=2, padding=0, dilation=1, ceil_mode=False)
    (3): Conv2d(128, 64, kernel_size=(3, 3), stride=(1, 1), padding=(1, 1))
    (4): ReLU()
    (5): MaxPool2d(kernel_size=2, stride=2, padding=0, dilation=1, ceil_mode=False)
    (6): Conv2d(64, 256, kernel_size=(3, 3), stride=(1, 1))
    (7): ReLU()
    (8): MaxPool2d(kernel_size=2, stride=2, padding=0, dilation=1, ceil_mode=False)
    (9): Flatten(start_dim=1, end_dim=-1)
    (10): Linear(in_features=2304, out_features=512, bias=True)
    (11): ReLU()
    (12): Linear(in_features=512, out_features=256, bias=True)
    (13): ReLU()
    (14): Linear(in_features=256, out_features=100, bias=True)
  )
)
INFO:__main__:CHILD MODEL LOSS: 1.9718234486579895 with train time 37.40053057670593
INFO:__main__:CHILD MODEL ACCURACY: 0.4608
INFO:__main__:Policy gradient: -0.025934908539056778
INFO:__main__:
INFO:__main__:------ ITERATION 460 ------
INFO:__main__:Layers generated: [('64', '3', '1'), ('256', '3', '1')]
INFO:__main__:ChildCNNModel(
  (model): Sequential(
    (0): Conv2d(3, 128, kernel_size=(3, 3), stride=(1, 1), padding=(1, 1))
    (1): ReLU()
    (2): MaxPool2d(kernel_size=2, stride=2, padding=0, dilation=1, ceil_mode=False)
    (3): Conv2d(128, 64, kernel_size=(3, 3), stride=(1, 1), padding=(1, 1))
    (4): ReLU()
    (5): MaxPool2d(kernel_size=2, stride=2, padding=0, dilation=1, ceil_mode=False)
    (6): Conv2d(64, 256, kernel_size=(3, 3), stride=(1, 1), padding=(1, 1))
    (7): ReLU()
    (8): MaxPool2d(kernel_size=2, stride=2, padding=0, dilation=1, ceil_mode=False)
    (9): Flatten(start_dim=1, end_dim=-1)
    (10): Linear(in_features=4096, out_features=512, bias=True)
    (11): ReLU()
    (12): Linear(in_features=512, out_features=256, bias=True)
    (13): ReLU()
    (14): Linear(in_features=256, out_features=100, bias=True)
  )
)
INFO:__main__:CHILD MODEL LOSS: 1.9321807899475099 with train time 38.17040777206421
INFO:__main__:CHILD MODEL ACCURACY: 0.4665
INFO:__main__:Policy gradient: 0.009275324642658234
INFO:__main__:
INFO:__main__:------ ITERATION 461 ------
INFO:__main__:Layers generated: [('16', '3', '0'), ('256', '1', '2')]
INFO:__main__:ChildCNNModel(
  (model): Sequential(
    (0): Conv2d(3, 128, kernel_size=(3, 3), stride=(1, 1), padding=(1, 1))
    (1): ReLU()
    (2): MaxPool2d(kernel_size=2, stride=2, padding=0, dilation=1, ceil_mode=False)
    (3): Conv2d(128, 16, kernel_size=(3, 3), stride=(1, 1))
    (4): ReLU()
    (5): MaxPool2d(kernel_size=2, stride=2, padding=0, dilation=1, ceil_mode=False)
    (6): Conv2d(16, 256, kernel_size=(1, 1), stride=(1, 1), padding=(2, 2))
    (7): ReLU()
    (8): MaxPool2d(kernel_size=2, stride=2, padding=0, dilation=1, ceil_mode=False)
    (9): Flatten(start_dim=1, end_dim=-1)
    (10): Linear(in_features=6400, out_features=512, bias=True)
    (11): ReLU()
    (12): Linear(in_features=512, out_features=256, bias=True)
    (13): ReLU()
    (14): Linear(in_features=256, out_features=100, bias=True)
  )
)
INFO:__main__:CHILD MODEL LOSS: 2.800482298851013 with train time 37.842297077178955
INFO:__main__:CHILD MODEL ACCURACY: 0.3005
INFO:__main__:Policy gradient: -1.703614592552185
INFO:__main__:
INFO:__main__:------ ITERATION 462 ------
INFO:__main__:Layers generated: [('256', '3', '2'), ('256', '3', '2')]
INFO:__main__:ChildCNNModel(
  (model): Sequential(
    (0): Conv2d(3, 128, kernel_size=(3, 3), stride=(1, 1), padding=(1, 1))
    (1): ReLU()
    (2): MaxPool2d(kernel_size=2, stride=2, padding=0, dilation=1, ceil_mode=False)
    (3): Conv2d(128, 256, kernel_size=(3, 3), stride=(1, 1), padding=(2, 2))
    (4): ReLU()
    (5): MaxPool2d(kernel_size=2, stride=2, padding=0, dilation=1, ceil_mode=False)
    (6): Conv2d(256, 256, kernel_size=(3, 3), stride=(1, 1), padding=(2, 2))
    (7): ReLU()
    (8): MaxPool2d(kernel_size=2, stride=2, padding=0, dilation=1, ceil_mode=False)
    (9): Flatten(start_dim=1, end_dim=-1)
    (10): Linear(in_features=6400, out_features=512, bias=True)
    (11): ReLU()
    (12): Linear(in_features=512, out_features=256, bias=True)
    (13): ReLU()
    (14): Linear(in_features=256, out_features=100, bias=True)
  )
)
INFO:__main__:CHILD MODEL LOSS: 1.8072368860244752 with train time 76.29851984977722
INFO:__main__:CHILD MODEL ACCURACY: 0.4698
INFO:__main__:Policy gradient: 0.04208734631538391
INFO:__main__:
INFO:__main__:------ ITERATION 463 ------
INFO:__main__:Layers generated: [('128', '3', '1'), ('256', '1', '2')]
INFO:__main__:ChildCNNModel(
  (model): Sequential(
    (0): Conv2d(3, 128, kernel_size=(3, 3), stride=(1, 1), padding=(1, 1))
    (1): ReLU()
    (2): MaxPool2d(kernel_size=2, stride=2, padding=0, dilation=1, ceil_mode=False)
    (3): Conv2d(128, 128, kernel_size=(3, 3), stride=(1, 1), padding=(1, 1))
    (4): ReLU()
    (5): MaxPool2d(kernel_size=2, stride=2, padding=0, dilation=1, ceil_mode=False)
    (6): Conv2d(128, 256, kernel_size=(1, 1), stride=(1, 1), padding=(2, 2))
    (7): ReLU()
    (8): MaxPool2d(kernel_size=2, stride=2, padding=0, dilation=1, ceil_mode=False)
    (9): Flatten(start_dim=1, end_dim=-1)
    (10): Linear(in_features=9216, out_features=512, bias=True)
    (11): ReLU()
    (12): Linear(in_features=512, out_features=256, bias=True)
    (13): ReLU()
    (14): Linear(in_features=256, out_features=100, bias=True)
  )
)
INFO:__main__:CHILD MODEL LOSS: 2.028414462089539 with train time 46.68583154678345
INFO:__main__:CHILD MODEL ACCURACY: 0.4501
INFO:__main__:Policy gradient: -0.002630810718983412
INFO:__main__:
INFO:__main__:------ ITERATION 464 ------
INFO:__main__:Layers generated: [('256', '3', '2'), ('128', '3', '0')]
INFO:__main__:ChildCNNModel(
  (model): Sequential(
    (0): Conv2d(3, 128, kernel_size=(3, 3), stride=(1, 1), padding=(1, 1))
    (1): ReLU()
    (2): MaxPool2d(kernel_size=2, stride=2, padding=0, dilation=1, ceil_mode=False)
    (3): Conv2d(128, 256, kernel_size=(3, 3), stride=(1, 1), padding=(2, 2))
    (4): ReLU()
    (5): MaxPool2d(kernel_size=2, stride=2, padding=0, dilation=1, ceil_mode=False)
    (6): Conv2d(256, 128, kernel_size=(3, 3), stride=(1, 1))
    (7): ReLU()
    (8): MaxPool2d(kernel_size=2, stride=2, padding=0, dilation=1, ceil_mode=False)
    (9): Flatten(start_dim=1, end_dim=-1)
    (10): Linear(in_features=1152, out_features=512, bias=True)
    (11): ReLU()
    (12): Linear(in_features=512, out_features=256, bias=True)
    (13): ReLU()
    (14): Linear(in_features=256, out_features=100, bias=True)
  )
)
INFO:__main__:CHILD MODEL LOSS: 2.1103844447135924 with train time 62.43334746360779
INFO:__main__:CHILD MODEL ACCURACY: 0.4388
INFO:__main__:Policy gradient: -0.07276149094104767
INFO:__main__:
INFO:__main__:------ ITERATION 465 ------
INFO:__main__:Layers generated: [('256', '3', '2'), ('128', '3', '2')]
INFO:__main__:ChildCNNModel(
  (model): Sequential(
    (0): Conv2d(3, 128, kernel_size=(3, 3), stride=(1, 1), padding=(1, 1))
    (1): ReLU()
    (2): MaxPool2d(kernel_size=2, stride=2, padding=0, dilation=1, ceil_mode=False)
    (3): Conv2d(128, 256, kernel_size=(3, 3), stride=(1, 1), padding=(2, 2))
    (4): ReLU()
    (5): MaxPool2d(kernel_size=2, stride=2, padding=0, dilation=1, ceil_mode=False)
    (6): Conv2d(256, 128, kernel_size=(3, 3), stride=(1, 1), padding=(2, 2))
    (7): ReLU()
    (8): MaxPool2d(kernel_size=2, stride=2, padding=0, dilation=1, ceil_mode=False)
    (9): Flatten(start_dim=1, end_dim=-1)
    (10): Linear(in_features=3200, out_features=512, bias=True)
    (11): ReLU()
    (12): Linear(in_features=512, out_features=256, bias=True)
    (13): ReLU()
    (14): Linear(in_features=256, out_features=100, bias=True)
  )
)
INFO:__main__:CHILD MODEL LOSS: 1.9081880064010621 with train time 67.13953423500061
INFO:__main__:CHILD MODEL ACCURACY: 0.4585
INFO:__main__:Policy gradient: 0.03876641020178795
INFO:__main__:
INFO:__main__:------ ITERATION 466 ------
INFO:__main__:Layers generated: [('64', '3', '2'), ('256', '3', '1')]
INFO:__main__:ChildCNNModel(
  (model): Sequential(
    (0): Conv2d(3, 128, kernel_size=(3, 3), stride=(1, 1), padding=(1, 1))
    (1): ReLU()
    (2): MaxPool2d(kernel_size=2, stride=2, padding=0, dilation=1, ceil_mode=False)
    (3): Conv2d(128, 64, kernel_size=(3, 3), stride=(1, 1), padding=(2, 2))
    (4): ReLU()
    (5): MaxPool2d(kernel_size=2, stride=2, padding=0, dilation=1, ceil_mode=False)
    (6): Conv2d(64, 256, kernel_size=(3, 3), stride=(1, 1), padding=(1, 1))
    (7): ReLU()
    (8): MaxPool2d(kernel_size=2, stride=2, padding=0, dilation=1, ceil_mode=False)
    (9): Flatten(start_dim=1, end_dim=-1)
    (10): Linear(in_features=4096, out_features=512, bias=True)
    (11): ReLU()
    (12): Linear(in_features=512, out_features=256, bias=True)
    (13): ReLU()
    (14): Linear(in_features=256, out_features=100, bias=True)
  )
)
INFO:__main__:CHILD MODEL LOSS: 1.8159381155967713 with train time 41.073091983795166
INFO:__main__:CHILD MODEL ACCURACY: 0.4775
INFO:__main__:Policy gradient: 0.1268811672925949
INFO:__main__:
INFO:__main__:------ ITERATION 467 ------
INFO:__main__:Layers generated: [('256', '3', '1'), ('256', '3', '0')]
INFO:__main__:ChildCNNModel(
  (model): Sequential(
    (0): Conv2d(3, 128, kernel_size=(3, 3), stride=(1, 1), padding=(1, 1))
    (1): ReLU()
    (2): MaxPool2d(kernel_size=2, stride=2, padding=0, dilation=1, ceil_mode=False)
    (3): Conv2d(128, 256, kernel_size=(3, 3), stride=(1, 1), padding=(1, 1))
    (4): ReLU()
    (5): MaxPool2d(kernel_size=2, stride=2, padding=0, dilation=1, ceil_mode=False)
    (6): Conv2d(256, 256, kernel_size=(3, 3), stride=(1, 1))
    (7): ReLU()
    (8): MaxPool2d(kernel_size=2, stride=2, padding=0, dilation=1, ceil_mode=False)
    (9): Flatten(start_dim=1, end_dim=-1)
    (10): Linear(in_features=2304, out_features=512, bias=True)
    (11): ReLU()
    (12): Linear(in_features=512, out_features=256, bias=True)
    (13): ReLU()
    (14): Linear(in_features=256, out_features=100, bias=True)
  )
)
INFO:__main__:CHILD MODEL LOSS: 1.9272716999053956 with train time 52.20106506347656
INFO:__main__:CHILD MODEL ACCURACY: 0.4704
INFO:__main__:Policy gradient: 0.07122215628623962
INFO:__main__:
INFO:__main__:------ ITERATION 468 ------
INFO:__main__:Layers generated: [('256', '3', '2'), ('256', '3', '2')]
INFO:__main__:ChildCNNModel(
  (model): Sequential(
    (0): Conv2d(3, 128, kernel_size=(3, 3), stride=(1, 1), padding=(1, 1))
    (1): ReLU()
    (2): MaxPool2d(kernel_size=2, stride=2, padding=0, dilation=1, ceil_mode=False)
    (3): Conv2d(128, 256, kernel_size=(3, 3), stride=(1, 1), padding=(2, 2))
    (4): ReLU()
    (5): MaxPool2d(kernel_size=2, stride=2, padding=0, dilation=1, ceil_mode=False)
    (6): Conv2d(256, 256, kernel_size=(3, 3), stride=(1, 1), padding=(2, 2))
    (7): ReLU()
    (8): MaxPool2d(kernel_size=2, stride=2, padding=0, dilation=1, ceil_mode=False)
    (9): Flatten(start_dim=1, end_dim=-1)
    (10): Linear(in_features=6400, out_features=512, bias=True)
    (11): ReLU()
    (12): Linear(in_features=512, out_features=256, bias=True)
    (13): ReLU()
    (14): Linear(in_features=256, out_features=100, bias=True)
  )
)
INFO:__main__:CHILD MODEL LOSS: 1.770906823158264 with train time 76.27862930297852
INFO:__main__:CHILD MODEL ACCURACY: 0.4937
INFO:__main__:Policy gradient: 0.0746961236000061
INFO:__main__:
INFO:__main__:------ ITERATION 469 ------
INFO:__main__:Layers generated: [('256', '3', '2'), ('256', '3', '1')]
INFO:__main__:ChildCNNModel(
  (model): Sequential(
    (0): Conv2d(3, 128, kernel_size=(3, 3), stride=(1, 1), padding=(1, 1))
    (1): ReLU()
    (2): MaxPool2d(kernel_size=2, stride=2, padding=0, dilation=1, ceil_mode=False)
    (3): Conv2d(128, 256, kernel_size=(3, 3), stride=(1, 1), padding=(2, 2))
    (4): ReLU()
    (5): MaxPool2d(kernel_size=2, stride=2, padding=0, dilation=1, ceil_mode=False)
    (6): Conv2d(256, 256, kernel_size=(3, 3), stride=(1, 1), padding=(1, 1))
    (7): ReLU()
    (8): MaxPool2d(kernel_size=2, stride=2, padding=0, dilation=1, ceil_mode=False)
    (9): Flatten(start_dim=1, end_dim=-1)
    (10): Linear(in_features=4096, out_features=512, bias=True)
    (11): ReLU()
    (12): Linear(in_features=512, out_features=256, bias=True)
    (13): ReLU()
    (14): Linear(in_features=256, out_features=100, bias=True)
  )
)
INFO:__main__:CHILD MODEL LOSS: 1.9361174864768982 with train time 69.84648847579956
INFO:__main__:CHILD MODEL ACCURACY: 0.4583
INFO:__main__:Policy gradient: -0.000590841518715024
INFO:__main__:
INFO:__main__:------ ITERATION 470 ------
INFO:__main__:Layers generated: [('256', '3', '2'), ('256', '3', '2')]
INFO:__main__:ChildCNNModel(
  (model): Sequential(
    (0): Conv2d(3, 128, kernel_size=(3, 3), stride=(1, 1), padding=(1, 1))
    (1): ReLU()
    (2): MaxPool2d(kernel_size=2, stride=2, padding=0, dilation=1, ceil_mode=False)
    (3): Conv2d(128, 256, kernel_size=(3, 3), stride=(1, 1), padding=(2, 2))
    (4): ReLU()
    (5): MaxPool2d(kernel_size=2, stride=2, padding=0, dilation=1, ceil_mode=False)
    (6): Conv2d(256, 256, kernel_size=(3, 3), stride=(1, 1), padding=(2, 2))
    (7): ReLU()
    (8): MaxPool2d(kernel_size=2, stride=2, padding=0, dilation=1, ceil_mode=False)
    (9): Flatten(start_dim=1, end_dim=-1)
    (10): Linear(in_features=6400, out_features=512, bias=True)
    (11): ReLU()
    (12): Linear(in_features=512, out_features=256, bias=True)
    (13): ReLU()
    (14): Linear(in_features=256, out_features=100, bias=True)
  )
)
INFO:__main__:CHILD MODEL LOSS: 1.8430965638160706 with train time 76.32294297218323
INFO:__main__:CHILD MODEL ACCURACY: 0.4724
INFO:__main__:Policy gradient: 0.02628844417631626
INFO:__main__:
INFO:__main__:------ ITERATION 471 ------
INFO:__main__:Layers generated: [('256', '3', '2'), ('128', '3', '1')]
INFO:__main__:ChildCNNModel(
  (model): Sequential(
    (0): Conv2d(3, 128, kernel_size=(3, 3), stride=(1, 1), padding=(1, 1))
    (1): ReLU()
    (2): MaxPool2d(kernel_size=2, stride=2, padding=0, dilation=1, ceil_mode=False)
    (3): Conv2d(128, 256, kernel_size=(3, 3), stride=(1, 1), padding=(2, 2))
    (4): ReLU()
    (5): MaxPool2d(kernel_size=2, stride=2, padding=0, dilation=1, ceil_mode=False)
    (6): Conv2d(256, 128, kernel_size=(3, 3), stride=(1, 1), padding=(1, 1))
    (7): ReLU()
    (8): MaxPool2d(kernel_size=2, stride=2, padding=0, dilation=1, ceil_mode=False)
    (9): Flatten(start_dim=1, end_dim=-1)
    (10): Linear(in_features=2048, out_features=512, bias=True)
    (11): ReLU()
    (12): Linear(in_features=512, out_features=256, bias=True)
    (13): ReLU()
    (14): Linear(in_features=256, out_features=100, bias=True)
  )
)
INFO:__main__:CHILD MODEL LOSS: 2.0595727071762084 with train time 64.3969943523407
INFO:__main__:CHILD MODEL ACCURACY: 0.4384
INFO:__main__:Policy gradient: -0.09817586094141006
INFO:__main__:
INFO:__main__:------ ITERATION 472 ------
INFO:__main__:Layers generated: [('128', '3', '1'), ('256', '3', '0')]
INFO:__main__:ChildCNNModel(
  (model): Sequential(
    (0): Conv2d(3, 128, kernel_size=(3, 3), stride=(1, 1), padding=(1, 1))
    (1): ReLU()
    (2): MaxPool2d(kernel_size=2, stride=2, padding=0, dilation=1, ceil_mode=False)
    (3): Conv2d(128, 128, kernel_size=(3, 3), stride=(1, 1), padding=(1, 1))
    (4): ReLU()
    (5): MaxPool2d(kernel_size=2, stride=2, padding=0, dilation=1, ceil_mode=False)
    (6): Conv2d(128, 256, kernel_size=(3, 3), stride=(1, 1))
    (7): ReLU()
    (8): MaxPool2d(kernel_size=2, stride=2, padding=0, dilation=1, ceil_mode=False)
    (9): Flatten(start_dim=1, end_dim=-1)
    (10): Linear(in_features=2304, out_features=512, bias=True)
    (11): ReLU()
    (12): Linear(in_features=512, out_features=256, bias=True)
    (13): ReLU()
    (14): Linear(in_features=256, out_features=100, bias=True)
  )
)
INFO:__main__:CHILD MODEL LOSS: 1.9274494075775146 with train time 41.085556507110596
INFO:__main__:CHILD MODEL ACCURACY: 0.4712
INFO:__main__:Policy gradient: 0.08796438574790955
INFO:__main__:
INFO:__main__:------ ITERATION 473 ------
INFO:__main__:Layers generated: [('64', '1', '2'), ('256', '3', '1')]
INFO:__main__:ChildCNNModel(
  (model): Sequential(
    (0): Conv2d(3, 128, kernel_size=(3, 3), stride=(1, 1), padding=(1, 1))
    (1): ReLU()
    (2): MaxPool2d(kernel_size=2, stride=2, padding=0, dilation=1, ceil_mode=False)
    (3): Conv2d(128, 64, kernel_size=(1, 1), stride=(1, 1), padding=(2, 2))
    (4): ReLU()
    (5): MaxPool2d(kernel_size=2, stride=2, padding=0, dilation=1, ceil_mode=False)
    (6): Conv2d(64, 256, kernel_size=(3, 3), stride=(1, 1), padding=(1, 1))
    (7): ReLU()
    (8): MaxPool2d(kernel_size=2, stride=2, padding=0, dilation=1, ceil_mode=False)
    (9): Flatten(start_dim=1, end_dim=-1)
    (10): Linear(in_features=6400, out_features=512, bias=True)
    (11): ReLU()
    (12): Linear(in_features=512, out_features=256, bias=True)
    (13): ReLU()
    (14): Linear(in_features=256, out_features=100, bias=True)
  )
)
INFO:__main__:CHILD MODEL LOSS: 1.8863296961784364 with train time 39.452250242233276
INFO:__main__:CHILD MODEL ACCURACY: 0.461
INFO:__main__:Policy gradient: 0.013643128797411919
INFO:__main__:
INFO:__main__:------ ITERATION 474 ------
INFO:__main__:Layers generated: [('256', '3', '2'), ('64', '3', '2')]
INFO:__main__:ChildCNNModel(
  (model): Sequential(
    (0): Conv2d(3, 128, kernel_size=(3, 3), stride=(1, 1), padding=(1, 1))
    (1): ReLU()
    (2): MaxPool2d(kernel_size=2, stride=2, padding=0, dilation=1, ceil_mode=False)
    (3): Conv2d(128, 256, kernel_size=(3, 3), stride=(1, 1), padding=(2, 2))
    (4): ReLU()
    (5): MaxPool2d(kernel_size=2, stride=2, padding=0, dilation=1, ceil_mode=False)
    (6): Conv2d(256, 64, kernel_size=(3, 3), stride=(1, 1), padding=(2, 2))
    (7): ReLU()
    (8): MaxPool2d(kernel_size=2, stride=2, padding=0, dilation=1, ceil_mode=False)
    (9): Flatten(start_dim=1, end_dim=-1)
    (10): Linear(in_features=1600, out_features=512, bias=True)
    (11): ReLU()
    (12): Linear(in_features=512, out_features=256, bias=True)
    (13): ReLU()
    (14): Linear(in_features=256, out_features=100, bias=True)
  )
)
INFO:__main__:CHILD MODEL LOSS: 2.1310111446380615 with train time 63.18360090255737
INFO:__main__:CHILD MODEL ACCURACY: 0.4266
INFO:__main__:Policy gradient: -0.16018128395080566
INFO:__main__:
INFO:__main__:------ ITERATION 475 ------
INFO:__main__:Layers generated: [('256', '3', '1'), ('256', '3', '1')]
INFO:__main__:ChildCNNModel(
  (model): Sequential(
    (0): Conv2d(3, 128, kernel_size=(3, 3), stride=(1, 1), padding=(1, 1))
    (1): ReLU()
    (2): MaxPool2d(kernel_size=2, stride=2, padding=0, dilation=1, ceil_mode=False)
    (3): Conv2d(128, 256, kernel_size=(3, 3), stride=(1, 1), padding=(1, 1))
    (4): ReLU()
    (5): MaxPool2d(kernel_size=2, stride=2, padding=0, dilation=1, ceil_mode=False)
    (6): Conv2d(256, 256, kernel_size=(3, 3), stride=(1, 1), padding=(1, 1))
    (7): ReLU()
    (8): MaxPool2d(kernel_size=2, stride=2, padding=0, dilation=1, ceil_mode=False)
    (9): Flatten(start_dim=1, end_dim=-1)
    (10): Linear(in_features=4096, out_features=512, bias=True)
    (11): ReLU()
    (12): Linear(in_features=512, out_features=256, bias=True)
    (13): ReLU()
    (14): Linear(in_features=256, out_features=100, bias=True)
  )
)
INFO:__main__:CHILD MODEL LOSS: 1.977456838607788 with train time 55.59673714637756
INFO:__main__:CHILD MODEL ACCURACY: 0.4615
INFO:__main__:Policy gradient: 0.012991402298212051
INFO:__main__:
INFO:__main__:------ ITERATION 476 ------
INFO:__main__:Layers generated: [('256', '3', '1'), ('64', '3', '2')]
INFO:__main__:ChildCNNModel(
  (model): Sequential(
    (0): Conv2d(3, 128, kernel_size=(3, 3), stride=(1, 1), padding=(1, 1))
    (1): ReLU()
    (2): MaxPool2d(kernel_size=2, stride=2, padding=0, dilation=1, ceil_mode=False)
    (3): Conv2d(128, 256, kernel_size=(3, 3), stride=(1, 1), padding=(1, 1))
    (4): ReLU()
    (5): MaxPool2d(kernel_size=2, stride=2, padding=0, dilation=1, ceil_mode=False)
    (6): Conv2d(256, 64, kernel_size=(3, 3), stride=(1, 1), padding=(2, 2))
    (7): ReLU()
    (8): MaxPool2d(kernel_size=2, stride=2, padding=0, dilation=1, ceil_mode=False)
    (9): Flatten(start_dim=1, end_dim=-1)
    (10): Linear(in_features=1600, out_features=512, bias=True)
    (11): ReLU()
    (12): Linear(in_features=512, out_features=256, bias=True)
    (13): ReLU()
    (14): Linear(in_features=256, out_features=100, bias=True)
  )
)
INFO:__main__:CHILD MODEL LOSS: 1.9570670647621156 with train time 49.97689414024353
INFO:__main__:CHILD MODEL ACCURACY: 0.4646
INFO:__main__:Policy gradient: 0.04008236899971962
INFO:__main__:
INFO:__main__:------ ITERATION 477 ------
INFO:__main__:Layers generated: [('256', '5', '2'), ('256', '3', '0')]
INFO:__main__:ChildCNNModel(
  (model): Sequential(
    (0): Conv2d(3, 128, kernel_size=(3, 3), stride=(1, 1), padding=(1, 1))
    (1): ReLU()
    (2): MaxPool2d(kernel_size=2, stride=2, padding=0, dilation=1, ceil_mode=False)
    (3): Conv2d(128, 256, kernel_size=(5, 5), stride=(1, 1), padding=(2, 2))
    (4): ReLU()
    (5): MaxPool2d(kernel_size=2, stride=2, padding=0, dilation=1, ceil_mode=False)
    (6): Conv2d(256, 256, kernel_size=(3, 3), stride=(1, 1))
    (7): ReLU()
    (8): MaxPool2d(kernel_size=2, stride=2, padding=0, dilation=1, ceil_mode=False)
    (9): Flatten(start_dim=1, end_dim=-1)
    (10): Linear(in_features=2304, out_features=512, bias=True)
    (11): ReLU()
    (12): Linear(in_features=512, out_features=256, bias=True)
    (13): ReLU()
    (14): Linear(in_features=256, out_features=100, bias=True)
  )
)
INFO:__main__:CHILD MODEL LOSS: 2.0643175230026247 with train time 71.5502667427063
INFO:__main__:CHILD MODEL ACCURACY: 0.4544
INFO:__main__:Policy gradient: -0.02053266204893589
INFO:__main__:
INFO:__main__:------ ITERATION 478 ------
INFO:__main__:Layers generated: [('256', '3', '1'), ('256', '3', '1')]
INFO:__main__:ChildCNNModel(
  (model): Sequential(
    (0): Conv2d(3, 128, kernel_size=(3, 3), stride=(1, 1), padding=(1, 1))
    (1): ReLU()
    (2): MaxPool2d(kernel_size=2, stride=2, padding=0, dilation=1, ceil_mode=False)
    (3): Conv2d(128, 256, kernel_size=(3, 3), stride=(1, 1), padding=(1, 1))
    (4): ReLU()
    (5): MaxPool2d(kernel_size=2, stride=2, padding=0, dilation=1, ceil_mode=False)
    (6): Conv2d(256, 256, kernel_size=(3, 3), stride=(1, 1), padding=(1, 1))
    (7): ReLU()
    (8): MaxPool2d(kernel_size=2, stride=2, padding=0, dilation=1, ceil_mode=False)
    (9): Flatten(start_dim=1, end_dim=-1)
    (10): Linear(in_features=4096, out_features=512, bias=True)
    (11): ReLU()
    (12): Linear(in_features=512, out_features=256, bias=True)
    (13): ReLU()
    (14): Linear(in_features=256, out_features=100, bias=True)
  )
)
INFO:__main__:CHILD MODEL LOSS: 1.8963251085281372 with train time 55.59523153305054
INFO:__main__:CHILD MODEL ACCURACY: 0.4755
INFO:__main__:Policy gradient: 0.04343954846262932
INFO:__main__:
INFO:__main__:------ ITERATION 479 ------
INFO:__main__:Layers generated: [('256', '3', '1'), ('256', '3', '1')]
INFO:__main__:ChildCNNModel(
  (model): Sequential(
    (0): Conv2d(3, 128, kernel_size=(3, 3), stride=(1, 1), padding=(1, 1))
    (1): ReLU()
    (2): MaxPool2d(kernel_size=2, stride=2, padding=0, dilation=1, ceil_mode=False)
    (3): Conv2d(128, 256, kernel_size=(3, 3), stride=(1, 1), padding=(1, 1))
    (4): ReLU()
    (5): MaxPool2d(kernel_size=2, stride=2, padding=0, dilation=1, ceil_mode=False)
    (6): Conv2d(256, 256, kernel_size=(3, 3), stride=(1, 1), padding=(1, 1))
    (7): ReLU()
    (8): MaxPool2d(kernel_size=2, stride=2, padding=0, dilation=1, ceil_mode=False)
    (9): Flatten(start_dim=1, end_dim=-1)
    (10): Linear(in_features=4096, out_features=512, bias=True)
    (11): ReLU()
    (12): Linear(in_features=512, out_features=256, bias=True)
    (13): ReLU()
    (14): Linear(in_features=256, out_features=100, bias=True)
  )
)
INFO:__main__:CHILD MODEL LOSS: 1.790737548828125 with train time 55.61558794975281
INFO:__main__:CHILD MODEL ACCURACY: 0.4874
INFO:__main__:Policy gradient: 0.06692519783973694
INFO:__main__:
INFO:__main__:------ ITERATION 480 ------
INFO:__main__:Layers generated: [('256', '1', '1'), ('256', '3', '2')]
INFO:__main__:ChildCNNModel(
  (model): Sequential(
    (0): Conv2d(3, 128, kernel_size=(3, 3), stride=(1, 1), padding=(1, 1))
    (1): ReLU()
    (2): MaxPool2d(kernel_size=2, stride=2, padding=0, dilation=1, ceil_mode=False)
    (3): Conv2d(128, 256, kernel_size=(1, 1), stride=(1, 1), padding=(1, 1))
    (4): ReLU()
    (5): MaxPool2d(kernel_size=2, stride=2, padding=0, dilation=1, ceil_mode=False)
    (6): Conv2d(256, 256, kernel_size=(3, 3), stride=(1, 1), padding=(2, 2))
    (7): ReLU()
    (8): MaxPool2d(kernel_size=2, stride=2, padding=0, dilation=1, ceil_mode=False)
    (9): Flatten(start_dim=1, end_dim=-1)
    (10): Linear(in_features=6400, out_features=512, bias=True)
    (11): ReLU()
    (12): Linear(in_features=512, out_features=256, bias=True)
    (13): ReLU()
    (14): Linear(in_features=256, out_features=100, bias=True)
  )
)
INFO:__main__:CHILD MODEL LOSS: 1.839162724494934 with train time 58.4723174571991
INFO:__main__:CHILD MODEL ACCURACY: 0.4839
INFO:__main__:Policy gradient: 0.10177174210548401
INFO:__main__:
INFO:__main__:------ ITERATION 481 ------
INFO:__main__:Layers generated: [('256', '3', '1'), ('256', '3', '0')]
INFO:__main__:ChildCNNModel(
  (model): Sequential(
    (0): Conv2d(3, 128, kernel_size=(3, 3), stride=(1, 1), padding=(1, 1))
    (1): ReLU()
    (2): MaxPool2d(kernel_size=2, stride=2, padding=0, dilation=1, ceil_mode=False)
    (3): Conv2d(128, 256, kernel_size=(3, 3), stride=(1, 1), padding=(1, 1))
    (4): ReLU()
    (5): MaxPool2d(kernel_size=2, stride=2, padding=0, dilation=1, ceil_mode=False)
    (6): Conv2d(256, 256, kernel_size=(3, 3), stride=(1, 1))
    (7): ReLU()
    (8): MaxPool2d(kernel_size=2, stride=2, padding=0, dilation=1, ceil_mode=False)
    (9): Flatten(start_dim=1, end_dim=-1)
    (10): Linear(in_features=2304, out_features=512, bias=True)
    (11): ReLU()
    (12): Linear(in_features=512, out_features=256, bias=True)
    (13): ReLU()
    (14): Linear(in_features=256, out_features=100, bias=True)
  )
)
INFO:__main__:CHILD MODEL LOSS: 1.8998090133666992 with train time 52.317758321762085
INFO:__main__:CHILD MODEL ACCURACY: 0.4796
INFO:__main__:Policy gradient: 0.06341638416051865
INFO:__main__:
INFO:__main__:------ ITERATION 482 ------
INFO:__main__:Layers generated: [('256', '3', '2'), ('256', '3', '1')]
INFO:__main__:ChildCNNModel(
  (model): Sequential(
    (0): Conv2d(3, 128, kernel_size=(3, 3), stride=(1, 1), padding=(1, 1))
    (1): ReLU()
    (2): MaxPool2d(kernel_size=2, stride=2, padding=0, dilation=1, ceil_mode=False)
    (3): Conv2d(128, 256, kernel_size=(3, 3), stride=(1, 1), padding=(2, 2))
    (4): ReLU()
    (5): MaxPool2d(kernel_size=2, stride=2, padding=0, dilation=1, ceil_mode=False)
    (6): Conv2d(256, 256, kernel_size=(3, 3), stride=(1, 1), padding=(1, 1))
    (7): ReLU()
    (8): MaxPool2d(kernel_size=2, stride=2, padding=0, dilation=1, ceil_mode=False)
    (9): Flatten(start_dim=1, end_dim=-1)
    (10): Linear(in_features=4096, out_features=512, bias=True)
    (11): ReLU()
    (12): Linear(in_features=512, out_features=256, bias=True)
    (13): ReLU()
    (14): Linear(in_features=256, out_features=100, bias=True)
  )
)
INFO:__main__:CHILD MODEL LOSS: 1.881634389400482 with train time 69.87674188613892
INFO:__main__:CHILD MODEL ACCURACY: 0.4678
INFO:__main__:Policy gradient: 0.005001383367925882
INFO:__main__:
INFO:__main__:------ ITERATION 483 ------
INFO:__main__:Layers generated: [('256', '3', '1'), ('256', '3', '2')]
INFO:__main__:ChildCNNModel(
  (model): Sequential(
    (0): Conv2d(3, 128, kernel_size=(3, 3), stride=(1, 1), padding=(1, 1))
    (1): ReLU()
    (2): MaxPool2d(kernel_size=2, stride=2, padding=0, dilation=1, ceil_mode=False)
    (3): Conv2d(128, 256, kernel_size=(3, 3), stride=(1, 1), padding=(1, 1))
    (4): ReLU()
    (5): MaxPool2d(kernel_size=2, stride=2, padding=0, dilation=1, ceil_mode=False)
    (6): Conv2d(256, 256, kernel_size=(3, 3), stride=(1, 1), padding=(2, 2))
    (7): ReLU()
    (8): MaxPool2d(kernel_size=2, stride=2, padding=0, dilation=1, ceil_mode=False)
    (9): Flatten(start_dim=1, end_dim=-1)
    (10): Linear(in_features=6400, out_features=512, bias=True)
    (11): ReLU()
    (12): Linear(in_features=512, out_features=256, bias=True)
    (13): ReLU()
    (14): Linear(in_features=256, out_features=100, bias=True)
  )
)
INFO:__main__:CHILD MODEL LOSS: 1.8170728659629822 with train time 61.36970782279968
INFO:__main__:CHILD MODEL ACCURACY: 0.4873
INFO:__main__:Policy gradient: 0.04203435033559799
INFO:__main__:
INFO:__main__:------ ITERATION 484 ------
INFO:__main__:Layers generated: [('256', '3', '0'), ('32', '3', '1')]
INFO:__main__:ChildCNNModel(
  (model): Sequential(
    (0): Conv2d(3, 128, kernel_size=(3, 3), stride=(1, 1), padding=(1, 1))
    (1): ReLU()
    (2): MaxPool2d(kernel_size=2, stride=2, padding=0, dilation=1, ceil_mode=False)
    (3): Conv2d(128, 256, kernel_size=(3, 3), stride=(1, 1))
    (4): ReLU()
    (5): MaxPool2d(kernel_size=2, stride=2, padding=0, dilation=1, ceil_mode=False)
    (6): Conv2d(256, 32, kernel_size=(3, 3), stride=(1, 1), padding=(1, 1))
    (7): ReLU()
    (8): MaxPool2d(kernel_size=2, stride=2, padding=0, dilation=1, ceil_mode=False)
    (9): Flatten(start_dim=1, end_dim=-1)
    (10): Linear(in_features=288, out_features=512, bias=True)
    (11): ReLU()
    (12): Linear(in_features=512, out_features=256, bias=True)
    (13): ReLU()
    (14): Linear(in_features=256, out_features=100, bias=True)
  )
)
INFO:__main__:CHILD MODEL LOSS: 2.305610014438629 with train time 44.722535133361816
INFO:__main__:CHILD MODEL ACCURACY: 0.4012
INFO:__main__:Policy gradient: -0.5141545534133911
INFO:__main__:
INFO:__main__:------ ITERATION 485 ------
INFO:__main__:Layers generated: [('256', '3', '1'), ('256', '3', '2')]
INFO:__main__:ChildCNNModel(
  (model): Sequential(
    (0): Conv2d(3, 128, kernel_size=(3, 3), stride=(1, 1), padding=(1, 1))
    (1): ReLU()
    (2): MaxPool2d(kernel_size=2, stride=2, padding=0, dilation=1, ceil_mode=False)
    (3): Conv2d(128, 256, kernel_size=(3, 3), stride=(1, 1), padding=(1, 1))
    (4): ReLU()
    (5): MaxPool2d(kernel_size=2, stride=2, padding=0, dilation=1, ceil_mode=False)
    (6): Conv2d(256, 256, kernel_size=(3, 3), stride=(1, 1), padding=(2, 2))
    (7): ReLU()
    (8): MaxPool2d(kernel_size=2, stride=2, padding=0, dilation=1, ceil_mode=False)
    (9): Flatten(start_dim=1, end_dim=-1)
    (10): Linear(in_features=6400, out_features=512, bias=True)
    (11): ReLU()
    (12): Linear(in_features=512, out_features=256, bias=True)
    (13): ReLU()
    (14): Linear(in_features=256, out_features=100, bias=True)
  )
)
INFO:__main__:CHILD MODEL LOSS: 1.835740490436554 with train time 61.442543506622314
INFO:__main__:CHILD MODEL ACCURACY: 0.4698
INFO:__main__:Policy gradient: 0.016599711030721664
INFO:__main__:
INFO:__main__:------ ITERATION 486 ------
INFO:__main__:Layers generated: [('256', '3', '2'), ('256', '3', '1')]
INFO:__main__:ChildCNNModel(
  (model): Sequential(
    (0): Conv2d(3, 128, kernel_size=(3, 3), stride=(1, 1), padding=(1, 1))
    (1): ReLU()
    (2): MaxPool2d(kernel_size=2, stride=2, padding=0, dilation=1, ceil_mode=False)
    (3): Conv2d(128, 256, kernel_size=(3, 3), stride=(1, 1), padding=(2, 2))
    (4): ReLU()
    (5): MaxPool2d(kernel_size=2, stride=2, padding=0, dilation=1, ceil_mode=False)
    (6): Conv2d(256, 256, kernel_size=(3, 3), stride=(1, 1), padding=(1, 1))
    (7): ReLU()
    (8): MaxPool2d(kernel_size=2, stride=2, padding=0, dilation=1, ceil_mode=False)
    (9): Flatten(start_dim=1, end_dim=-1)
    (10): Linear(in_features=4096, out_features=512, bias=True)
    (11): ReLU()
    (12): Linear(in_features=512, out_features=256, bias=True)
    (13): ReLU()
    (14): Linear(in_features=256, out_features=100, bias=True)
  )
)
INFO:__main__:CHILD MODEL LOSS: 1.819935549736023 with train time 69.8030776977539
INFO:__main__:CHILD MODEL ACCURACY: 0.4797
INFO:__main__:Policy gradient: 0.03890885412693024
INFO:__main__:
INFO:__main__:------ ITERATION 487 ------
INFO:__main__:Layers generated: [('256', '3', '2'), ('128', '3', '1')]
INFO:__main__:ChildCNNModel(
  (model): Sequential(
    (0): Conv2d(3, 128, kernel_size=(3, 3), stride=(1, 1), padding=(1, 1))
    (1): ReLU()
    (2): MaxPool2d(kernel_size=2, stride=2, padding=0, dilation=1, ceil_mode=False)
    (3): Conv2d(128, 256, kernel_size=(3, 3), stride=(1, 1), padding=(2, 2))
    (4): ReLU()
    (5): MaxPool2d(kernel_size=2, stride=2, padding=0, dilation=1, ceil_mode=False)
    (6): Conv2d(256, 128, kernel_size=(3, 3), stride=(1, 1), padding=(1, 1))
    (7): ReLU()
    (8): MaxPool2d(kernel_size=2, stride=2, padding=0, dilation=1, ceil_mode=False)
    (9): Flatten(start_dim=1, end_dim=-1)
    (10): Linear(in_features=2048, out_features=512, bias=True)
    (11): ReLU()
    (12): Linear(in_features=512, out_features=256, bias=True)
    (13): ReLU()
    (14): Linear(in_features=256, out_features=100, bias=True)
  )
)
INFO:__main__:CHILD MODEL LOSS: 1.9367160573005677 with train time 64.29649662971497
INFO:__main__:CHILD MODEL ACCURACY: 0.4651
INFO:__main__:Policy gradient: 0.005751713644713163
INFO:__main__:
INFO:__main__:------ ITERATION 488 ------
INFO:__main__:Layers generated: [('256', '3', '1'), ('256', '3', '1')]
INFO:__main__:ChildCNNModel(
  (model): Sequential(
    (0): Conv2d(3, 128, kernel_size=(3, 3), stride=(1, 1), padding=(1, 1))
    (1): ReLU()
    (2): MaxPool2d(kernel_size=2, stride=2, padding=0, dilation=1, ceil_mode=False)
    (3): Conv2d(128, 256, kernel_size=(3, 3), stride=(1, 1), padding=(1, 1))
    (4): ReLU()
    (5): MaxPool2d(kernel_size=2, stride=2, padding=0, dilation=1, ceil_mode=False)
    (6): Conv2d(256, 256, kernel_size=(3, 3), stride=(1, 1), padding=(1, 1))
    (7): ReLU()
    (8): MaxPool2d(kernel_size=2, stride=2, padding=0, dilation=1, ceil_mode=False)
    (9): Flatten(start_dim=1, end_dim=-1)
    (10): Linear(in_features=4096, out_features=512, bias=True)
    (11): ReLU()
    (12): Linear(in_features=512, out_features=256, bias=True)
    (13): ReLU()
    (14): Linear(in_features=256, out_features=100, bias=True)
  )
)
INFO:__main__:CHILD MODEL LOSS: 1.8219531822204589 with train time 55.58638381958008
INFO:__main__:CHILD MODEL ACCURACY: 0.4903
INFO:__main__:Policy gradient: 0.059880197048187256
INFO:__main__:
INFO:__main__:------ ITERATION 489 ------
INFO:__main__:Layers generated: [('256', '3', '1'), ('256', '3', '2')]
INFO:__main__:ChildCNNModel(
  (model): Sequential(
    (0): Conv2d(3, 128, kernel_size=(3, 3), stride=(1, 1), padding=(1, 1))
    (1): ReLU()
    (2): MaxPool2d(kernel_size=2, stride=2, padding=0, dilation=1, ceil_mode=False)
    (3): Conv2d(128, 256, kernel_size=(3, 3), stride=(1, 1), padding=(1, 1))
    (4): ReLU()
    (5): MaxPool2d(kernel_size=2, stride=2, padding=0, dilation=1, ceil_mode=False)
    (6): Conv2d(256, 256, kernel_size=(3, 3), stride=(1, 1), padding=(2, 2))
    (7): ReLU()
    (8): MaxPool2d(kernel_size=2, stride=2, padding=0, dilation=1, ceil_mode=False)
    (9): Flatten(start_dim=1, end_dim=-1)
    (10): Linear(in_features=6400, out_features=512, bias=True)
    (11): ReLU()
    (12): Linear(in_features=512, out_features=256, bias=True)
    (13): ReLU()
    (14): Linear(in_features=256, out_features=100, bias=True)
  )
)
INFO:__main__:CHILD MODEL LOSS: 1.7597566928863526 with train time 61.38532996177673
INFO:__main__:CHILD MODEL ACCURACY: 0.4836
INFO:__main__:Policy gradient: 0.0326034277677536
INFO:__main__:
INFO:__main__:------ ITERATION 490 ------
INFO:__main__:Layers generated: [('256', '3', '1'), ('256', '3', '1')]
INFO:__main__:ChildCNNModel(
  (model): Sequential(
    (0): Conv2d(3, 128, kernel_size=(3, 3), stride=(1, 1), padding=(1, 1))
    (1): ReLU()
    (2): MaxPool2d(kernel_size=2, stride=2, padding=0, dilation=1, ceil_mode=False)
    (3): Conv2d(128, 256, kernel_size=(3, 3), stride=(1, 1), padding=(1, 1))
    (4): ReLU()
    (5): MaxPool2d(kernel_size=2, stride=2, padding=0, dilation=1, ceil_mode=False)
    (6): Conv2d(256, 256, kernel_size=(3, 3), stride=(1, 1), padding=(1, 1))
    (7): ReLU()
    (8): MaxPool2d(kernel_size=2, stride=2, padding=0, dilation=1, ceil_mode=False)
    (9): Flatten(start_dim=1, end_dim=-1)
    (10): Linear(in_features=4096, out_features=512, bias=True)
    (11): ReLU()
    (12): Linear(in_features=512, out_features=256, bias=True)
    (13): ReLU()
    (14): Linear(in_features=256, out_features=100, bias=True)
  )
)
INFO:__main__:CHILD MODEL LOSS: 1.865011652469635 with train time 55.56315207481384
INFO:__main__:CHILD MODEL ACCURACY: 0.4715
INFO:__main__:Policy gradient: 0.007188174873590469
INFO:__main__:
INFO:__main__:------ ITERATION 491 ------
INFO:__main__:Layers generated: [('256', '3', '0'), ('256', '3', '1')]
INFO:__main__:ChildCNNModel(
  (model): Sequential(
    (0): Conv2d(3, 128, kernel_size=(3, 3), stride=(1, 1), padding=(1, 1))
    (1): ReLU()
    (2): MaxPool2d(kernel_size=2, stride=2, padding=0, dilation=1, ceil_mode=False)
    (3): Conv2d(128, 256, kernel_size=(3, 3), stride=(1, 1))
    (4): ReLU()
    (5): MaxPool2d(kernel_size=2, stride=2, padding=0, dilation=1, ceil_mode=False)
    (6): Conv2d(256, 256, kernel_size=(3, 3), stride=(1, 1), padding=(1, 1))
    (7): ReLU()
    (8): MaxPool2d(kernel_size=2, stride=2, padding=0, dilation=1, ceil_mode=False)
    (9): Flatten(start_dim=1, end_dim=-1)
    (10): Linear(in_features=2304, out_features=512, bias=True)
    (11): ReLU()
    (12): Linear(in_features=512, out_features=256, bias=True)
    (13): ReLU()
    (14): Linear(in_features=256, out_features=100, bias=True)
  )
)
INFO:__main__:CHILD MODEL LOSS: 1.9219400010108947 with train time 49.17538356781006
INFO:__main__:CHILD MODEL ACCURACY: 0.4774
INFO:__main__:Policy gradient: 0.03243169188499451
INFO:__main__:
INFO:__main__:------ ITERATION 492 ------
INFO:__main__:Layers generated: [('256', '3', '1'), ('128', '3', '1')]
INFO:__main__:ChildCNNModel(
  (model): Sequential(
    (0): Conv2d(3, 128, kernel_size=(3, 3), stride=(1, 1), padding=(1, 1))
    (1): ReLU()
    (2): MaxPool2d(kernel_size=2, stride=2, padding=0, dilation=1, ceil_mode=False)
    (3): Conv2d(128, 256, kernel_size=(3, 3), stride=(1, 1), padding=(1, 1))
    (4): ReLU()
    (5): MaxPool2d(kernel_size=2, stride=2, padding=0, dilation=1, ceil_mode=False)
    (6): Conv2d(256, 128, kernel_size=(3, 3), stride=(1, 1), padding=(1, 1))
    (7): ReLU()
    (8): MaxPool2d(kernel_size=2, stride=2, padding=0, dilation=1, ceil_mode=False)
    (9): Flatten(start_dim=1, end_dim=-1)
    (10): Linear(in_features=2048, out_features=512, bias=True)
    (11): ReLU()
    (12): Linear(in_features=512, out_features=256, bias=True)
    (13): ReLU()
    (14): Linear(in_features=256, out_features=100, bias=True)
  )
)
INFO:__main__:CHILD MODEL LOSS: 1.9981381788253785 with train time 50.986337423324585
INFO:__main__:CHILD MODEL ACCURACY: 0.4484
INFO:__main__:Policy gradient: -0.10019893944263458
INFO:__main__:
INFO:__main__:------ ITERATION 493 ------
INFO:__main__:Layers generated: [('256', '3', '1'), ('256', '3', '1')]
INFO:__main__:ChildCNNModel(
  (model): Sequential(
    (0): Conv2d(3, 128, kernel_size=(3, 3), stride=(1, 1), padding=(1, 1))
    (1): ReLU()
    (2): MaxPool2d(kernel_size=2, stride=2, padding=0, dilation=1, ceil_mode=False)
    (3): Conv2d(128, 256, kernel_size=(3, 3), stride=(1, 1), padding=(1, 1))
    (4): ReLU()
    (5): MaxPool2d(kernel_size=2, stride=2, padding=0, dilation=1, ceil_mode=False)
    (6): Conv2d(256, 256, kernel_size=(3, 3), stride=(1, 1), padding=(1, 1))
    (7): ReLU()
    (8): MaxPool2d(kernel_size=2, stride=2, padding=0, dilation=1, ceil_mode=False)
    (9): Flatten(start_dim=1, end_dim=-1)
    (10): Linear(in_features=4096, out_features=512, bias=True)
    (11): ReLU()
    (12): Linear(in_features=512, out_features=256, bias=True)
    (13): ReLU()
    (14): Linear(in_features=256, out_features=100, bias=True)
  )
)
INFO:__main__:CHILD MODEL LOSS: 1.8227351160049439 with train time 55.6162326335907
INFO:__main__:CHILD MODEL ACCURACY: 0.4819
INFO:__main__:Policy gradient: 0.032470427453517914
INFO:__main__:
INFO:__main__:------ ITERATION 494 ------
INFO:__main__:Layers generated: [('256', '1', '0'), ('256', '3', '2')]
INFO:__main__:ChildCNNModel(
  (model): Sequential(
    (0): Conv2d(3, 128, kernel_size=(3, 3), stride=(1, 1), padding=(1, 1))
    (1): ReLU()
    (2): MaxPool2d(kernel_size=2, stride=2, padding=0, dilation=1, ceil_mode=False)
    (3): Conv2d(128, 256, kernel_size=(1, 1), stride=(1, 1))
    (4): ReLU()
    (5): MaxPool2d(kernel_size=2, stride=2, padding=0, dilation=1, ceil_mode=False)
    (6): Conv2d(256, 256, kernel_size=(3, 3), stride=(1, 1), padding=(2, 2))
    (7): ReLU()
    (8): MaxPool2d(kernel_size=2, stride=2, padding=0, dilation=1, ceil_mode=False)
    (9): Flatten(start_dim=1, end_dim=-1)
    (10): Linear(in_features=6400, out_features=512, bias=True)
    (11): ReLU()
    (12): Linear(in_features=512, out_features=256, bias=True)
    (13): ReLU()
    (14): Linear(in_features=256, out_features=100, bias=True)
  )
)
INFO:__main__:CHILD MODEL LOSS: 1.8300099635124207 with train time 48.913073778152466
INFO:__main__:CHILD MODEL ACCURACY: 0.4906
INFO:__main__:Policy gradient: 0.1323367804288864
INFO:__main__:
INFO:__main__:------ ITERATION 495 ------
INFO:__main__:Layers generated: [('256', '3', '2'), ('256', '3', '1')]
INFO:__main__:ChildCNNModel(
  (model): Sequential(
    (0): Conv2d(3, 128, kernel_size=(3, 3), stride=(1, 1), padding=(1, 1))
    (1): ReLU()
    (2): MaxPool2d(kernel_size=2, stride=2, padding=0, dilation=1, ceil_mode=False)
    (3): Conv2d(128, 256, kernel_size=(3, 3), stride=(1, 1), padding=(2, 2))
    (4): ReLU()
    (5): MaxPool2d(kernel_size=2, stride=2, padding=0, dilation=1, ceil_mode=False)
    (6): Conv2d(256, 256, kernel_size=(3, 3), stride=(1, 1), padding=(1, 1))
    (7): ReLU()
    (8): MaxPool2d(kernel_size=2, stride=2, padding=0, dilation=1, ceil_mode=False)
    (9): Flatten(start_dim=1, end_dim=-1)
    (10): Linear(in_features=4096, out_features=512, bias=True)
    (11): ReLU()
    (12): Linear(in_features=512, out_features=256, bias=True)
    (13): ReLU()
    (14): Linear(in_features=256, out_features=100, bias=True)
  )
)
INFO:__main__:CHILD MODEL LOSS: 1.8738642477989196 with train time 69.79260277748108
INFO:__main__:CHILD MODEL ACCURACY: 0.475
INFO:__main__:Policy gradient: 0.008712224662303925
INFO:__main__:
INFO:__main__:------ ITERATION 496 ------
INFO:__main__:Layers generated: [('64', '3', '1'), ('128', '3', '0')]
INFO:__main__:ChildCNNModel(
  (model): Sequential(
    (0): Conv2d(3, 128, kernel_size=(3, 3), stride=(1, 1), padding=(1, 1))
    (1): ReLU()
    (2): MaxPool2d(kernel_size=2, stride=2, padding=0, dilation=1, ceil_mode=False)
    (3): Conv2d(128, 64, kernel_size=(3, 3), stride=(1, 1), padding=(1, 1))
    (4): ReLU()
    (5): MaxPool2d(kernel_size=2, stride=2, padding=0, dilation=1, ceil_mode=False)
    (6): Conv2d(64, 128, kernel_size=(3, 3), stride=(1, 1))
    (7): ReLU()
    (8): MaxPool2d(kernel_size=2, stride=2, padding=0, dilation=1, ceil_mode=False)
    (9): Flatten(start_dim=1, end_dim=-1)
    (10): Linear(in_features=1152, out_features=512, bias=True)
    (11): ReLU()
    (12): Linear(in_features=512, out_features=256, bias=True)
    (13): ReLU()
    (14): Linear(in_features=256, out_features=100, bias=True)
  )
)
INFO:__main__:CHILD MODEL LOSS: 1.9998869509696962 with train time 37.575439453125
INFO:__main__:CHILD MODEL ACCURACY: 0.4635
INFO:__main__:Policy gradient: -0.06990388035774231
INFO:__main__:
INFO:__main__:------ ITERATION 497 ------
INFO:__main__:Layers generated: [('64', '3', '2'), ('256', '3', '0')]
INFO:__main__:ChildCNNModel(
  (model): Sequential(
    (0): Conv2d(3, 128, kernel_size=(3, 3), stride=(1, 1), padding=(1, 1))
    (1): ReLU()
    (2): MaxPool2d(kernel_size=2, stride=2, padding=0, dilation=1, ceil_mode=False)
    (3): Conv2d(128, 64, kernel_size=(3, 3), stride=(1, 1), padding=(2, 2))
    (4): ReLU()
    (5): MaxPool2d(kernel_size=2, stride=2, padding=0, dilation=1, ceil_mode=False)
    (6): Conv2d(64, 256, kernel_size=(3, 3), stride=(1, 1))
    (7): ReLU()
    (8): MaxPool2d(kernel_size=2, stride=2, padding=0, dilation=1, ceil_mode=False)
    (9): Flatten(start_dim=1, end_dim=-1)
    (10): Linear(in_features=2304, out_features=512, bias=True)
    (11): ReLU()
    (12): Linear(in_features=512, out_features=256, bias=True)
    (13): ReLU()
    (14): Linear(in_features=256, out_features=100, bias=True)
  )
)
INFO:__main__:CHILD MODEL LOSS: 1.8707902822494507 with train time 39.98694920539856
INFO:__main__:CHILD MODEL ACCURACY: 0.4817
INFO:__main__:Policy gradient: 0.07156368345022202
INFO:__main__:
INFO:__main__:------ ITERATION 498 ------
INFO:__main__:Layers generated: [('256', '3', '1'), ('64', '3', '1')]
INFO:__main__:ChildCNNModel(
  (model): Sequential(
    (0): Conv2d(3, 128, kernel_size=(3, 3), stride=(1, 1), padding=(1, 1))
    (1): ReLU()
    (2): MaxPool2d(kernel_size=2, stride=2, padding=0, dilation=1, ceil_mode=False)
    (3): Conv2d(128, 256, kernel_size=(3, 3), stride=(1, 1), padding=(1, 1))
    (4): ReLU()
    (5): MaxPool2d(kernel_size=2, stride=2, padding=0, dilation=1, ceil_mode=False)
    (6): Conv2d(256, 64, kernel_size=(3, 3), stride=(1, 1), padding=(1, 1))
    (7): ReLU()
    (8): MaxPool2d(kernel_size=2, stride=2, padding=0, dilation=1, ceil_mode=False)
    (9): Flatten(start_dim=1, end_dim=-1)
    (10): Linear(in_features=1024, out_features=512, bias=True)
    (11): ReLU()
    (12): Linear(in_features=512, out_features=256, bias=True)
    (13): ReLU()
    (14): Linear(in_features=256, out_features=100, bias=True)
  )
)
INFO:__main__:CHILD MODEL LOSS: 2.042457362174988 with train time 49.04736065864563
INFO:__main__:CHILD MODEL ACCURACY: 0.4356
INFO:__main__:Policy gradient: -0.19680523872375488
INFO:__main__:
INFO:__main__:------ ITERATION 499 ------
INFO:__main__:Layers generated: [('256', '3', '1'), ('256', '3', '1')]
INFO:__main__:ChildCNNModel(
  (model): Sequential(
    (0): Conv2d(3, 128, kernel_size=(3, 3), stride=(1, 1), padding=(1, 1))
    (1): ReLU()
    (2): MaxPool2d(kernel_size=2, stride=2, padding=0, dilation=1, ceil_mode=False)
    (3): Conv2d(128, 256, kernel_size=(3, 3), stride=(1, 1), padding=(1, 1))
    (4): ReLU()
    (5): MaxPool2d(kernel_size=2, stride=2, padding=0, dilation=1, ceil_mode=False)
    (6): Conv2d(256, 256, kernel_size=(3, 3), stride=(1, 1), padding=(1, 1))
    (7): ReLU()
    (8): MaxPool2d(kernel_size=2, stride=2, padding=0, dilation=1, ceil_mode=False)
    (9): Flatten(start_dim=1, end_dim=-1)
    (10): Linear(in_features=4096, out_features=512, bias=True)
    (11): ReLU()
    (12): Linear(in_features=512, out_features=256, bias=True)
    (13): ReLU()
    (14): Linear(in_features=256, out_features=100, bias=True)
  )
)
INFO:__main__:CHILD MODEL LOSS: 1.872397584438324 with train time 55.53431677818298
INFO:__main__:CHILD MODEL ACCURACY: 0.4725
INFO:__main__:Policy gradient: 0.009736958891153336
INFO:__main__:
INFO:__main__:------ ITERATION 500 ------
INFO:__main__:Layers generated: [('256', '3', '2'), ('256', '3', '0')]
INFO:__main__:ChildCNNModel(
  (model): Sequential(
    (0): Conv2d(3, 128, kernel_size=(3, 3), stride=(1, 1), padding=(1, 1))
    (1): ReLU()
    (2): MaxPool2d(kernel_size=2, stride=2, padding=0, dilation=1, ceil_mode=False)
    (3): Conv2d(128, 256, kernel_size=(3, 3), stride=(1, 1), padding=(2, 2))
    (4): ReLU()
    (5): MaxPool2d(kernel_size=2, stride=2, padding=0, dilation=1, ceil_mode=False)
    (6): Conv2d(256, 256, kernel_size=(3, 3), stride=(1, 1))
    (7): ReLU()
    (8): MaxPool2d(kernel_size=2, stride=2, padding=0, dilation=1, ceil_mode=False)
    (9): Flatten(start_dim=1, end_dim=-1)
    (10): Linear(in_features=2304, out_features=512, bias=True)
    (11): ReLU()
    (12): Linear(in_features=512, out_features=256, bias=True)
    (13): ReLU()
    (14): Linear(in_features=256, out_features=100, bias=True)
  )
)
INFO:__main__:CHILD MODEL LOSS: 1.934762144088745 with train time 65.65268564224243
INFO:__main__:CHILD MODEL ACCURACY: 0.4746
INFO:__main__:Policy gradient: 0.024404337629675865
INFO:__main__:
INFO:__main__:------ ITERATION 501 ------
INFO:__main__:Layers generated: [('128', '3', '1'), ('256', '3', '1')]
INFO:__main__:ChildCNNModel(
  (model): Sequential(
    (0): Conv2d(3, 128, kernel_size=(3, 3), stride=(1, 1), padding=(1, 1))
    (1): ReLU()
    (2): MaxPool2d(kernel_size=2, stride=2, padding=0, dilation=1, ceil_mode=False)
    (3): Conv2d(128, 128, kernel_size=(3, 3), stride=(1, 1), padding=(1, 1))
    (4): ReLU()
    (5): MaxPool2d(kernel_size=2, stride=2, padding=0, dilation=1, ceil_mode=False)
    (6): Conv2d(128, 256, kernel_size=(3, 3), stride=(1, 1), padding=(1, 1))
    (7): ReLU()
    (8): MaxPool2d(kernel_size=2, stride=2, padding=0, dilation=1, ceil_mode=False)
    (9): Flatten(start_dim=1, end_dim=-1)
    (10): Linear(in_features=4096, out_features=512, bias=True)
    (11): ReLU()
    (12): Linear(in_features=512, out_features=256, bias=True)
    (13): ReLU()
    (14): Linear(in_features=256, out_features=100, bias=True)
  )
)
INFO:__main__:CHILD MODEL LOSS: 1.8529760870933534 with train time 42.60544967651367
INFO:__main__:CHILD MODEL ACCURACY: 0.4819
INFO:__main__:Policy gradient: 0.06182670593261719
INFO:__main__:
INFO:__main__:------ ITERATION 502 ------
INFO:__main__:Layers generated: [('32', '3', '2'), ('256', '3', '2')]
INFO:__main__:ChildCNNModel(
  (model): Sequential(
    (0): Conv2d(3, 128, kernel_size=(3, 3), stride=(1, 1), padding=(1, 1))
    (1): ReLU()
    (2): MaxPool2d(kernel_size=2, stride=2, padding=0, dilation=1, ceil_mode=False)
    (3): Conv2d(128, 32, kernel_size=(3, 3), stride=(1, 1), padding=(2, 2))
    (4): ReLU()
    (5): MaxPool2d(kernel_size=2, stride=2, padding=0, dilation=1, ceil_mode=False)
    (6): Conv2d(32, 256, kernel_size=(3, 3), stride=(1, 1), padding=(2, 2))
    (7): ReLU()
    (8): MaxPool2d(kernel_size=2, stride=2, padding=0, dilation=1, ceil_mode=False)
    (9): Flatten(start_dim=1, end_dim=-1)
    (10): Linear(in_features=6400, out_features=512, bias=True)
    (11): ReLU()
    (12): Linear(in_features=512, out_features=256, bias=True)
    (13): ReLU()
    (14): Linear(in_features=256, out_features=100, bias=True)
  )
)
INFO:__main__:CHILD MODEL LOSS: 2.032957407474518 with train time 40.291770219802856
INFO:__main__:CHILD MODEL ACCURACY: 0.4415
INFO:__main__:Policy gradient: -0.1666635125875473
INFO:__main__:
INFO:__main__:------ ITERATION 503 ------
INFO:__main__:Layers generated: [('128', '3', '1'), ('256', '3', '1')]
INFO:__main__:ChildCNNModel(
  (model): Sequential(
    (0): Conv2d(3, 128, kernel_size=(3, 3), stride=(1, 1), padding=(1, 1))
    (1): ReLU()
    (2): MaxPool2d(kernel_size=2, stride=2, padding=0, dilation=1, ceil_mode=False)
    (3): Conv2d(128, 128, kernel_size=(3, 3), stride=(1, 1), padding=(1, 1))
    (4): ReLU()
    (5): MaxPool2d(kernel_size=2, stride=2, padding=0, dilation=1, ceil_mode=False)
    (6): Conv2d(128, 256, kernel_size=(3, 3), stride=(1, 1), padding=(1, 1))
    (7): ReLU()
    (8): MaxPool2d(kernel_size=2, stride=2, padding=0, dilation=1, ceil_mode=False)
    (9): Flatten(start_dim=1, end_dim=-1)
    (10): Linear(in_features=4096, out_features=512, bias=True)
    (11): ReLU()
    (12): Linear(in_features=512, out_features=256, bias=True)
    (13): ReLU()
    (14): Linear(in_features=256, out_features=100, bias=True)
  )
)
INFO:__main__:CHILD MODEL LOSS: 1.848465792655945 with train time 42.54089140892029
INFO:__main__:CHILD MODEL ACCURACY: 0.4775
INFO:__main__:Policy gradient: 0.04834892600774765
INFO:__main__:
INFO:__main__:------ ITERATION 504 ------
INFO:__main__:Layers generated: [('256', '3', '1'), ('256', '3', '2')]
INFO:__main__:ChildCNNModel(
  (model): Sequential(
    (0): Conv2d(3, 128, kernel_size=(3, 3), stride=(1, 1), padding=(1, 1))
    (1): ReLU()
    (2): MaxPool2d(kernel_size=2, stride=2, padding=0, dilation=1, ceil_mode=False)
    (3): Conv2d(128, 256, kernel_size=(3, 3), stride=(1, 1), padding=(1, 1))
    (4): ReLU()
    (5): MaxPool2d(kernel_size=2, stride=2, padding=0, dilation=1, ceil_mode=False)
    (6): Conv2d(256, 256, kernel_size=(3, 3), stride=(1, 1), padding=(2, 2))
    (7): ReLU()
    (8): MaxPool2d(kernel_size=2, stride=2, padding=0, dilation=1, ceil_mode=False)
    (9): Flatten(start_dim=1, end_dim=-1)
    (10): Linear(in_features=6400, out_features=512, bias=True)
    (11): ReLU()
    (12): Linear(in_features=512, out_features=256, bias=True)
    (13): ReLU()
    (14): Linear(in_features=256, out_features=100, bias=True)
  )
)
INFO:__main__:CHILD MODEL LOSS: 1.7594791254997253 with train time 61.50584578514099
INFO:__main__:CHILD MODEL ACCURACY: 0.4802
INFO:__main__:Policy gradient: 0.021838832646608353
INFO:__main__:
INFO:__main__:------ ITERATION 505 ------
INFO:__main__:Layers generated: [('256', '3', '2'), ('256', '3', '2')]
INFO:__main__:ChildCNNModel(
  (model): Sequential(
    (0): Conv2d(3, 128, kernel_size=(3, 3), stride=(1, 1), padding=(1, 1))
    (1): ReLU()
    (2): MaxPool2d(kernel_size=2, stride=2, padding=0, dilation=1, ceil_mode=False)
    (3): Conv2d(128, 256, kernel_size=(3, 3), stride=(1, 1), padding=(2, 2))
    (4): ReLU()
    (5): MaxPool2d(kernel_size=2, stride=2, padding=0, dilation=1, ceil_mode=False)
    (6): Conv2d(256, 256, kernel_size=(3, 3), stride=(1, 1), padding=(2, 2))
    (7): ReLU()
    (8): MaxPool2d(kernel_size=2, stride=2, padding=0, dilation=1, ceil_mode=False)
    (9): Flatten(start_dim=1, end_dim=-1)
    (10): Linear(in_features=6400, out_features=512, bias=True)
    (11): ReLU()
    (12): Linear(in_features=512, out_features=256, bias=True)
    (13): ReLU()
    (14): Linear(in_features=256, out_features=100, bias=True)
  )
)
INFO:__main__:CHILD MODEL LOSS: 1.9175637230873108 with train time 76.27585029602051
INFO:__main__:CHILD MODEL ACCURACY: 0.4643
INFO:__main__:Policy gradient: -0.01001083105802536
INFO:__main__:
INFO:__main__:------ ITERATION 506 ------
INFO:__main__:Layers generated: [('256', '3', '2'), ('256', '3', '2')]
INFO:__main__:ChildCNNModel(
  (model): Sequential(
    (0): Conv2d(3, 128, kernel_size=(3, 3), stride=(1, 1), padding=(1, 1))
    (1): ReLU()
    (2): MaxPool2d(kernel_size=2, stride=2, padding=0, dilation=1, ceil_mode=False)
    (3): Conv2d(128, 256, kernel_size=(3, 3), stride=(1, 1), padding=(2, 2))
    (4): ReLU()
    (5): MaxPool2d(kernel_size=2, stride=2, padding=0, dilation=1, ceil_mode=False)
    (6): Conv2d(256, 256, kernel_size=(3, 3), stride=(1, 1), padding=(2, 2))
    (7): ReLU()
    (8): MaxPool2d(kernel_size=2, stride=2, padding=0, dilation=1, ceil_mode=False)
    (9): Flatten(start_dim=1, end_dim=-1)
    (10): Linear(in_features=6400, out_features=512, bias=True)
    (11): ReLU()
    (12): Linear(in_features=512, out_features=256, bias=True)
    (13): ReLU()
    (14): Linear(in_features=256, out_features=100, bias=True)
  )
)
INFO:__main__:CHILD MODEL LOSS: 1.8773204755783082 with train time 76.31095552444458
INFO:__main__:CHILD MODEL ACCURACY: 0.4718
INFO:__main__:Policy gradient: 0.004883930552750826
INFO:__main__:
INFO:__main__:------ ITERATION 507 ------
INFO:__main__:Layers generated: [('256', '3', '2'), ('256', '3', '2')]
INFO:__main__:ChildCNNModel(
  (model): Sequential(
    (0): Conv2d(3, 128, kernel_size=(3, 3), stride=(1, 1), padding=(1, 1))
    (1): ReLU()
    (2): MaxPool2d(kernel_size=2, stride=2, padding=0, dilation=1, ceil_mode=False)
    (3): Conv2d(128, 256, kernel_size=(3, 3), stride=(1, 1), padding=(2, 2))
    (4): ReLU()
    (5): MaxPool2d(kernel_size=2, stride=2, padding=0, dilation=1, ceil_mode=False)
    (6): Conv2d(256, 256, kernel_size=(3, 3), stride=(1, 1), padding=(2, 2))
    (7): ReLU()
    (8): MaxPool2d(kernel_size=2, stride=2, padding=0, dilation=1, ceil_mode=False)
    (9): Flatten(start_dim=1, end_dim=-1)
    (10): Linear(in_features=6400, out_features=512, bias=True)
    (11): ReLU()
    (12): Linear(in_features=512, out_features=256, bias=True)
    (13): ReLU()
    (14): Linear(in_features=256, out_features=100, bias=True)
  )
)
INFO:__main__:CHILD MODEL LOSS: 1.8131470699310304 with train time 76.22254037857056
INFO:__main__:CHILD MODEL ACCURACY: 0.4798
INFO:__main__:Policy gradient: 0.01924886927008629
INFO:__main__:
INFO:__main__:------ ITERATION 508 ------
INFO:__main__:Layers generated: [('32', '3', '2'), ('256', '3', '1')]
INFO:__main__:ChildCNNModel(
  (model): Sequential(
    (0): Conv2d(3, 128, kernel_size=(3, 3), stride=(1, 1), padding=(1, 1))
    (1): ReLU()
    (2): MaxPool2d(kernel_size=2, stride=2, padding=0, dilation=1, ceil_mode=False)
    (3): Conv2d(128, 32, kernel_size=(3, 3), stride=(1, 1), padding=(2, 2))
    (4): ReLU()
    (5): MaxPool2d(kernel_size=2, stride=2, padding=0, dilation=1, ceil_mode=False)
    (6): Conv2d(32, 256, kernel_size=(3, 3), stride=(1, 1), padding=(1, 1))
    (7): ReLU()
    (8): MaxPool2d(kernel_size=2, stride=2, padding=0, dilation=1, ceil_mode=False)
    (9): Flatten(start_dim=1, end_dim=-1)
    (10): Linear(in_features=4096, out_features=512, bias=True)
    (11): ReLU()
    (12): Linear(in_features=512, out_features=256, bias=True)
    (13): ReLU()
    (14): Linear(in_features=256, out_features=100, bias=True)
  )
)
INFO:__main__:CHILD MODEL LOSS: 1.906173842906952 with train time 39.35873985290527
INFO:__main__:CHILD MODEL ACCURACY: 0.471
INFO:__main__:Policy gradient: 0.003225055057555437
INFO:__main__:
INFO:__main__:------ ITERATION 509 ------
INFO:__main__:Layers generated: [('256', '3', '1'), ('256', '3', '2')]
INFO:__main__:ChildCNNModel(
  (model): Sequential(
    (0): Conv2d(3, 128, kernel_size=(3, 3), stride=(1, 1), padding=(1, 1))
    (1): ReLU()
    (2): MaxPool2d(kernel_size=2, stride=2, padding=0, dilation=1, ceil_mode=False)
    (3): Conv2d(128, 256, kernel_size=(3, 3), stride=(1, 1), padding=(1, 1))
    (4): ReLU()
    (5): MaxPool2d(kernel_size=2, stride=2, padding=0, dilation=1, ceil_mode=False)
    (6): Conv2d(256, 256, kernel_size=(3, 3), stride=(1, 1), padding=(2, 2))
    (7): ReLU()
    (8): MaxPool2d(kernel_size=2, stride=2, padding=0, dilation=1, ceil_mode=False)
    (9): Flatten(start_dim=1, end_dim=-1)
    (10): Linear(in_features=6400, out_features=512, bias=True)
    (11): ReLU()
    (12): Linear(in_features=512, out_features=256, bias=True)
    (13): ReLU()
    (14): Linear(in_features=256, out_features=100, bias=True)
  )
)
INFO:__main__:CHILD MODEL LOSS: 1.7891983051300049 with train time 61.354007720947266
INFO:__main__:CHILD MODEL ACCURACY: 0.4855
INFO:__main__:Policy gradient: 0.027952047064900398
INFO:__main__:
INFO:__main__:------ ITERATION 510 ------
INFO:__main__:Layers generated: [('16', '3', '2'), ('256', '3', '0')]
INFO:__main__:ChildCNNModel(
  (model): Sequential(
    (0): Conv2d(3, 128, kernel_size=(3, 3), stride=(1, 1), padding=(1, 1))
    (1): ReLU()
    (2): MaxPool2d(kernel_size=2, stride=2, padding=0, dilation=1, ceil_mode=False)
    (3): Conv2d(128, 16, kernel_size=(3, 3), stride=(1, 1), padding=(2, 2))
    (4): ReLU()
    (5): MaxPool2d(kernel_size=2, stride=2, padding=0, dilation=1, ceil_mode=False)
    (6): Conv2d(16, 256, kernel_size=(3, 3), stride=(1, 1))
    (7): ReLU()
    (8): MaxPool2d(kernel_size=2, stride=2, padding=0, dilation=1, ceil_mode=False)
    (9): Flatten(start_dim=1, end_dim=-1)
    (10): Linear(in_features=2304, out_features=512, bias=True)
    (11): ReLU()
    (12): Linear(in_features=512, out_features=256, bias=True)
    (13): ReLU()
    (14): Linear(in_features=256, out_features=100, bias=True)
  )
)
INFO:__main__:CHILD MODEL LOSS: 2.121998987197876 with train time 37.85805606842041
INFO:__main__:CHILD MODEL ACCURACY: 0.4362
INFO:__main__:Policy gradient: -0.29475635290145874
INFO:__main__:
INFO:__main__:------ ITERATION 511 ------
INFO:__main__:Layers generated: [('256', '3', '2'), ('256', '3', '1')]
INFO:__main__:ChildCNNModel(
  (model): Sequential(
    (0): Conv2d(3, 128, kernel_size=(3, 3), stride=(1, 1), padding=(1, 1))
    (1): ReLU()
    (2): MaxPool2d(kernel_size=2, stride=2, padding=0, dilation=1, ceil_mode=False)
    (3): Conv2d(128, 256, kernel_size=(3, 3), stride=(1, 1), padding=(2, 2))
    (4): ReLU()
    (5): MaxPool2d(kernel_size=2, stride=2, padding=0, dilation=1, ceil_mode=False)
    (6): Conv2d(256, 256, kernel_size=(3, 3), stride=(1, 1), padding=(1, 1))
    (7): ReLU()
    (8): MaxPool2d(kernel_size=2, stride=2, padding=0, dilation=1, ceil_mode=False)
    (9): Flatten(start_dim=1, end_dim=-1)
    (10): Linear(in_features=4096, out_features=512, bias=True)
    (11): ReLU()
    (12): Linear(in_features=512, out_features=256, bias=True)
    (13): ReLU()
    (14): Linear(in_features=256, out_features=100, bias=True)
  )
)
INFO:__main__:CHILD MODEL LOSS: 1.8561381282806397 with train time 69.79903626441956
INFO:__main__:CHILD MODEL ACCURACY: 0.4816
INFO:__main__:Policy gradient: 0.028646277263760567
INFO:__main__:
INFO:__main__:------ ITERATION 512 ------
INFO:__main__:Layers generated: [('64', '3', '1'), ('128', '3', '1')]
INFO:__main__:ChildCNNModel(
  (model): Sequential(
    (0): Conv2d(3, 128, kernel_size=(3, 3), stride=(1, 1), padding=(1, 1))
    (1): ReLU()
    (2): MaxPool2d(kernel_size=2, stride=2, padding=0, dilation=1, ceil_mode=False)
    (3): Conv2d(128, 64, kernel_size=(3, 3), stride=(1, 1), padding=(1, 1))
    (4): ReLU()
    (5): MaxPool2d(kernel_size=2, stride=2, padding=0, dilation=1, ceil_mode=False)
    (6): Conv2d(64, 128, kernel_size=(3, 3), stride=(1, 1), padding=(1, 1))
    (7): ReLU()
    (8): MaxPool2d(kernel_size=2, stride=2, padding=0, dilation=1, ceil_mode=False)
    (9): Flatten(start_dim=1, end_dim=-1)
    (10): Linear(in_features=2048, out_features=512, bias=True)
    (11): ReLU()
    (12): Linear(in_features=512, out_features=256, bias=True)
    (13): ReLU()
    (14): Linear(in_features=256, out_features=100, bias=True)
  )
)
INFO:__main__:CHILD MODEL LOSS: 1.9372029151916503 with train time 37.2093780040741
INFO:__main__:CHILD MODEL ACCURACY: 0.4685
INFO:__main__:Policy gradient: -0.008977214805781841
INFO:__main__:
INFO:__main__:------ ITERATION 513 ------
INFO:__main__:Layers generated: [('256', '3', '1'), ('256', '3', '1')]
INFO:__main__:ChildCNNModel(
  (model): Sequential(
    (0): Conv2d(3, 128, kernel_size=(3, 3), stride=(1, 1), padding=(1, 1))
    (1): ReLU()
    (2): MaxPool2d(kernel_size=2, stride=2, padding=0, dilation=1, ceil_mode=False)
    (3): Conv2d(128, 256, kernel_size=(3, 3), stride=(1, 1), padding=(1, 1))
    (4): ReLU()
    (5): MaxPool2d(kernel_size=2, stride=2, padding=0, dilation=1, ceil_mode=False)
    (6): Conv2d(256, 256, kernel_size=(3, 3), stride=(1, 1), padding=(1, 1))
    (7): ReLU()
    (8): MaxPool2d(kernel_size=2, stride=2, padding=0, dilation=1, ceil_mode=False)
    (9): Flatten(start_dim=1, end_dim=-1)
    (10): Linear(in_features=4096, out_features=512, bias=True)
    (11): ReLU()
    (12): Linear(in_features=512, out_features=256, bias=True)
    (13): ReLU()
    (14): Linear(in_features=256, out_features=100, bias=True)
  )
)
INFO:__main__:CHILD MODEL LOSS: 1.8114713778495788 with train time 55.59747934341431
INFO:__main__:CHILD MODEL ACCURACY: 0.4884
INFO:__main__:Policy gradient: 0.04106142744421959
INFO:__main__:
INFO:__main__:------ ITERATION 514 ------
INFO:__main__:Layers generated: [('256', '3', '2'), ('256', '3', '2')]
INFO:__main__:ChildCNNModel(
  (model): Sequential(
    (0): Conv2d(3, 128, kernel_size=(3, 3), stride=(1, 1), padding=(1, 1))
    (1): ReLU()
    (2): MaxPool2d(kernel_size=2, stride=2, padding=0, dilation=1, ceil_mode=False)
    (3): Conv2d(128, 256, kernel_size=(3, 3), stride=(1, 1), padding=(2, 2))
    (4): ReLU()
    (5): MaxPool2d(kernel_size=2, stride=2, padding=0, dilation=1, ceil_mode=False)
    (6): Conv2d(256, 256, kernel_size=(3, 3), stride=(1, 1), padding=(2, 2))
    (7): ReLU()
    (8): MaxPool2d(kernel_size=2, stride=2, padding=0, dilation=1, ceil_mode=False)
    (9): Flatten(start_dim=1, end_dim=-1)
    (10): Linear(in_features=6400, out_features=512, bias=True)
    (11): ReLU()
    (12): Linear(in_features=512, out_features=256, bias=True)
    (13): ReLU()
    (14): Linear(in_features=256, out_features=100, bias=True)
  )
)
INFO:__main__:CHILD MODEL LOSS: 1.8168056626319886 with train time 76.26760149002075
INFO:__main__:CHILD MODEL ACCURACY: 0.4735
INFO:__main__:Policy gradient: 0.0037154629826545715
INFO:__main__:
INFO:__main__:------ ITERATION 515 ------
INFO:__main__:Layers generated: [('256', '3', '1'), ('256', '3', '1')]
INFO:__main__:ChildCNNModel(
  (model): Sequential(
    (0): Conv2d(3, 128, kernel_size=(3, 3), stride=(1, 1), padding=(1, 1))
    (1): ReLU()
    (2): MaxPool2d(kernel_size=2, stride=2, padding=0, dilation=1, ceil_mode=False)
    (3): Conv2d(128, 256, kernel_size=(3, 3), stride=(1, 1), padding=(1, 1))
    (4): ReLU()
    (5): MaxPool2d(kernel_size=2, stride=2, padding=0, dilation=1, ceil_mode=False)
    (6): Conv2d(256, 256, kernel_size=(3, 3), stride=(1, 1), padding=(1, 1))
    (7): ReLU()
    (8): MaxPool2d(kernel_size=2, stride=2, padding=0, dilation=1, ceil_mode=False)
    (9): Flatten(start_dim=1, end_dim=-1)
    (10): Linear(in_features=4096, out_features=512, bias=True)
    (11): ReLU()
    (12): Linear(in_features=512, out_features=256, bias=True)
    (13): ReLU()
    (14): Linear(in_features=256, out_features=100, bias=True)
  )
)
INFO:__main__:CHILD MODEL LOSS: 1.8953568015098572 with train time 55.577797651290894
INFO:__main__:CHILD MODEL ACCURACY: 0.475
INFO:__main__:Policy gradient: 0.007162763737142086
INFO:__main__:
INFO:__main__:------ ITERATION 516 ------
INFO:__main__:Layers generated: [('256', '3', '2'), ('256', '3', '1')]
INFO:__main__:ChildCNNModel(
  (model): Sequential(
    (0): Conv2d(3, 128, kernel_size=(3, 3), stride=(1, 1), padding=(1, 1))
    (1): ReLU()
    (2): MaxPool2d(kernel_size=2, stride=2, padding=0, dilation=1, ceil_mode=False)
    (3): Conv2d(128, 256, kernel_size=(3, 3), stride=(1, 1), padding=(2, 2))
    (4): ReLU()
    (5): MaxPool2d(kernel_size=2, stride=2, padding=0, dilation=1, ceil_mode=False)
    (6): Conv2d(256, 256, kernel_size=(3, 3), stride=(1, 1), padding=(1, 1))
    (7): ReLU()
    (8): MaxPool2d(kernel_size=2, stride=2, padding=0, dilation=1, ceil_mode=False)
    (9): Flatten(start_dim=1, end_dim=-1)
    (10): Linear(in_features=4096, out_features=512, bias=True)
    (11): ReLU()
    (12): Linear(in_features=512, out_features=256, bias=True)
    (13): ReLU()
    (14): Linear(in_features=256, out_features=100, bias=True)
  )
)
INFO:__main__:CHILD MODEL LOSS: 1.92607603931427 with train time 69.79525113105774
INFO:__main__:CHILD MODEL ACCURACY: 0.463
INFO:__main__:Policy gradient: -0.0195794478058815
INFO:__main__:
INFO:__main__:------ ITERATION 517 ------
INFO:__main__:Layers generated: [('256', '3', '2'), ('256', '3', '1')]
INFO:__main__:ChildCNNModel(
  (model): Sequential(
    (0): Conv2d(3, 128, kernel_size=(3, 3), stride=(1, 1), padding=(1, 1))
    (1): ReLU()
    (2): MaxPool2d(kernel_size=2, stride=2, padding=0, dilation=1, ceil_mode=False)
    (3): Conv2d(128, 256, kernel_size=(3, 3), stride=(1, 1), padding=(2, 2))
    (4): ReLU()
    (5): MaxPool2d(kernel_size=2, stride=2, padding=0, dilation=1, ceil_mode=False)
    (6): Conv2d(256, 256, kernel_size=(3, 3), stride=(1, 1), padding=(1, 1))
    (7): ReLU()
    (8): MaxPool2d(kernel_size=2, stride=2, padding=0, dilation=1, ceil_mode=False)
    (9): Flatten(start_dim=1, end_dim=-1)
    (10): Linear(in_features=4096, out_features=512, bias=True)
    (11): ReLU()
    (12): Linear(in_features=512, out_features=256, bias=True)
    (13): ReLU()
    (14): Linear(in_features=256, out_features=100, bias=True)
  )
)
INFO:__main__:CHILD MODEL LOSS: 1.8612932453155517 with train time 69.7603087425232
INFO:__main__:CHILD MODEL ACCURACY: 0.4737
INFO:__main__:Policy gradient: 0.0055671134032309055
INFO:__main__:
INFO:__main__:------ ITERATION 518 ------
INFO:__main__:Layers generated: [('256', '3', '1'), ('256', '5', '1')]
INFO:__main__:ChildCNNModel(
  (model): Sequential(
    (0): Conv2d(3, 128, kernel_size=(3, 3), stride=(1, 1), padding=(1, 1))
    (1): ReLU()
    (2): MaxPool2d(kernel_size=2, stride=2, padding=0, dilation=1, ceil_mode=False)
    (3): Conv2d(128, 256, kernel_size=(3, 3), stride=(1, 1), padding=(1, 1))
    (4): ReLU()
    (5): MaxPool2d(kernel_size=2, stride=2, padding=0, dilation=1, ceil_mode=False)
    (6): Conv2d(256, 256, kernel_size=(5, 5), stride=(1, 1), padding=(1, 1))
    (7): ReLU()
    (8): MaxPool2d(kernel_size=2, stride=2, padding=0, dilation=1, ceil_mode=False)
    (9): Flatten(start_dim=1, end_dim=-1)
    (10): Linear(in_features=2304, out_features=512, bias=True)
    (11): ReLU()
    (12): Linear(in_features=512, out_features=256, bias=True)
    (13): ReLU()
    (14): Linear(in_features=256, out_features=100, bias=True)
  )
)
INFO:__main__:CHILD MODEL LOSS: 1.911848545074463 with train time 60.660250186920166
INFO:__main__:CHILD MODEL ACCURACY: 0.4742
INFO:__main__:Policy gradient: 0.016471270471811295
INFO:__main__:
INFO:__main__:------ ITERATION 519 ------
INFO:__main__:Layers generated: [('256', '5', '1'), ('256', '3', '2')]
INFO:__main__:ChildCNNModel(
  (model): Sequential(
    (0): Conv2d(3, 128, kernel_size=(3, 3), stride=(1, 1), padding=(1, 1))
    (1): ReLU()
    (2): MaxPool2d(kernel_size=2, stride=2, padding=0, dilation=1, ceil_mode=False)
    (3): Conv2d(128, 256, kernel_size=(5, 5), stride=(1, 1), padding=(1, 1))
    (4): ReLU()
    (5): MaxPool2d(kernel_size=2, stride=2, padding=0, dilation=1, ceil_mode=False)
    (6): Conv2d(256, 256, kernel_size=(3, 3), stride=(1, 1), padding=(2, 2))
    (7): ReLU()
    (8): MaxPool2d(kernel_size=2, stride=2, padding=0, dilation=1, ceil_mode=False)
    (9): Flatten(start_dim=1, end_dim=-1)
    (10): Linear(in_features=4096, out_features=512, bias=True)
    (11): ReLU()
    (12): Linear(in_features=512, out_features=256, bias=True)
    (13): ReLU()
    (14): Linear(in_features=256, out_features=100, bias=True)
  )
)
INFO:__main__:CHILD MODEL LOSS: 1.8706715006828307 with train time 70.24819898605347
INFO:__main__:CHILD MODEL ACCURACY: 0.4748
INFO:__main__:Policy gradient: 0.015206963755190372
INFO:__main__:
INFO:__main__:------ ITERATION 520 ------
INFO:__main__:Layers generated: [('256', '3', '2'), ('256', '1', '1')]
INFO:__main__:ChildCNNModel(
  (model): Sequential(
    (0): Conv2d(3, 128, kernel_size=(3, 3), stride=(1, 1), padding=(1, 1))
    (1): ReLU()
    (2): MaxPool2d(kernel_size=2, stride=2, padding=0, dilation=1, ceil_mode=False)
    (3): Conv2d(128, 256, kernel_size=(3, 3), stride=(1, 1), padding=(2, 2))
    (4): ReLU()
    (5): MaxPool2d(kernel_size=2, stride=2, padding=0, dilation=1, ceil_mode=False)
    (6): Conv2d(256, 256, kernel_size=(1, 1), stride=(1, 1), padding=(1, 1))
    (7): ReLU()
    (8): MaxPool2d(kernel_size=2, stride=2, padding=0, dilation=1, ceil_mode=False)
    (9): Flatten(start_dim=1, end_dim=-1)
    (10): Linear(in_features=6400, out_features=512, bias=True)
    (11): ReLU()
    (12): Linear(in_features=512, out_features=256, bias=True)
    (13): ReLU()
    (14): Linear(in_features=256, out_features=100, bias=True)
  )
)
INFO:__main__:CHILD MODEL LOSS: 1.9809884204864503 with train time 66.22638416290283
INFO:__main__:CHILD MODEL ACCURACY: 0.452
INFO:__main__:Policy gradient: -0.11366124451160431
INFO:__main__:
INFO:__main__:------ ITERATION 521 ------
INFO:__main__:Layers generated: [('256', '3', '1'), ('256', '3', '2')]
INFO:__main__:ChildCNNModel(
  (model): Sequential(
    (0): Conv2d(3, 128, kernel_size=(3, 3), stride=(1, 1), padding=(1, 1))
    (1): ReLU()
    (2): MaxPool2d(kernel_size=2, stride=2, padding=0, dilation=1, ceil_mode=False)
    (3): Conv2d(128, 256, kernel_size=(3, 3), stride=(1, 1), padding=(1, 1))
    (4): ReLU()
    (5): MaxPool2d(kernel_size=2, stride=2, padding=0, dilation=1, ceil_mode=False)
    (6): Conv2d(256, 256, kernel_size=(3, 3), stride=(1, 1), padding=(2, 2))
    (7): ReLU()
    (8): MaxPool2d(kernel_size=2, stride=2, padding=0, dilation=1, ceil_mode=False)
    (9): Flatten(start_dim=1, end_dim=-1)
    (10): Linear(in_features=6400, out_features=512, bias=True)
    (11): ReLU()
    (12): Linear(in_features=512, out_features=256, bias=True)
    (13): ReLU()
    (14): Linear(in_features=256, out_features=100, bias=True)
  )
)
INFO:__main__:CHILD MODEL LOSS: 1.8792692980766297 with train time 61.32600283622742
INFO:__main__:CHILD MODEL ACCURACY: 0.4709
INFO:__main__:Policy gradient: 0.0016863812925294042
INFO:__main__:
INFO:__main__:------ ITERATION 522 ------
INFO:__main__:Layers generated: [('256', '3', '2'), ('256', '3', '2')]
INFO:__main__:ChildCNNModel(
  (model): Sequential(
    (0): Conv2d(3, 128, kernel_size=(3, 3), stride=(1, 1), padding=(1, 1))
    (1): ReLU()
    (2): MaxPool2d(kernel_size=2, stride=2, padding=0, dilation=1, ceil_mode=False)
    (3): Conv2d(128, 256, kernel_size=(3, 3), stride=(1, 1), padding=(2, 2))
    (4): ReLU()
    (5): MaxPool2d(kernel_size=2, stride=2, padding=0, dilation=1, ceil_mode=False)
    (6): Conv2d(256, 256, kernel_size=(3, 3), stride=(1, 1), padding=(2, 2))
    (7): ReLU()
    (8): MaxPool2d(kernel_size=2, stride=2, padding=0, dilation=1, ceil_mode=False)
    (9): Flatten(start_dim=1, end_dim=-1)
    (10): Linear(in_features=6400, out_features=512, bias=True)
    (11): ReLU()
    (12): Linear(in_features=512, out_features=256, bias=True)
    (13): ReLU()
    (14): Linear(in_features=256, out_features=100, bias=True)
  )
)
INFO:__main__:CHILD MODEL LOSS: 1.8033651976585388 with train time 76.17360854148865
INFO:__main__:CHILD MODEL ACCURACY: 0.4744
INFO:__main__:Policy gradient: 0.008124691434204578
INFO:__main__:
INFO:__main__:------ ITERATION 523 ------
INFO:__main__:Layers generated: [('128', '3', '2'), ('256', '3', '1')]
INFO:__main__:ChildCNNModel(
  (model): Sequential(
    (0): Conv2d(3, 128, kernel_size=(3, 3), stride=(1, 1), padding=(1, 1))
    (1): ReLU()
    (2): MaxPool2d(kernel_size=2, stride=2, padding=0, dilation=1, ceil_mode=False)
    (3): Conv2d(128, 128, kernel_size=(3, 3), stride=(1, 1), padding=(2, 2))
    (4): ReLU()
    (5): MaxPool2d(kernel_size=2, stride=2, padding=0, dilation=1, ceil_mode=False)
    (6): Conv2d(128, 256, kernel_size=(3, 3), stride=(1, 1), padding=(1, 1))
    (7): ReLU()
    (8): MaxPool2d(kernel_size=2, stride=2, padding=0, dilation=1, ceil_mode=False)
    (9): Flatten(start_dim=1, end_dim=-1)
    (10): Linear(in_features=4096, out_features=512, bias=True)
    (11): ReLU()
    (12): Linear(in_features=512, out_features=256, bias=True)
    (13): ReLU()
    (14): Linear(in_features=256, out_features=100, bias=True)
  )
)
INFO:__main__:CHILD MODEL LOSS: 1.8093862690925597 with train time 49.53976106643677
INFO:__main__:CHILD MODEL ACCURACY: 0.4866
INFO:__main__:Policy gradient: 0.07800985872745514
INFO:__main__:
INFO:__main__:------ ITERATION 524 ------
INFO:__main__:Layers generated: [('256', '3', '1'), ('256', '3', '2')]
INFO:__main__:ChildCNNModel(
  (model): Sequential(
    (0): Conv2d(3, 128, kernel_size=(3, 3), stride=(1, 1), padding=(1, 1))
    (1): ReLU()
    (2): MaxPool2d(kernel_size=2, stride=2, padding=0, dilation=1, ceil_mode=False)
    (3): Conv2d(128, 256, kernel_size=(3, 3), stride=(1, 1), padding=(1, 1))
    (4): ReLU()
    (5): MaxPool2d(kernel_size=2, stride=2, padding=0, dilation=1, ceil_mode=False)
    (6): Conv2d(256, 256, kernel_size=(3, 3), stride=(1, 1), padding=(2, 2))
    (7): ReLU()
    (8): MaxPool2d(kernel_size=2, stride=2, padding=0, dilation=1, ceil_mode=False)
    (9): Flatten(start_dim=1, end_dim=-1)
    (10): Linear(in_features=6400, out_features=512, bias=True)
    (11): ReLU()
    (12): Linear(in_features=512, out_features=256, bias=True)
    (13): ReLU()
    (14): Linear(in_features=256, out_features=100, bias=True)
  )
)
INFO:__main__:CHILD MODEL LOSS: 1.7132846231460572 with train time 61.44810605049133
INFO:__main__:CHILD MODEL ACCURACY: 0.4946
INFO:__main__:Policy gradient: 0.041252896189689636
INFO:__main__:
INFO:__main__:------ ITERATION 525 ------
INFO:__main__:Layers generated: [('256', '3', '1'), ('256', '3', '1')]
INFO:__main__:ChildCNNModel(
  (model): Sequential(
    (0): Conv2d(3, 128, kernel_size=(3, 3), stride=(1, 1), padding=(1, 1))
    (1): ReLU()
    (2): MaxPool2d(kernel_size=2, stride=2, padding=0, dilation=1, ceil_mode=False)
    (3): Conv2d(128, 256, kernel_size=(3, 3), stride=(1, 1), padding=(1, 1))
    (4): ReLU()
    (5): MaxPool2d(kernel_size=2, stride=2, padding=0, dilation=1, ceil_mode=False)
    (6): Conv2d(256, 256, kernel_size=(3, 3), stride=(1, 1), padding=(1, 1))
    (7): ReLU()
    (8): MaxPool2d(kernel_size=2, stride=2, padding=0, dilation=1, ceil_mode=False)
    (9): Flatten(start_dim=1, end_dim=-1)
    (10): Linear(in_features=4096, out_features=512, bias=True)
    (11): ReLU()
    (12): Linear(in_features=512, out_features=256, bias=True)
    (13): ReLU()
    (14): Linear(in_features=256, out_features=100, bias=True)
  )
)
INFO:__main__:CHILD MODEL LOSS: 1.8000954818725585 with train time 55.56339764595032
INFO:__main__:CHILD MODEL ACCURACY: 0.4871
INFO:__main__:Policy gradient: 0.027175234630703926
INFO:__main__:
INFO:__main__:------ ITERATION 526 ------
INFO:__main__:Layers generated: [('256', '3', '0'), ('256', '3', '2')]
INFO:__main__:ChildCNNModel(
  (model): Sequential(
    (0): Conv2d(3, 128, kernel_size=(3, 3), stride=(1, 1), padding=(1, 1))
    (1): ReLU()
    (2): MaxPool2d(kernel_size=2, stride=2, padding=0, dilation=1, ceil_mode=False)
    (3): Conv2d(128, 256, kernel_size=(3, 3), stride=(1, 1))
    (4): ReLU()
    (5): MaxPool2d(kernel_size=2, stride=2, padding=0, dilation=1, ceil_mode=False)
    (6): Conv2d(256, 256, kernel_size=(3, 3), stride=(1, 1), padding=(2, 2))
    (7): ReLU()
    (8): MaxPool2d(kernel_size=2, stride=2, padding=0, dilation=1, ceil_mode=False)
    (9): Flatten(start_dim=1, end_dim=-1)
    (10): Linear(in_features=4096, out_features=512, bias=True)
    (11): ReLU()
    (12): Linear(in_features=512, out_features=256, bias=True)
    (13): ReLU()
    (14): Linear(in_features=256, out_features=100, bias=True)
  )
)
INFO:__main__:CHILD MODEL LOSS: 1.8119774503707886 with train time 53.41544580459595
INFO:__main__:CHILD MODEL ACCURACY: 0.4936
INFO:__main__:Policy gradient: 0.06129033863544464
INFO:__main__:
INFO:__main__:------ ITERATION 527 ------
INFO:__main__:Layers generated: [('256', '3', '1'), ('64', '3', '1')]
INFO:__main__:ChildCNNModel(
  (model): Sequential(
    (0): Conv2d(3, 128, kernel_size=(3, 3), stride=(1, 1), padding=(1, 1))
    (1): ReLU()
    (2): MaxPool2d(kernel_size=2, stride=2, padding=0, dilation=1, ceil_mode=False)
    (3): Conv2d(128, 256, kernel_size=(3, 3), stride=(1, 1), padding=(1, 1))
    (4): ReLU()
    (5): MaxPool2d(kernel_size=2, stride=2, padding=0, dilation=1, ceil_mode=False)
    (6): Conv2d(256, 64, kernel_size=(3, 3), stride=(1, 1), padding=(1, 1))
    (7): ReLU()
    (8): MaxPool2d(kernel_size=2, stride=2, padding=0, dilation=1, ceil_mode=False)
    (9): Flatten(start_dim=1, end_dim=-1)
    (10): Linear(in_features=1024, out_features=512, bias=True)
    (11): ReLU()
    (12): Linear(in_features=512, out_features=256, bias=True)
    (13): ReLU()
    (14): Linear(in_features=256, out_features=100, bias=True)
  )
)
INFO:__main__:CHILD MODEL LOSS: 2.034859028816223 with train time 49.06646203994751
INFO:__main__:CHILD MODEL ACCURACY: 0.4365
INFO:__main__:Policy gradient: -0.22659271955490112
INFO:__main__:
INFO:__main__:------ ITERATION 528 ------
INFO:__main__:Layers generated: [('256', '3', '2'), ('256', '3', '1')]
INFO:__main__:ChildCNNModel(
  (model): Sequential(
    (0): Conv2d(3, 128, kernel_size=(3, 3), stride=(1, 1), padding=(1, 1))
    (1): ReLU()
    (2): MaxPool2d(kernel_size=2, stride=2, padding=0, dilation=1, ceil_mode=False)
    (3): Conv2d(128, 256, kernel_size=(3, 3), stride=(1, 1), padding=(2, 2))
    (4): ReLU()
    (5): MaxPool2d(kernel_size=2, stride=2, padding=0, dilation=1, ceil_mode=False)
    (6): Conv2d(256, 256, kernel_size=(3, 3), stride=(1, 1), padding=(1, 1))
    (7): ReLU()
    (8): MaxPool2d(kernel_size=2, stride=2, padding=0, dilation=1, ceil_mode=False)
    (9): Flatten(start_dim=1, end_dim=-1)
    (10): Linear(in_features=4096, out_features=512, bias=True)
    (11): ReLU()
    (12): Linear(in_features=512, out_features=256, bias=True)
    (13): ReLU()
    (14): Linear(in_features=256, out_features=100, bias=True)
  )
)
INFO:__main__:CHILD MODEL LOSS: 1.9019242939949035 with train time 69.77330160140991
INFO:__main__:CHILD MODEL ACCURACY: 0.4601
INFO:__main__:Policy gradient: -0.028677452355623245
INFO:__main__:
INFO:__main__:------ ITERATION 529 ------
INFO:__main__:Layers generated: [('64', '1', '1'), ('256', '3', '2')]
INFO:__main__:ChildCNNModel(
  (model): Sequential(
    (0): Conv2d(3, 128, kernel_size=(3, 3), stride=(1, 1), padding=(1, 1))
    (1): ReLU()
    (2): MaxPool2d(kernel_size=2, stride=2, padding=0, dilation=1, ceil_mode=False)
    (3): Conv2d(128, 64, kernel_size=(1, 1), stride=(1, 1), padding=(1, 1))
    (4): ReLU()
    (5): MaxPool2d(kernel_size=2, stride=2, padding=0, dilation=1, ceil_mode=False)
    (6): Conv2d(64, 256, kernel_size=(3, 3), stride=(1, 1), padding=(2, 2))
    (7): ReLU()
    (8): MaxPool2d(kernel_size=2, stride=2, padding=0, dilation=1, ceil_mode=False)
    (9): Flatten(start_dim=1, end_dim=-1)
    (10): Linear(in_features=6400, out_features=512, bias=True)
    (11): ReLU()
    (12): Linear(in_features=512, out_features=256, bias=True)
    (13): ReLU()
    (14): Linear(in_features=256, out_features=100, bias=True)
  )
)
INFO:__main__:CHILD MODEL LOSS: 1.8847273473739623 with train time 39.63723587989807
INFO:__main__:CHILD MODEL ACCURACY: 0.4687
INFO:__main__:Policy gradient: -0.02351221814751625
INFO:__main__:
INFO:__main__:------ ITERATION 530 ------
INFO:__main__:Layers generated: [('256', '3', '2'), ('128', '3', '1')]
INFO:__main__:ChildCNNModel(
  (model): Sequential(
    (0): Conv2d(3, 128, kernel_size=(3, 3), stride=(1, 1), padding=(1, 1))
    (1): ReLU()
    (2): MaxPool2d(kernel_size=2, stride=2, padding=0, dilation=1, ceil_mode=False)
    (3): Conv2d(128, 256, kernel_size=(3, 3), stride=(1, 1), padding=(2, 2))
    (4): ReLU()
    (5): MaxPool2d(kernel_size=2, stride=2, padding=0, dilation=1, ceil_mode=False)
    (6): Conv2d(256, 128, kernel_size=(3, 3), stride=(1, 1), padding=(1, 1))
    (7): ReLU()
    (8): MaxPool2d(kernel_size=2, stride=2, padding=0, dilation=1, ceil_mode=False)
    (9): Flatten(start_dim=1, end_dim=-1)
    (10): Linear(in_features=2048, out_features=512, bias=True)
    (11): ReLU()
    (12): Linear(in_features=512, out_features=256, bias=True)
    (13): ReLU()
    (14): Linear(in_features=256, out_features=100, bias=True)
  )
)
INFO:__main__:CHILD MODEL LOSS: 1.9692377033233643 with train time 64.1909749507904
INFO:__main__:CHILD MODEL ACCURACY: 0.4626
INFO:__main__:Policy gradient: -0.04450101777911186
INFO:__main__:
INFO:__main__:------ ITERATION 531 ------
INFO:__main__:Layers generated: [('256', '3', '1'), ('256', '3', '2')]
INFO:__main__:ChildCNNModel(
  (model): Sequential(
    (0): Conv2d(3, 128, kernel_size=(3, 3), stride=(1, 1), padding=(1, 1))
    (1): ReLU()
    (2): MaxPool2d(kernel_size=2, stride=2, padding=0, dilation=1, ceil_mode=False)
    (3): Conv2d(128, 256, kernel_size=(3, 3), stride=(1, 1), padding=(1, 1))
    (4): ReLU()
    (5): MaxPool2d(kernel_size=2, stride=2, padding=0, dilation=1, ceil_mode=False)
    (6): Conv2d(256, 256, kernel_size=(3, 3), stride=(1, 1), padding=(2, 2))
    (7): ReLU()
    (8): MaxPool2d(kernel_size=2, stride=2, padding=0, dilation=1, ceil_mode=False)
    (9): Flatten(start_dim=1, end_dim=-1)
    (10): Linear(in_features=6400, out_features=512, bias=True)
    (11): ReLU()
    (12): Linear(in_features=512, out_features=256, bias=True)
    (13): ReLU()
    (14): Linear(in_features=256, out_features=100, bias=True)
  )
)
INFO:__main__:CHILD MODEL LOSS: 1.8165780572891235 with train time 61.417158365249634
INFO:__main__:CHILD MODEL ACCURACY: 0.4816
INFO:__main__:Policy gradient: 0.019664837047457695
INFO:__main__:
INFO:__main__:------ ITERATION 532 ------
INFO:__main__:Layers generated: [('256', '3', '1'), ('256', '3', '2')]
INFO:__main__:ChildCNNModel(
  (model): Sequential(
    (0): Conv2d(3, 128, kernel_size=(3, 3), stride=(1, 1), padding=(1, 1))
    (1): ReLU()
    (2): MaxPool2d(kernel_size=2, stride=2, padding=0, dilation=1, ceil_mode=False)
    (3): Conv2d(128, 256, kernel_size=(3, 3), stride=(1, 1), padding=(1, 1))
    (4): ReLU()
    (5): MaxPool2d(kernel_size=2, stride=2, padding=0, dilation=1, ceil_mode=False)
    (6): Conv2d(256, 256, kernel_size=(3, 3), stride=(1, 1), padding=(2, 2))
    (7): ReLU()
    (8): MaxPool2d(kernel_size=2, stride=2, padding=0, dilation=1, ceil_mode=False)
    (9): Flatten(start_dim=1, end_dim=-1)
    (10): Linear(in_features=6400, out_features=512, bias=True)
    (11): ReLU()
    (12): Linear(in_features=512, out_features=256, bias=True)
    (13): ReLU()
    (14): Linear(in_features=256, out_features=100, bias=True)
  )
)
INFO:__main__:CHILD MODEL LOSS: 1.8462197289466857 with train time 61.350098609924316
INFO:__main__:CHILD MODEL ACCURACY: 0.481
INFO:__main__:Policy gradient: 0.016577105969190598
INFO:__main__:
INFO:__main__:------ ITERATION 533 ------
INFO:__main__:Layers generated: [('256', '3', '1'), ('256', '3', '2')]
INFO:__main__:ChildCNNModel(
  (model): Sequential(
    (0): Conv2d(3, 128, kernel_size=(3, 3), stride=(1, 1), padding=(1, 1))
    (1): ReLU()
    (2): MaxPool2d(kernel_size=2, stride=2, padding=0, dilation=1, ceil_mode=False)
    (3): Conv2d(128, 256, kernel_size=(3, 3), stride=(1, 1), padding=(1, 1))
    (4): ReLU()
    (5): MaxPool2d(kernel_size=2, stride=2, padding=0, dilation=1, ceil_mode=False)
    (6): Conv2d(256, 256, kernel_size=(3, 3), stride=(1, 1), padding=(2, 2))
    (7): ReLU()
    (8): MaxPool2d(kernel_size=2, stride=2, padding=0, dilation=1, ceil_mode=False)
    (9): Flatten(start_dim=1, end_dim=-1)
    (10): Linear(in_features=6400, out_features=512, bias=True)
    (11): ReLU()
    (12): Linear(in_features=512, out_features=256, bias=True)
    (13): ReLU()
    (14): Linear(in_features=256, out_features=100, bias=True)
  )
)
INFO:__main__:CHILD MODEL LOSS: 1.8099335103034973 with train time 61.51691818237305
INFO:__main__:CHILD MODEL ACCURACY: 0.4866
INFO:__main__:Policy gradient: 0.025026369839906693
INFO:__main__:
INFO:__main__:------ ITERATION 534 ------
INFO:__main__:Layers generated: [('256', '3', '2'), ('256', '3', '1')]
INFO:__main__:ChildCNNModel(
  (model): Sequential(
    (0): Conv2d(3, 128, kernel_size=(3, 3), stride=(1, 1), padding=(1, 1))
    (1): ReLU()
    (2): MaxPool2d(kernel_size=2, stride=2, padding=0, dilation=1, ceil_mode=False)
    (3): Conv2d(128, 256, kernel_size=(3, 3), stride=(1, 1), padding=(2, 2))
    (4): ReLU()
    (5): MaxPool2d(kernel_size=2, stride=2, padding=0, dilation=1, ceil_mode=False)
    (6): Conv2d(256, 256, kernel_size=(3, 3), stride=(1, 1), padding=(1, 1))
    (7): ReLU()
    (8): MaxPool2d(kernel_size=2, stride=2, padding=0, dilation=1, ceil_mode=False)
    (9): Flatten(start_dim=1, end_dim=-1)
    (10): Linear(in_features=4096, out_features=512, bias=True)
    (11): ReLU()
    (12): Linear(in_features=512, out_features=256, bias=True)
    (13): ReLU()
    (14): Linear(in_features=256, out_features=100, bias=True)
  )
)
INFO:__main__:CHILD MODEL LOSS: 1.82007368516922 with train time 69.80591416358948
INFO:__main__:CHILD MODEL ACCURACY: 0.4781
INFO:__main__:Policy gradient: 0.0085848243907094
INFO:__main__:
INFO:__main__:------ ITERATION 535 ------
INFO:__main__:Layers generated: [('256', '3', '2'), ('256', '3', '2')]
INFO:__main__:ChildCNNModel(
  (model): Sequential(
    (0): Conv2d(3, 128, kernel_size=(3, 3), stride=(1, 1), padding=(1, 1))
    (1): ReLU()
    (2): MaxPool2d(kernel_size=2, stride=2, padding=0, dilation=1, ceil_mode=False)
    (3): Conv2d(128, 256, kernel_size=(3, 3), stride=(1, 1), padding=(2, 2))
    (4): ReLU()
    (5): MaxPool2d(kernel_size=2, stride=2, padding=0, dilation=1, ceil_mode=False)
    (6): Conv2d(256, 256, kernel_size=(3, 3), stride=(1, 1), padding=(2, 2))
    (7): ReLU()
    (8): MaxPool2d(kernel_size=2, stride=2, padding=0, dilation=1, ceil_mode=False)
    (9): Flatten(start_dim=1, end_dim=-1)
    (10): Linear(in_features=6400, out_features=512, bias=True)
    (11): ReLU()
    (12): Linear(in_features=512, out_features=256, bias=True)
    (13): ReLU()
    (14): Linear(in_features=256, out_features=100, bias=True)
  )
)
INFO:__main__:CHILD MODEL LOSS: 1.804013463973999 with train time 76.28694295883179
INFO:__main__:CHILD MODEL ACCURACY: 0.4825
INFO:__main__:Policy gradient: 0.014641094952821732
INFO:__main__:
INFO:__main__:------ ITERATION 536 ------
INFO:__main__:Layers generated: [('256', '3', '1'), ('256', '3', '2')]
INFO:__main__:ChildCNNModel(
  (model): Sequential(
    (0): Conv2d(3, 128, kernel_size=(3, 3), stride=(1, 1), padding=(1, 1))
    (1): ReLU()
    (2): MaxPool2d(kernel_size=2, stride=2, padding=0, dilation=1, ceil_mode=False)
    (3): Conv2d(128, 256, kernel_size=(3, 3), stride=(1, 1), padding=(1, 1))
    (4): ReLU()
    (5): MaxPool2d(kernel_size=2, stride=2, padding=0, dilation=1, ceil_mode=False)
    (6): Conv2d(256, 256, kernel_size=(3, 3), stride=(1, 1), padding=(2, 2))
    (7): ReLU()
    (8): MaxPool2d(kernel_size=2, stride=2, padding=0, dilation=1, ceil_mode=False)
    (9): Flatten(start_dim=1, end_dim=-1)
    (10): Linear(in_features=6400, out_features=512, bias=True)
    (11): ReLU()
    (12): Linear(in_features=512, out_features=256, bias=True)
    (13): ReLU()
    (14): Linear(in_features=256, out_features=100, bias=True)
  )
)
INFO:__main__:CHILD MODEL LOSS: 1.7718766937255859 with train time 61.49398064613342
INFO:__main__:CHILD MODEL ACCURACY: 0.4821
INFO:__main__:Policy gradient: 0.012155505828559399
INFO:__main__:
INFO:__main__:------ ITERATION 537 ------
INFO:__main__:Layers generated: [('32', '3', '2'), ('256', '3', '1')]
INFO:__main__:ChildCNNModel(
  (model): Sequential(
    (0): Conv2d(3, 128, kernel_size=(3, 3), stride=(1, 1), padding=(1, 1))
    (1): ReLU()
    (2): MaxPool2d(kernel_size=2, stride=2, padding=0, dilation=1, ceil_mode=False)
    (3): Conv2d(128, 32, kernel_size=(3, 3), stride=(1, 1), padding=(2, 2))
    (4): ReLU()
    (5): MaxPool2d(kernel_size=2, stride=2, padding=0, dilation=1, ceil_mode=False)
    (6): Conv2d(32, 256, kernel_size=(3, 3), stride=(1, 1), padding=(1, 1))
    (7): ReLU()
    (8): MaxPool2d(kernel_size=2, stride=2, padding=0, dilation=1, ceil_mode=False)
    (9): Flatten(start_dim=1, end_dim=-1)
    (10): Linear(in_features=4096, out_features=512, bias=True)
    (11): ReLU()
    (12): Linear(in_features=512, out_features=256, bias=True)
    (13): ReLU()
    (14): Linear(in_features=256, out_features=100, bias=True)
  )
)
INFO:__main__:CHILD MODEL LOSS: 1.9926138396263122 with train time 39.06308150291443
INFO:__main__:CHILD MODEL ACCURACY: 0.4577
INFO:__main__:Policy gradient: -0.11234479397535324
INFO:__main__:
INFO:__main__:------ ITERATION 538 ------
INFO:__main__:Layers generated: [('256', '3', '1'), ('256', '3', '2')]
INFO:__main__:ChildCNNModel(
  (model): Sequential(
    (0): Conv2d(3, 128, kernel_size=(3, 3), stride=(1, 1), padding=(1, 1))
    (1): ReLU()
    (2): MaxPool2d(kernel_size=2, stride=2, padding=0, dilation=1, ceil_mode=False)
    (3): Conv2d(128, 256, kernel_size=(3, 3), stride=(1, 1), padding=(1, 1))
    (4): ReLU()
    (5): MaxPool2d(kernel_size=2, stride=2, padding=0, dilation=1, ceil_mode=False)
    (6): Conv2d(256, 256, kernel_size=(3, 3), stride=(1, 1), padding=(2, 2))
    (7): ReLU()
    (8): MaxPool2d(kernel_size=2, stride=2, padding=0, dilation=1, ceil_mode=False)
    (9): Flatten(start_dim=1, end_dim=-1)
    (10): Linear(in_features=6400, out_features=512, bias=True)
    (11): ReLU()
    (12): Linear(in_features=512, out_features=256, bias=True)
    (13): ReLU()
    (14): Linear(in_features=256, out_features=100, bias=True)
  )
)
INFO:__main__:CHILD MODEL LOSS: 1.8069764113426208 with train time 61.38391971588135
INFO:__main__:CHILD MODEL ACCURACY: 0.4847
INFO:__main__:Policy gradient: 0.018842345103621483
INFO:__main__:
INFO:__main__:------ ITERATION 539 ------
INFO:__main__:Layers generated: [('256', '3', '2'), ('256', '3', '1')]
INFO:__main__:ChildCNNModel(
  (model): Sequential(
    (0): Conv2d(3, 128, kernel_size=(3, 3), stride=(1, 1), padding=(1, 1))
    (1): ReLU()
    (2): MaxPool2d(kernel_size=2, stride=2, padding=0, dilation=1, ceil_mode=False)
    (3): Conv2d(128, 256, kernel_size=(3, 3), stride=(1, 1), padding=(2, 2))
    (4): ReLU()
    (5): MaxPool2d(kernel_size=2, stride=2, padding=0, dilation=1, ceil_mode=False)
    (6): Conv2d(256, 256, kernel_size=(3, 3), stride=(1, 1), padding=(1, 1))
    (7): ReLU()
    (8): MaxPool2d(kernel_size=2, stride=2, padding=0, dilation=1, ceil_mode=False)
    (9): Flatten(start_dim=1, end_dim=-1)
    (10): Linear(in_features=4096, out_features=512, bias=True)
    (11): ReLU()
    (12): Linear(in_features=512, out_features=256, bias=True)
    (13): ReLU()
    (14): Linear(in_features=256, out_features=100, bias=True)
  )
)
INFO:__main__:CHILD MODEL LOSS: 1.8860848460197448 with train time 69.84456467628479
INFO:__main__:CHILD MODEL ACCURACY: 0.4665
INFO:__main__:Policy gradient: -0.019111735746264458
INFO:__main__:
INFO:__main__:------ ITERATION 540 ------
INFO:__main__:Layers generated: [('256', '3', '2'), ('256', '3', '2')]
INFO:__main__:ChildCNNModel(
  (model): Sequential(
    (0): Conv2d(3, 128, kernel_size=(3, 3), stride=(1, 1), padding=(1, 1))
    (1): ReLU()
    (2): MaxPool2d(kernel_size=2, stride=2, padding=0, dilation=1, ceil_mode=False)
    (3): Conv2d(128, 256, kernel_size=(3, 3), stride=(1, 1), padding=(2, 2))
    (4): ReLU()
    (5): MaxPool2d(kernel_size=2, stride=2, padding=0, dilation=1, ceil_mode=False)
    (6): Conv2d(256, 256, kernel_size=(3, 3), stride=(1, 1), padding=(2, 2))
    (7): ReLU()
    (8): MaxPool2d(kernel_size=2, stride=2, padding=0, dilation=1, ceil_mode=False)
    (9): Flatten(start_dim=1, end_dim=-1)
    (10): Linear(in_features=6400, out_features=512, bias=True)
    (11): ReLU()
    (12): Linear(in_features=512, out_features=256, bias=True)
    (13): ReLU()
    (14): Linear(in_features=256, out_features=100, bias=True)
  )
)
INFO:__main__:CHILD MODEL LOSS: 1.7948665208816528 with train time 76.23517656326294
INFO:__main__:CHILD MODEL ACCURACY: 0.4821
INFO:__main__:Policy gradient: 0.014077985659241676
INFO:__main__:
INFO:__main__:------ ITERATION 541 ------
INFO:__main__:Layers generated: [('256', '3', '2'), ('256', '3', '1')]
INFO:__main__:ChildCNNModel(
  (model): Sequential(
    (0): Conv2d(3, 128, kernel_size=(3, 3), stride=(1, 1), padding=(1, 1))
    (1): ReLU()
    (2): MaxPool2d(kernel_size=2, stride=2, padding=0, dilation=1, ceil_mode=False)
    (3): Conv2d(128, 256, kernel_size=(3, 3), stride=(1, 1), padding=(2, 2))
    (4): ReLU()
    (5): MaxPool2d(kernel_size=2, stride=2, padding=0, dilation=1, ceil_mode=False)
    (6): Conv2d(256, 256, kernel_size=(3, 3), stride=(1, 1), padding=(1, 1))
    (7): ReLU()
    (8): MaxPool2d(kernel_size=2, stride=2, padding=0, dilation=1, ceil_mode=False)
    (9): Flatten(start_dim=1, end_dim=-1)
    (10): Linear(in_features=4096, out_features=512, bias=True)
    (11): ReLU()
    (12): Linear(in_features=512, out_features=256, bias=True)
    (13): ReLU()
    (14): Linear(in_features=256, out_features=100, bias=True)
  )
)
INFO:__main__:CHILD MODEL LOSS: 1.8618734936714172 with train time 69.87055158615112
INFO:__main__:CHILD MODEL ACCURACY: 0.478
INFO:__main__:Policy gradient: 0.006272297352552414
INFO:__main__:
INFO:__main__:------ ITERATION 542 ------
INFO:__main__:Layers generated: [('16', '1', '2'), ('256', '1', '1')]
INFO:__main__:ChildCNNModel(
  (model): Sequential(
    (0): Conv2d(3, 128, kernel_size=(3, 3), stride=(1, 1), padding=(1, 1))
    (1): ReLU()
    (2): MaxPool2d(kernel_size=2, stride=2, padding=0, dilation=1, ceil_mode=False)
    (3): Conv2d(128, 16, kernel_size=(1, 1), stride=(1, 1), padding=(2, 2))
    (4): ReLU()
    (5): MaxPool2d(kernel_size=2, stride=2, padding=0, dilation=1, ceil_mode=False)
    (6): Conv2d(16, 256, kernel_size=(1, 1), stride=(1, 1), padding=(1, 1))
    (7): ReLU()
    (8): MaxPool2d(kernel_size=2, stride=2, padding=0, dilation=1, ceil_mode=False)
    (9): Flatten(start_dim=1, end_dim=-1)
    (10): Linear(in_features=9216, out_features=512, bias=True)
    (11): ReLU()
    (12): Linear(in_features=512, out_features=256, bias=True)
    (13): ReLU()
    (14): Linear(in_features=256, out_features=100, bias=True)
  )
)
INFO:__main__:CHILD MODEL LOSS: 2.463834723472595 with train time 39.308125734329224
INFO:__main__:CHILD MODEL ACCURACY: 0.3704
INFO:__main__:Policy gradient: -1.3460707664489746
INFO:__main__:
INFO:__main__:------ ITERATION 543 ------
INFO:__main__:Layers generated: [('256', '3', '2'), ('256', '3', '0')]
INFO:__main__:ChildCNNModel(
  (model): Sequential(
    (0): Conv2d(3, 128, kernel_size=(3, 3), stride=(1, 1), padding=(1, 1))
    (1): ReLU()
    (2): MaxPool2d(kernel_size=2, stride=2, padding=0, dilation=1, ceil_mode=False)
    (3): Conv2d(128, 256, kernel_size=(3, 3), stride=(1, 1), padding=(2, 2))
    (4): ReLU()
    (5): MaxPool2d(kernel_size=2, stride=2, padding=0, dilation=1, ceil_mode=False)
    (6): Conv2d(256, 256, kernel_size=(3, 3), stride=(1, 1))
    (7): ReLU()
    (8): MaxPool2d(kernel_size=2, stride=2, padding=0, dilation=1, ceil_mode=False)
    (9): Flatten(start_dim=1, end_dim=-1)
    (10): Linear(in_features=2304, out_features=512, bias=True)
    (11): ReLU()
    (12): Linear(in_features=512, out_features=256, bias=True)
    (13): ReLU()
    (14): Linear(in_features=256, out_features=100, bias=True)
  )
)
INFO:__main__:CHILD MODEL LOSS: 2.053127662181854 with train time 65.64870095252991
INFO:__main__:CHILD MODEL ACCURACY: 0.451
INFO:__main__:Policy gradient: -0.05693384259939194
INFO:__main__:
INFO:__main__:------ ITERATION 544 ------
INFO:__main__:Layers generated: [('256', '3', '2'), ('256', '3', '1')]
INFO:__main__:ChildCNNModel(
  (model): Sequential(
    (0): Conv2d(3, 128, kernel_size=(3, 3), stride=(1, 1), padding=(1, 1))
    (1): ReLU()
    (2): MaxPool2d(kernel_size=2, stride=2, padding=0, dilation=1, ceil_mode=False)
    (3): Conv2d(128, 256, kernel_size=(3, 3), stride=(1, 1), padding=(2, 2))
    (4): ReLU()
    (5): MaxPool2d(kernel_size=2, stride=2, padding=0, dilation=1, ceil_mode=False)
    (6): Conv2d(256, 256, kernel_size=(3, 3), stride=(1, 1), padding=(1, 1))
    (7): ReLU()
    (8): MaxPool2d(kernel_size=2, stride=2, padding=0, dilation=1, ceil_mode=False)
    (9): Flatten(start_dim=1, end_dim=-1)
    (10): Linear(in_features=4096, out_features=512, bias=True)
    (11): ReLU()
    (12): Linear(in_features=512, out_features=256, bias=True)
    (13): ReLU()
    (14): Linear(in_features=256, out_features=100, bias=True)
  )
)
INFO:__main__:CHILD MODEL LOSS: 1.8103907718658447 with train time 69.89167714118958
INFO:__main__:CHILD MODEL ACCURACY: 0.48
INFO:__main__:Policy gradient: 0.03626849129796028
INFO:__main__:
INFO:__main__:------ ITERATION 545 ------
INFO:__main__:Layers generated: [('256', '3', '2'), ('256', '3', '1')]
INFO:__main__:ChildCNNModel(
  (model): Sequential(
    (0): Conv2d(3, 128, kernel_size=(3, 3), stride=(1, 1), padding=(1, 1))
    (1): ReLU()
    (2): MaxPool2d(kernel_size=2, stride=2, padding=0, dilation=1, ceil_mode=False)
    (3): Conv2d(128, 256, kernel_size=(3, 3), stride=(1, 1), padding=(2, 2))
    (4): ReLU()
    (5): MaxPool2d(kernel_size=2, stride=2, padding=0, dilation=1, ceil_mode=False)
    (6): Conv2d(256, 256, kernel_size=(3, 3), stride=(1, 1), padding=(1, 1))
    (7): ReLU()
    (8): MaxPool2d(kernel_size=2, stride=2, padding=0, dilation=1, ceil_mode=False)
    (9): Flatten(start_dim=1, end_dim=-1)
    (10): Linear(in_features=4096, out_features=512, bias=True)
    (11): ReLU()
    (12): Linear(in_features=512, out_features=256, bias=True)
    (13): ReLU()
    (14): Linear(in_features=256, out_features=100, bias=True)
  )
)
INFO:__main__:CHILD MODEL LOSS: 1.8927246451377868 with train time 69.92192196846008
INFO:__main__:CHILD MODEL ACCURACY: 0.4643
INFO:__main__:Policy gradient: -0.0019341838778927922
INFO:__main__:
INFO:__main__:------ ITERATION 546 ------
INFO:__main__:Layers generated: [('256', '3', '2'), ('256', '3', '2')]
INFO:__main__:ChildCNNModel(
  (model): Sequential(
    (0): Conv2d(3, 128, kernel_size=(3, 3), stride=(1, 1), padding=(1, 1))
    (1): ReLU()
    (2): MaxPool2d(kernel_size=2, stride=2, padding=0, dilation=1, ceil_mode=False)
    (3): Conv2d(128, 256, kernel_size=(3, 3), stride=(1, 1), padding=(2, 2))
    (4): ReLU()
    (5): MaxPool2d(kernel_size=2, stride=2, padding=0, dilation=1, ceil_mode=False)
    (6): Conv2d(256, 256, kernel_size=(3, 3), stride=(1, 1), padding=(2, 2))
    (7): ReLU()
    (8): MaxPool2d(kernel_size=2, stride=2, padding=0, dilation=1, ceil_mode=False)
    (9): Flatten(start_dim=1, end_dim=-1)
    (10): Linear(in_features=6400, out_features=512, bias=True)
    (11): ReLU()
    (12): Linear(in_features=512, out_features=256, bias=True)
    (13): ReLU()
    (14): Linear(in_features=256, out_features=100, bias=True)
  )
)
INFO:__main__:CHILD MODEL LOSS: 1.9124718432426453 with train time 76.29621410369873
INFO:__main__:CHILD MODEL ACCURACY: 0.4682
INFO:__main__:Policy gradient: 0.005523570813238621
INFO:__main__:
INFO:__main__:------ ITERATION 547 ------
INFO:__main__:Layers generated: [('256', '3', '1'), ('256', '3', '1')]
INFO:__main__:ChildCNNModel(
  (model): Sequential(
    (0): Conv2d(3, 128, kernel_size=(3, 3), stride=(1, 1), padding=(1, 1))
    (1): ReLU()
    (2): MaxPool2d(kernel_size=2, stride=2, padding=0, dilation=1, ceil_mode=False)
    (3): Conv2d(128, 256, kernel_size=(3, 3), stride=(1, 1), padding=(1, 1))
    (4): ReLU()
    (5): MaxPool2d(kernel_size=2, stride=2, padding=0, dilation=1, ceil_mode=False)
    (6): Conv2d(256, 256, kernel_size=(3, 3), stride=(1, 1), padding=(1, 1))
    (7): ReLU()
    (8): MaxPool2d(kernel_size=2, stride=2, padding=0, dilation=1, ceil_mode=False)
    (9): Flatten(start_dim=1, end_dim=-1)
    (10): Linear(in_features=4096, out_features=512, bias=True)
    (11): ReLU()
    (12): Linear(in_features=512, out_features=256, bias=True)
    (13): ReLU()
    (14): Linear(in_features=256, out_features=100, bias=True)
  )
)
INFO:__main__:CHILD MODEL LOSS: 1.8536772456169128 with train time 55.646377086639404
INFO:__main__:CHILD MODEL ACCURACY: 0.4909
INFO:__main__:Policy gradient: 0.05565974861383438
INFO:__main__:
INFO:__main__:------ ITERATION 548 ------
INFO:__main__:Layers generated: [('256', '3', '2'), ('256', '3', '1')]
INFO:__main__:ChildCNNModel(
  (model): Sequential(
    (0): Conv2d(3, 128, kernel_size=(3, 3), stride=(1, 1), padding=(1, 1))
    (1): ReLU()
    (2): MaxPool2d(kernel_size=2, stride=2, padding=0, dilation=1, ceil_mode=False)
    (3): Conv2d(128, 256, kernel_size=(3, 3), stride=(1, 1), padding=(2, 2))
    (4): ReLU()
    (5): MaxPool2d(kernel_size=2, stride=2, padding=0, dilation=1, ceil_mode=False)
    (6): Conv2d(256, 256, kernel_size=(3, 3), stride=(1, 1), padding=(1, 1))
    (7): ReLU()
    (8): MaxPool2d(kernel_size=2, stride=2, padding=0, dilation=1, ceil_mode=False)
    (9): Flatten(start_dim=1, end_dim=-1)
    (10): Linear(in_features=4096, out_features=512, bias=True)
    (11): ReLU()
    (12): Linear(in_features=512, out_features=256, bias=True)
    (13): ReLU()
    (14): Linear(in_features=256, out_features=100, bias=True)
  )
)
INFO:__main__:CHILD MODEL LOSS: 1.8823000540733337 with train time 69.8799033164978
INFO:__main__:CHILD MODEL ACCURACY: 0.4716
INFO:__main__:Policy gradient: 0.008059809915721416
INFO:__main__:
INFO:__main__:------ ITERATION 549 ------
INFO:__main__:Layers generated: [('256', '3', '2'), ('256', '3', '1')]
INFO:__main__:ChildCNNModel(
  (model): Sequential(
    (0): Conv2d(3, 128, kernel_size=(3, 3), stride=(1, 1), padding=(1, 1))
    (1): ReLU()
    (2): MaxPool2d(kernel_size=2, stride=2, padding=0, dilation=1, ceil_mode=False)
    (3): Conv2d(128, 256, kernel_size=(3, 3), stride=(1, 1), padding=(2, 2))
    (4): ReLU()
    (5): MaxPool2d(kernel_size=2, stride=2, padding=0, dilation=1, ceil_mode=False)
    (6): Conv2d(256, 256, kernel_size=(3, 3), stride=(1, 1), padding=(1, 1))
    (7): ReLU()
    (8): MaxPool2d(kernel_size=2, stride=2, padding=0, dilation=1, ceil_mode=False)
    (9): Flatten(start_dim=1, end_dim=-1)
    (10): Linear(in_features=4096, out_features=512, bias=True)
    (11): ReLU()
    (12): Linear(in_features=512, out_features=256, bias=True)
    (13): ReLU()
    (14): Linear(in_features=256, out_features=100, bias=True)
  )
)
INFO:__main__:CHILD MODEL LOSS: 1.878188395500183 with train time 69.94384551048279
INFO:__main__:CHILD MODEL ACCURACY: 0.4782
INFO:__main__:Policy gradient: 0.021831156685948372
INFO:__main__:
INFO:__main__:------ ITERATION 550 ------
INFO:__main__:Layers generated: [('256', '3', '1'), ('256', '3', '2')]
INFO:__main__:ChildCNNModel(
  (model): Sequential(
    (0): Conv2d(3, 128, kernel_size=(3, 3), stride=(1, 1), padding=(1, 1))
    (1): ReLU()
    (2): MaxPool2d(kernel_size=2, stride=2, padding=0, dilation=1, ceil_mode=False)
    (3): Conv2d(128, 256, kernel_size=(3, 3), stride=(1, 1), padding=(1, 1))
    (4): ReLU()
    (5): MaxPool2d(kernel_size=2, stride=2, padding=0, dilation=1, ceil_mode=False)
    (6): Conv2d(256, 256, kernel_size=(3, 3), stride=(1, 1), padding=(2, 2))
    (7): ReLU()
    (8): MaxPool2d(kernel_size=2, stride=2, padding=0, dilation=1, ceil_mode=False)
    (9): Flatten(start_dim=1, end_dim=-1)
    (10): Linear(in_features=6400, out_features=512, bias=True)
    (11): ReLU()
    (12): Linear(in_features=512, out_features=256, bias=True)
    (13): ReLU()
    (14): Linear(in_features=256, out_features=100, bias=True)
  )
)
INFO:__main__:CHILD MODEL LOSS: 1.7919786901474 with train time 61.44127440452576
INFO:__main__:CHILD MODEL ACCURACY: 0.4876
INFO:__main__:Policy gradient: 0.031270142644643784
INFO:__main__:
INFO:__main__:------ ITERATION 551 ------
INFO:__main__:Layers generated: [('256', '3', '2'), ('256', '3', '1')]
INFO:__main__:ChildCNNModel(
  (model): Sequential(
    (0): Conv2d(3, 128, kernel_size=(3, 3), stride=(1, 1), padding=(1, 1))
    (1): ReLU()
    (2): MaxPool2d(kernel_size=2, stride=2, padding=0, dilation=1, ceil_mode=False)
    (3): Conv2d(128, 256, kernel_size=(3, 3), stride=(1, 1), padding=(2, 2))
    (4): ReLU()
    (5): MaxPool2d(kernel_size=2, stride=2, padding=0, dilation=1, ceil_mode=False)
    (6): Conv2d(256, 256, kernel_size=(3, 3), stride=(1, 1), padding=(1, 1))
    (7): ReLU()
    (8): MaxPool2d(kernel_size=2, stride=2, padding=0, dilation=1, ceil_mode=False)
    (9): Flatten(start_dim=1, end_dim=-1)
    (10): Linear(in_features=4096, out_features=512, bias=True)
    (11): ReLU()
    (12): Linear(in_features=512, out_features=256, bias=True)
    (13): ReLU()
    (14): Linear(in_features=256, out_features=100, bias=True)
  )
)
INFO:__main__:CHILD MODEL LOSS: 1.835847055912018 with train time 69.90650010108948
INFO:__main__:CHILD MODEL ACCURACY: 0.4824
INFO:__main__:Policy gradient: 0.024875551462173462
INFO:__main__:
INFO:__main__:------ ITERATION 552 ------
INFO:__main__:Layers generated: [('256', '3', '1'), ('256', '3', '2')]
INFO:__main__:ChildCNNModel(
  (model): Sequential(
    (0): Conv2d(3, 128, kernel_size=(3, 3), stride=(1, 1), padding=(1, 1))
    (1): ReLU()
    (2): MaxPool2d(kernel_size=2, stride=2, padding=0, dilation=1, ceil_mode=False)
    (3): Conv2d(128, 256, kernel_size=(3, 3), stride=(1, 1), padding=(1, 1))
    (4): ReLU()
    (5): MaxPool2d(kernel_size=2, stride=2, padding=0, dilation=1, ceil_mode=False)
    (6): Conv2d(256, 256, kernel_size=(3, 3), stride=(1, 1), padding=(2, 2))
    (7): ReLU()
    (8): MaxPool2d(kernel_size=2, stride=2, padding=0, dilation=1, ceil_mode=False)
    (9): Flatten(start_dim=1, end_dim=-1)
    (10): Linear(in_features=6400, out_features=512, bias=True)
    (11): ReLU()
    (12): Linear(in_features=512, out_features=256, bias=True)
    (13): ReLU()
    (14): Linear(in_features=256, out_features=100, bias=True)
  )
)
INFO:__main__:CHILD MODEL LOSS: 1.8364708232879638 with train time 61.356892585754395
INFO:__main__:CHILD MODEL ACCURACY: 0.4806
INFO:__main__:Policy gradient: 0.014167665503919125
INFO:__main__:
INFO:__main__:------ ITERATION 553 ------
INFO:__main__:Layers generated: [('256', '3', '2'), ('128', '3', '1')]
INFO:__main__:ChildCNNModel(
  (model): Sequential(
    (0): Conv2d(3, 128, kernel_size=(3, 3), stride=(1, 1), padding=(1, 1))
    (1): ReLU()
    (2): MaxPool2d(kernel_size=2, stride=2, padding=0, dilation=1, ceil_mode=False)
    (3): Conv2d(128, 256, kernel_size=(3, 3), stride=(1, 1), padding=(2, 2))
    (4): ReLU()
    (5): MaxPool2d(kernel_size=2, stride=2, padding=0, dilation=1, ceil_mode=False)
    (6): Conv2d(256, 128, kernel_size=(3, 3), stride=(1, 1), padding=(1, 1))
    (7): ReLU()
    (8): MaxPool2d(kernel_size=2, stride=2, padding=0, dilation=1, ceil_mode=False)
    (9): Flatten(start_dim=1, end_dim=-1)
    (10): Linear(in_features=2048, out_features=512, bias=True)
    (11): ReLU()
    (12): Linear(in_features=512, out_features=256, bias=True)
    (13): ReLU()
    (14): Linear(in_features=256, out_features=100, bias=True)
  )
)
INFO:__main__:CHILD MODEL LOSS: 1.9804286499023438 with train time 64.26108574867249
INFO:__main__:CHILD MODEL ACCURACY: 0.4564
INFO:__main__:Policy gradient: -0.08462853729724884
INFO:__main__:
INFO:__main__:------ ITERATION 554 ------
INFO:__main__:Layers generated: [('256', '1', '2'), ('256', '1', '2')]
INFO:__main__:ChildCNNModel(
  (model): Sequential(
    (0): Conv2d(3, 128, kernel_size=(3, 3), stride=(1, 1), padding=(1, 1))
    (1): ReLU()
    (2): MaxPool2d(kernel_size=2, stride=2, padding=0, dilation=1, ceil_mode=False)
    (3): Conv2d(128, 256, kernel_size=(1, 1), stride=(1, 1), padding=(2, 2))
    (4): ReLU()
    (5): MaxPool2d(kernel_size=2, stride=2, padding=0, dilation=1, ceil_mode=False)
    (6): Conv2d(256, 256, kernel_size=(1, 1), stride=(1, 1), padding=(2, 2))
    (7): ReLU()
    (8): MaxPool2d(kernel_size=2, stride=2, padding=0, dilation=1, ceil_mode=False)
    (9): Flatten(start_dim=1, end_dim=-1)
    (10): Linear(in_features=12544, out_features=512, bias=True)
    (11): ReLU()
    (12): Linear(in_features=512, out_features=256, bias=True)
    (13): ReLU()
    (14): Linear(in_features=256, out_features=100, bias=True)
  )
)
INFO:__main__:CHILD MODEL LOSS: 2.074289683818817 with train time 59.99001741409302
INFO:__main__:CHILD MODEL ACCURACY: 0.4382
INFO:__main__:Policy gradient: -0.283366322517395
INFO:__main__:
INFO:__main__:------ ITERATION 555 ------
INFO:__main__:Layers generated: [('256', '3', '1'), ('256', '3', '2')]
INFO:__main__:ChildCNNModel(
  (model): Sequential(
    (0): Conv2d(3, 128, kernel_size=(3, 3), stride=(1, 1), padding=(1, 1))
    (1): ReLU()
    (2): MaxPool2d(kernel_size=2, stride=2, padding=0, dilation=1, ceil_mode=False)
    (3): Conv2d(128, 256, kernel_size=(3, 3), stride=(1, 1), padding=(1, 1))
    (4): ReLU()
    (5): MaxPool2d(kernel_size=2, stride=2, padding=0, dilation=1, ceil_mode=False)
    (6): Conv2d(256, 256, kernel_size=(3, 3), stride=(1, 1), padding=(2, 2))
    (7): ReLU()
    (8): MaxPool2d(kernel_size=2, stride=2, padding=0, dilation=1, ceil_mode=False)
    (9): Flatten(start_dim=1, end_dim=-1)
    (10): Linear(in_features=6400, out_features=512, bias=True)
    (11): ReLU()
    (12): Linear(in_features=512, out_features=256, bias=True)
    (13): ReLU()
    (14): Linear(in_features=256, out_features=100, bias=True)
  )
)
INFO:__main__:CHILD MODEL LOSS: 1.7448665623664856 with train time 61.46949529647827
INFO:__main__:CHILD MODEL ACCURACY: 0.5001
INFO:__main__:Policy gradient: 0.05386245623230934
INFO:__main__:
INFO:__main__:------ ITERATION 556 ------
INFO:__main__:Layers generated: [('256', '3', '0'), ('256', '3', '2')]
INFO:__main__:ChildCNNModel(
  (model): Sequential(
    (0): Conv2d(3, 128, kernel_size=(3, 3), stride=(1, 1), padding=(1, 1))
    (1): ReLU()
    (2): MaxPool2d(kernel_size=2, stride=2, padding=0, dilation=1, ceil_mode=False)
    (3): Conv2d(128, 256, kernel_size=(3, 3), stride=(1, 1))
    (4): ReLU()
    (5): MaxPool2d(kernel_size=2, stride=2, padding=0, dilation=1, ceil_mode=False)
    (6): Conv2d(256, 256, kernel_size=(3, 3), stride=(1, 1), padding=(2, 2))
    (7): ReLU()
    (8): MaxPool2d(kernel_size=2, stride=2, padding=0, dilation=1, ceil_mode=False)
    (9): Flatten(start_dim=1, end_dim=-1)
    (10): Linear(in_features=4096, out_features=512, bias=True)
    (11): ReLU()
    (12): Linear(in_features=512, out_features=256, bias=True)
    (13): ReLU()
    (14): Linear(in_features=256, out_features=100, bias=True)
  )
)
INFO:__main__:CHILD MODEL LOSS: 1.8891733665466308 with train time 53.5222270488739
INFO:__main__:CHILD MODEL ACCURACY: 0.4877
INFO:__main__:Policy gradient: 0.05348764359951019
INFO:__main__:
INFO:__main__:------ ITERATION 557 ------
INFO:__main__:Layers generated: [('32', '3', '1'), ('256', '3', '2')]
INFO:__main__:ChildCNNModel(
  (model): Sequential(
    (0): Conv2d(3, 128, kernel_size=(3, 3), stride=(1, 1), padding=(1, 1))
    (1): ReLU()
    (2): MaxPool2d(kernel_size=2, stride=2, padding=0, dilation=1, ceil_mode=False)
    (3): Conv2d(128, 32, kernel_size=(3, 3), stride=(1, 1), padding=(1, 1))
    (4): ReLU()
    (5): MaxPool2d(kernel_size=2, stride=2, padding=0, dilation=1, ceil_mode=False)
    (6): Conv2d(32, 256, kernel_size=(3, 3), stride=(1, 1), padding=(2, 2))
    (7): ReLU()
    (8): MaxPool2d(kernel_size=2, stride=2, padding=0, dilation=1, ceil_mode=False)
    (9): Flatten(start_dim=1, end_dim=-1)
    (10): Linear(in_features=6400, out_features=512, bias=True)
    (11): ReLU()
    (12): Linear(in_features=512, out_features=256, bias=True)
    (13): ReLU()
    (14): Linear(in_features=256, out_features=100, bias=True)
  )
)
INFO:__main__:CHILD MODEL LOSS: 2.026904891014099 with train time 37.96833896636963
INFO:__main__:CHILD MODEL ACCURACY: 0.4399
INFO:__main__:Policy gradient: -0.1927344650030136
INFO:__main__:
INFO:__main__:------ ITERATION 558 ------
INFO:__main__:Layers generated: [('256', '3', '2'), ('256', '3', '1')]
INFO:__main__:ChildCNNModel(
  (model): Sequential(
    (0): Conv2d(3, 128, kernel_size=(3, 3), stride=(1, 1), padding=(1, 1))
    (1): ReLU()
    (2): MaxPool2d(kernel_size=2, stride=2, padding=0, dilation=1, ceil_mode=False)
    (3): Conv2d(128, 256, kernel_size=(3, 3), stride=(1, 1), padding=(2, 2))
    (4): ReLU()
    (5): MaxPool2d(kernel_size=2, stride=2, padding=0, dilation=1, ceil_mode=False)
    (6): Conv2d(256, 256, kernel_size=(3, 3), stride=(1, 1), padding=(1, 1))
    (7): ReLU()
    (8): MaxPool2d(kernel_size=2, stride=2, padding=0, dilation=1, ceil_mode=False)
    (9): Flatten(start_dim=1, end_dim=-1)
    (10): Linear(in_features=4096, out_features=512, bias=True)
    (11): ReLU()
    (12): Linear(in_features=512, out_features=256, bias=True)
    (13): ReLU()
    (14): Linear(in_features=256, out_features=100, bias=True)
  )
)
INFO:__main__:CHILD MODEL LOSS: 1.8149107451438904 with train time 69.83055472373962
INFO:__main__:CHILD MODEL ACCURACY: 0.4847
INFO:__main__:Policy gradient: 0.03320875018835068
INFO:__main__:
INFO:__main__:------ ITERATION 559 ------
INFO:__main__:Layers generated: [('256', '3', '2'), ('256', '3', '2')]
INFO:__main__:ChildCNNModel(
  (model): Sequential(
    (0): Conv2d(3, 128, kernel_size=(3, 3), stride=(1, 1), padding=(1, 1))
    (1): ReLU()
    (2): MaxPool2d(kernel_size=2, stride=2, padding=0, dilation=1, ceil_mode=False)
    (3): Conv2d(128, 256, kernel_size=(3, 3), stride=(1, 1), padding=(2, 2))
    (4): ReLU()
    (5): MaxPool2d(kernel_size=2, stride=2, padding=0, dilation=1, ceil_mode=False)
    (6): Conv2d(256, 256, kernel_size=(3, 3), stride=(1, 1), padding=(2, 2))
    (7): ReLU()
    (8): MaxPool2d(kernel_size=2, stride=2, padding=0, dilation=1, ceil_mode=False)
    (9): Flatten(start_dim=1, end_dim=-1)
    (10): Linear(in_features=6400, out_features=512, bias=True)
    (11): ReLU()
    (12): Linear(in_features=512, out_features=256, bias=True)
    (13): ReLU()
    (14): Linear(in_features=256, out_features=100, bias=True)
  )
)
INFO:__main__:CHILD MODEL LOSS: 1.7899889469146728 with train time 76.28863477706909
INFO:__main__:CHILD MODEL ACCURACY: 0.4858
INFO:__main__:Policy gradient: 0.025806887075304985
INFO:__main__:
INFO:__main__:------ ITERATION 560 ------
INFO:__main__:Layers generated: [('256', '3', '1'), ('256', '3', '1')]
INFO:__main__:ChildCNNModel(
  (model): Sequential(
    (0): Conv2d(3, 128, kernel_size=(3, 3), stride=(1, 1), padding=(1, 1))
    (1): ReLU()
    (2): MaxPool2d(kernel_size=2, stride=2, padding=0, dilation=1, ceil_mode=False)
    (3): Conv2d(128, 256, kernel_size=(3, 3), stride=(1, 1), padding=(1, 1))
    (4): ReLU()
    (5): MaxPool2d(kernel_size=2, stride=2, padding=0, dilation=1, ceil_mode=False)
    (6): Conv2d(256, 256, kernel_size=(3, 3), stride=(1, 1), padding=(1, 1))
    (7): ReLU()
    (8): MaxPool2d(kernel_size=2, stride=2, padding=0, dilation=1, ceil_mode=False)
    (9): Flatten(start_dim=1, end_dim=-1)
    (10): Linear(in_features=4096, out_features=512, bias=True)
    (11): ReLU()
    (12): Linear(in_features=512, out_features=256, bias=True)
    (13): ReLU()
    (14): Linear(in_features=256, out_features=100, bias=True)
  )
)
INFO:__main__:CHILD MODEL LOSS: 1.8533364701271058 with train time 55.59963917732239
INFO:__main__:CHILD MODEL ACCURACY: 0.4782
INFO:__main__:Policy gradient: 0.01185240875929594
INFO:__main__:
INFO:__main__:------ ITERATION 561 ------
INFO:__main__:Layers generated: [('256', '3', '1'), ('256', '3', '0')]
INFO:__main__:ChildCNNModel(
  (model): Sequential(
    (0): Conv2d(3, 128, kernel_size=(3, 3), stride=(1, 1), padding=(1, 1))
    (1): ReLU()
    (2): MaxPool2d(kernel_size=2, stride=2, padding=0, dilation=1, ceil_mode=False)
    (3): Conv2d(128, 256, kernel_size=(3, 3), stride=(1, 1), padding=(1, 1))
    (4): ReLU()
    (5): MaxPool2d(kernel_size=2, stride=2, padding=0, dilation=1, ceil_mode=False)
    (6): Conv2d(256, 256, kernel_size=(3, 3), stride=(1, 1))
    (7): ReLU()
    (8): MaxPool2d(kernel_size=2, stride=2, padding=0, dilation=1, ceil_mode=False)
    (9): Flatten(start_dim=1, end_dim=-1)
    (10): Linear(in_features=2304, out_features=512, bias=True)
    (11): ReLU()
    (12): Linear(in_features=512, out_features=256, bias=True)
    (13): ReLU()
    (14): Linear(in_features=256, out_features=100, bias=True)
  )
)
INFO:__main__:CHILD MODEL LOSS: 2.019321557998657 with train time 52.28292894363403
INFO:__main__:CHILD MODEL ACCURACY: 0.4547
INFO:__main__:Policy gradient: -0.07313050329685211
INFO:__main__:
INFO:__main__:------ ITERATION 562 ------
INFO:__main__:Layers generated: [('256', '3', '1'), ('256', '3', '2')]
INFO:__main__:ChildCNNModel(
  (model): Sequential(
    (0): Conv2d(3, 128, kernel_size=(3, 3), stride=(1, 1), padding=(1, 1))
    (1): ReLU()
    (2): MaxPool2d(kernel_size=2, stride=2, padding=0, dilation=1, ceil_mode=False)
    (3): Conv2d(128, 256, kernel_size=(3, 3), stride=(1, 1), padding=(1, 1))
    (4): ReLU()
    (5): MaxPool2d(kernel_size=2, stride=2, padding=0, dilation=1, ceil_mode=False)
    (6): Conv2d(256, 256, kernel_size=(3, 3), stride=(1, 1), padding=(2, 2))
    (7): ReLU()
    (8): MaxPool2d(kernel_size=2, stride=2, padding=0, dilation=1, ceil_mode=False)
    (9): Flatten(start_dim=1, end_dim=-1)
    (10): Linear(in_features=6400, out_features=512, bias=True)
    (11): ReLU()
    (12): Linear(in_features=512, out_features=256, bias=True)
    (13): ReLU()
    (14): Linear(in_features=256, out_features=100, bias=True)
  )
)
INFO:__main__:CHILD MODEL LOSS: 1.7846512274742126 with train time 61.466758489608765
INFO:__main__:CHILD MODEL ACCURACY: 0.4799
INFO:__main__:Policy gradient: 0.014188390225172043
INFO:__main__:
INFO:__main__:------ ITERATION 563 ------
INFO:__main__:Layers generated: [('256', '3', '1'), ('256', '3', '1')]
INFO:__main__:ChildCNNModel(
  (model): Sequential(
    (0): Conv2d(3, 128, kernel_size=(3, 3), stride=(1, 1), padding=(1, 1))
    (1): ReLU()
    (2): MaxPool2d(kernel_size=2, stride=2, padding=0, dilation=1, ceil_mode=False)
    (3): Conv2d(128, 256, kernel_size=(3, 3), stride=(1, 1), padding=(1, 1))
    (4): ReLU()
    (5): MaxPool2d(kernel_size=2, stride=2, padding=0, dilation=1, ceil_mode=False)
    (6): Conv2d(256, 256, kernel_size=(3, 3), stride=(1, 1), padding=(1, 1))
    (7): ReLU()
    (8): MaxPool2d(kernel_size=2, stride=2, padding=0, dilation=1, ceil_mode=False)
    (9): Flatten(start_dim=1, end_dim=-1)
    (10): Linear(in_features=4096, out_features=512, bias=True)
    (11): ReLU()
    (12): Linear(in_features=512, out_features=256, bias=True)
    (13): ReLU()
    (14): Linear(in_features=256, out_features=100, bias=True)
  )
)
INFO:__main__:CHILD MODEL LOSS: 1.9420499501228332 with train time 55.62542986869812
INFO:__main__:CHILD MODEL ACCURACY: 0.47
INFO:__main__:Policy gradient: -0.004605002701282501
INFO:__main__:
INFO:__main__:------ ITERATION 564 ------
INFO:__main__:Layers generated: [('64', '3', '0'), ('256', '3', '0')]
INFO:__main__:ChildCNNModel(
  (model): Sequential(
    (0): Conv2d(3, 128, kernel_size=(3, 3), stride=(1, 1), padding=(1, 1))
    (1): ReLU()
    (2): MaxPool2d(kernel_size=2, stride=2, padding=0, dilation=1, ceil_mode=False)
    (3): Conv2d(128, 64, kernel_size=(3, 3), stride=(1, 1))
    (4): ReLU()
    (5): MaxPool2d(kernel_size=2, stride=2, padding=0, dilation=1, ceil_mode=False)
    (6): Conv2d(64, 256, kernel_size=(3, 3), stride=(1, 1))
    (7): ReLU()
    (8): MaxPool2d(kernel_size=2, stride=2, padding=0, dilation=1, ceil_mode=False)
    (9): Flatten(start_dim=1, end_dim=-1)
    (10): Linear(in_features=1024, out_features=512, bias=True)
    (11): ReLU()
    (12): Linear(in_features=512, out_features=256, bias=True)
    (13): ReLU()
    (14): Linear(in_features=256, out_features=100, bias=True)
  )
)
INFO:__main__:CHILD MODEL LOSS: 2.200003065109253 with train time 37.253199100494385
INFO:__main__:CHILD MODEL ACCURACY: 0.4153
INFO:__main__:Policy gradient: -0.46469056606292725
INFO:__main__:
INFO:__main__:------ ITERATION 565 ------
INFO:__main__:Layers generated: [('256', '3', '1'), ('256', '3', '1')]
INFO:__main__:ChildCNNModel(
  (model): Sequential(
    (0): Conv2d(3, 128, kernel_size=(3, 3), stride=(1, 1), padding=(1, 1))
    (1): ReLU()
    (2): MaxPool2d(kernel_size=2, stride=2, padding=0, dilation=1, ceil_mode=False)
    (3): Conv2d(128, 256, kernel_size=(3, 3), stride=(1, 1), padding=(1, 1))
    (4): ReLU()
    (5): MaxPool2d(kernel_size=2, stride=2, padding=0, dilation=1, ceil_mode=False)
    (6): Conv2d(256, 256, kernel_size=(3, 3), stride=(1, 1), padding=(1, 1))
    (7): ReLU()
    (8): MaxPool2d(kernel_size=2, stride=2, padding=0, dilation=1, ceil_mode=False)
    (9): Flatten(start_dim=1, end_dim=-1)
    (10): Linear(in_features=4096, out_features=512, bias=True)
    (11): ReLU()
    (12): Linear(in_features=512, out_features=256, bias=True)
    (13): ReLU()
    (14): Linear(in_features=256, out_features=100, bias=True)
  )
)
INFO:__main__:CHILD MODEL LOSS: 1.9057796306610106 with train time 55.65576219558716
INFO:__main__:CHILD MODEL ACCURACY: 0.4728
INFO:__main__:Policy gradient: 0.013725987635552883
INFO:__main__:
INFO:__main__:------ ITERATION 566 ------
INFO:__main__:Layers generated: [('256', '3', '1'), ('256', '1', '2')]
INFO:__main__:ChildCNNModel(
  (model): Sequential(
    (0): Conv2d(3, 128, kernel_size=(3, 3), stride=(1, 1), padding=(1, 1))
    (1): ReLU()
    (2): MaxPool2d(kernel_size=2, stride=2, padding=0, dilation=1, ceil_mode=False)
    (3): Conv2d(128, 256, kernel_size=(3, 3), stride=(1, 1), padding=(1, 1))
    (4): ReLU()
    (5): MaxPool2d(kernel_size=2, stride=2, padding=0, dilation=1, ceil_mode=False)
    (6): Conv2d(256, 256, kernel_size=(1, 1), stride=(1, 1), padding=(2, 2))
    (7): ReLU()
    (8): MaxPool2d(kernel_size=2, stride=2, padding=0, dilation=1, ceil_mode=False)
    (9): Flatten(start_dim=1, end_dim=-1)
    (10): Linear(in_features=9216, out_features=512, bias=True)
    (11): ReLU()
    (12): Linear(in_features=512, out_features=256, bias=True)
    (13): ReLU()
    (14): Linear(in_features=256, out_features=100, bias=True)
  )
)
INFO:__main__:CHILD MODEL LOSS: 1.9716717767715455 with train time 56.75588607788086
INFO:__main__:CHILD MODEL ACCURACY: 0.4653
INFO:__main__:Policy gradient: -0.009366490878164768
INFO:__main__:
INFO:__main__:------ ITERATION 567 ------
INFO:__main__:Layers generated: [('256', '3', '2'), ('256', '3', '1')]
INFO:__main__:ChildCNNModel(
  (model): Sequential(
    (0): Conv2d(3, 128, kernel_size=(3, 3), stride=(1, 1), padding=(1, 1))
    (1): ReLU()
    (2): MaxPool2d(kernel_size=2, stride=2, padding=0, dilation=1, ceil_mode=False)
    (3): Conv2d(128, 256, kernel_size=(3, 3), stride=(1, 1), padding=(2, 2))
    (4): ReLU()
    (5): MaxPool2d(kernel_size=2, stride=2, padding=0, dilation=1, ceil_mode=False)
    (6): Conv2d(256, 256, kernel_size=(3, 3), stride=(1, 1), padding=(1, 1))
    (7): ReLU()
    (8): MaxPool2d(kernel_size=2, stride=2, padding=0, dilation=1, ceil_mode=False)
    (9): Flatten(start_dim=1, end_dim=-1)
    (10): Linear(in_features=4096, out_features=512, bias=True)
    (11): ReLU()
    (12): Linear(in_features=512, out_features=256, bias=True)
    (13): ReLU()
    (14): Linear(in_features=256, out_features=100, bias=True)
  )
)
INFO:__main__:CHILD MODEL LOSS: 1.8833717322349548 with train time 69.80711436271667
INFO:__main__:CHILD MODEL ACCURACY: 0.4798
INFO:__main__:Policy gradient: 0.028521733358502388
INFO:__main__:
INFO:__main__:------ ITERATION 568 ------
INFO:__main__:Layers generated: [('256', '3', '1'), ('256', '3', '2')]
INFO:__main__:ChildCNNModel(
  (model): Sequential(
    (0): Conv2d(3, 128, kernel_size=(3, 3), stride=(1, 1), padding=(1, 1))
    (1): ReLU()
    (2): MaxPool2d(kernel_size=2, stride=2, padding=0, dilation=1, ceil_mode=False)
    (3): Conv2d(128, 256, kernel_size=(3, 3), stride=(1, 1), padding=(1, 1))
    (4): ReLU()
    (5): MaxPool2d(kernel_size=2, stride=2, padding=0, dilation=1, ceil_mode=False)
    (6): Conv2d(256, 256, kernel_size=(3, 3), stride=(1, 1), padding=(2, 2))
    (7): ReLU()
    (8): MaxPool2d(kernel_size=2, stride=2, padding=0, dilation=1, ceil_mode=False)
    (9): Flatten(start_dim=1, end_dim=-1)
    (10): Linear(in_features=6400, out_features=512, bias=True)
    (11): ReLU()
    (12): Linear(in_features=512, out_features=256, bias=True)
    (13): ReLU()
    (14): Linear(in_features=256, out_features=100, bias=True)
  )
)
INFO:__main__:CHILD MODEL LOSS: 1.9345940675735473 with train time 61.349554777145386
INFO:__main__:CHILD MODEL ACCURACY: 0.4681
INFO:__main__:Policy gradient: 2.7390178729547188e-05
INFO:__main__:
INFO:__main__:------ ITERATION 569 ------
INFO:__main__:Layers generated: [('256', '3', '2'), ('256', '3', '2')]
INFO:__main__:ChildCNNModel(
  (model): Sequential(
    (0): Conv2d(3, 128, kernel_size=(3, 3), stride=(1, 1), padding=(1, 1))
    (1): ReLU()
    (2): MaxPool2d(kernel_size=2, stride=2, padding=0, dilation=1, ceil_mode=False)
    (3): Conv2d(128, 256, kernel_size=(3, 3), stride=(1, 1), padding=(2, 2))
    (4): ReLU()
    (5): MaxPool2d(kernel_size=2, stride=2, padding=0, dilation=1, ceil_mode=False)
    (6): Conv2d(256, 256, kernel_size=(3, 3), stride=(1, 1), padding=(2, 2))
    (7): ReLU()
    (8): MaxPool2d(kernel_size=2, stride=2, padding=0, dilation=1, ceil_mode=False)
    (9): Flatten(start_dim=1, end_dim=-1)
    (10): Linear(in_features=6400, out_features=512, bias=True)
    (11): ReLU()
    (12): Linear(in_features=512, out_features=256, bias=True)
    (13): ReLU()
    (14): Linear(in_features=256, out_features=100, bias=True)
  )
)
INFO:__main__:CHILD MODEL LOSS: 1.7613088245391846 with train time 76.33010983467102
INFO:__main__:CHILD MODEL ACCURACY: 0.4804
INFO:__main__:Policy gradient: 0.02127915248274803
INFO:__main__:
INFO:__main__:------ ITERATION 570 ------
INFO:__main__:Layers generated: [('256', '3', '1'), ('256', '3', '2')]
INFO:__main__:ChildCNNModel(
  (model): Sequential(
    (0): Conv2d(3, 128, kernel_size=(3, 3), stride=(1, 1), padding=(1, 1))
    (1): ReLU()
    (2): MaxPool2d(kernel_size=2, stride=2, padding=0, dilation=1, ceil_mode=False)
    (3): Conv2d(128, 256, kernel_size=(3, 3), stride=(1, 1), padding=(1, 1))
    (4): ReLU()
    (5): MaxPool2d(kernel_size=2, stride=2, padding=0, dilation=1, ceil_mode=False)
    (6): Conv2d(256, 256, kernel_size=(3, 3), stride=(1, 1), padding=(2, 2))
    (7): ReLU()
    (8): MaxPool2d(kernel_size=2, stride=2, padding=0, dilation=1, ceil_mode=False)
    (9): Flatten(start_dim=1, end_dim=-1)
    (10): Linear(in_features=6400, out_features=512, bias=True)
    (11): ReLU()
    (12): Linear(in_features=512, out_features=256, bias=True)
    (13): ReLU()
    (14): Linear(in_features=256, out_features=100, bias=True)
  )
)
INFO:__main__:CHILD MODEL LOSS: 1.8032124571800232 with train time 61.43155550956726
INFO:__main__:CHILD MODEL ACCURACY: 0.4924
INFO:__main__:Policy gradient: 0.037481483072042465
INFO:__main__:
INFO:__main__:------ ITERATION 571 ------
INFO:__main__:Layers generated: [('256', '3', '1'), ('256', '3', '1')]
INFO:__main__:ChildCNNModel(
  (model): Sequential(
    (0): Conv2d(3, 128, kernel_size=(3, 3), stride=(1, 1), padding=(1, 1))
    (1): ReLU()
    (2): MaxPool2d(kernel_size=2, stride=2, padding=0, dilation=1, ceil_mode=False)
    (3): Conv2d(128, 256, kernel_size=(3, 3), stride=(1, 1), padding=(1, 1))
    (4): ReLU()
    (5): MaxPool2d(kernel_size=2, stride=2, padding=0, dilation=1, ceil_mode=False)
    (6): Conv2d(256, 256, kernel_size=(3, 3), stride=(1, 1), padding=(1, 1))
    (7): ReLU()
    (8): MaxPool2d(kernel_size=2, stride=2, padding=0, dilation=1, ceil_mode=False)
    (9): Flatten(start_dim=1, end_dim=-1)
    (10): Linear(in_features=4096, out_features=512, bias=True)
    (11): ReLU()
    (12): Linear(in_features=512, out_features=256, bias=True)
    (13): ReLU()
    (14): Linear(in_features=256, out_features=100, bias=True)
  )
)
INFO:__main__:CHILD MODEL LOSS: 1.764687105178833 with train time 55.64875602722168
INFO:__main__:CHILD MODEL ACCURACY: 0.5
INFO:__main__:Policy gradient: 0.05950792506337166
INFO:__main__:
INFO:__main__:------ ITERATION 572 ------
INFO:__main__:Layers generated: [('256', '3', '1'), ('256', '3', '1')]
INFO:__main__:ChildCNNModel(
  (model): Sequential(
    (0): Conv2d(3, 128, kernel_size=(3, 3), stride=(1, 1), padding=(1, 1))
    (1): ReLU()
    (2): MaxPool2d(kernel_size=2, stride=2, padding=0, dilation=1, ceil_mode=False)
    (3): Conv2d(128, 256, kernel_size=(3, 3), stride=(1, 1), padding=(1, 1))
    (4): ReLU()
    (5): MaxPool2d(kernel_size=2, stride=2, padding=0, dilation=1, ceil_mode=False)
    (6): Conv2d(256, 256, kernel_size=(3, 3), stride=(1, 1), padding=(1, 1))
    (7): ReLU()
    (8): MaxPool2d(kernel_size=2, stride=2, padding=0, dilation=1, ceil_mode=False)
    (9): Flatten(start_dim=1, end_dim=-1)
    (10): Linear(in_features=4096, out_features=512, bias=True)
    (11): ReLU()
    (12): Linear(in_features=512, out_features=256, bias=True)
    (13): ReLU()
    (14): Linear(in_features=256, out_features=100, bias=True)
  )
)
INFO:__main__:CHILD MODEL LOSS: 1.8367299304008484 with train time 56.788575172424316
INFO:__main__:CHILD MODEL ACCURACY: 0.4795
INFO:__main__:Policy gradient: 0.01052823942154646
INFO:__main__:
INFO:__main__:------ ITERATION 573 ------
INFO:__main__:Layers generated: [('32', '3', '0'), ('256', '3', '2')]
INFO:__main__:ChildCNNModel(
  (model): Sequential(
    (0): Conv2d(3, 128, kernel_size=(3, 3), stride=(1, 1), padding=(1, 1))
    (1): ReLU()
    (2): MaxPool2d(kernel_size=2, stride=2, padding=0, dilation=1, ceil_mode=False)
    (3): Conv2d(128, 32, kernel_size=(3, 3), stride=(1, 1))
    (4): ReLU()
    (5): MaxPool2d(kernel_size=2, stride=2, padding=0, dilation=1, ceil_mode=False)
    (6): Conv2d(32, 256, kernel_size=(3, 3), stride=(1, 1), padding=(2, 2))
    (7): ReLU()
    (8): MaxPool2d(kernel_size=2, stride=2, padding=0, dilation=1, ceil_mode=False)
    (9): Flatten(start_dim=1, end_dim=-1)
    (10): Linear(in_features=4096, out_features=512, bias=True)
    (11): ReLU()
    (12): Linear(in_features=512, out_features=256, bias=True)
    (13): ReLU()
    (14): Linear(in_features=256, out_features=100, bias=True)
  )
)
INFO:__main__:CHILD MODEL LOSS: 2.146998474121094 with train time 37.39172554016113
INFO:__main__:CHILD MODEL ACCURACY: 0.4375
INFO:__main__:Policy gradient: -0.2802593410015106
INFO:__main__:
INFO:__main__:------ ITERATION 574 ------
INFO:__main__:Layers generated: [('256', '3', '2'), ('256', '3', '2')]
INFO:__main__:ChildCNNModel(
  (model): Sequential(
    (0): Conv2d(3, 128, kernel_size=(3, 3), stride=(1, 1), padding=(1, 1))
    (1): ReLU()
    (2): MaxPool2d(kernel_size=2, stride=2, padding=0, dilation=1, ceil_mode=False)
    (3): Conv2d(128, 256, kernel_size=(3, 3), stride=(1, 1), padding=(2, 2))
    (4): ReLU()
    (5): MaxPool2d(kernel_size=2, stride=2, padding=0, dilation=1, ceil_mode=False)
    (6): Conv2d(256, 256, kernel_size=(3, 3), stride=(1, 1), padding=(2, 2))
    (7): ReLU()
    (8): MaxPool2d(kernel_size=2, stride=2, padding=0, dilation=1, ceil_mode=False)
    (9): Flatten(start_dim=1, end_dim=-1)
    (10): Linear(in_features=6400, out_features=512, bias=True)
    (11): ReLU()
    (12): Linear(in_features=512, out_features=256, bias=True)
    (13): ReLU()
    (14): Linear(in_features=256, out_features=100, bias=True)
  )
)
INFO:__main__:CHILD MODEL LOSS: 1.841874044418335 with train time 76.40622925758362
INFO:__main__:CHILD MODEL ACCURACY: 0.4732
INFO:__main__:Policy gradient: 0.00341632473282516
INFO:__main__:
INFO:__main__:------ ITERATION 575 ------
INFO:__main__:Layers generated: [('256', '3', '1'), ('256', '5', '2')]
INFO:__main__:ChildCNNModel(
  (model): Sequential(
    (0): Conv2d(3, 128, kernel_size=(3, 3), stride=(1, 1), padding=(1, 1))
    (1): ReLU()
    (2): MaxPool2d(kernel_size=2, stride=2, padding=0, dilation=1, ceil_mode=False)
    (3): Conv2d(128, 256, kernel_size=(3, 3), stride=(1, 1), padding=(1, 1))
    (4): ReLU()
    (5): MaxPool2d(kernel_size=2, stride=2, padding=0, dilation=1, ceil_mode=False)
    (6): Conv2d(256, 256, kernel_size=(5, 5), stride=(1, 1), padding=(2, 2))
    (7): ReLU()
    (8): MaxPool2d(kernel_size=2, stride=2, padding=0, dilation=1, ceil_mode=False)
    (9): Flatten(start_dim=1, end_dim=-1)
    (10): Linear(in_features=4096, out_features=512, bias=True)
    (11): ReLU()
    (12): Linear(in_features=512, out_features=256, bias=True)
    (13): ReLU()
    (14): Linear(in_features=256, out_features=100, bias=True)
  )
)
INFO:__main__:CHILD MODEL LOSS: 1.8323140692710878 with train time 66.94598603248596
INFO:__main__:CHILD MODEL ACCURACY: 0.477
INFO:__main__:Policy gradient: 0.0314730629324913
INFO:__main__:
INFO:__main__:------ ITERATION 576 ------
INFO:__main__:Layers generated: [('256', '3', '1'), ('256', '3', '2')]
INFO:__main__:ChildCNNModel(
  (model): Sequential(
    (0): Conv2d(3, 128, kernel_size=(3, 3), stride=(1, 1), padding=(1, 1))
    (1): ReLU()
    (2): MaxPool2d(kernel_size=2, stride=2, padding=0, dilation=1, ceil_mode=False)
    (3): Conv2d(128, 256, kernel_size=(3, 3), stride=(1, 1), padding=(1, 1))
    (4): ReLU()
    (5): MaxPool2d(kernel_size=2, stride=2, padding=0, dilation=1, ceil_mode=False)
    (6): Conv2d(256, 256, kernel_size=(3, 3), stride=(1, 1), padding=(2, 2))
    (7): ReLU()
    (8): MaxPool2d(kernel_size=2, stride=2, padding=0, dilation=1, ceil_mode=False)
    (9): Flatten(start_dim=1, end_dim=-1)
    (10): Linear(in_features=6400, out_features=512, bias=True)
    (11): ReLU()
    (12): Linear(in_features=512, out_features=256, bias=True)
    (13): ReLU()
    (14): Linear(in_features=256, out_features=100, bias=True)
  )
)
INFO:__main__:CHILD MODEL LOSS: 1.8314100246429443 with train time 61.44077396392822
INFO:__main__:CHILD MODEL ACCURACY: 0.4763
INFO:__main__:Policy gradient: 0.0069557796232402325
INFO:__main__:
INFO:__main__:------ ITERATION 577 ------
INFO:__main__:Layers generated: [('256', '3', '1'), ('256', '3', '2')]
INFO:__main__:ChildCNNModel(
  (model): Sequential(
    (0): Conv2d(3, 128, kernel_size=(3, 3), stride=(1, 1), padding=(1, 1))
    (1): ReLU()
    (2): MaxPool2d(kernel_size=2, stride=2, padding=0, dilation=1, ceil_mode=False)
    (3): Conv2d(128, 256, kernel_size=(3, 3), stride=(1, 1), padding=(1, 1))
    (4): ReLU()
    (5): MaxPool2d(kernel_size=2, stride=2, padding=0, dilation=1, ceil_mode=False)
    (6): Conv2d(256, 256, kernel_size=(3, 3), stride=(1, 1), padding=(2, 2))
    (7): ReLU()
    (8): MaxPool2d(kernel_size=2, stride=2, padding=0, dilation=1, ceil_mode=False)
    (9): Flatten(start_dim=1, end_dim=-1)
    (10): Linear(in_features=6400, out_features=512, bias=True)
    (11): ReLU()
    (12): Linear(in_features=512, out_features=256, bias=True)
    (13): ReLU()
    (14): Linear(in_features=256, out_features=100, bias=True)
  )
)
INFO:__main__:CHILD MODEL LOSS: 1.8182975611686707 with train time 61.40833377838135
INFO:__main__:CHILD MODEL ACCURACY: 0.49
INFO:__main__:Policy gradient: 0.02825995720922947
INFO:__main__:
INFO:__main__:------ ITERATION 578 ------
INFO:__main__:Layers generated: [('256', '3', '1'), ('64', '3', '2')]
INFO:__main__:ChildCNNModel(
  (model): Sequential(
    (0): Conv2d(3, 128, kernel_size=(3, 3), stride=(1, 1), padding=(1, 1))
    (1): ReLU()
    (2): MaxPool2d(kernel_size=2, stride=2, padding=0, dilation=1, ceil_mode=False)
    (3): Conv2d(128, 256, kernel_size=(3, 3), stride=(1, 1), padding=(1, 1))
    (4): ReLU()
    (5): MaxPool2d(kernel_size=2, stride=2, padding=0, dilation=1, ceil_mode=False)
    (6): Conv2d(256, 64, kernel_size=(3, 3), stride=(1, 1), padding=(2, 2))
    (7): ReLU()
    (8): MaxPool2d(kernel_size=2, stride=2, padding=0, dilation=1, ceil_mode=False)
    (9): Flatten(start_dim=1, end_dim=-1)
    (10): Linear(in_features=1600, out_features=512, bias=True)
    (11): ReLU()
    (12): Linear(in_features=512, out_features=256, bias=True)
    (13): ReLU()
    (14): Linear(in_features=256, out_features=100, bias=True)
  )
)
INFO:__main__:CHILD MODEL LOSS: 1.970310472011566 with train time 49.99302411079407
INFO:__main__:CHILD MODEL ACCURACY: 0.4581
INFO:__main__:Policy gradient: -0.08630986511707306
INFO:__main__:
INFO:__main__:------ ITERATION 579 ------
INFO:__main__:Layers generated: [('256', '3', '2'), ('256', '3', '2')]
INFO:__main__:ChildCNNModel(
  (model): Sequential(
    (0): Conv2d(3, 128, kernel_size=(3, 3), stride=(1, 1), padding=(1, 1))
    (1): ReLU()
    (2): MaxPool2d(kernel_size=2, stride=2, padding=0, dilation=1, ceil_mode=False)
    (3): Conv2d(128, 256, kernel_size=(3, 3), stride=(1, 1), padding=(2, 2))
    (4): ReLU()
    (5): MaxPool2d(kernel_size=2, stride=2, padding=0, dilation=1, ceil_mode=False)
    (6): Conv2d(256, 256, kernel_size=(3, 3), stride=(1, 1), padding=(2, 2))
    (7): ReLU()
    (8): MaxPool2d(kernel_size=2, stride=2, padding=0, dilation=1, ceil_mode=False)
    (9): Flatten(start_dim=1, end_dim=-1)
    (10): Linear(in_features=6400, out_features=512, bias=True)
    (11): ReLU()
    (12): Linear(in_features=512, out_features=256, bias=True)
    (13): ReLU()
    (14): Linear(in_features=256, out_features=100, bias=True)
  )
)
INFO:__main__:CHILD MODEL LOSS: 1.9226341624259948 with train time 76.35549902915955
INFO:__main__:CHILD MODEL ACCURACY: 0.4653
INFO:__main__:Policy gradient: -0.012587261386215687
INFO:__main__:
INFO:__main__:------ ITERATION 580 ------
INFO:__main__:Layers generated: [('256', '3', '1'), ('256', '3', '1')]
INFO:__main__:ChildCNNModel(
  (model): Sequential(
    (0): Conv2d(3, 128, kernel_size=(3, 3), stride=(1, 1), padding=(1, 1))
    (1): ReLU()
    (2): MaxPool2d(kernel_size=2, stride=2, padding=0, dilation=1, ceil_mode=False)
    (3): Conv2d(128, 256, kernel_size=(3, 3), stride=(1, 1), padding=(1, 1))
    (4): ReLU()
    (5): MaxPool2d(kernel_size=2, stride=2, padding=0, dilation=1, ceil_mode=False)
    (6): Conv2d(256, 256, kernel_size=(3, 3), stride=(1, 1), padding=(1, 1))
    (7): ReLU()
    (8): MaxPool2d(kernel_size=2, stride=2, padding=0, dilation=1, ceil_mode=False)
    (9): Flatten(start_dim=1, end_dim=-1)
    (10): Linear(in_features=4096, out_features=512, bias=True)
    (11): ReLU()
    (12): Linear(in_features=512, out_features=256, bias=True)
    (13): ReLU()
    (14): Linear(in_features=256, out_features=100, bias=True)
  )
)
INFO:__main__:CHILD MODEL LOSS: 1.9226453714370728 with train time 55.62081265449524
INFO:__main__:CHILD MODEL ACCURACY: 0.4728
INFO:__main__:Policy gradient: 0.0019586258567869663
INFO:__main__:
INFO:__main__:------ ITERATION 581 ------
INFO:__main__:Layers generated: [('256', '3', '1'), ('256', '3', '1')]
INFO:__main__:ChildCNNModel(
  (model): Sequential(
    (0): Conv2d(3, 128, kernel_size=(3, 3), stride=(1, 1), padding=(1, 1))
    (1): ReLU()
    (2): MaxPool2d(kernel_size=2, stride=2, padding=0, dilation=1, ceil_mode=False)
    (3): Conv2d(128, 256, kernel_size=(3, 3), stride=(1, 1), padding=(1, 1))
    (4): ReLU()
    (5): MaxPool2d(kernel_size=2, stride=2, padding=0, dilation=1, ceil_mode=False)
    (6): Conv2d(256, 256, kernel_size=(3, 3), stride=(1, 1), padding=(1, 1))
    (7): ReLU()
    (8): MaxPool2d(kernel_size=2, stride=2, padding=0, dilation=1, ceil_mode=False)
    (9): Flatten(start_dim=1, end_dim=-1)
    (10): Linear(in_features=4096, out_features=512, bias=True)
    (11): ReLU()
    (12): Linear(in_features=512, out_features=256, bias=True)
    (13): ReLU()
    (14): Linear(in_features=256, out_features=100, bias=True)
  )
)
INFO:__main__:CHILD MODEL LOSS: 1.7782880611419678 with train time 55.601691484451294
INFO:__main__:CHILD MODEL ACCURACY: 0.4967
INFO:__main__:Policy gradient: 0.050097111612558365
INFO:__main__:
INFO:__main__:------ ITERATION 582 ------
INFO:__main__:Layers generated: [('256', '3', '2'), ('256', '3', '2')]
INFO:__main__:ChildCNNModel(
  (model): Sequential(
    (0): Conv2d(3, 128, kernel_size=(3, 3), stride=(1, 1), padding=(1, 1))
    (1): ReLU()
    (2): MaxPool2d(kernel_size=2, stride=2, padding=0, dilation=1, ceil_mode=False)
    (3): Conv2d(128, 256, kernel_size=(3, 3), stride=(1, 1), padding=(2, 2))
    (4): ReLU()
    (5): MaxPool2d(kernel_size=2, stride=2, padding=0, dilation=1, ceil_mode=False)
    (6): Conv2d(256, 256, kernel_size=(3, 3), stride=(1, 1), padding=(2, 2))
    (7): ReLU()
    (8): MaxPool2d(kernel_size=2, stride=2, padding=0, dilation=1, ceil_mode=False)
    (9): Flatten(start_dim=1, end_dim=-1)
    (10): Linear(in_features=6400, out_features=512, bias=True)
    (11): ReLU()
    (12): Linear(in_features=512, out_features=256, bias=True)
    (13): ReLU()
    (14): Linear(in_features=256, out_features=100, bias=True)
  )
)
INFO:__main__:CHILD MODEL LOSS: 1.787540620326996 with train time 76.27882361412048
INFO:__main__:CHILD MODEL ACCURACY: 0.4739
INFO:__main__:Policy gradient: -0.0008856328786350787
INFO:__main__:
INFO:__main__:------ ITERATION 583 ------
INFO:__main__:Layers generated: [('256', '3', '1'), ('256', '3', '0')]
INFO:__main__:ChildCNNModel(
  (model): Sequential(
    (0): Conv2d(3, 128, kernel_size=(3, 3), stride=(1, 1), padding=(1, 1))
    (1): ReLU()
    (2): MaxPool2d(kernel_size=2, stride=2, padding=0, dilation=1, ceil_mode=False)
    (3): Conv2d(128, 256, kernel_size=(3, 3), stride=(1, 1), padding=(1, 1))
    (4): ReLU()
    (5): MaxPool2d(kernel_size=2, stride=2, padding=0, dilation=1, ceil_mode=False)
    (6): Conv2d(256, 256, kernel_size=(3, 3), stride=(1, 1))
    (7): ReLU()
    (8): MaxPool2d(kernel_size=2, stride=2, padding=0, dilation=1, ceil_mode=False)
    (9): Flatten(start_dim=1, end_dim=-1)
    (10): Linear(in_features=2304, out_features=512, bias=True)
    (11): ReLU()
    (12): Linear(in_features=512, out_features=256, bias=True)
    (13): ReLU()
    (14): Linear(in_features=256, out_features=100, bias=True)
  )
)
INFO:__main__:CHILD MODEL LOSS: 1.9169447956085206 with train time 52.392284631729126
INFO:__main__:CHILD MODEL ACCURACY: 0.4709
INFO:__main__:Policy gradient: -0.01408518198877573
INFO:__main__:
INFO:__main__:------ ITERATION 584 ------
INFO:__main__:Layers generated: [('256', '3', '1'), ('256', '3', '1')]
INFO:__main__:ChildCNNModel(
  (model): Sequential(
    (0): Conv2d(3, 128, kernel_size=(3, 3), stride=(1, 1), padding=(1, 1))
    (1): ReLU()
    (2): MaxPool2d(kernel_size=2, stride=2, padding=0, dilation=1, ceil_mode=False)
    (3): Conv2d(128, 256, kernel_size=(3, 3), stride=(1, 1), padding=(1, 1))
    (4): ReLU()
    (5): MaxPool2d(kernel_size=2, stride=2, padding=0, dilation=1, ceil_mode=False)
    (6): Conv2d(256, 256, kernel_size=(3, 3), stride=(1, 1), padding=(1, 1))
    (7): ReLU()
    (8): MaxPool2d(kernel_size=2, stride=2, padding=0, dilation=1, ceil_mode=False)
    (9): Flatten(start_dim=1, end_dim=-1)
    (10): Linear(in_features=4096, out_features=512, bias=True)
    (11): ReLU()
    (12): Linear(in_features=512, out_features=256, bias=True)
    (13): ReLU()
    (14): Linear(in_features=256, out_features=100, bias=True)
  )
)
INFO:__main__:CHILD MODEL LOSS: 1.868853662967682 with train time 55.62761449813843
INFO:__main__:CHILD MODEL ACCURACY: 0.4718
INFO:__main__:Policy gradient: -0.004410038702189922
INFO:__main__:
INFO:__main__:------ ITERATION 585 ------
INFO:__main__:Layers generated: [('256', '3', '1'), ('256', '3', '2')]
INFO:__main__:ChildCNNModel(
  (model): Sequential(
    (0): Conv2d(3, 128, kernel_size=(3, 3), stride=(1, 1), padding=(1, 1))
    (1): ReLU()
    (2): MaxPool2d(kernel_size=2, stride=2, padding=0, dilation=1, ceil_mode=False)
    (3): Conv2d(128, 256, kernel_size=(3, 3), stride=(1, 1), padding=(1, 1))
    (4): ReLU()
    (5): MaxPool2d(kernel_size=2, stride=2, padding=0, dilation=1, ceil_mode=False)
    (6): Conv2d(256, 256, kernel_size=(3, 3), stride=(1, 1), padding=(2, 2))
    (7): ReLU()
    (8): MaxPool2d(kernel_size=2, stride=2, padding=0, dilation=1, ceil_mode=False)
    (9): Flatten(start_dim=1, end_dim=-1)
    (10): Linear(in_features=6400, out_features=512, bias=True)
    (11): ReLU()
    (12): Linear(in_features=512, out_features=256, bias=True)
    (13): ReLU()
    (14): Linear(in_features=256, out_features=100, bias=True)
  )
)
INFO:__main__:CHILD MODEL LOSS: 1.8716799397468566 with train time 61.52944207191467
INFO:__main__:CHILD MODEL ACCURACY: 0.47
INFO:__main__:Policy gradient: -0.006040204782038927
INFO:__main__:
INFO:__main__:------ ITERATION 586 ------
INFO:__main__:Layers generated: [('256', '3', '1'), ('256', '3', '1')]
INFO:__main__:ChildCNNModel(
  (model): Sequential(
    (0): Conv2d(3, 128, kernel_size=(3, 3), stride=(1, 1), padding=(1, 1))
    (1): ReLU()
    (2): MaxPool2d(kernel_size=2, stride=2, padding=0, dilation=1, ceil_mode=False)
    (3): Conv2d(128, 256, kernel_size=(3, 3), stride=(1, 1), padding=(1, 1))
    (4): ReLU()
    (5): MaxPool2d(kernel_size=2, stride=2, padding=0, dilation=1, ceil_mode=False)
    (6): Conv2d(256, 256, kernel_size=(3, 3), stride=(1, 1), padding=(1, 1))
    (7): ReLU()
    (8): MaxPool2d(kernel_size=2, stride=2, padding=0, dilation=1, ceil_mode=False)
    (9): Flatten(start_dim=1, end_dim=-1)
    (10): Linear(in_features=4096, out_features=512, bias=True)
    (11): ReLU()
    (12): Linear(in_features=512, out_features=256, bias=True)
    (13): ReLU()
    (14): Linear(in_features=256, out_features=100, bias=True)
  )
)
INFO:__main__:CHILD MODEL LOSS: 1.9426142840385436 with train time 55.59397888183594
INFO:__main__:CHILD MODEL ACCURACY: 0.4555
INFO:__main__:Policy gradient: -0.03547916188836098
INFO:__main__:
INFO:__main__:------ ITERATION 587 ------
INFO:__main__:Layers generated: [('256', '3', '2'), ('256', '3', '2')]
INFO:__main__:ChildCNNModel(
  (model): Sequential(
    (0): Conv2d(3, 128, kernel_size=(3, 3), stride=(1, 1), padding=(1, 1))
    (1): ReLU()
    (2): MaxPool2d(kernel_size=2, stride=2, padding=0, dilation=1, ceil_mode=False)
    (3): Conv2d(128, 256, kernel_size=(3, 3), stride=(1, 1), padding=(2, 2))
    (4): ReLU()
    (5): MaxPool2d(kernel_size=2, stride=2, padding=0, dilation=1, ceil_mode=False)
    (6): Conv2d(256, 256, kernel_size=(3, 3), stride=(1, 1), padding=(2, 2))
    (7): ReLU()
    (8): MaxPool2d(kernel_size=2, stride=2, padding=0, dilation=1, ceil_mode=False)
    (9): Flatten(start_dim=1, end_dim=-1)
    (10): Linear(in_features=6400, out_features=512, bias=True)
    (11): ReLU()
    (12): Linear(in_features=512, out_features=256, bias=True)
    (13): ReLU()
    (14): Linear(in_features=256, out_features=100, bias=True)
  )
)
INFO:__main__:CHILD MODEL LOSS: 1.8776240220069886 with train time 76.25666093826294
INFO:__main__:CHILD MODEL ACCURACY: 0.4646
INFO:__main__:Policy gradient: -0.012357504107058048
INFO:__main__:
INFO:__main__:------ ITERATION 588 ------
INFO:__main__:Layers generated: [('64', '3', '2'), ('256', '3', '2')]
INFO:__main__:ChildCNNModel(
  (model): Sequential(
    (0): Conv2d(3, 128, kernel_size=(3, 3), stride=(1, 1), padding=(1, 1))
    (1): ReLU()
    (2): MaxPool2d(kernel_size=2, stride=2, padding=0, dilation=1, ceil_mode=False)
    (3): Conv2d(128, 64, kernel_size=(3, 3), stride=(1, 1), padding=(2, 2))
    (4): ReLU()
    (5): MaxPool2d(kernel_size=2, stride=2, padding=0, dilation=1, ceil_mode=False)
    (6): Conv2d(64, 256, kernel_size=(3, 3), stride=(1, 1), padding=(2, 2))
    (7): ReLU()
    (8): MaxPool2d(kernel_size=2, stride=2, padding=0, dilation=1, ceil_mode=False)
    (9): Flatten(start_dim=1, end_dim=-1)
    (10): Linear(in_features=6400, out_features=512, bias=True)
    (11): ReLU()
    (12): Linear(in_features=512, out_features=256, bias=True)
    (13): ReLU()
    (14): Linear(in_features=256, out_features=100, bias=True)
  )
)
INFO:__main__:CHILD MODEL LOSS: 1.8451369528770447 with train time 44.000545024871826
INFO:__main__:CHILD MODEL ACCURACY: 0.4676
INFO:__main__:Policy gradient: -0.015585827641189098
INFO:__main__:
INFO:__main__:------ ITERATION 589 ------
INFO:__main__:Layers generated: [('256', '3', '2'), ('128', '3', '2')]
INFO:__main__:ChildCNNModel(
  (model): Sequential(
    (0): Conv2d(3, 128, kernel_size=(3, 3), stride=(1, 1), padding=(1, 1))
    (1): ReLU()
    (2): MaxPool2d(kernel_size=2, stride=2, padding=0, dilation=1, ceil_mode=False)
    (3): Conv2d(128, 256, kernel_size=(3, 3), stride=(1, 1), padding=(2, 2))
    (4): ReLU()
    (5): MaxPool2d(kernel_size=2, stride=2, padding=0, dilation=1, ceil_mode=False)
    (6): Conv2d(256, 128, kernel_size=(3, 3), stride=(1, 1), padding=(2, 2))
    (7): ReLU()
    (8): MaxPool2d(kernel_size=2, stride=2, padding=0, dilation=1, ceil_mode=False)
    (9): Flatten(start_dim=1, end_dim=-1)
    (10): Linear(in_features=3200, out_features=512, bias=True)
    (11): ReLU()
    (12): Linear(in_features=512, out_features=256, bias=True)
    (13): ReLU()
    (14): Linear(in_features=256, out_features=100, bias=True)
  )
)
INFO:__main__:CHILD MODEL LOSS: 1.8755847091674804 with train time 67.07221722602844
INFO:__main__:CHILD MODEL ACCURACY: 0.474
INFO:__main__:Policy gradient: 0.016479235142469406
INFO:__main__:
INFO:__main__:------ ITERATION 590 ------
INFO:__main__:Layers generated: [('256', '3', '2'), ('256', '3', '2')]
INFO:__main__:ChildCNNModel(
  (model): Sequential(
    (0): Conv2d(3, 128, kernel_size=(3, 3), stride=(1, 1), padding=(1, 1))
    (1): ReLU()
    (2): MaxPool2d(kernel_size=2, stride=2, padding=0, dilation=1, ceil_mode=False)
    (3): Conv2d(128, 256, kernel_size=(3, 3), stride=(1, 1), padding=(2, 2))
    (4): ReLU()
    (5): MaxPool2d(kernel_size=2, stride=2, padding=0, dilation=1, ceil_mode=False)
    (6): Conv2d(256, 256, kernel_size=(3, 3), stride=(1, 1), padding=(2, 2))
    (7): ReLU()
    (8): MaxPool2d(kernel_size=2, stride=2, padding=0, dilation=1, ceil_mode=False)
    (9): Flatten(start_dim=1, end_dim=-1)
    (10): Linear(in_features=6400, out_features=512, bias=True)
    (11): ReLU()
    (12): Linear(in_features=512, out_features=256, bias=True)
    (13): ReLU()
    (14): Linear(in_features=256, out_features=100, bias=True)
  )
)
INFO:__main__:CHILD MODEL LOSS: 1.8535430154800414 with train time 76.19043779373169
INFO:__main__:CHILD MODEL ACCURACY: 0.467
INFO:__main__:Policy gradient: -0.006929690018296242
INFO:__main__:
INFO:__main__:------ ITERATION 591 ------
INFO:__main__:Layers generated: [('256', '3', '1'), ('256', '3', '0')]
INFO:__main__:ChildCNNModel(
  (model): Sequential(
    (0): Conv2d(3, 128, kernel_size=(3, 3), stride=(1, 1), padding=(1, 1))
    (1): ReLU()
    (2): MaxPool2d(kernel_size=2, stride=2, padding=0, dilation=1, ceil_mode=False)
    (3): Conv2d(128, 256, kernel_size=(3, 3), stride=(1, 1), padding=(1, 1))
    (4): ReLU()
    (5): MaxPool2d(kernel_size=2, stride=2, padding=0, dilation=1, ceil_mode=False)
    (6): Conv2d(256, 256, kernel_size=(3, 3), stride=(1, 1))
    (7): ReLU()
    (8): MaxPool2d(kernel_size=2, stride=2, padding=0, dilation=1, ceil_mode=False)
    (9): Flatten(start_dim=1, end_dim=-1)
    (10): Linear(in_features=2304, out_features=512, bias=True)
    (11): ReLU()
    (12): Linear(in_features=512, out_features=256, bias=True)
    (13): ReLU()
    (14): Linear(in_features=256, out_features=100, bias=True)
  )
)
INFO:__main__:CHILD MODEL LOSS: 1.9288304615020753 with train time 52.30286383628845
INFO:__main__:CHILD MODEL ACCURACY: 0.4718
INFO:__main__:Policy gradient: 0.005160654429346323
INFO:__main__:
INFO:__main__:------ ITERATION 592 ------
INFO:__main__:Layers generated: [('256', '3', '2'), ('256', '3', '1')]
INFO:__main__:ChildCNNModel(
  (model): Sequential(
    (0): Conv2d(3, 128, kernel_size=(3, 3), stride=(1, 1), padding=(1, 1))
    (1): ReLU()
    (2): MaxPool2d(kernel_size=2, stride=2, padding=0, dilation=1, ceil_mode=False)
    (3): Conv2d(128, 256, kernel_size=(3, 3), stride=(1, 1), padding=(2, 2))
    (4): ReLU()
    (5): MaxPool2d(kernel_size=2, stride=2, padding=0, dilation=1, ceil_mode=False)
    (6): Conv2d(256, 256, kernel_size=(3, 3), stride=(1, 1), padding=(1, 1))
    (7): ReLU()
    (8): MaxPool2d(kernel_size=2, stride=2, padding=0, dilation=1, ceil_mode=False)
    (9): Flatten(start_dim=1, end_dim=-1)
    (10): Linear(in_features=4096, out_features=512, bias=True)
    (11): ReLU()
    (12): Linear(in_features=512, out_features=256, bias=True)
    (13): ReLU()
    (14): Linear(in_features=256, out_features=100, bias=True)
  )
)
INFO:__main__:CHILD MODEL LOSS: 1.9228728213310242 with train time 69.8069531917572
INFO:__main__:CHILD MODEL ACCURACY: 0.4741
INFO:__main__:Policy gradient: 0.007295629475265741
INFO:__main__:
INFO:__main__:------ ITERATION 593 ------
INFO:__main__:Layers generated: [('16', '3', '2'), ('256', '3', '2')]
INFO:__main__:ChildCNNModel(
  (model): Sequential(
    (0): Conv2d(3, 128, kernel_size=(3, 3), stride=(1, 1), padding=(1, 1))
    (1): ReLU()
    (2): MaxPool2d(kernel_size=2, stride=2, padding=0, dilation=1, ceil_mode=False)
    (3): Conv2d(128, 16, kernel_size=(3, 3), stride=(1, 1), padding=(2, 2))
    (4): ReLU()
    (5): MaxPool2d(kernel_size=2, stride=2, padding=0, dilation=1, ceil_mode=False)
    (6): Conv2d(16, 256, kernel_size=(3, 3), stride=(1, 1), padding=(2, 2))
    (7): ReLU()
    (8): MaxPool2d(kernel_size=2, stride=2, padding=0, dilation=1, ceil_mode=False)
    (9): Flatten(start_dim=1, end_dim=-1)
    (10): Linear(in_features=6400, out_features=512, bias=True)
    (11): ReLU()
    (12): Linear(in_features=512, out_features=256, bias=True)
    (13): ReLU()
    (14): Linear(in_features=256, out_features=100, bias=True)
  )
)
INFO:__main__:CHILD MODEL LOSS: 2.188735826969147 with train time 39.274911403656006
INFO:__main__:CHILD MODEL ACCURACY: 0.4195
INFO:__main__:Policy gradient: -0.3341605067253113
INFO:__main__:
INFO:__main__:------ ITERATION 594 ------
INFO:__main__:Layers generated: [('256', '3', '2'), ('256', '3', '2')]
INFO:__main__:ChildCNNModel(
  (model): Sequential(
    (0): Conv2d(3, 128, kernel_size=(3, 3), stride=(1, 1), padding=(1, 1))
    (1): ReLU()
    (2): MaxPool2d(kernel_size=2, stride=2, padding=0, dilation=1, ceil_mode=False)
    (3): Conv2d(128, 256, kernel_size=(3, 3), stride=(1, 1), padding=(2, 2))
    (4): ReLU()
    (5): MaxPool2d(kernel_size=2, stride=2, padding=0, dilation=1, ceil_mode=False)
    (6): Conv2d(256, 256, kernel_size=(3, 3), stride=(1, 1), padding=(2, 2))
    (7): ReLU()
    (8): MaxPool2d(kernel_size=2, stride=2, padding=0, dilation=1, ceil_mode=False)
    (9): Flatten(start_dim=1, end_dim=-1)
    (10): Linear(in_features=6400, out_features=512, bias=True)
    (11): ReLU()
    (12): Linear(in_features=512, out_features=256, bias=True)
    (13): ReLU()
    (14): Linear(in_features=256, out_features=100, bias=True)
  )
)
INFO:__main__:CHILD MODEL LOSS: 1.8610532178878785 with train time 76.18157982826233
INFO:__main__:CHILD MODEL ACCURACY: 0.4726
INFO:__main__:Policy gradient: 0.011992741376161575
INFO:__main__:
INFO:__main__:------ ITERATION 595 ------
INFO:__main__:Layers generated: [('256', '3', '1'), ('256', '3', '2')]
INFO:__main__:ChildCNNModel(
  (model): Sequential(
    (0): Conv2d(3, 128, kernel_size=(3, 3), stride=(1, 1), padding=(1, 1))
    (1): ReLU()
    (2): MaxPool2d(kernel_size=2, stride=2, padding=0, dilation=1, ceil_mode=False)
    (3): Conv2d(128, 256, kernel_size=(3, 3), stride=(1, 1), padding=(1, 1))
    (4): ReLU()
    (5): MaxPool2d(kernel_size=2, stride=2, padding=0, dilation=1, ceil_mode=False)
    (6): Conv2d(256, 256, kernel_size=(3, 3), stride=(1, 1), padding=(2, 2))
    (7): ReLU()
    (8): MaxPool2d(kernel_size=2, stride=2, padding=0, dilation=1, ceil_mode=False)
    (9): Flatten(start_dim=1, end_dim=-1)
    (10): Linear(in_features=6400, out_features=512, bias=True)
    (11): ReLU()
    (12): Linear(in_features=512, out_features=256, bias=True)
    (13): ReLU()
    (14): Linear(in_features=256, out_features=100, bias=True)
  )
)
INFO:__main__:CHILD MODEL LOSS: 1.825302813053131 with train time 61.40300989151001
INFO:__main__:CHILD MODEL ACCURACY: 0.478
INFO:__main__:Policy gradient: 0.018238073214888573
INFO:__main__:
INFO:__main__:------ ITERATION 596 ------
INFO:__main__:Layers generated: [('256', '3', '1'), ('256', '3', '2')]
INFO:__main__:ChildCNNModel(
  (model): Sequential(
    (0): Conv2d(3, 128, kernel_size=(3, 3), stride=(1, 1), padding=(1, 1))
    (1): ReLU()
    (2): MaxPool2d(kernel_size=2, stride=2, padding=0, dilation=1, ceil_mode=False)
    (3): Conv2d(128, 256, kernel_size=(3, 3), stride=(1, 1), padding=(1, 1))
    (4): ReLU()
    (5): MaxPool2d(kernel_size=2, stride=2, padding=0, dilation=1, ceil_mode=False)
    (6): Conv2d(256, 256, kernel_size=(3, 3), stride=(1, 1), padding=(2, 2))
    (7): ReLU()
    (8): MaxPool2d(kernel_size=2, stride=2, padding=0, dilation=1, ceil_mode=False)
    (9): Flatten(start_dim=1, end_dim=-1)
    (10): Linear(in_features=6400, out_features=512, bias=True)
    (11): ReLU()
    (12): Linear(in_features=512, out_features=256, bias=True)
    (13): ReLU()
    (14): Linear(in_features=256, out_features=100, bias=True)
  )
)
INFO:__main__:CHILD MODEL LOSS: 1.7680454077720642 with train time 61.32154154777527
INFO:__main__:CHILD MODEL ACCURACY: 0.4892
INFO:__main__:Policy gradient: 0.03420933336019516
INFO:__main__:
INFO:__main__:------ ITERATION 597 ------
INFO:__main__:Layers generated: [('256', '5', '1'), ('256', '3', '2')]
INFO:__main__:ChildCNNModel(
  (model): Sequential(
    (0): Conv2d(3, 128, kernel_size=(3, 3), stride=(1, 1), padding=(1, 1))
    (1): ReLU()
    (2): MaxPool2d(kernel_size=2, stride=2, padding=0, dilation=1, ceil_mode=False)
    (3): Conv2d(128, 256, kernel_size=(5, 5), stride=(1, 1), padding=(1, 1))
    (4): ReLU()
    (5): MaxPool2d(kernel_size=2, stride=2, padding=0, dilation=1, ceil_mode=False)
    (6): Conv2d(256, 256, kernel_size=(3, 3), stride=(1, 1), padding=(2, 2))
    (7): ReLU()
    (8): MaxPool2d(kernel_size=2, stride=2, padding=0, dilation=1, ceil_mode=False)
    (9): Flatten(start_dim=1, end_dim=-1)
    (10): Linear(in_features=4096, out_features=512, bias=True)
    (11): ReLU()
    (12): Linear(in_features=512, out_features=256, bias=True)
    (13): ReLU()
    (14): Linear(in_features=256, out_features=100, bias=True)
  )
)
INFO:__main__:CHILD MODEL LOSS: 1.862593533039093 with train time 70.38875460624695
INFO:__main__:CHILD MODEL ACCURACY: 0.4826
INFO:__main__:Policy gradient: 0.06111013516783714
INFO:__main__:
INFO:__main__:------ ITERATION 598 ------
INFO:__main__:Layers generated: [('256', '3', '2'), ('256', '3', '1')]
INFO:__main__:ChildCNNModel(
  (model): Sequential(
    (0): Conv2d(3, 128, kernel_size=(3, 3), stride=(1, 1), padding=(1, 1))
    (1): ReLU()
    (2): MaxPool2d(kernel_size=2, stride=2, padding=0, dilation=1, ceil_mode=False)
    (3): Conv2d(128, 256, kernel_size=(3, 3), stride=(1, 1), padding=(2, 2))
    (4): ReLU()
    (5): MaxPool2d(kernel_size=2, stride=2, padding=0, dilation=1, ceil_mode=False)
    (6): Conv2d(256, 256, kernel_size=(3, 3), stride=(1, 1), padding=(1, 1))
    (7): ReLU()
    (8): MaxPool2d(kernel_size=2, stride=2, padding=0, dilation=1, ceil_mode=False)
    (9): Flatten(start_dim=1, end_dim=-1)
    (10): Linear(in_features=4096, out_features=512, bias=True)
    (11): ReLU()
    (12): Linear(in_features=512, out_features=256, bias=True)
    (13): ReLU()
    (14): Linear(in_features=256, out_features=100, bias=True)
  )
)
INFO:__main__:CHILD MODEL LOSS: 1.8216528506278993 with train time 69.83899974822998
INFO:__main__:CHILD MODEL ACCURACY: 0.4837
INFO:__main__:Policy gradient: 0.026630384847521782
INFO:__main__:
INFO:__main__:------ ITERATION 599 ------
INFO:__main__:Layers generated: [('256', '3', '2'), ('256', '3', '1')]
INFO:__main__:ChildCNNModel(
  (model): Sequential(
    (0): Conv2d(3, 128, kernel_size=(3, 3), stride=(1, 1), padding=(1, 1))
    (1): ReLU()
    (2): MaxPool2d(kernel_size=2, stride=2, padding=0, dilation=1, ceil_mode=False)
    (3): Conv2d(128, 256, kernel_size=(3, 3), stride=(1, 1), padding=(2, 2))
    (4): ReLU()
    (5): MaxPool2d(kernel_size=2, stride=2, padding=0, dilation=1, ceil_mode=False)
    (6): Conv2d(256, 256, kernel_size=(3, 3), stride=(1, 1), padding=(1, 1))
    (7): ReLU()
    (8): MaxPool2d(kernel_size=2, stride=2, padding=0, dilation=1, ceil_mode=False)
    (9): Flatten(start_dim=1, end_dim=-1)
    (10): Linear(in_features=4096, out_features=512, bias=True)
    (11): ReLU()
    (12): Linear(in_features=512, out_features=256, bias=True)
    (13): ReLU()
    (14): Linear(in_features=256, out_features=100, bias=True)
  )
)
INFO:__main__:CHILD MODEL LOSS: 1.9588003430366516 with train time 69.81935358047485
INFO:__main__:CHILD MODEL ACCURACY: 0.4655
INFO:__main__:Policy gradient: -0.014512275345623493
INFO:__main__:
INFO:__main__:------ ITERATION 600 ------
INFO:__main__:Layers generated: [('256', '3', '2'), ('256', '3', '1')]
INFO:__main__:ChildCNNModel(
  (model): Sequential(
    (0): Conv2d(3, 128, kernel_size=(3, 3), stride=(1, 1), padding=(1, 1))
    (1): ReLU()
    (2): MaxPool2d(kernel_size=2, stride=2, padding=0, dilation=1, ceil_mode=False)
    (3): Conv2d(128, 256, kernel_size=(3, 3), stride=(1, 1), padding=(2, 2))
    (4): ReLU()
    (5): MaxPool2d(kernel_size=2, stride=2, padding=0, dilation=1, ceil_mode=False)
    (6): Conv2d(256, 256, kernel_size=(3, 3), stride=(1, 1), padding=(1, 1))
    (7): ReLU()
    (8): MaxPool2d(kernel_size=2, stride=2, padding=0, dilation=1, ceil_mode=False)
    (9): Flatten(start_dim=1, end_dim=-1)
    (10): Linear(in_features=4096, out_features=512, bias=True)
    (11): ReLU()
    (12): Linear(in_features=512, out_features=256, bias=True)
    (13): ReLU()
    (14): Linear(in_features=256, out_features=100, bias=True)
  )
)
